fcde1e3b91aa485688682e6fdc3c24e8,9.840514,1d47a696eae94bd29f215a4787b27d8a
301e127ffa514901b5840fd47f9f7e18,9.68076,cc21026ff0d541909df56c5618d28518
410190593a7f4b7e8ed63596f20c37e8,8.989103,e5692bd498004d32934fbaa05af2120d
bacf4a682b8743f48776deb535f64eef,8.944549,00f45d57fd3c448d8cfdf3185ebae894
be7a669164c1423c8ebd0ba23ce48329,8.880067,e52a528036014db0a7bd54b99a310fe8
79ac90f7c3254209afc09b44172a29d3,8.694131,c8c201e25c0047a2ba9d9e8541ac0939
7f23a0de3d6649fbaa67cb1b2dae2289,8.6525135,ff715b4f228443e3b067c801250f3402
477b5f953efb42e6a18e9428c69b0fa6,8.612296,ad2b6fb945714e6792c17bd49a1066e0
c50c1d8eb4024bf080812d01310eb133,8.569479,c8c201e25c0047a2ba9d9e8541ac0939
12b4b13d49b64b55ae65fe00960c4711,8.506918,6a33c207c8b648f680dbd0e65639ef04
64e8bc2bd44d4328bac29a1ed2e655bd,8.424269,8aadcf7251724cc6858dc0db44abebe3
e824774b41174da8a1c495885b348626,8.22963,e492ff7fecf046a4948c5ba5631cdefe
76d6bcc61c924186ac0c0cb384856e6e,7.981923,ad2109663af04c549385cd2ab9b3283b
383e7cf30f234aaf852e3f30de7879ed,7.9543467,4a4eb12a639346b5a00557d54b51fe51
d2bf482573ea4097b41b6bc649bece51,7.8540325,01690d9b08164fcabd5bf0819754f71f
c3a842974e16433d9488c7df87df853b,7.7515464,92229a391d0b418f87b32c86c42a292c
6b5d194c37f14e5d89385ae747199cc1,7.750897,700f381f40ce4b039ce0df8b49fb199b
1724b0e2e9bc4a61a23d4f7082b1d3bc,7.6550403,ec281224f8ee419ebde676f291672aea
0d281c2568314e5eac84aab63872e81c,7.564661,4430d47e30904eab969c1baebca184c0
96427260d7a740dc8e8abb4b879ac84d,7.5557413,4d708e5878784386a42c2f436d2d60f0
984975b63ccd4be48b7aa852bed6fc65,7.4732604,c26f5e7dcc8149f18f3d719bba9ae717
07e594806c6c4bdf8d98e2995979eae1,7.4648886,0472051dc57d43f8b9dd08df475fc4a3
31d3239dbec34e65a0e239ffec9138ea,7.404865,257aed6ca7a44f1cb5c664beb1be527b
efd4bc5be92d4f7abb7c4bd8c19423a2,7.3742394,74e7db4222ca4a20811199afafa346a7
2e7dec015d344fb58ce0988844becd9b,7.3291802,f5a6222612ef406b8f02aef87e08c476
87097861fe6e492abd016be0dba27ec9,7.170033,9e304a9bbc7b4c22af8025fc93757357
3ce3c6c49a2b43c3b683ec91e9657341,7.1049347,d0a840820172465f83c8480d571e7b71
ef4b6d47c51c4527a80e52519f3c872b,7.0123434,691a538d2372403fad2b919b48ff5f85
c3758e6612fe4a54ae862d91d26d805f,7.0089154,d331012ecf0c40888e0ac290184f0883
f5a036940f0b4b219a4903d8efd2cac0,6.997365,5831f5e280be4c02a09ce4588b56d7f3
9644dd0795c64946bd689d24d80536a4,6.9580393,a6a551a308b9442f947ea0608ae2c3fb
a5d2be317fc24e528df576140c0a3849,6.940434,1543a2f94aa74008914301874d98f0f5
c6754ce8bf4346258c03509140eece37,6.9173727,65664fb3aad341fab563409d91dddd2d
518dcd746ac344f692cc34db6c714430,6.9167705,4ad7e2502210436f9ca5735fdf7e50c3
58f93c38cc65487492ae04fd498f436b,6.867894,fb709e29755b44988bb252c87a2ce2f3
3e730fdc177b48f293b58b68d7b54313,6.77876,aa2d7a3a535243189492d4ce8e79c049
b4aed3fb5b3f491b99ace5c051b75eab,6.72619,7ac9c94011924c09b47f9640211885a2
ae244311f36c42c19709ec36d518171c,6.6885357,0472051dc57d43f8b9dd08df475fc4a3
7118df93df274839b3c1c622ac4b53f0,6.6669726,f11f1682b5924181b047d757d3e20964
7e7a88a994dc4039b1e34409009b8f84,6.6363487,e27d9425c912446e947fe53c4a757375
2fd5284523f24eb1bae1d9e857c61d4a,6.560032,ff218cc7835d4b5ba0de22792319050a
15f76b93b94f4dfaa2c8b03a95b771e2,6.553166,99142f1c07cd4782814f8c970eaaa40a
c00b77da1a6749149b7830ba636d7101,6.5363503,4a4eb12a639346b5a00557d54b51fe51
c0860e1ee41347ae81ca7fee69119dc2,6.4934254,3257035cc77946d98bdc09e2fdd5cdae
7779e19852544c0a86ee54cbf58acb3c,6.457773,e5692bd498004d32934fbaa05af2120d
e08d644c0950461e843595f14ded4387,6.303662,5a68e05acea4434ba08e17e1fff00057
8fbf0e065e2147b39508d482b6af3901,6.2896075,855b3971c4a147cfb9a7c281fa6b915e
c44ae4a053bf47e5b9b2ee3ef8ae2b5b,6.274959,ff715b4f228443e3b067c801250f3402
de6f18bac6e4441f8dd17e252f1d993a,6.2692,0ebc441d25664c91adad96b570270f07
735faaf6b07348a2a4d4cc31c8fbc021,6.253272,640f3bd184b7425fb22cc7773b8b2244
3a48941fe58c4afdb3ca7520eb9bd36e,6.2527714,a4cad92644614f78bded3ca6d6023473
cceea5a23ce7472b9023735952df0ed8,6.245762,6c74bedaa406493a99988c5b8a47b704
5f9f73f06c024e65a85b3c9298c426cd,6.2315125,d4cd0b56b6f54e08aec8ebfdb6122c5c
2246c7640ba74a0d8caef1ca9f9d44dc,6.2224636,564a84b1b830407e811bcfc7fd086a6f
9542d0008f7d40028d37ffe95d4e270c,6.209646,a0fe3cd34e474c3b90662ce8ef1fcac6
4d2df900c0ef4261878a1ee108ac520d,6.174847,ec281224f8ee419ebde676f291672aea
7d52dc1203ef4f9e9149a1557341406b,6.1514716,a1d8cb16dafd4126922f985021e93631
7b1d70a80254489e9de91807e6e223dc,6.1425347,5a73e0a5c757410eb0928feed7b151c8
9de5dee9dd8a425fbfb5e0c198e653be,6.1410403,e492ff7fecf046a4948c5ba5631cdefe
aede09058c264aa399a460be910cf10e,6.1294055,02cf82700b4f4773af3a14ad8eaa5270
78c726c0af744ce0b72aeb59512d26d8,6.113275,e52a528036014db0a7bd54b99a310fe8
4b984f558f9e4236b12f8875520bdebf,6.089486,e25b9d9944cb4d7197efb8ffc4ff57a1
47605d3a13c9403597c879e6825e3f45,6.064081,77a8b27acb0e4600bb6ff974eabc269c
5cf8596279eb4fd1a30ceda96102ef99,6.009867,80921378de2b4cd3a14d449688d8b079
a2cd26a2e3b1415bb6c861ab0368b73f,6.005195,89597084b19c4902b073a2c6c6622456
bc74f6e0e01940f8b0e150ba65e72d34,6.001602,74e7db4222ca4a20811199afafa346a7
1e61632437f042c89075c565adee2ded,5.986762,dc58564d0c8540bea4f3e2e3696deae8
d0dad3a420c744c3b2aaaa1604121d1f,5.979437,e96aa0967ab94368b381354e03dc40ad
42dc4d44bc374b80baf0a8ac2c90c250,5.9677105,1216ce1ef31e4643bb1222538c206342
7736e2c1dbab4b4c904c42e51fd17759,5.9645905,640f3bd184b7425fb22cc7773b8b2244
503e869546cf415ab60324f38dc8f73f,5.9609356,eaca056cec224a30aaaed30c39f644c2
e95715a92c0a4c8292d8599a0c1a7dec,5.953095,1543a2f94aa74008914301874d98f0f5
3f44a924107f4ecabdb619dac62a5931,5.937653,5a68e05acea4434ba08e17e1fff00057
5df786def0874c84a4a9878f379009d0,5.933399,92d5da561f5a41bf929f3555a74cd653
2582ce6fc7d14ce6bd50980959cd305c,5.925771,cd60a0fcac24465a880af7d8f921dd68
3cabf7db885244c3aef797eb94b75b3c,5.891767,17cc6768c9d14388b7455fea0060b62c
a3641dd6dafd40d5b8f8077b9dc3e850,5.889654,99142f1c07cd4782814f8c970eaaa40a
2de4480d7e534fbb8564efefe43623d1,5.864239,37337ebec05640b890e4b9612776c32b
249dee8be73c4f019ebfc02f74d02ad8,5.863685,640f3bd184b7425fb22cc7773b8b2244
ba4441ee87f14d4ab951a01cf5035eb9,5.8352222,7ce06191f1114b4c8a00609f6867761f
27074d8daee940d0ad71d8c9e50c854d,5.7983603,d74f6e7abeb84eedb9923dadb62f45f0
ccf605a5ad9c406f9876e141954e5e80,5.7868185,903360099fb644b6b88c6edac88eecb2
07ecb7f8a5f642e98200ac37c34425a5,5.7512827,0472051dc57d43f8b9dd08df475fc4a3
2a4b8f6f2f1948e587b2de1effffc8c6,5.748827,23066f7964874fd39639dbf2cb2766df
f3c6b6b18ad14537b64fde19aca70992,5.7431426,bd35571850644321b86ce4fae286ce7d
9aca4f5f45944250973b5a08c3fa9547,5.738009,58db4c3a26c84fa68d81235d078208bc
0c472016621a42b2ace086642ed58917,5.7332935,92229a391d0b418f87b32c86c42a292c
a4f6bb74f2654c17b04bb3fe4c05fd91,5.7160106,d74f6e7abeb84eedb9923dadb62f45f0
e30792faab17454587f51314a00ae69b,5.7106996,d74f6e7abeb84eedb9923dadb62f45f0
1c5703785c574a4a86152b8e8ceaaab1,5.702618,4ad7e2502210436f9ca5735fdf7e50c3
292a36cd38ba43bf86a043e2de9d7bef,5.6998014,eaca056cec224a30aaaed30c39f644c2
bb53d0593f034d19b5b20210035e1058,5.6972113,f11f1682b5924181b047d757d3e20964
af93b48dee3a4f0a924c31d87144d7fc,5.69322,b7ef0a61de0e4adf9688b2c525c9ad09
722ce5c8bc4f4e07b309329bddf66d7e,5.683119,80921378de2b4cd3a14d449688d8b079
7968aaf915264497a603da45beabd178,5.673602,5a26ae7959494fef99542e9b2004fd11
c299003ba5bb48b3bd7eab31321b539b,5.6449547,f615619defc4402b82845090c238e597
7dcdd31673a44edaa5df70306899ce60,5.6404605,de9328bdd1b34adda74a0363ff0a52b6
eb00bd2670c84bb588d8454baa453007,5.6376243,a0fe3cd34e474c3b90662ce8ef1fcac6
c36813b8ca3e42de94bfb013ddb507ed,5.6229663,1543a2f94aa74008914301874d98f0f5
712e2f3a807b4a8fa67e7bc78a2b5da6,5.60827,b2be859ca8f24cda86821d5383edbc18
d89a3137737e42bc94b53fd641bd17a4,5.5977044,2768d411cc374a018a898f9df0ca207d
d13abb2f14514eafa77e5ef77ae45be2,5.5896573,6c74bedaa406493a99988c5b8a47b704
9ddc0583ec0e4cc0bbaa79c812c97afa,5.557484,73e7e41e8db447c09cb2363d76556c64
180f987f287248c487b83fbddc87ee09,5.5478992,17cc6768c9d14388b7455fea0060b62c
9d3df96b762f475baecfda5f306ccdc7,5.466238,b7ef0a61de0e4adf9688b2c525c9ad09
78fff51240e14352b1fae67b59be4cc2,5.462188,58f53c379f7a4868a2ba6d91a06247d2
f161ed58877741ceaa5a6f014b69de49,5.4439163,e27d9425c912446e947fe53c4a757375
7771343be99843f58171d62a3f040005,5.401779,e52a528036014db0a7bd54b99a310fe8
839527c5eff74e27a3dd2e5a9336cc57,5.3558125,c9628610053945f4a7998ae48cd70da3
7320e14823a54b30b0a3fa3f42a01ffd,5.337014,1f8c0f02984e4139bf8043e57497fdb2
a7065654ab41446abde84554b4442a5b,5.3228736,7cd1db4b50dd41e6b2f3dd15fcab3b89
ca6f0e18c75849428e7dbe14c1403841,5.304267,c26f5e7dcc8149f18f3d719bba9ae717
dc439e2feee54ac8a73f06f7ea3d8334,5.28987,8f285540a9394706bd6ec6cda46c5058
1a0cefb6898c48e7a91f6448d967d1ba,5.2879667,19c9ac7b84df472c85ed6cf5a05fbbc6
9f6d414fa64347368d119235b14b5cbc,5.2789855,fb709e29755b44988bb252c87a2ce2f3
93cfb01748a246528235d46e95b6b76d,5.269704,23066f7964874fd39639dbf2cb2766df
fdfc870c19de4b5e99b1b3cdb4acfa39,5.2045774,a585d23fe43f459ba86ac15645af77ff
e1373920ccf54979ab678e62eb165c60,5.192568,b2be859ca8f24cda86821d5383edbc18
70a1cb72566e4c6fbe46c9b03b8a31d5,5.188008,f9fae977af2c4f35b29400f31267e170
51e58e676c6d4b22ac3950bcd82a8417,5.1464043,fcc9863b07fc4bd5a01fab5b9160eafb
54189dfe90d2466b990b9dd0c5484606,5.1429386,89e43b092c844b5886a93091a22c894a
2fe38ce318ec41e091618386a291f79b,5.108188,e96aa0967ab94368b381354e03dc40ad
b5db665a6be74d6d917e217bae5f59b7,5.107713,21b1ded02d7b42618592187e287835a3
f90990b791cf49ff9b92b9a49cd87f89,5.1014814,66b0c8a58f444ea0aec34d9403b88a49
2f0bcda66cd34231b3a3822dd57f7f2c,5.091286,65664fb3aad341fab563409d91dddd2d
8522edbe627049f0b00eabbb776399d3,5.074865,aa2d7a3a535243189492d4ce8e79c049
13964a2d472649b59d5126c24da8d4b1,5.069478,23066f7964874fd39639dbf2cb2766df
d1c94e11ba214e61b63f00da3fb00a09,5.0395336,ad289d5052264f9c8bd0aaf9faace92e
b06dc9c1726443b19aa4d4e118d8596e,5.017142,6542f58c143446f280e88a6375ccf79a
96ad923a06f54d79a74431cd06b8adea,4.993665,fb709e29755b44988bb252c87a2ce2f3
5f47f156e8204f808cef8696d1f8920a,4.952953,5a68e05acea4434ba08e17e1fff00057
b44be1c1621b40e1a7c06c02b225c470,4.928176,17cc6768c9d14388b7455fea0060b62c
183908f894694011b40f78d80cbeb742,4.927433,f5a6222612ef406b8f02aef87e08c476
2b4fda504eff4531832d7897265ba39f,4.927365,d79afb377f5349a69830b2b4c7cfefcb
387e43ce9c334938bbfe0ae8c0419ead,4.9133596,bade01bd83ec4b6786fd8c867ca7a090
899b54b766454749af73a7b5ba6ddfc9,4.909963,eaca056cec224a30aaaed30c39f644c2
cbb7beb8042e48aa868c13a6e2ee8a6c,4.9024835,27eee82d7fb94b9b8b60bd3101187496
0478a4dd439f4218a9194cd283b15aca,4.896197,ed9b10a2879742628fce003076ef9024
d7c4bf8f05fb4648a8778e884052db2c,4.8880544,09fc9f38fbbb4bfaa1c979ac9cc43f0b
bc1026f31e374c13a6d40e36a58b4b4c,4.886253,4430d47e30904eab969c1baebca184c0
7f50b6b5321c44e191bc82be785455b3,4.8798013,7ce06191f1114b4c8a00609f6867761f
26b721f1caa14c70b7aa9e5a8898e76a,4.8751574,34b71675a1ae442395b6eb1f3eda23df
3477cf6029bd4abb97d2bbcc6c11509b,4.8742056,1216ce1ef31e4643bb1222538c206342
d1fafb5d71ba42229f870ebc99263d20,4.873576,836ec4ef8df644328ac07b7803709323
bf4c4007f57a4055bcb4d820c06d7ca8,4.8720446,d74f6e7abeb84eedb9923dadb62f45f0
974a8661873f458193c891d3ef4dd208,4.855689,691acac4a54d450697afb2c2dc4fca09
fa4b1640bbdb4f0bad2435be75a94586,4.853071,dc58564d0c8540bea4f3e2e3696deae8
e750dd4744fd4421bd2387f0ec80c5aa,4.8487267,f5a6222612ef406b8f02aef87e08c476
7510f4f5df754961a921d50523718ff7,4.8476806,1af4472b38cc4304841b2f1720075c9d
7065ff8945cc45c2a4dfb58ac4955a94,4.841435,d576e334105247369362b05a375e88cd
844cc162c90c4ad0bf5be9750450f4f7,4.8412676,89e43b092c844b5886a93091a22c894a
ba86837d26e64a5095e50f614cebc183,4.8393707,92d5da561f5a41bf929f3555a74cd653
a30d8464e03848a8b72421c107f22fd5,4.824099,d9fbe02f04a4469dac855f69ea6ad02a
c27914b906234330b9a6677788aab658,4.813636,89597084b19c4902b073a2c6c6622456
01bdc1af846a44eeb5a789e393d1d7fb,4.8026204,5971501b0e8b4ef5b203c3985d7f5e88
ae5e0ee1d17e4fb0839e3d41295a5479,4.785895,903360099fb644b6b88c6edac88eecb2
8db2bf7ef1ed4e16b8f31fc7a9ad0e9e,4.78225,fe6ace599de44aa19b1773dad3658fee
14169e1048564c4689c2584a790d6696,4.7644286,1af4472b38cc4304841b2f1720075c9d
e4c05db0326140dd9c48a8179a3fb6ba,4.748012,02cf82700b4f4773af3a14ad8eaa5270
b95ad51d19ee4ea28d5d02064e368c84,4.7456145,691a538d2372403fad2b919b48ff5f85
6ec94917d60e4edbb8db99b5f7c18612,4.7424893,00f45d57fd3c448d8cfdf3185ebae894
b5c4664ba26443dba0dde05295158123,4.7349644,564a84b1b830407e811bcfc7fd086a6f
f7d9f745835a44c4a947a141f080ed24,4.720642,c0cb721b56f240dabf7f464e453ef72e
425fbf4deffd4fa183bfa210c296d087,4.718058,d42996c2b67443fd9b73bba7641d4f77
8f46f1c9e7dc4f0184c02d6fef8f3708,4.7045655,b4150337314e40fb9e3ebb24514504a3
e3fce4db03644ebaa6d2618e06092fe7,4.6938443,1cbfb22f84454b1fb821b602e3ad11f8
34bf626d6a87427281f80c0938fe0278,4.679882,7ce06191f1114b4c8a00609f6867761f
334dd9387233405cb0ba67a8ddd52c53,4.6679935,bab3bdc133384798b558f8fb6466a7fa
19c57283f04a4c338b9625f43642f886,4.664803,d576e334105247369362b05a375e88cd
06bf7c8951c64f95bec0eb20b232e5bd,4.638477,e039a00eae414ebbb2205b011ac127cf
9c33f1dbb3ce4d8f9a3262e5fbb55cda,4.623086,779d7c2bad1940c8a861451964e1ce01
b8052a41b1ca486aa8d1d4fd870dda88,4.617929,64fa5ce839ef406b9bc8a1b2f05094c7
45d15e5e49574f79bb6a3116fc761b83,4.614832,369fe18b94f54c98b554fd22b4a3b50b
67807253c7c94312952c818472d4888b,4.5996284,6c8a24653ef04f559b88e0f27c0df63a
e5968b40a7054871b2ae79f18399b30f,4.5939636,6c74bedaa406493a99988c5b8a47b704
eca4d38f7ac74e9981fa9bb9495edf84,4.5853114,0472051dc57d43f8b9dd08df475fc4a3
882ef5ef88af445e9dede3d98a7dd8e3,4.5773516,9b22c5cdbff44bdabd48dba008e6a3b2
b344c4448c13473197e3c11682c4096e,4.568863,3257035cc77946d98bdc09e2fdd5cdae
4cf647a905be45e5b1b81a0559d834d9,4.5616097,fcc9863b07fc4bd5a01fab5b9160eafb
cb70763b642a49e48c7e66689f180efb,4.558888,0ebc441d25664c91adad96b570270f07
1dce77fb1e9e419d8977644f0d18fd1e,4.547914,f0695d7e59d64941b510a3d12f801d59
a7c72b26df5e476a8a8efd1d597ead90,4.5467744,9ff95d23c3284d31ba5e398afa520649
77061464d801457a80b33cbbe0f017f6,4.5389757,d4cd0b56b6f54e08aec8ebfdb6122c5c
4a2b5888e21b471bb770cd3b5b496ae4,4.517918,4d708e5878784386a42c2f436d2d60f0
e2b879e36e484b0992165829229529ec,4.5078397,27eee82d7fb94b9b8b60bd3101187496
3cb482f381eb449b99a6b9b7707078b2,4.501719,9303b9f7f4984b2dac8aeba8c8da8ef6
018f42d116aa4bcdb1ab9e05bfc01b63,4.4858546,640f3bd184b7425fb22cc7773b8b2244
2ab29c6bc859481988c1133ecd494a65,4.4791865,1f8c0f02984e4139bf8043e57497fdb2
20a91015a52d4a81bb29c195b01ed6e7,4.4682403,46ba0b979a664c7cb0c315c4cde6ac86
21160fabb87f4b0fb849c04438771115,4.4668794,1af4472b38cc4304841b2f1720075c9d
d9826bec6e1c4be6a7152f89b950fee2,4.4645762,c3412c53e9ec4b6a9a1aa95cf7f0f1e4
58e273c754c742a5a7557cc56e24814f,4.4609756,b7ef0a61de0e4adf9688b2c525c9ad09
5a7c0160ff224dc08e280c9d93a87c66,4.4523983,1c97c72e076f40fcadb22b17e71beed1
69ac3d3d408a45fda23c327ed1f2678f,4.4508066,1d47a696eae94bd29f215a4787b27d8a
187f475424d1406a8ea7e10ccd1f13ee,4.4382606,85e7ea30890b456084b8e85c299c8649
bd9ad9e73d3d47e6bc36d0072d5d99bf,4.4216986,3be388c9ab614bceb086c19f70df23c2
15af8d3a801645799a0656e8ff3c729f,4.4093404,691acac4a54d450697afb2c2dc4fca09
794358e3d9a94bc48a240617b29ec0af,4.4079337,3be388c9ab614bceb086c19f70df23c2
936da7c6ee60477dab2d4d91e51a0931,4.3880706,526ab7eda50e4a239d03ad505832d61d
37cf2461e5cb4c8fa0b0751436bfa69c,4.3848157,92229a391d0b418f87b32c86c42a292c
d826d2d9a30147d59c909ec8484bf8b6,4.380352,ed9b10a2879742628fce003076ef9024
45f6671f9fb64495bc585555e3b8e55c,4.371245,257aed6ca7a44f1cb5c664beb1be527b
984301327f964e12a088fd8ee2361fdc,4.367576,ecdae9f36c6a437ea72739febbf1c89c
356335bb29d4424ab31c89c6931246f5,4.362755,965598a17b624a0f9bb1cd58595458a6
474bd4189cb5456daf7a1df79784d4aa,4.3595057,e96aa0967ab94368b381354e03dc40ad
82e2ae3e0d3c4ccab9093974f974e854,4.34656,a6a551a308b9442f947ea0608ae2c3fb
a5f7a2fd13b64df595ec85f5354fecde,4.3282194,3257035cc77946d98bdc09e2fdd5cdae
2b1ae0f0956e475c80e1ba5ca01abe84,4.3269076,b4150337314e40fb9e3ebb24514504a3
45f269eb7e1044bfbd012ba2df2be6ad,4.3229246,4a4eb12a639346b5a00557d54b51fe51
f230b42debc04e9ab59684ae05e721fd,4.2823887,9014beae94cf4f648e1663c8d5ec6803
93851d403349407996bba1dfd7457f79,4.2702384,057164cf4aab45ebbefef3409359cfb1
19ba27a603c0492ba795fba0999e589e,4.2669015,cd60a0fcac24465a880af7d8f921dd68
08ce7eedbe124ee79566c776303ee9e5,4.2664657,c26f5e7dcc8149f18f3d719bba9ae717
64ecc00623a647a7854cf8236452c556,4.250095,e039a00eae414ebbb2205b011ac127cf
387cfff049b44a62ad0215e9bcd6f912,4.2442045,ecdae9f36c6a437ea72739febbf1c89c
e84532113530478c84db1abdcae9a6d6,4.23945,95fbc6ed8bfd43c1a6bcf676e26e7f8a
1e9c95ee032147a2aa469f8482bf5f9c,4.2229548,678725f8b914453fbc1029b7c1bc0879
a5580bcfdae9468781349b4ca3ee101d,4.2169747,5831f5e280be4c02a09ce4588b56d7f3
b001beeb0d384d448ff9383afc5ad45b,4.211528,c0cb721b56f240dabf7f464e453ef72e
be220fecc0fe4c75a466c1f760eed397,4.207385,3be388c9ab614bceb086c19f70df23c2
a286b690dbf845d9b5651b98f76845a7,4.206904,5a68e05acea4434ba08e17e1fff00057
f93d08dd757f4cb9a593f27024c614ff,4.196909,4aa3556b2aed469584c573868193a07a
362c00f2982342a8a518f57f7ec9a60e,4.1963534,2768d411cc374a018a898f9df0ca207d
5209a952bb1a4ac991ae51e8a3e9abdc,4.190675,1cbfb22f84454b1fb821b602e3ad11f8
179de20d4413414c92aa7828d5950f5d,4.180492,5a26ae7959494fef99542e9b2004fd11
d26040150be642cfa0310e083cc0d204,4.1790695,bf59502a233e4b5eaff9cfa3a992c387
58150298bebd4a7a81085018c220ca49,4.146261,ad289d5052264f9c8bd0aaf9faace92e
6f6fd5b2a152493e8afcb221b1b198bd,4.1438847,cc21026ff0d541909df56c5618d28518
523ac70af19e4d6988870738be0827dc,4.141773,1fde4c9a01f84c349461083b6d0ba9ed
75c4589bd9604a0ea1651453f58495b2,4.1387434,ecdae9f36c6a437ea72739febbf1c89c
9123b9ef4c9d4fde932408d0244495f7,4.126226,6d3c42356e3b459c919e3129ff192ac4
1950440f5ca34d0bb2c737f896ec3b16,4.1232934,c322b788813745e0aa7b592b4345d379
ab4c8222cf584ba3982f14500c005291,4.089743,a6a551a308b9442f947ea0608ae2c3fb
7f2876c8100e4b68a311343853ebb177,4.0811424,19c9ac7b84df472c85ed6cf5a05fbbc6
6fb94e9ac58f4d9694f15b78affe4f02,4.077441,34b71675a1ae442395b6eb1f3eda23df
00a23ea3107f484f84ca76a6fb313ceb,4.0633416,e9f055a212cd4e5e8601228c37713f35
8779ed6ba8014232ae6caf2ff9ef4317,4.0558248,156f393f7ca046299e09d05464afa056
b19ea3eefb454edd861821b7164f50e0,4.03653,ad2b6fb945714e6792c17bd49a1066e0
4805a294e65b4d4db75948e86d3fdee4,4.030736,acee70abee2841c9b67b95e9ed079647
0ff2646f55f04a5a93328204b6fa099c,4.0118165,31b69f9501c4415e929b6af28c83f6a6
824e34ffddf447618c176cfb2577eb45,3.9967442,965598a17b624a0f9bb1cd58595458a6
45134c6dd42d4814b2fba3d713c1b3a5,3.9900663,1cbfb22f84454b1fb821b602e3ad11f8
1f92b7ff3de8413bb81c7346203bec40,3.9882414,630edd9b8f754b5dbd36cfbbd03ccb51
1e91957d9e7b4a2d9a469c627d2b37c0,3.966803,cb85047b65f8468aa02744c28c075dbd
2c689d06459b496798e7fc1e4ce8b03e,3.9558043,6c8a24653ef04f559b88e0f27c0df63a
bfd8d22a1f9a42a28b2a78c5e4323725,3.9540045,f615619defc4402b82845090c238e597
054f93d33d7e494d8ddd2e57a8e4dd62,3.9496984,46bfd7af0ed6491fa621350963d11e35
aa8510751ea1474a90449f0bf668c26a,3.943529,691acac4a54d450697afb2c2dc4fca09
17d4b37e6cf045b691ff88ff7ec2d5fa,3.9399872,85e7ea30890b456084b8e85c299c8649
0001880401724f72b4b0f8fafabbd872,3.9190283,4a4eb12a639346b5a00557d54b51fe51
bb1d29d38bf146d882c0237285e635b6,3.9070098,a4cad92644614f78bded3ca6d6023473
537772e1a2c849b2bcc68c362d5c2c16,3.9064965,d0a840820172465f83c8480d571e7b71
3bc9e7189bd1419081f54d35e956639e,3.8946114,b8ca3b6144cd48208caae952e096e7ae
e95f49fcbcd542bf8815319116a39edd,3.8924038,0302e7dde9074dddbbbdf85e9be57901
701ea34d0faf4b558956b1af3863b503,3.8852232,acee70abee2841c9b67b95e9ed079647
96bc1d7521944aa9bd60c810ef28080a,3.8747334,b050e9e1ef5946c297a34dda98d8f476
206c38136fda4bdb97f8087fab551d1a,3.8463907,e27d9425c912446e947fe53c4a757375
47bdbd87490b4698bcd3b038c2baf6d4,3.808585,4d708e5878784386a42c2f436d2d60f0
794516c691a54f63a105c96bf716febf,3.8032289,1c97c72e076f40fcadb22b17e71beed1
69669e9f88dc43b68dda6126c27675ca,3.801905,e039a00eae414ebbb2205b011ac127cf
76e51865ac6e4b1c83433a9fee78d5cf,3.7734687,a1d8cb16dafd4126922f985021e93631
ce7e02187e74451f8fe2511db0fed0fb,3.767524,779d7c2bad1940c8a861451964e1ce01
b112a5b1b2e44b49971304154011c418,3.7643945,1c97c72e076f40fcadb22b17e71beed1
493a9c5f51a84accb411c3f643d0fba3,3.751831,21b1ded02d7b42618592187e287835a3
d15af016ef394763b0f876df474531e4,3.7466018,057164cf4aab45ebbefef3409359cfb1
83d43c7c640c4996a271c9ec70bd0746,3.7447395,0302e7dde9074dddbbbdf85e9be57901
a1a22d5f63af4418a3f33283a6013d2d,3.7362545,8f285540a9394706bd6ec6cda46c5058
277c71d0965642b2b592f9a48534fee7,3.729484,c8c201e25c0047a2ba9d9e8541ac0939
19a8e983eaac433fb6e4dccab0c03fcc,3.7285438,d576e334105247369362b05a375e88cd
84e4c1bdea914f529a194f767629d1b7,3.7181313,2a9658410614443d8a27ef174f61d6e8
f4e34063359742b7916fe2635de1aba0,3.7148802,e45844e0215f4a1596a7f9ac41367c46
7faeecafea264aeba8271a5a540bee0b,3.7142613,1543a2f94aa74008914301874d98f0f5
4b3202343ccc4337aa099b8a9e046db5,3.7119749,e25b9d9944cb4d7197efb8ffc4ff57a1
1ef6177541694b09a66cc37c32dd92d8,3.6893432,691acac4a54d450697afb2c2dc4fca09
85d372a0f34b42109e467e07922756ae,3.6786358,82b01998353e4141a7613fdc96d7b600
d19e2961aa1846aea691337aa1f275e0,3.6687887,faaac88748714ce8a99413b952a1dac8
8887992f6e314e5bb22217a98a5dc1d2,3.6670763,46bfd7af0ed6491fa621350963d11e35
f913fbb165604ca09fa3b9c547ab4d04,3.6549096,5a73e0a5c757410eb0928feed7b151c8
23dfaadbd50c422b9ff80be549a47391,3.6520169,cc21026ff0d541909df56c5618d28518
620d85d5d0b947dfb2f0574a0d4dfe72,3.6468518,8db9e204b8b841df8fd94eff0888cdf7
c11c77b1b50e475e8b0a0df774292211,3.6446817,3257035cc77946d98bdc09e2fdd5cdae
71466cbf526f4ad890c742b6e4fe7449,3.640609,6542f58c143446f280e88a6375ccf79a
b26293f2e7f54384a164fb685236aa8f,3.6377373,58f53c379f7a4868a2ba6d91a06247d2
1f125654980e402e84e676e3b1c1db15,3.6179495,73e7e41e8db447c09cb2363d76556c64
18eaa3f481614cfc945c16f2cbb757fe,3.6040316,6542f58c143446f280e88a6375ccf79a
8d0f508b17b140db934bc95a70c06411,3.6015644,78b600dd53854b018f87267d268b7b1a
42096f8107c945a1a2cb7d0c4ba65a75,3.5900397,faaac88748714ce8a99413b952a1dac8
fcd13888ea3d4c2cba9cdbf3a7d2bbdd,3.5891824,b2be859ca8f24cda86821d5383edbc18
f1015462e69f41ea9a9c663ae07f13fd,3.5885427,ad2109663af04c549385cd2ab9b3283b
d5491c8b5caa42bfbce7ed937032b28b,3.5854065,46ba0b979a664c7cb0c315c4cde6ac86
5b6f7847212340cfb461967cbfd411f6,3.557654,0f9cc12519eb4872af7be7fe49e19f59
65985829f37342a3b2560fd757d02169,3.555319,19c9ac7b84df472c85ed6cf5a05fbbc6
71134a9c69f44b489217b6a7661eeb5d,3.5507581,ed9b10a2879742628fce003076ef9024
24f0ffec89c94e20bd898e051adcbf79,3.550311,d27cfea4da8f445fb4e3c55e53c6482c
454132982ecd4d5e9e6ed9c9e33f3433,3.536152,257aed6ca7a44f1cb5c664beb1be527b
e349c885e3cf4b12898ea2f38cccf188,3.5359802,f615619defc4402b82845090c238e597
a40e1b69ce604c8198c2de59ad0c8b93,3.5323255,7c1e02f3ab614e539ac901e5cd3c92d8
d7f295b3018e494d84b29f498ac03fa5,3.5278585,46bfd7af0ed6491fa621350963d11e35
ac23b811505944319414d3f59b4b90ef,3.524241,01690d9b08164fcabd5bf0819754f71f
b0428ae75a7d474bbf2e2f440fab50e9,3.5240355,e492ff7fecf046a4948c5ba5631cdefe
a9b2741eb1ab4c8bab6bec840430968c,3.5221496,02cf82700b4f4773af3a14ad8eaa5270
90d603d31e104c02a43e18ee6dfe41d8,3.513798,e492ff7fecf046a4948c5ba5631cdefe
18200ac0950d44d7af9f61b8b1f6467c,3.5123136,ec281224f8ee419ebde676f291672aea
590ea703d6da42979db4f6cf3ec882f4,3.5081584,1c97c72e076f40fcadb22b17e71beed1
b1574b190fd242e9a0cf3b489caa91e4,3.5032105,75b0bd2240a54f6fb45bf95ca43ab5e6
f2210503df2e4ed297faefd9a1152e2c,3.5027294,8f761e1117754656ac86a3a25f241cd7
010b4030f3e24d059d9e4d37cbd1963a,3.4936883,66b0c8a58f444ea0aec34d9403b88a49
6770b085f8cf47ee9a162fa8fbac551b,3.4921017,369fe18b94f54c98b554fd22b4a3b50b
f825d91f98ed4b9fbffdd2f5bcea698a,3.4913702,d79afb377f5349a69830b2b4c7cfefcb
5be3fd711b704af39312fd1561b95353,3.4872365,9170e0bb8fe44b309f83293808d871fe
7b5270f3124740838e60c375f3003665,3.4545262,691acac4a54d450697afb2c2dc4fca09
c7d1e88369c14b5bbfe40bbbe31311ae,3.4491045,cd60a0fcac24465a880af7d8f921dd68
53ad9b6f270d43beaa19337b588c1e60,3.4480386,1543a2f94aa74008914301874d98f0f5
96a715a174b74274ad9ad1ca752169f8,3.4468436,6c8a24653ef04f559b88e0f27c0df63a
a8117ce7b13549fc829e0bf1a9330dc9,3.4280696,fe6ace599de44aa19b1773dad3658fee
74ee886c358c466b93e307e28af9d52e,3.4244783,7cd1db4b50dd41e6b2f3dd15fcab3b89
a0e3b8c54d2747bf93d30efbd15a8fb1,3.4234962,4a4eb12a639346b5a00557d54b51fe51
8d93adac5fe7477a99015ec9ef32330a,3.4077206,dc58564d0c8540bea4f3e2e3696deae8
cde31d7f76684d62b17e619c0f1e98d1,3.3993714,b8ca3b6144cd48208caae952e096e7ae
0f4e625476a041c88fade20efb2eabcb,3.3848457,64f1d63a671d441d9663a783f632f794
ef33ab499b054efb968d7cca5bef4a31,3.3699298,c0cb721b56f240dabf7f464e453ef72e
cf4d7289a12b4ebcb7b17e8b76d82342,3.367619,ad2109663af04c549385cd2ab9b3283b
f185dd7af4814c9e83eb8e679837ee60,3.3600605,4430d47e30904eab969c1baebca184c0
ebaa88d224a746d786a5cf59845ee011,3.3564408,e27d9425c912446e947fe53c4a757375
cf7564fd313c4802adfcab226cb71a73,3.3553903,965598a17b624a0f9bb1cd58595458a6
1d9521ba2b624c7aab43f311872c1d09,3.354578,983940e0b12e4186a281c36de657406e
a306a4b51e064a1daf8766259f6f5c19,3.3529663,c8b9a0ac7c214a449c434aabdf6ef770
49929ef41ac3470388566de204f75fff,3.345015,e25b9d9944cb4d7197efb8ffc4ff57a1
b1d8d95b89ff4347aa88a86b33c0e524,3.3224647,c322b788813745e0aa7b592b4345d379
5c85caaeb0fe44b19a63bae94eb3c1b2,3.3077142,c8c201e25c0047a2ba9d9e8541ac0939
37a0d209e50848efb76d08c3f22eb3bd,3.2895432,d576e334105247369362b05a375e88cd
cadfda09774f4983a79a1c20a77a7b6e,3.2836819,678725f8b914453fbc1029b7c1bc0879
c76c69c650e64dab822589767532bc87,3.2746923,89e43b092c844b5886a93091a22c894a
29add4c6302d4386b285a8fe68153479,3.251125,c8b9a0ac7c214a449c434aabdf6ef770
2937b0fa761c4d3294bf68f522d9ab25,3.2420278,74e7db4222ca4a20811199afafa346a7
f1f565a6c118448aaf377cc5c5ec0abe,3.2411075,1d47a696eae94bd29f215a4787b27d8a
757730e7c0414b47ba2a3a52768cdb3e,3.2374709,630edd9b8f754b5dbd36cfbbd03ccb51
963dcd06789246059d5a6ecdb28e6321,3.233475,77ac5eb4b3054ca68e2b0dcbd5473fd1
5b21a17866f54dfa8e63c58219851a21,3.228644,d981f2c67f764e0c84af125b563958e9
2cd2c87b068749a492cdd369cb60ef9a,3.2208505,fb695c097d5845c282f6b30c241e8cf2
1debf605469f435a817fe50539698246,3.2175467,34b71675a1ae442395b6eb1f3eda23df
b0535812250c45b497a6bad12645aca1,3.2138417,2a9658410614443d8a27ef174f61d6e8
92048547bb5d4e79856a1c872a2e018b,3.2107959,01e805bb5a1845a7addf86fe9bc8d814
afb3f7ad74ad422c8162326a9647de92,3.2095485,73e7e41e8db447c09cb2363d76556c64
d37d23786d3f4e90977fbe2a3e5be556,3.2047474,85e7ea30890b456084b8e85c299c8649
0f23167585384e62970cf34d4092c7a7,3.1897032,e52a528036014db0a7bd54b99a310fe8
3e3a44c2636246edb0f9c1d8f041d873,3.1792228,650afb6a1d054e59904a1b796552eb04
f7d52b90e2e24549bfaa50d46ded3176,3.1786115,9303b9f7f4984b2dac8aeba8c8da8ef6
f8dc989408ab412199e89745baedbb50,3.1770418,8f285540a9394706bd6ec6cda46c5058
f1ccf2ee3c3d4cddb27a2e081d844de5,3.1752377,564a84b1b830407e811bcfc7fd086a6f
0499bd7b39be4304b273f17a516f2eaa,3.1684527,80921378de2b4cd3a14d449688d8b079
91467c6be29e4dd4bf681cc05803d081,3.1631958,c88be17376104f999b914a91aebf7220
654c2ffb9ccf4c1a9a3f865902e7b683,3.1546834,fe6ace599de44aa19b1773dad3658fee
a8a7550acecf4436939c03b7e74ec8a6,3.1543818,cb85047b65f8468aa02744c28c075dbd
587a668f01694a1e847a97f47debb81c,3.1522512,37337ebec05640b890e4b9612776c32b
0f3dc35d3b4a40e79c0af54b9b3d1f66,3.1503494,fb709e29755b44988bb252c87a2ce2f3
e152a0f89fe0446f998c519058feabc5,3.1439753,a0fe3cd34e474c3b90662ce8ef1fcac6
30c2e203d4e74967b5166f3da78fbe36,3.138688,f615619defc4402b82845090c238e597
88769fc17b0e4f3a9736d45e131659d9,3.131976,ad289d5052264f9c8bd0aaf9faace92e
e1c498af40d54c85bcea4f0ce236b966,3.1271381,d9fbe02f04a4469dac855f69ea6ad02a
42058ac0b3ff4d34b26f6d53d69b27be,3.1161466,9b22c5cdbff44bdabd48dba008e6a3b2
70c5d0168ece4f13b8553e469845fce5,3.1125064,c0cb721b56f240dabf7f464e453ef72e
c0e006372bab471897981e28cf25f546,3.1124535,d4cd0b56b6f54e08aec8ebfdb6122c5c
b0f8d38771464874a4c57aa453d842ab,3.1120787,4aa3556b2aed469584c573868193a07a
0c6306c2d9c64af7a28d5fd434ba9b19,3.1115255,6b9b2c8f0a874bb8b6691aca6bc49565
5a1096197b8648d882cdd33875519404,3.101686,ecdae9f36c6a437ea72739febbf1c89c
0727ac84c4494b248aa13d6c8ffe7225,3.0862608,4d708e5878784386a42c2f436d2d60f0
b0cc005e94e04a1da113c12dded0a882,3.0803175,691a538d2372403fad2b919b48ff5f85
a5af794012384211a60360b6b1752339,3.0785024,0f9cc12519eb4872af7be7fe49e19f59
48ac74f9b05a4b4da78a5f6497555631,3.0688884,a0fe3cd34e474c3b90662ce8ef1fcac6
d0c34b42e0ea475cbec6f473103ce609,3.0562818,e039a00eae414ebbb2205b011ac127cf
a66dab00c6184b79866a0fe90c090db0,3.0561,65664fb3aad341fab563409d91dddd2d
26b564b6bf114f2bbe987a9490e74e89,3.054282,d74f6e7abeb84eedb9923dadb62f45f0
b9927fff8eac41ac99d787e84af9c3da,3.0476184,95fbc6ed8bfd43c1a6bcf676e26e7f8a
7d741d7645a848d086367003b1d9a767,3.0406995,d27cfea4da8f445fb4e3c55e53c6482c
d940c859c01449d2acaaa7b3fdf1fbe9,3.0212114,01690d9b08164fcabd5bf0819754f71f
2d6d2f2089614469bda4b6e9b2b33678,3.0204947,bade01bd83ec4b6786fd8c867ca7a090
b25c125f6fd14177920e7f609ea6f819,3.0100489,66b0c8a58f444ea0aec34d9403b88a49
6fa96236f4904758aed745bb8a495f66,3.007967,e9f055a212cd4e5e8601228c37713f35
7a18d92954ca495a937856ac7ea4d263,3.0070713,564a84b1b830407e811bcfc7fd086a6f
8766cab3c343406587942ee9f9888671,2.9979417,74e7db4222ca4a20811199afafa346a7
33a87d7db931410abdafbba3321d5b5c,2.9857032,8db9e204b8b841df8fd94eff0888cdf7
b7e96cbc27284100ad9f3ea6005e3af7,2.9813075,34b71675a1ae442395b6eb1f3eda23df
9557a396825b49eb93cedbab96019843,2.96455,23066f7964874fd39639dbf2cb2766df
b615a0420b8b49d8a7153658ccbdd788,2.9531963,aa2d7a3a535243189492d4ce8e79c049
1e5b95e7ca1a462588131ff25c545f32,2.9467022,80921378de2b4cd3a14d449688d8b079
8de833e138ae4924a0cc47129cde2cb9,2.9460895,1216ce1ef31e4643bb1222538c206342
7d4bb63bd91a4617a40be8165b7fc9a6,2.9441168,7ac9c94011924c09b47f9640211885a2
b982c8da93db48ddbd69de9c207f2187,2.940071,ff218cc7835d4b5ba0de22792319050a
f6440ad65bcb48fc8d7fb11f5accc309,2.939319,e7d6747e8c8b4ebcb665e232240daf17
ac2d96b937b24483be886056bc0c2b67,2.937582,23066f7964874fd39639dbf2cb2766df
73ef58ddfcb54d09ac1737fdccd62d07,2.9342058,9e304a9bbc7b4c22af8025fc93757357
0077d17ffb254c86a11e301042f915e4,2.9058156,0ebc441d25664c91adad96b570270f07
312939eb59d541dfa7df51991a32d5f6,2.9043539,f615619defc4402b82845090c238e597
8c5aff69d92e4556bbd5cfdb17a74109,2.9000251,5a73e0a5c757410eb0928feed7b151c8
acc8825aa2cb4d06bd3574a6b36e6a40,2.893477,c0cb721b56f240dabf7f464e453ef72e
93ff73f78f7c4aac9aa13de5f64205cd,2.8903527,00f45d57fd3c448d8cfdf3185ebae894
335322101aa0491c89fbabfb87c21ad8,2.8836217,9ff95d23c3284d31ba5e398afa520649
dbf2f20d05034e77a9be456ee8d44377,2.883383,564a84b1b830407e811bcfc7fd086a6f
432fd48d8c1946838e62f7912527deae,2.8778577,7c1e02f3ab614e539ac901e5cd3c92d8
38d3a8b3543b4548ab16eca74b1ed293,2.8666778,46bfd7af0ed6491fa621350963d11e35
bbd851331a6a4da4b22326af57c9ea32,2.8655808,faaac88748714ce8a99413b952a1dac8
da88d4d5eaad4690bbe94a2165985050,2.8639848,01e805bb5a1845a7addf86fe9bc8d814
e578d2ca90a241bcb241e65a62648a66,2.8547947,f5a6222612ef406b8f02aef87e08c476
600602c8b38d4fe293a8b89ca3c4b7a6,2.8508432,d0a840820172465f83c8480d571e7b71
c9d40d7967754291b6d16c34879f008c,2.850225,73e7e41e8db447c09cb2363d76556c64
c3d18896ee6e422680a3435f0ca9af84,2.848775,95fbc6ed8bfd43c1a6bcf676e26e7f8a
569c47730fc949f7a3971473e07d0f6a,2.8464682,678725f8b914453fbc1029b7c1bc0879
d7c1791491584b2984bbcdbc178299f1,2.8365302,691a538d2372403fad2b919b48ff5f85
ba7add48a45e4ff8947f8a846082bf48,2.8352792,4d708e5878784386a42c2f436d2d60f0
d3d566cecb79472ab65c2a57bc6d7b6f,2.833669,7ce06191f1114b4c8a00609f6867761f
28cae44de1fa4e56a10eb13b57a78668,2.8288572,c0cb721b56f240dabf7f464e453ef72e
b5ac47314a344318be396fd6fdef8239,2.8275511,6aba5a04ef8742a39d3a61644a5f0729
e20a7ed561e1414ba269129124fa8186,2.8139946,f5a6222612ef406b8f02aef87e08c476
840de6fde47e4e64916bdd5277bcd173,2.8057132,8f761e1117754656ac86a3a25f241cd7
77303cd1aba44c3abccb823ad3006b47,2.8006785,903360099fb644b6b88c6edac88eecb2
27b747520a594968b11704d54233d20e,2.8006198,e7d6747e8c8b4ebcb665e232240daf17
98b5731fc463498f9da6bf4beeaadc1c,2.7967165,8a77dc665d8b4d95a0b1113522f7e9c3
3b9a5aa10a7d4cc9b31122f2d4258ccc,2.7949347,b25fe3b79f714d38b3fc53e39fd84d36
6730fca5ad3b4afc8715dc16caa1a2b5,2.7944946,d4cd0b56b6f54e08aec8ebfdb6122c5c
43286efab53f465da28a9d31716d392a,2.7676423,09fc9f38fbbb4bfaa1c979ac9cc43f0b
1a28f3dacbd74510b8f8f45e80348e68,2.7651386,0472051dc57d43f8b9dd08df475fc4a3
fdef09f89c644db89a91442b6889f7b0,2.7564418,f615619defc4402b82845090c238e597
7119bcd6ffec46a3b428819c202e431e,2.7505836,257aed6ca7a44f1cb5c664beb1be527b
57cb6a69463a4f248087b39af146fdc7,2.7381222,0f9cc12519eb4872af7be7fe49e19f59
850ffbbf78224a1b910a45c2ad3ab6cd,2.7340267,19c9ac7b84df472c85ed6cf5a05fbbc6
48aa588059cd4883bab6da96a75c16b9,2.733524,aa2d7a3a535243189492d4ce8e79c049
eb5fe491e3474e81865751ec9f52b3ce,2.7297122,1af4472b38cc4304841b2f1720075c9d
7e7b92ee644e42a3adc00967aa9f4cf8,2.7295222,965598a17b624a0f9bb1cd58595458a6
112c929868df4d8fa0428f2c3cf17e3d,2.7239509,ad289d5052264f9c8bd0aaf9faace92e
46d21d8ab5eb41a080233ba04192b3f6,2.723816,d576e334105247369362b05a375e88cd
6555bb324c1c434ba6f2beb761ab8f1f,2.718533,80921378de2b4cd3a14d449688d8b079
aef3a265256d49af8433aac1b85fe097,2.714785,5831f5e280be4c02a09ce4588b56d7f3
247daf33fb4d4fa993fd572025cb5166,2.7035499,d331012ecf0c40888e0ac290184f0883
05de4f46aac741bd81e6bb9133542716,2.6952965,bd2f91a9415049d980e453f94327e0ce
3bcea4af010844979851dffe0c194e96,2.6823378,0ebc441d25664c91adad96b570270f07
567cb2c4e6b4417c89be6420cffff826,2.6783988,4aa3556b2aed469584c573868193a07a
84e237a5da704cc28748ceb897b709a3,2.6701493,11ec23965d2941d0817082107996ebbb
9fa9673a6edb4e15b5f57d97a0b16037,2.639408,4aa3556b2aed469584c573868193a07a
8819510944174ce28e7b0d3e9d8c9fe3,2.6381342,691acac4a54d450697afb2c2dc4fca09
4cfe5514dcd64af29dbb1012e6e35f81,2.6243396,bab3bdc133384798b558f8fb6466a7fa
df2549937e044a9583242e2c20f87e85,2.621606,f615619defc4402b82845090c238e597
a868fa08c4994234bd1947577c34c2f6,2.6194007,b050e9e1ef5946c297a34dda98d8f476
ee6aeba966504751952213ca4d85796e,2.6102211,3b13d134762445cebcdbb02b484db77b
83be35bfce854dc48152629a9841375d,2.5943036,c88be17376104f999b914a91aebf7220
cea01bc4a1554d61a6b1a564073b4fc6,2.5935326,564a84b1b830407e811bcfc7fd086a6f
539c9a4dd3ac4de18415aae9107a2600,2.5933595,11ec23965d2941d0817082107996ebbb
8dc57aa25917490abcf294b3f73bedd6,2.584357,ad289d5052264f9c8bd0aaf9faace92e
7fea4bf4a0c24e2f84ca2e69e88529fe,2.5819855,e25b9d9944cb4d7197efb8ffc4ff57a1
96c624bf03614499b399bfbb431f5b98,2.5741994,6c74bedaa406493a99988c5b8a47b704
a9a64390a549402a87d7334ff62aa560,2.5641468,73e7e41e8db447c09cb2363d76556c64
de522abd79fd437a9ba590c4aa3aa7a1,2.5579853,a1d8cb16dafd4126922f985021e93631
0b887e10733b4259bd5c30a1c724ff50,2.556222,fb695c097d5845c282f6b30c241e8cf2
fa350c4d307c4225b43fde340c1e9c40,2.5459275,acee70abee2841c9b67b95e9ed079647
a89278348142457886434482fa366f57,2.5269902,e25b9d9944cb4d7197efb8ffc4ff57a1
234999d28bb04577a48d50f076a844a6,2.5150318,8aadcf7251724cc6858dc0db44abebe3
cf020a2f14884c16bc73b159ead104b8,2.514771,5a73e0a5c757410eb0928feed7b151c8
2af53201cad64c32bedf284dd06c1cea,2.5147467,f11f1682b5924181b047d757d3e20964
4862c9b0d8ae46eb8831a66a01eeb02f,2.5078497,b050e9e1ef5946c297a34dda98d8f476
8085782f7d76421b8468fb1e61d4fd61,2.5055084,369fe18b94f54c98b554fd22b4a3b50b
6d9fe29b75544ce6b2e1c3329771cd32,2.4934368,64fa5ce839ef406b9bc8a1b2f05094c7
c4e88a88103749f08d034998e76b6a35,2.4761236,a0fe3cd34e474c3b90662ce8ef1fcac6
34e6f332d53646d38eb22993afc64a02,2.4747066,02cf82700b4f4773af3a14ad8eaa5270
8159d92e267d438e9012e936aa5fb15d,2.4710305,95fbc6ed8bfd43c1a6bcf676e26e7f8a
d31e037b260346c3baa01f229c4aab45,2.4658988,c26f5e7dcc8149f18f3d719bba9ae717
63cf218e957a465696c4482a9d4b226b,2.4611542,aa2d7a3a535243189492d4ce8e79c049
405e667675254ffdb3e8cb25813e586a,2.4596086,e456afdf95e643dd926249fec4d68753
5ccfffd900a1434dae33727030983cc8,2.4586718,75b0bd2240a54f6fb45bf95ca43ab5e6
bd11eda8c59c41a383c769c428ce6d6a,2.4533005,a1d8cb16dafd4126922f985021e93631
57c53927cc0942b7a012edd211993b5f,2.4478023,27eee82d7fb94b9b8b60bd3101187496
7cb1eb87f58f48c88b0b1f3205d9a6e5,2.4412525,d27cfea4da8f445fb4e3c55e53c6482c
4a1eda64c5a74dc59c1ca7cc15a429dc,2.4355314,7ce06191f1114b4c8a00609f6867761f
613c069f276a48f2b4d203e4b49d44cb,2.4292023,fd51f3eef1a64d9a93652be481bde32e
fba706d6c465422cb8a6944bb92f5b97,2.4133472,d0a840820172465f83c8480d571e7b71
1252c75b04024238b04ae25eb65cf090,2.4010134,6a122ce1702646db918266228d48bd08
af5d2c39e4a54d8295b3a933c8bc7b43,2.3965876,bab3bdc133384798b558f8fb6466a7fa
76ffb89b5ba84a8788d68f4010821e12,2.3939862,c0cb721b56f240dabf7f464e453ef72e
7257f3d3f31a4d5ab6a872e4e5886111,2.3736353,e52a528036014db0a7bd54b99a310fe8
a95f568bf31846fd86a94ef5cc3a229e,2.364767,ad289d5052264f9c8bd0aaf9faace92e
b32a35611f6b4eef9cfd102e5e72766a,2.3564842,b2be859ca8f24cda86821d5383edbc18
d2eed3a46ce744eab6ced2424b2593b2,2.3560457,d331012ecf0c40888e0ac290184f0883
0fcfdcdd99c34d2f8c849839febcbeee,2.3558547,9303b9f7f4984b2dac8aeba8c8da8ef6
4c0fd754fe344b9ba99a09a70be831df,2.351515,f9fae977af2c4f35b29400f31267e170
3d76459228604351a61361bb4e50f836,2.341184,faaac88748714ce8a99413b952a1dac8
af18a5f9a5aa45a191a99b4792b127c5,2.3337152,78b600dd53854b018f87267d268b7b1a
bc3dcde96af9406186e1b5eb3b8af798,2.331873,4696c8192576454f8684954bc771aa23
7138411c54ee4ddc9519ced57941eb3e,2.3261354,78b600dd53854b018f87267d268b7b1a
c244f9298eca46bebe8382249b3a300b,2.322375,e336d113184c4ebdbad7aa2b6ec64640
0aa6a9108b584bbf8d7c94f8d1ba84e3,2.3207455,691a538d2372403fad2b919b48ff5f85
8585971b042846729be0531195bb8d5c,2.32071,3b13d134762445cebcdbb02b484db77b
9993c4c8576c4a6cbb5cd12592fe9e72,2.3062315,11ec23965d2941d0817082107996ebbb
6fe5e86e29684922a7b66985a0abbe4d,2.3022928,c8b9a0ac7c214a449c434aabdf6ef770
a1855c7563c54b5c86e2f73c5fe9f8d7,2.297544,640f3bd184b7425fb22cc7773b8b2244
a02994faca0a4c088e226d856518737f,2.297213,630edd9b8f754b5dbd36cfbbd03ccb51
5ab1cd14b5304690a8f45e2bb5a92dc4,2.2968123,19c9ac7b84df472c85ed6cf5a05fbbc6
08b73196f2c24757b7a87419ad378a36,2.2935178,8aadcf7251724cc6858dc0db44abebe3
fd66e1095a8d4ed89af26eb4018a0c00,2.2748427,3b13d134762445cebcdbb02b484db77b
fcd022d73a35405ab8a38d11dd06ff4e,2.2743948,c88be17376104f999b914a91aebf7220
01f344e8e895424eaa3251d134512cf7,2.2663648,f036aaf4ab714c598a0b6da4ca604136
fdaaf6e004b04cb18e798331b9d9ebc6,2.2660139,99142f1c07cd4782814f8c970eaaa40a
e0bbcc95980e4aee9f0b5f6976c5eaff,2.2601945,f5a6222612ef406b8f02aef87e08c476
e8731d4569304e1aae79558458ad6797,2.2591987,01690d9b08164fcabd5bf0819754f71f
7347c822edd443ed856998a70357afd0,2.255996,8a77dc665d8b4d95a0b1113522f7e9c3
38f1d87fba9e41ce91c3db2733f683f5,2.2556229,a0fe3cd34e474c3b90662ce8ef1fcac6
1ee540e56f46476f8d452e04f0490075,2.2540245,2768d411cc374a018a898f9df0ca207d
e63f3979515d466faa902d724344014e,2.2522438,b050e9e1ef5946c297a34dda98d8f476
3464f002cd954218836b9014bcd0c620,2.2460623,5a26ae7959494fef99542e9b2004fd11
469ca74fcdf244ba896fd018680b3201,2.2453346,4ad7e2502210436f9ca5735fdf7e50c3
b615eb75fd0545b397a63d7c6a86c4eb,2.2426093,ad2109663af04c549385cd2ab9b3283b
4c2fc2033f15495485965dbc18d3191d,2.2417321,e336d113184c4ebdbad7aa2b6ec64640
f023a1ec2a5e4947a0c66be38c5f67b2,2.2408307,7ac9c94011924c09b47f9640211885a2
6ba13a7346044bfba1b6245853af401d,2.235761,d9fbe02f04a4469dac855f69ea6ad02a
e1e6878707524a03864e9b83fb89345d,2.2165785,74e7db4222ca4a20811199afafa346a7
db9abde406b849d59dadd9330fa873dd,2.2164667,d0a840820172465f83c8480d571e7b71
184facf4be454b60a5fe9a953d771690,2.2109933,6b9b2c8f0a874bb8b6691aca6bc49565
6ef20b2327be456ebe9d47d6c015c659,2.2081623,77a8b27acb0e4600bb6ff974eabc269c
e8d0fd5309724c1cbb4da8f5c55ac9f4,2.1924772,4696c8192576454f8684954bc771aa23
f7b6d1525412435fbc5af750fb1d4dfb,2.186421,1cbfb22f84454b1fb821b602e3ad11f8
7fef3b2e0481482fb860ca2b3db02567,2.185184,9b22c5cdbff44bdabd48dba008e6a3b2
729eb469bdc343e6b5c2628e9be83fd1,2.183702,903360099fb644b6b88c6edac88eecb2
50eff679bc384b72918eba1cd77a5597,2.1802657,46bfd7af0ed6491fa621350963d11e35
da098162d0924c6eaf6699ca87326527,2.180068,ad2b6fb945714e6792c17bd49a1066e0
734db9fe91ae4ef4aa4f3798343785f4,2.178301,eb513691b7a04d31ab1bc50bf343447b
a5d13a0d598241769730951b2e94e7ba,2.170319,23066f7964874fd39639dbf2cb2766df
c71fc9273bb64cf78fcb3160724b40be,2.161541,34b71675a1ae442395b6eb1f3eda23df
b256661e96a042c28b299514e4e6e4cf,2.1486874,5831f5e280be4c02a09ce4588b56d7f3
366c800d775a48eeb3c735cde3a881ab,2.1431382,6b9b2c8f0a874bb8b6691aca6bc49565
36b74b7a585a45e796fd8ff39bc60f3b,2.134574,e5692bd498004d32934fbaa05af2120d
bb5525dd713a4a6bac622eef1a7c83c6,2.1197536,1af4472b38cc4304841b2f1720075c9d
e10cdddb573548c0bd3d9eb0cef37f37,2.1107643,d0a840820172465f83c8480d571e7b71
4aa10500630647f891ae1bf725a8f169,2.1078417,700f381f40ce4b039ce0df8b49fb199b
7bd320ff5d6f4bfc906470499b8ae3b6,2.1068532,80921378de2b4cd3a14d449688d8b079
d8c0f66ffaf94373b23b46444c5acb4f,2.1010828,156f393f7ca046299e09d05464afa056
187dd510c41a49f4af9d4c4371e98953,2.0980132,b4150337314e40fb9e3ebb24514504a3
9da0bc8ceec24ce7bac851ca1fc67b5f,2.089867,d6fe6f8380464e21a27fd69de27f1f57
ade56895f4dd427b8c4477aa940dc716,2.0896115,e52a528036014db0a7bd54b99a310fe8
0e07a1ba34174816a6e96d6ffb215671,2.0877,ad2b6fb945714e6792c17bd49a1066e0
b8cc82e2dd7b4ef9932f2377c1bf9e53,2.085041,6a33c207c8b648f680dbd0e65639ef04
020f53a16c0047f9a592ac5126da2ccd,2.0750442,4696c8192576454f8684954bc771aa23
bc4671732d9843eaabd57d23d84f259d,2.0622623,bd35571850644321b86ce4fae286ce7d
eb1fe6fcc1154bfcbe523b6401451927,2.060239,1af4472b38cc4304841b2f1720075c9d
22a3289b29c9411cb2777c5cd4b454ab,2.059153,ecdae9f36c6a437ea72739febbf1c89c
a1cb97ab677f48d0b81dedd497512989,2.0589178,a926df6d7fcf4b17b68dae6f41fbce66
c189555deda047629ebb90350290dab8,2.0584514,1f8c0f02984e4139bf8043e57497fdb2
b4aee6c48c214408b310c9c345695420,2.0581555,5a73e0a5c757410eb0928feed7b151c8
3df0fa25822f457496cd93c2402bd292,2.044751,aa2d7a3a535243189492d4ce8e79c049
d989c36a82a14c81ab2fe8b49f3c94f4,2.041988,a1d8cb16dafd4126922f985021e93631
5bf9e6f5654045d28dd2225231386807,2.0361805,23066f7964874fd39639dbf2cb2766df
745463c1ff2c43398a488057b94b7dd5,2.0267682,8f761e1117754656ac86a3a25f241cd7
d8abdab9cd7145c19d33fe76e47d0c1e,2.0213954,31b69f9501c4415e929b6af28c83f6a6
ad251b857ef3422398c3c3aa91f9c632,2.0045755,c26f5e7dcc8149f18f3d719bba9ae717
052e254bff244d2f88c0d2566ddc13db,2.0037305,e52a528036014db0a7bd54b99a310fe8
e449398fb3714ef39cfae0e60e4b3fd1,2.0031862,34b71675a1ae442395b6eb1f3eda23df
e15d2b4a689545309a64bd4d54621cbb,1.9941297,89e43b092c844b5886a93091a22c894a
6f8c1d69a43c4848bf3426c02ae5b938,1.9878105,f9fae977af2c4f35b29400f31267e170
a0f623aff0d34804a39f4b55a08898ca,1.9866611,903360099fb644b6b88c6edac88eecb2
18256c30bb5447d2bc0c5b2c56f67811,1.9866512,bab3bdc133384798b558f8fb6466a7fa
ddbc9d9a558041779711fd17e89ec33f,1.9812917,eaca056cec224a30aaaed30c39f644c2
b38ef262d489438c979703e3e503f1b7,1.9774863,b050e9e1ef5946c297a34dda98d8f476
ac601d55d74246afa29a020b8029c7af,1.9771883,c0cb721b56f240dabf7f464e453ef72e
3088711035bc4a06b3595ae315f54fb2,1.9716077,c9e2e76e631c4d0a8013d90892350e06
4593972edeb84fe49e5ad1058e0d8d35,1.9709104,bf59502a233e4b5eaff9cfa3a992c387
ea60559c1a414dafbe5652b8b1ef5ffa,1.970841,e02ad4f63c8444b79a7a56fb23a4e0f1
6b56add8c1e8488e9e85c4085e0cadc9,1.9686272,d443e0c5017d48d1b3f86bf4da959ed5
58556ab04cfc4acf9ea2865485923949,1.9665613,630edd9b8f754b5dbd36cfbbd03ccb51
f119f6dc27c64e5c8485b001368d839e,1.954634,7cd1db4b50dd41e6b2f3dd15fcab3b89
167939f1c55740a5bd8d235691475fc4,1.9469185,11ec23965d2941d0817082107996ebbb
f83685b1d7eb4bb2912f5e7358584feb,1.9424037,691a538d2372403fad2b919b48ff5f85
9c3a88f966094359839f8ebc3263a6ae,1.9402324,ad289d5052264f9c8bd0aaf9faace92e
f41620f1a5c84928b422bcd3fb97c109,1.9391919,09fc9f38fbbb4bfaa1c979ac9cc43f0b
7e4f7e1030bd4e0d9be72f6761ea3def,1.9371992,77a8b27acb0e4600bb6ff974eabc269c
fc982cca5c594093a33406ccd0a2b83c,1.9318147,89597084b19c4902b073a2c6c6622456
4762d831f5884e25bb3eb6e73fd283fe,1.9315722,d79afb377f5349a69830b2b4c7cfefcb
7438e386a6a9468fad05b2507d9194e8,1.9266635,fd51f3eef1a64d9a93652be481bde32e
66f2b56505bb4a009232e327041bcff4,1.9244261,5a26ae7959494fef99542e9b2004fd11
e98cad653d89476483782ae1a239135b,1.9168903,5a8cc5ff28fb4359afc7e9fcbf3bce55
6b4034f8415244f88296cacd28edca37,1.9113383,8a77dc665d8b4d95a0b1113522f7e9c3
b4e94218abf54b0787b1a6e1191836d3,1.9090893,e456afdf95e643dd926249fec4d68753
b513c98d376b4102a9119d959aa7ebfd,1.9063869,d6fe6f8380464e21a27fd69de27f1f57
f6577f16e3764b67b1b06fc24d9379bb,1.9055463,e96aa0967ab94368b381354e03dc40ad
b50583d5d6494691a33b4cc22373d8b5,1.8920035,e02ad4f63c8444b79a7a56fb23a4e0f1
9ac0ff71215742d1bb1d294fd8b4e240,1.8867465,855b3971c4a147cfb9a7c281fa6b915e
70aba94871d94cf5b2d7e950982cbb8f,1.8837558,e45844e0215f4a1596a7f9ac41367c46
29d39b14f72c45cebe5afd433c98dd23,1.8816936,b2be859ca8f24cda86821d5383edbc18
790595e600c949459cfe2629a30f5371,1.8791735,4430d47e30904eab969c1baebca184c0
ff710f3510b24d89a54afab54c23edc6,1.8737085,691acac4a54d450697afb2c2dc4fca09
59f932ea796043fdba3c19bd87389e96,1.8642743,58f53c379f7a4868a2ba6d91a06247d2
924c235415de407b8fe453ecc8aa95be,1.8584284,ec281224f8ee419ebde676f291672aea
b7e24f3f016a422b89ff10b363c86e9d,1.8533187,09fc9f38fbbb4bfaa1c979ac9cc43f0b
01651322a4034bdba60434218dfeb79f,1.8446839,d6fe6f8380464e21a27fd69de27f1f57
0cee0f740cfa4b118595c4e921220588,1.8437374,92d5da561f5a41bf929f3555a74cd653
ea4bf9d0ec3d4bb9a4d910eb2ab70eb3,1.8435224,8f761e1117754656ac86a3a25f241cd7
4838bbbf3ac543ebb0bef130f0f28d48,1.8301606,d6fe6f8380464e21a27fd69de27f1f57
d7b01643eac140139ea2680d74080bb7,1.830135,c9e2e76e631c4d0a8013d90892350e06
56cfe84755904ae98f74d085dd2fcb7c,1.8246369,6d3c42356e3b459c919e3129ff192ac4
8c178f61ba134a9a905810910eef239a,1.8187354,75b0bd2240a54f6fb45bf95ca43ab5e6
06706b7f76a3492e8e814546d9bcefab,1.8139659,d981f2c67f764e0c84af125b563958e9
bd2048721a484ac4925726f9a0df7499,1.8123573,e52a528036014db0a7bd54b99a310fe8
a987046439f446848e7b3520dcece6d6,1.7833971,4ad7e2502210436f9ca5735fdf7e50c3
52acdc11a8df4558867635630b69348c,1.7781715,74e7db4222ca4a20811199afafa346a7
3555001842e549e3b0aa8f30dcd11e0e,1.7545471,cd60a0fcac24465a880af7d8f921dd68
98d13339052248b0b3c45e976da3acf5,1.7542654,3257035cc77946d98bdc09e2fdd5cdae
3ce8d2e955bf406c8830f97658207859,1.7506464,8f761e1117754656ac86a3a25f241cd7
1d79bd154afd47138f529dd6f1d52902,1.7483232,c8b9a0ac7c214a449c434aabdf6ef770
0d2bb28b114e4f4c8c688a13f967b79b,1.7396529,a4cad92644614f78bded3ca6d6023473
d7cad8025bcb4868a7196c152770ab3d,1.7331443,fd51f3eef1a64d9a93652be481bde32e
51bb2642caaa4fdfa82051cea135a8ba,1.7236055,b4150337314e40fb9e3ebb24514504a3
9d3679e8828845c6be8f7376e953d216,1.7138752,82b01998353e4141a7613fdc96d7b600
63e06c0c69054bdd8c2690539549d9cf,1.7128537,37337ebec05640b890e4b9612776c32b
94aeafd28e6749c09c57cbaecef9df80,1.7105587,6c8a24653ef04f559b88e0f27c0df63a
e5b86e97430f434591a4da778f69dcf9,1.7099057,855b3971c4a147cfb9a7c281fa6b915e
ef7e074ee0664115b08c5b98bc09f83e,1.7040688,efdf40eee13d409c9955e5b84e4408f6
ca143ca992a648ca9b004f3be8a53a61,1.7027186,4696c8192576454f8684954bc771aa23
ea055ef8a6de4cdb8761ddd4dc3bf3af,1.7003552,965598a17b624a0f9bb1cd58595458a6
20c77ed7406f451bac8e8bcd18b5187b,1.6964009,9e304a9bbc7b4c22af8025fc93757357
9c541c2079a0420298c16b25b87beee7,1.6930654,d42996c2b67443fd9b73bba7641d4f77
b386bdd20171436f9c420013263490da,1.6916426,78b600dd53854b018f87267d268b7b1a
1b6f4307fa4e42cda9018c5085947b48,1.6883712,66b0c8a58f444ea0aec34d9403b88a49
49b80615188d4680a95923cff4718e3d,1.6862916,8f761e1117754656ac86a3a25f241cd7
a3c8a08e370346b095ed986fc19f420d,1.6830952,89e43b092c844b5886a93091a22c894a
f3c47f8050814b93a91d14f2add36403,1.681105,efdf40eee13d409c9955e5b84e4408f6
d02c0b31ac9a428fb46248742eb502fa,1.6795871,e7d6747e8c8b4ebcb665e232240daf17
1dfeecb0d6cc4fd68f8fe7bddc5573f7,1.6782122,a926df6d7fcf4b17b68dae6f41fbce66
707f6646366145df8e5402888ac28325,1.6683676,779d7c2bad1940c8a861451964e1ce01
da58e0684cc34833a768589a2ab19e46,1.6586431,b8ca3b6144cd48208caae952e096e7ae
3e5dd993b40a449fa94dcff02439d160,1.6564811,9ff95d23c3284d31ba5e398afa520649
9d9d4a9695414746b71566692311e57b,1.6560234,cd60a0fcac24465a880af7d8f921dd68
2092a0007cd74f32bd9954b25b49cf21,1.6527653,5971501b0e8b4ef5b203c3985d7f5e88
88de1634c729442aa72060868b167abd,1.6480459,82b01998353e4141a7613fdc96d7b600
bb5b0894b81e4a8daf1feb3b422e35a8,1.6400698,eb513691b7a04d31ab1bc50bf343447b
8a53841d512741f5ac2d49f75a83780a,1.633312,bab3bdc133384798b558f8fb6466a7fa
5b204de5b2be4f0cad1271ad9c6b1f51,1.6305614,82b01998353e4141a7613fdc96d7b600
b49ff629d01a47a284c14dc1d21a0d1a,1.6303972,a585d23fe43f459ba86ac15645af77ff
ddfb9bf3e876482b994c7955230bcda9,1.6177597,5a8cc5ff28fb4359afc7e9fcbf3bce55
1c0be8da9cdf4be8973e0cd18f5f8ebe,1.6144092,779d7c2bad1940c8a861451964e1ce01
c8bddc0d410d4f759537fd2e4bff533f,1.6108518,1af4472b38cc4304841b2f1720075c9d
f66b6efba0464f1a939d4ae426b9f217,1.6097046,fd51f3eef1a64d9a93652be481bde32e
1a12b7978d8e4dd5b563cf97606bfa9b,1.604853,1216ce1ef31e4643bb1222538c206342
ec9e443ba4a94ce1b32501a817565a6b,1.6031524,c26f5e7dcc8149f18f3d719bba9ae717
b2486195994b46178a02231ec766d3ea,1.5919728,b050e9e1ef5946c297a34dda98d8f476
9280a530ada64a8f829e0ec528712cbe,1.5904319,65664fb3aad341fab563409d91dddd2d
006744853c1a4bfd9d39aea6556c7be3,1.5887134,c0cb721b56f240dabf7f464e453ef72e
c1c018ca07df447caa530adc78d76736,1.5886154,6a33c207c8b648f680dbd0e65639ef04
a3a8679097e74509b7525e86a5457662,1.585602,b4150337314e40fb9e3ebb24514504a3
408a26bfd8bd41529e7fa7db94cdae03,1.5848157,d4cd0b56b6f54e08aec8ebfdb6122c5c
f4a11d6e649f44be960bbfc9a5aab7c9,1.5821683,b25fe3b79f714d38b3fc53e39fd84d36
0440c322e82547b787d5f173806bb341,1.5797495,e039a00eae414ebbb2205b011ac127cf
c4060e0878a944af9730a8113eacafc9,1.5770766,37337ebec05640b890e4b9612776c32b
7bccbe2abf334b329b400531be6a3be7,1.5764949,d443e0c5017d48d1b3f86bf4da959ed5
1aaf2fb4fc244f5ea6b9eb65d1183c03,1.5645745,7a4c413f5c844796bd5ffed2b65f0336
0623d83a061f449f86d03b34bcacd314,1.5565045,e456afdf95e643dd926249fec4d68753
61e1612d7fad463ea1c28d21bdc98513,1.5526978,82b01998353e4141a7613fdc96d7b600
d335f8b8c90c47229c445bda59c63cab,1.5503275,d981f2c67f764e0c84af125b563958e9
0186efa87e364652a49460c2436f11da,1.5502348,ec281224f8ee419ebde676f291672aea
ed96d522f1d74dcb9a41c80634f5abe0,1.54812,d0a840820172465f83c8480d571e7b71
3e85ec80c479459598052f2abc51cc73,1.5463904,c9e2e76e631c4d0a8013d90892350e06
7727fce048c74dfba9b871f0a6bb4504,1.5412136,e27d9425c912446e947fe53c4a757375
9555747543024d518645fa84d0dbac94,1.5296581,369fe18b94f54c98b554fd22b4a3b50b
58c7b41f2b3b4984aa23beaa1382b4f3,1.52359,e7d6747e8c8b4ebcb665e232240daf17
705398996d6440bd986d3dfa47bb583a,1.5235614,3be388c9ab614bceb086c19f70df23c2
faf7544dd7fb43c5b63a56c55bcaafb6,1.5181667,4ad7e2502210436f9ca5735fdf7e50c3
6fdbbc8445214d81aef5fc22b3f4e9bc,1.5164912,c26f5e7dcc8149f18f3d719bba9ae717
ba2103e1cad442ec881f2b0d25c99bb9,1.5037113,46ba0b979a664c7cb0c315c4cde6ac86
6365bc21f6084ccd8da4d5c6afb8b26a,1.4990875,2425086d8eaf44d2a9519f0e4e6b289a
db4153df6e94413dada442eb6e6a8fee,1.4987037,2768d411cc374a018a898f9df0ca207d
0f51f0e1827243a380a392150248b877,1.496005,bd35571850644321b86ce4fae286ce7d
87773e87aa4246ecb99c535106be1412,1.4845394,acee70abee2841c9b67b95e9ed079647
6d60c813cd9640d0840e8567de817877,1.4818041,bade01bd83ec4b6786fd8c867ca7a090
5f67168bea6646a69c49dec78942dfae,1.4815735,fd51f3eef1a64d9a93652be481bde32e
d5720a4e3cd34c23ac605c840bcd69ae,1.4807937,cd56b9a044c24df8a7156f661cb3d9cf
11626770763040b882ab69e58caa67bb,1.4772495,903360099fb644b6b88c6edac88eecb2
298a7ef0260542fb9aec7190927220c8,1.4683617,bd2f91a9415049d980e453f94327e0ce
b4a8d87a40804af0ba2290010e25deb5,1.4525318,21b1ded02d7b42618592187e287835a3
9c74b02f802b41bab45bd626251e1d88,1.4242207,4b748d6624144214b3d8a80b37aabde6
1f4946d6701f4d75b1b71b16833299d1,1.4214236,3be388c9ab614bceb086c19f70df23c2
0eda051895d044f3a592d1d0098e8f01,1.4138514,2a9658410614443d8a27ef174f61d6e8
b2a24b751645419cb6e060319b510e79,1.4137114,cd56b9a044c24df8a7156f661cb3d9cf
9e2872646e314b1f97e9cb135dccd315,1.411148,92d5da561f5a41bf929f3555a74cd653
546369a62bd740beadc07cd40b6e758e,1.4072844,a926df6d7fcf4b17b68dae6f41fbce66
315bc88bb0aa4c8d8eb55bb22f811730,1.3926693,0302e7dde9074dddbbbdf85e9be57901
e2b08fa4040643048867ee258a43c077,1.3915854,678725f8b914453fbc1029b7c1bc0879
4aeb82ff294e4be9be97a1aee9698fef,1.3909345,e456afdf95e643dd926249fec4d68753
911ee4e9eb0d4ed1add57e7a79dd71d6,1.3862664,eb513691b7a04d31ab1bc50bf343447b
05c94abeee1e4897a6b14e8c36542ab6,1.383332,5a26ae7959494fef99542e9b2004fd11
46f0f2692fe44c88963712d6f65f6dbb,1.3809317,678725f8b914453fbc1029b7c1bc0879
63b43033779f4fd5ba6309fb8f1fb41e,1.3744918,7ce06191f1114b4c8a00609f6867761f
6283b7ae96e24cb789de54f62817a522,1.366912,e25b9d9944cb4d7197efb8ffc4ff57a1
c63b9549ac384d1092aa0770e0290785,1.3658895,92d5da561f5a41bf929f3555a74cd653
7e7b0eca4a964ddbba6f2fe892340895,1.3623813,c9628610053945f4a7998ae48cd70da3
7f8ae3801f3441f696f05e6cdd70c2fb,1.3210826,156f393f7ca046299e09d05464afa056
5b1ed8f4a5bb43b59f972b95a4346c9c,1.315465,64f1d63a671d441d9663a783f632f794
9e1261d3e89b47a78e1590fa544c3df0,1.3144246,02cf82700b4f4773af3a14ad8eaa5270
60cfb02a92884acf8cbc7ea1abaf7046,1.3127598,e492ff7fecf046a4948c5ba5631cdefe
3427373bf8314ae5a87677132dc4874f,1.3113563,8a77dc665d8b4d95a0b1113522f7e9c3
dd86feab056c4c7daa68ee078e171302,1.3065999,8db9e204b8b841df8fd94eff0888cdf7
2fa8c386148647ccaeee6adf877a7ac6,1.2950513,8aadcf7251724cc6858dc0db44abebe3
f31d22a46dc54bd7b4dbd9366f0304d5,1.2924145,2a9658410614443d8a27ef174f61d6e8
93945027f4fc4a43aedd7dc6affd5621,1.2917063,d74f6e7abeb84eedb9923dadb62f45f0
65120ac6b44e42f1831bb02005863657,1.2868825,fd51f3eef1a64d9a93652be481bde32e
11cd11ee574a460989af01777e154c33,1.2855422,156f393f7ca046299e09d05464afa056
bee104c3212c473da29f1f4518f4fd7a,1.2852061,4430d47e30904eab969c1baebca184c0
da3ca57a5b8943839227341c423ae8f2,1.2786287,e02ad4f63c8444b79a7a56fb23a4e0f1
fae3e9acdc1c4860bb50119b70effcf1,1.2691908,ecdae9f36c6a437ea72739febbf1c89c
ec947b46f577485bacac003c668ee2b8,1.2672595,d74f6e7abeb84eedb9923dadb62f45f0
6c8cdd6141244ba1b62fee70292cc68a,1.2656453,b4150337314e40fb9e3ebb24514504a3
c1904c9ab6bc4ae5b4b364ea1f24b7d3,1.2636875,7a4c413f5c844796bd5ffed2b65f0336
dade1ac92c08448e93e20a96c20f9d0a,1.262051,f036aaf4ab714c598a0b6da4ca604136
321ad870fb8943ddb55d46439d2912e0,1.2603173,1fde4c9a01f84c349461083b6d0ba9ed
d52b00145e914e48aa1e81cc1b399901,1.2561665,cc21026ff0d541909df56c5618d28518
4dc64707bd42424f82f84de41d91a5fd,1.2550958,3be388c9ab614bceb086c19f70df23c2
b9135422e0ba43e19be118d0eaae294f,1.2542561,d981f2c67f764e0c84af125b563958e9
9f68e2380d2a40eda419370717d328b2,1.2500936,ad289d5052264f9c8bd0aaf9faace92e
a2e363e09aed44868c4e51d9cce19eb3,1.2347913,c0cb721b56f240dabf7f464e453ef72e
700d97396d164429817cb71d0e1b313f,1.2269263,f9fae977af2c4f35b29400f31267e170
bf4e8bc83a74425e8657c603c0004113,1.2207743,b25fe3b79f714d38b3fc53e39fd84d36
be07f7c09f5c40da9ebdc231520afe90,1.2150836,cc21026ff0d541909df56c5618d28518
c8505b52f0aa4beb8144837de094973d,1.2133241,2425086d8eaf44d2a9519f0e4e6b289a
5884d501d2f749cbbca461d81b8a74bb,1.2095219,f615619defc4402b82845090c238e597
ee1746342f304912aca6d1956f95bc68,1.207143,eb513691b7a04d31ab1bc50bf343447b
6e651760ac2e4377abd5ff9ac4b8c9f0,1.2055649,d9fbe02f04a4469dac855f69ea6ad02a
b0f8acbb976643b7b4c8736a8d7305ef,1.2040588,0ebc441d25664c91adad96b570270f07
a703ddf11df347d6a8ca6f572ef505f2,1.2019123,e45844e0215f4a1596a7f9ac41367c46
49f4672f4be94535a516b1013cea2b54,1.200094,c9e2e76e631c4d0a8013d90892350e06
4b6eb18ba8244091a7dab36a9dd58d87,1.1904207,f5a6222612ef406b8f02aef87e08c476
3dd7bbe2cb1845608dc71b36bc82667a,1.1768249,dc58564d0c8540bea4f3e2e3696deae8
46a274267ab54ead8270c0e79ff16753,1.1747884,5a26ae7959494fef99542e9b2004fd11
6e50350fd3c745e6be8f38c45f9b9148,1.1743802,fe6ace599de44aa19b1773dad3658fee
4d11f7b70f1b430697bde44deb6f6e8d,1.1729331,f5a6222612ef406b8f02aef87e08c476
1aa2b5e2dcdf4c4c954c4af1b2112143,1.1728123,e02ad4f63c8444b79a7a56fb23a4e0f1
a22b7bc93cbe40cba26f5e4456762f6e,1.1723849,f615619defc4402b82845090c238e597
4810807024104aebb9028b6d53c9ed44,1.1647028,77ac5eb4b3054ca68e2b0dcbd5473fd1
9126864790e8431db0440435469417cd,1.1642282,7ac9c94011924c09b47f9640211885a2
66c69be4b87942098f652198c91df0bd,1.1525629,77ac5eb4b3054ca68e2b0dcbd5473fd1
af56dd5a3d1a403c910f7ccd67f42dd5,1.1475677,23066f7964874fd39639dbf2cb2766df
0a8f26e2ff5d462b97d23238e36ae72d,1.1453831,cc21026ff0d541909df56c5618d28518
4e828f821c014d5d99850f710aff0f21,1.1437333,f5a6222612ef406b8f02aef87e08c476
a7c05ece6ffc42e9a9efdc286789bba2,1.1429302,bd35571850644321b86ce4fae286ce7d
0b7bef4f00bf42b0ac6d5e824b04daa3,1.1373551,903360099fb644b6b88c6edac88eecb2
51ece51608b24f22b0e8d026f5e403b3,1.1237992,983940e0b12e4186a281c36de657406e
8e80b474643e48ac86e6d8e4a23c507d,1.1220895,77ac5eb4b3054ca68e2b0dcbd5473fd1
174e16d27164468ea679a619b853b1a6,1.1170642,e96aa0967ab94368b381354e03dc40ad
d8da57bead4f4bd8a90f916f7cd032ce,1.1089572,5a8cc5ff28fb4359afc7e9fcbf3bce55
117ba0c13f714eadbb3a6a9d0f6f3702,1.1023133,9e304a9bbc7b4c22af8025fc93757357
8f2691e2160d4c95b5b1ec99938ea931,1.094614,23066f7964874fd39639dbf2cb2766df
d64dd5997016472488972a82c8d2148f,1.0915974,b25fe3b79f714d38b3fc53e39fd84d36
3d62fd7345e249eca395731c94b53eba,1.0897665,d42996c2b67443fd9b73bba7641d4f77
11bb2992a06243158ef845965bbb79ec,1.086931,efdf40eee13d409c9955e5b84e4408f6
9fbb54f6ca3747198e55e3f00ad81251,1.0813236,27eee82d7fb94b9b8b60bd3101187496
8a96af0f20f74b209326dd750c56a2f3,1.0767547,0ebc441d25664c91adad96b570270f07
d51de57d4ced4566bed6fef2db5c099f,1.0669923,d42996c2b67443fd9b73bba7641d4f77
fb7510f9799745e8bb2d730dafe50aa4,1.0635456,e25b9d9944cb4d7197efb8ffc4ff57a1
00aac7746e164d80a6a257d31925297c,1.0488206,1b4e143cfc1648a5b877d7445446366a
fa6d529498794d1f98deb51ebbb48d55,1.0478746,89597084b19c4902b073a2c6c6622456
924127ab124d40edaac3616675e82655,1.0476015,bd35571850644321b86ce4fae286ce7d
3127238ca74643c3bd2e042605dc5e25,1.0450056,983940e0b12e4186a281c36de657406e
f23847f4eab34d3ba19bf1dccbc32306,1.0424681,66b0c8a58f444ea0aec34d9403b88a49
2090b42e4121433892402ab5724a805d,1.0339646,27eee82d7fb94b9b8b60bd3101187496
f5abb68eab244fe38e79be186719a8d8,1.0332203,369fe18b94f54c98b554fd22b4a3b50b
a5e2a560340b491299c037bccbbf6d9f,1.0266863,3be388c9ab614bceb086c19f70df23c2
6f19ee43f25e4a01adfde430ceb68864,1.0244974,9303b9f7f4984b2dac8aeba8c8da8ef6
ae806a1c4d304ce388ffbf648f241d20,1.0131086,a585d23fe43f459ba86ac15645af77ff
d87ab9d9a67547ccada7b9ea3d22154e,1.012363,bade01bd83ec4b6786fd8c867ca7a090
5d2dcf398cf24f1fa650c7f0c8035ffa,1.0032642,d27cfea4da8f445fb4e3c55e53c6482c
266024fef71d4c25a73f93db3af86fa7,1.0012344,46bfd7af0ed6491fa621350963d11e35
c61e43ceb2744ddda2e531aa77f3c6b2,0.99311215,c322b788813745e0aa7b592b4345d379
589df17e77094a82933b4003a252ae26,0.98457956,e02ad4f63c8444b79a7a56fb23a4e0f1
5d81d489a98d444a83664fe0db47fccb,0.98014224,00f45d57fd3c448d8cfdf3185ebae894
96a40dc922f94bc78c39fadb8ecbd263,0.97992325,b7ef0a61de0e4adf9688b2c525c9ad09
4207cafc0d1f4d50b76a0fe4b67edc09,0.9691779,9ff95d23c3284d31ba5e398afa520649
d7af13217f9446bc8d46c21e5d91114a,0.9668283,836ec4ef8df644328ac07b7803709323
73bf5efa54504a0186bd7a13def281d6,0.96344596,bab3bdc133384798b558f8fb6466a7fa
6bfc7764438f4a6caffc2e8225f5545a,0.9593606,d331012ecf0c40888e0ac290184f0883
fe866322e3f94718be3a75be3975a37a,0.95772225,9b22c5cdbff44bdabd48dba008e6a3b2
43de32fcef1548dbb9d856b138ecf429,0.95522213,7a4c413f5c844796bd5ffed2b65f0336
fa4aad3a76ce4c019895b7d73d8b496d,0.9532561,e5692bd498004d32934fbaa05af2120d
f3ea230754ba41d192cd37ed751d1318,0.95281905,8f761e1117754656ac86a3a25f241cd7
cc88f1f679b3441cbdad8db36097e960,0.9521619,e25b9d9944cb4d7197efb8ffc4ff57a1
468609586ccd417ca9487c3c35ade3b3,0.949395,057164cf4aab45ebbefef3409359cfb1
0b35c0eab3ef4062bc3e184951a22fa9,0.94901526,80921378de2b4cd3a14d449688d8b079
a57effbc5a3a4d369b53ac72791e1b82,0.941141,7a2491a27f3c438a8549988f7a79e26e
e707e5790c554edeb5ab0f070fb36720,0.9272324,7c1e02f3ab614e539ac901e5cd3c92d8
70eae43486ba469e9dcabff502a498ba,0.9251712,11ec23965d2941d0817082107996ebbb
0414265ccf0d4dd59c98749d24924fe4,0.923351,d27cfea4da8f445fb4e3c55e53c6482c
f6304923104f47d1ae9f82b7116051a6,0.9143012,6aba5a04ef8742a39d3a61644a5f0729
9f44eb98cc5c4143a57358e733c1cb23,0.9112201,650afb6a1d054e59904a1b796552eb04
371437b76fbc4eeaa709683744e7ee08,0.909796,e45844e0215f4a1596a7f9ac41367c46
f09f284b59c6475baacb67116020c617,0.90768474,9ff95d23c3284d31ba5e398afa520649
130d36b77a584c7da24a4cfeb3a00f62,0.90384024,e25b9d9944cb4d7197efb8ffc4ff57a1
82a059da201341cea6290c541e65ce5d,0.90255785,75b0bd2240a54f6fb45bf95ca43ab5e6
4a5ee7ff69a445f48974483a915d4d84,0.9024399,1543a2f94aa74008914301874d98f0f5
383851cf303e47bf803a3a00b6481efe,0.9021191,fcc9863b07fc4bd5a01fab5b9160eafb
5b578482d6cc41b9a12382c724e9e19d,0.901076,d981f2c67f764e0c84af125b563958e9
28d967465fcb488eaab515b23282c0d7,0.8997776,fe6ace599de44aa19b1773dad3658fee
05695e1694384bd79b37246fbab26b35,0.89687157,965598a17b624a0f9bb1cd58595458a6
bfd311fb1c224274b98d99f84e3cf150,0.8963777,d42996c2b67443fd9b73bba7641d4f77
3e8ebff2d8524f5aa87e3d2117dcb463,0.89599246,e7d6747e8c8b4ebcb665e232240daf17
fb4a9db6c94f4a49a12fa4071706242f,0.894805,f0695d7e59d64941b510a3d12f801d59
5db16d2af83a479d85d0755051ccebb6,0.8870291,b25fe3b79f714d38b3fc53e39fd84d36
10f74d10373f4f128add836b046afcdc,0.8868912,d9fbe02f04a4469dac855f69ea6ad02a
1080188fcae241b4a5c7649114dafd64,0.8861447,5971501b0e8b4ef5b203c3985d7f5e88
ad016f4559a0419297dfc6da2a37349e,0.88237417,526ab7eda50e4a239d03ad505832d61d
c81fde53a5804d74983247fb14718050,0.87662935,bade01bd83ec4b6786fd8c867ca7a090
e244d77b242a4a54a7bdcb784245c01c,0.86409926,ad2109663af04c549385cd2ab9b3283b
8498c31c9d93468caa7deb065c84e1a4,0.8635304,d74f6e7abeb84eedb9923dadb62f45f0
987dc1b016fe4664902db31211a59bd9,0.8565329,efdf40eee13d409c9955e5b84e4408f6
57a0a47943824bb28d5faf9fe31ee787,0.85548955,9e304a9bbc7b4c22af8025fc93757357
1413507f5f8f46109e5caee2e853eae9,0.8536844,700f381f40ce4b039ce0df8b49fb199b
f4e9b9fb265843768046ac7985c89f7a,0.853489,a4cad92644614f78bded3ca6d6023473
25f901ba444c47eab6b03184191a3151,0.8453459,4b748d6624144214b3d8a80b37aabde6
5f5d6306678c4a0cbeb65f8580c9cdbb,0.8260722,89597084b19c4902b073a2c6c6622456
1d2a027561834f03b680a90079cc8e25,0.8256696,4696c8192576454f8684954bc771aa23
ca9d736b288240819d620ec83c0b3f3d,0.8179452,8f761e1117754656ac86a3a25f241cd7
d70588024f024cdda9e71020d4ec2183,0.81645876,c8b9a0ac7c214a449c434aabdf6ef770
64310259af8e430b8a9577093b411ada,0.8129448,6a122ce1702646db918266228d48bd08
5df9b0803cc442b68e59b21fe5955092,0.8068932,e25b9d9944cb4d7197efb8ffc4ff57a1
6f2088d6c7bc418f90e6328cd345c77a,0.805418,00f45d57fd3c448d8cfdf3185ebae894
2ef6a38c8e514fb1b98b9cac832fdd14,0.8050901,8aadcf7251724cc6858dc0db44abebe3
ae8dce8e4fd84a42916e2a2ea4ab7c38,0.8028761,fb709e29755b44988bb252c87a2ce2f3
cb44ae0776e3419e8b0aab12b82dc8e2,0.802268,23066f7964874fd39639dbf2cb2766df
6991375b95ab4bb0b14b5ad68edc0a36,0.796825,01e805bb5a1845a7addf86fe9bc8d814
1946e52260f34a0695c378112d6020fa,0.7845713,1af4472b38cc4304841b2f1720075c9d
6e4efb567c284833b93c09713f4af1df,0.78345233,0472051dc57d43f8b9dd08df475fc4a3
0c3b7a4e78f94de7ab1a415503097c9c,0.7830899,ecdae9f36c6a437ea72739febbf1c89c
7e4c2a881ad24760b9775870c8ec426a,0.7798056,f036aaf4ab714c598a0b6da4ca604136
55af16e0058942008349107e8a2e1845,0.7765691,d4cd0b56b6f54e08aec8ebfdb6122c5c
13efb9d3d8904edb87940273047233f6,0.75827676,eaca056cec224a30aaaed30c39f644c2
574579024c244c8692dbb21de8829775,0.7537587,5831f5e280be4c02a09ce4588b56d7f3
d0f798b90ad04da3a8a192e16d0b1743,0.7497032,b2be859ca8f24cda86821d5383edbc18
a72d6ed397c64fa7ad1aeb46a417fa4e,0.73003256,8a77dc665d8b4d95a0b1113522f7e9c3
2341754cd2ac49f79a6f98d84b177e6f,0.7295386,11ec23965d2941d0817082107996ebbb
6ef8ff7c77a84500af8da2548cb4bcd1,0.7257174,855b3971c4a147cfb9a7c281fa6b915e
3111ca7c585243e4aff0fad54c82a69b,0.72307736,836ec4ef8df644328ac07b7803709323
04cde55231e04394a675268411aee01c,0.7211019,1af4472b38cc4304841b2f1720075c9d
54d65ec837ed478986a344f4bba2e423,0.7209653,64fa5ce839ef406b9bc8a1b2f05094c7
d1cbea7387cd4d1bab69dbd0238bd135,0.7202965,6a33c207c8b648f680dbd0e65639ef04
c2ed9246a86b4c0f93db5a4cdfa7f06c,0.7197156,d443e0c5017d48d1b3f86bf4da959ed5
df8769c84f5b4a8f9811c4537faa576f,0.7158075,73e7e41e8db447c09cb2363d76556c64
c2732f3b888345afb3c5116a10cd9896,0.71472627,e27d9425c912446e947fe53c4a757375
00bc1d895118471ea04c2ee6a3ef3f22,0.7132545,156f393f7ca046299e09d05464afa056
8afe31852af94133a8a0e21f4b27e5d1,0.70719635,37337ebec05640b890e4b9612776c32b
385af4460b5a436baece6ce3fa1cd423,0.7035405,6a122ce1702646db918266228d48bd08
4cdd959af2f14b51bed3c4107c2f0405,0.69925,80921378de2b4cd3a14d449688d8b079
957566f2fe9f4406aa561e32617baa00,0.68989867,4aa3556b2aed469584c573868193a07a
d5f31f9998f5477abd572904835fad50,0.6809151,9170e0bb8fe44b309f83293808d871fe
6d86d0062e7c4ab1a1c263fe7418697f,0.68090945,e336d113184c4ebdbad7aa2b6ec64640
7ee89cd6d6774885a024ad9e8abfda35,0.67894477,3257035cc77946d98bdc09e2fdd5cdae
69705e3d3da0436881b25f42d2a6f102,0.67534655,4d708e5878784386a42c2f436d2d60f0
915d79767ad746c99ea804f4b5dbf60d,0.66660345,d981f2c67f764e0c84af125b563958e9
dd9a8e0a766b4f6e81c6ace1403cd374,0.6590442,c0cb721b56f240dabf7f464e453ef72e
862ca039da124a9d80603938ab13c289,0.6564374,8a77dc665d8b4d95a0b1113522f7e9c3
65654ba4d0d241cea5f12740d725d0ad,0.64332116,77a8b27acb0e4600bb6ff974eabc269c
56fc3ec2992a4a609298efd89a7d3f59,0.64156,e492ff7fecf046a4948c5ba5631cdefe
fa54265caebc408591476e98de422b10,0.64048797,31b69f9501c4415e929b6af28c83f6a6
484bed1b612b48f3a0b37b91bf626f39,0.6395628,057164cf4aab45ebbefef3409359cfb1
1f8a0f1ab6d94f46a1c669d409295676,0.62291473,d331012ecf0c40888e0ac290184f0883
5a3e95d6f7e84750a9b090dbfef91f61,0.61356115,bd2f91a9415049d980e453f94327e0ce
45e4e8abcc7d41019873e9cefcf22239,0.6110564,01690d9b08164fcabd5bf0819754f71f
982360bc10ca4c3ba78467718112babd,0.61046106,c26f5e7dcc8149f18f3d719bba9ae717
0f1bdf98cdc7472282cb0375b87b3ba4,0.60669076,6aaae524573f477f8fdef0b83787cbee
3b038bed6122476bba5c73f7188efdcb,0.6060365,1d47a696eae94bd29f215a4787b27d8a
b9a2d4a31cc74336b4c66e880ac51f1e,0.5975032,fe6ace599de44aa19b1773dad3658fee
3febcf126f0f4f8585113e1917eed33e,0.5971611,1fde4c9a01f84c349461083b6d0ba9ed
d4cf39f8ba7e4a92b4ced7faa1218229,0.59716105,e492ff7fecf046a4948c5ba5631cdefe
c67274e9cb5b41b18336fa05f437c470,0.5949101,9ff95d23c3284d31ba5e398afa520649
b9a77513e24d477887a0d0582ca7ed7a,0.5908254,8aadcf7251724cc6858dc0db44abebe3
2ae6d89874964a38a8d1dadc9efeded3,0.5828086,89e43b092c844b5886a93091a22c894a
a16486024d12452a9c7a4d88c7fc5efa,0.58077437,6c74bedaa406493a99988c5b8a47b704
6001044952554a14b842ed1f26cda571,0.58058643,4696c8192576454f8684954bc771aa23
ee4ccba3df1844ce82f9731a2c019234,0.57631874,a25b08e008114c9ca0266ce3e55d82bb
c8aebab05e9d4c7e8a5e4875c217263d,0.57598376,e7d6747e8c8b4ebcb665e232240daf17
9ae0dc25880a4b1ca67998ae29c63cd9,0.573431,eaca056cec224a30aaaed30c39f644c2
67a610b0590e4dc98c6ad2de2c47446b,0.5650259,64fa5ce839ef406b9bc8a1b2f05094c7
15171a501992488a97cd9f1f44475978,0.55965036,a1d8cb16dafd4126922f985021e93631
9dd0c24c21ab4b5586c29d90237b3840,0.5513547,3b13d134762445cebcdbb02b484db77b
05fadc86cab04c70ba18949f1163cea1,0.5477887,0302e7dde9074dddbbbdf85e9be57901
a0720ed891c94750a6be596258ee3d43,0.5347114,678725f8b914453fbc1029b7c1bc0879
ed60600cbe5240f29132b4cda76d4960,0.53404605,faaac88748714ce8a99413b952a1dac8
26463e5a5b3b4b8abdc0a436268a93cb,0.5315667,77ac5eb4b3054ca68e2b0dcbd5473fd1
16242654caa64a669f249360ac629e5a,0.53093624,3be388c9ab614bceb086c19f70df23c2
fcaf0031ba12457ca8cd515c95fea22b,0.5245806,bade01bd83ec4b6786fd8c867ca7a090
85fe4ea28be0476fb41585de18435d94,0.5234108,8a77dc665d8b4d95a0b1113522f7e9c3
f0808f396f44491a8fb26af7a42dab06,0.5196027,09fc9f38fbbb4bfaa1c979ac9cc43f0b
d18685a2ca8c4ab48ac9d9b824ce3bc7,0.5033945,983940e0b12e4186a281c36de657406e
a082e18320bf47fe8c3c9506d626862a,0.49260578,b4150337314e40fb9e3ebb24514504a3
f8a46af09cee4fd4a9c2ffe00e109f28,0.4890232,6aaae524573f477f8fdef0b83787cbee
17176251386d48d798eb18eee7208273,0.48723608,46ba0b979a664c7cb0c315c4cde6ac86
f17e080b2680401da91c350fa7e9cfa1,0.4846976,fb695c097d5845c282f6b30c241e8cf2
a3b8ab612b544a76bfa18fd8d3c06621,0.48412254,d79afb377f5349a69830b2b4c7cfefcb
977e35ba2148438f8189a592de1705c0,0.48408085,e7d6747e8c8b4ebcb665e232240daf17
00306589ab9241cfb569f6b85c0e2843,0.47701928,7ce06191f1114b4c8a00609f6867761f
c69f7426bfca4d959cc756572440109e,0.4758797,3b13d134762445cebcdbb02b484db77b
1ca6f54416f4410eb8e23dab9dbf012f,0.47486278,a6a551a308b9442f947ea0608ae2c3fb
75bceb302d644b309181d454dbd2b59f,0.47477388,678725f8b914453fbc1029b7c1bc0879
08b353e1649c42d6b37c9f7179dabf6e,0.4668182,d27cfea4da8f445fb4e3c55e53c6482c
128de5daa04242e7b0c9eca5277071bd,0.46667516,85e7ea30890b456084b8e85c299c8649
1f314e6f401c4bcb95f97316f5aceb0a,0.46490958,2425086d8eaf44d2a9519f0e4e6b289a
b6406f4769234ae7828d1f1011448739,0.45529044,b25fe3b79f714d38b3fc53e39fd84d36
86c05c3d7552474dbf8eb503035b96b4,0.45430958,80921378de2b4cd3a14d449688d8b079
e90176ac18954403abf1a65c40838e23,0.45308584,bf59502a233e4b5eaff9cfa3a992c387
919a7551269b4f86ad471c424ce96b2a,0.45149228,fcc9863b07fc4bd5a01fab5b9160eafb
7975ca7b6008414e8bab9d135c53eb59,0.4509445,a926df6d7fcf4b17b68dae6f41fbce66
6cf7328bcc2c487e8e43953245e0f4af,0.44918975,0302e7dde9074dddbbbdf85e9be57901
ef3589381bb34e74bf3f0f4479614d70,0.44815984,1b4e143cfc1648a5b877d7445446366a
47b8aa81feb6443088dc32ba9aaeca66,0.44578418,3257035cc77946d98bdc09e2fdd5cdae
580c0c6a3cd6416cb6654f177ff2498a,0.44510978,9b22c5cdbff44bdabd48dba008e6a3b2
24156e9d41404d568c7e22931d2631a3,0.4321058,d79afb377f5349a69830b2b4c7cfefcb
ec892733179f48d7b907594ba63d8431,0.43076766,d79afb377f5349a69830b2b4c7cfefcb
cb30b65c95af402290d013cc19a01632,0.41820103,0ebc441d25664c91adad96b570270f07
7522f624f59c4d74a8703781e00414c0,0.41512898,5a8cc5ff28fb4359afc7e9fcbf3bce55
ee1a685984d741a18ad44faaa3fc553f,0.41504052,ecdae9f36c6a437ea72739febbf1c89c
3c400856520e456ebb8a1f9660e45cad,0.41388753,3b13d134762445cebcdbb02b484db77b
f8839308f8e84df6a185506e6f3f1674,0.40068817,e5692bd498004d32934fbaa05af2120d
8505b6622aed4fb0aeece7e02c0fa748,0.39196584,4aa3556b2aed469584c573868193a07a
5dd11b299b1e4c9fa5e4d0683b4d02ad,0.39175737,cd56b9a044c24df8a7156f661cb3d9cf
662a6fe9ae1b47f5b598c9d0ff7ad784,0.3887743,640f3bd184b7425fb22cc7773b8b2244
a18a19c2ef80495ea076e2ecc882c7e7,0.38537046,80948e17b5694599919e1502bfcc08f3
7360c15d3abd4dd8a5af35cc13c48b1c,0.38303682,89597084b19c4902b073a2c6c6622456
71938515de5a4c74929e6fa8edb97420,0.3668915,c9e2e76e631c4d0a8013d90892350e06
d2b5f8ef9a8a42058f879a4e41d8d02c,0.35627836,b050e9e1ef5946c297a34dda98d8f476
91c1e818e83d4b929c7b35f910b68663,0.35568622,a25b08e008114c9ca0266ce3e55d82bb
e0fce1d752bc4668a62db48ad4b8de4a,0.34969643,80921378de2b4cd3a14d449688d8b079
74b25851047d4c08840debaa0bcd9e2e,0.34786463,80948e17b5694599919e1502bfcc08f3
972aaaac6728431b983362d505543fa0,0.34722543,80948e17b5694599919e1502bfcc08f3
e862a12dcbc4446cb1bfe03570cc7b44,0.34369895,7ce06191f1114b4c8a00609f6867761f
63e22c9413454acc8c86fb1ec33284b7,0.3433041,a25b08e008114c9ca0266ce3e55d82bb
7b5adbd82a584ff6b6e23b89956dd6f2,0.34250724,bd35571850644321b86ce4fae286ce7d
69f55093e5564ec098780c2feb474e04,0.34090382,ad2109663af04c549385cd2ab9b3283b
c81dd22a150c47b8b83d8439c0024f01,0.34032303,a585d23fe43f459ba86ac15645af77ff
c2da5a4eff03435c8c936f9c5f4cf43f,0.33868012,1d47a696eae94bd29f215a4787b27d8a
f52e6b02fcbe40089962449e4b4968db,0.33534715,cd60a0fcac24465a880af7d8f921dd68
84350503e37143fc8548ffcbd24070b0,0.32649657,c26f5e7dcc8149f18f3d719bba9ae717
aaba5fcdec244fc79439dd67ba8a495d,0.32628807,e02ad4f63c8444b79a7a56fb23a4e0f1
7d4cb32e892a463b96ac09595cffccf8,0.32577017,0f9cc12519eb4872af7be7fe49e19f59
898b757291e64b7b982221e0a86dea5d,0.32572544,e5692bd498004d32934fbaa05af2120d
75a44d8541fc4f6db502671300b2ea97,0.31715828,fd51f3eef1a64d9a93652be481bde32e
091380ee73214c408bde7f510f136c4f,0.31634635,c8c201e25c0047a2ba9d9e8541ac0939
455cb638bfe54346b07d85d63df40847,0.30926192,92d5da561f5a41bf929f3555a74cd653
c492188137ee4adab179d07e9473fc40,0.308188,eaca056cec224a30aaaed30c39f644c2
1f14295a03ac4251b24ccf3a74772f55,0.30662027,257aed6ca7a44f1cb5c664beb1be527b
95eb2760eddb42a799eed009f1907025,0.30430213,0ebc441d25664c91adad96b570270f07
7e1f279ed0b04e478b3bd9dbc9e6a6c0,0.3005876,6a122ce1702646db918266228d48bd08
28f694942751431c839fe1d22e753e1c,0.2994852,7cd1db4b50dd41e6b2f3dd15fcab3b89
727185eb6c4b40c7826be433f5a5d627,0.2983258,23066f7964874fd39639dbf2cb2766df
72b24b9944aa43599173c03884689224,0.2896487,95fbc6ed8bfd43c1a6bcf676e26e7f8a
a5acc7bcf83741208d3d3d0cc9696fcb,0.28750783,b7ef0a61de0e4adf9688b2c525c9ad09
0d0b25a05a4148d2b15c4f2ac11010e6,0.28623727,b050e9e1ef5946c297a34dda98d8f476
5f5c72816fcd4fcc8f58aa66c02daac3,0.2828768,eaca056cec224a30aaaed30c39f644c2
599db2cba5134f72b9cd514e41aa34ba,0.2726238,e5692bd498004d32934fbaa05af2120d
b904ff33d535410cb0791f1e1227e8c2,0.26674187,c88be17376104f999b914a91aebf7220
b116fe66d95d4c04beea8a4e5f347684,0.26287687,dc58564d0c8540bea4f3e2e3696deae8
299ada2bc5ef4534ad5e0b1b7d10e457,0.26091045,e02ad4f63c8444b79a7a56fb23a4e0f1
1db0071ef86044f094e7faa2720a4ca4,0.26001808,d331012ecf0c40888e0ac290184f0883
7c890f402f38475d942c1190be3ab2a8,0.2515468,77a8b27acb0e4600bb6ff974eabc269c
253d404216244e3e8c298eef54b7424a,0.25096643,d74f6e7abeb84eedb9923dadb62f45f0
dbedff835ba847d386ac1cca87b2c7bb,0.24861667,6c74bedaa406493a99988c5b8a47b704
c0701f4c6a8e41a8a7df573b4abbe04f,0.24634466,b4150337314e40fb9e3ebb24514504a3
25dc04ff2b704b6f9229ad7cb91efc99,0.24059337,2425086d8eaf44d2a9519f0e4e6b289a
de89bc23ccf04f3387bf242e269f4ea3,0.23153195,c322b788813745e0aa7b592b4345d379
4185600f230d4b21b2e32c2d85caa90f,0.22635697,75b0bd2240a54f6fb45bf95ca43ab5e6
c0f5519b1d3842a68611736d9c0e5c9e,0.22633429,01690d9b08164fcabd5bf0819754f71f
55e30898427a472799115a2e014580a6,0.22524656,d74f6e7abeb84eedb9923dadb62f45f0
7de183d0b5f24efebfc15ae35f4b0fc3,0.2125279,73e7e41e8db447c09cb2363d76556c64
503e10935d8945e8b7552e9f83309667,0.2057457,efdf40eee13d409c9955e5b84e4408f6
de34f2e7e9ae4380a242b0f09f1716e6,0.19753599,6aaae524573f477f8fdef0b83787cbee
a3693333d6ba432295feae73fcde2dce,0.19709454,bd35571850644321b86ce4fae286ce7d
744af08539fd44678fb92fe2cd3adfbd,0.196821,acee70abee2841c9b67b95e9ed079647
523ae070f70149be975ea27f84bdb39c,0.17809787,75b0bd2240a54f6fb45bf95ca43ab5e6
8195fb97514a48a7a6eddc58be5d8f37,0.16627881,691acac4a54d450697afb2c2dc4fca09
4eae669b05f642a98f2ee1b828c4807d,0.16586685,fb709e29755b44988bb252c87a2ce2f3
cde999f7973048f5bdccda367d1eef4c,0.1646529,37337ebec05640b890e4b9612776c32b
c91d4a1a75504beeb98888cfe719a863,0.16458422,1543a2f94aa74008914301874d98f0f5
c20164d6b8844f428057133e0ab47347,0.15747385,78b600dd53854b018f87267d268b7b1a
dea0770945c6460c8082a2fa1e710ccc,0.15486416,74e7db4222ca4a20811199afafa346a7
7e1df8a5aabd4ab88cff299bb27c308d,0.14838775,0472051dc57d43f8b9dd08df475fc4a3
d076d72caa2d4bff9470fe2409888904,0.14415674,88dc23909eb4415aa39b96cc3a4c2926
90f24532a2864b7aabfcb8e5d5dbce72,0.14384937,46ba0b979a664c7cb0c315c4cde6ac86
c5c5b71dc4ff4e8cb11769f0b2cd9907,0.14296395,1fde4c9a01f84c349461083b6d0ba9ed
b92da6fa48d248779bf06eaba1e7a2a9,0.13904805,f615619defc4402b82845090c238e597
a3c58d5d2da942aab6283a42db2a14f7,0.13473067,37337ebec05640b890e4b9612776c32b
46328d405c424838a7c023c33af7ec2c,0.13433397,c88be17376104f999b914a91aebf7220
2fd2926eef6c41939266c5d6a5803999,0.13005121,eaca056cec224a30aaaed30c39f644c2
8ec020ab1bfe43a58c104ac0eaa95bf7,0.12740435,0ebc441d25664c91adad96b570270f07
89d4dbe124c14550a38f6790a02abf01,0.12394138,1fde4c9a01f84c349461083b6d0ba9ed
1d6f4b84093244e6915c8d2b03d11912,0.122662134,bade01bd83ec4b6786fd8c867ca7a090
9923a917ad644091bbc508d3ced20f75,0.114370055,369fe18b94f54c98b554fd22b4a3b50b
1ba49dc7eaca42cc9df60f6a9a04f11a,0.108551934,983940e0b12e4186a281c36de657406e
7216fa39e2414501a8f87ddb54a3133b,0.090578064,fb709e29755b44988bb252c87a2ce2f3
451c5024a60b4f45afcd2f388601c16b,0.08860561,640f3bd184b7425fb22cc7773b8b2244
21aae632c1bf454196e14809b781c9e2,0.08667623,6b9b2c8f0a874bb8b6691aca6bc49565
8f66f54b48f64293bbb1f369f41ee3c2,0.0835513,6c8a24653ef04f559b88e0f27c0df63a
87afeec5f3cd4d9d8f6d5a0c7f48260f,0.07899519,bd2f91a9415049d980e453f94327e0ce
7c9553e399964910b2eb9f1c94c913b1,0.07854319,7a4c413f5c844796bd5ffed2b65f0336
0f836960df064e7c96c2a78d865fd458,0.07824035,bab3bdc133384798b558f8fb6466a7fa
71f93aa94339483884743fd218725216,0.07746832,9b22c5cdbff44bdabd48dba008e6a3b2
669388a30d174fa48b59092d2b8770cc,0.07534463,a25b08e008114c9ca0266ce3e55d82bb
780760acebdc4860bb31c7a7150c19dc,0.073565826,f5a6222612ef406b8f02aef87e08c476
65b7a423fc92497086fe55ce3a85dd55,0.07288517,99142f1c07cd4782814f8c970eaaa40a
f36820bbc65b4c6486f479be532b159c,0.07167923,cd56b9a044c24df8a7156f661cb3d9cf
012773cf6c104fd8a7ded7f346c0a261,0.06756357,d981f2c67f764e0c84af125b563958e9
0a0ac8e04384494aa6efad6605bee67c,0.06277017,cd56b9a044c24df8a7156f661cb3d9cf
8888abcca90946828a172b03f4e16fad,0.05388547,cd60a0fcac24465a880af7d8f921dd68
041c8b8571254958916a2b21a2e98516,0.044651482,3257035cc77946d98bdc09e2fdd5cdae
d2ed407fe4db4fa69c57cfa4bd7d002b,0.039097365,8f761e1117754656ac86a3a25f241cd7
fba9b7d7ae944ed889c1f11ceefd238f,0.034995183,cd60a0fcac24465a880af7d8f921dd68
42b1aada557b48a0989c6a1c05378299,0.033199426,17cc6768c9d14388b7455fea0060b62c
1fa5b671cd0d4cb39567f651ef001e97,0.031299114,7cd1db4b50dd41e6b2f3dd15fcab3b89
13c651889f50420d9c7adaeac0c211d8,0.023089558,d42996c2b67443fd9b73bba7641d4f77
d2d96f2a42674dfbab3101abbce904dd,0.021692932,a0fe3cd34e474c3b90662ce8ef1fcac6
302f7c4fe5f346b7b6f4c5850ccea290,0.020700341,d576e334105247369362b05a375e88cd
a90f7233ac774c298df91a6eeab11626,0.015154745,d42996c2b67443fd9b73bba7641d4f77
