e8731d4569304e1aae79558458ad6797,6.8986306,01690d9b08164fcabd5bf0819754f71f
2e9806470e994a85904d3521b5fddaa6,6.6879244,5a26ae7959494fef99542e9b2004fd11
2ef6a38c8e514fb1b98b9cac832fdd14,6.113551,8aadcf7251724cc6858dc0db44abebe3
6283b7ae96e24cb789de54f62817a522,6.1101427,e25b9d9944cb4d7197efb8ffc4ff57a1
298a7ef0260542fb9aec7190927220c8,5.574958,bd2f91a9415049d980e453f94327e0ce
08ce7eedbe124ee79566c776303ee9e5,5.5680184,c26f5e7dcc8149f18f3d719bba9ae717
5e369cf5939f4d15bb771d98108df034,5.5024695,9170e0bb8fe44b309f83293808d871fe
a5b36f9c26ec44639e19ecba64ad7063,5.483218,8a77dc665d8b4d95a0b1113522f7e9c3
2937b0fa761c4d3294bf68f522d9ab25,5.4796915,74e7db4222ca4a20811199afafa346a7
ec1ea84e09b54849a539177f929c65cd,5.474593,1216ce1ef31e4643bb1222538c206342
37f240104b2040c4a8bedd933b90684e,5.469822,d4cd0b56b6f54e08aec8ebfdb6122c5c
12b45c8ab28a4361a016608db99cc91a,5.4625134,01e805bb5a1845a7addf86fe9bc8d814
9280a530ada64a8f829e0ec528712cbe,5.3002415,65664fb3aad341fab563409d91dddd2d
0ff74b4b29e044ffb307f3598dbbd1b7,5.1639957,e52a528036014db0a7bd54b99a310fe8
1e9c95ee032147a2aa469f8482bf5f9c,5.1433787,678725f8b914453fbc1029b7c1bc0879
d940c859c01449d2acaaa7b3fdf1fbe9,5.1303425,01690d9b08164fcabd5bf0819754f71f
e349c885e3cf4b12898ea2f38cccf188,5.1236377,f615619defc4402b82845090c238e597
9c5692d8cfcc49f5ae1d1eb4577cee70,5.0929604,acee70abee2841c9b67b95e9ed079647
6e4efb567c284833b93c09713f4af1df,5.0297894,0472051dc57d43f8b9dd08df475fc4a3
6abbc2ba6e8241f5b7132c7bb338f92e,5.02804,37337ebec05640b890e4b9612776c32b
1742e7fa8f8a48728fe37d75ce11b9c4,5.0069876,1d47a696eae94bd29f215a4787b27d8a
9d2b582dd0f84326a537a91a57caab4c,4.902909,d79afb377f5349a69830b2b4c7cfefcb
ee1a685984d741a18ad44faaa3fc553f,4.8205595,ecdae9f36c6a437ea72739febbf1c89c
b593c0100abe40c4a0204ad40b73080c,4.7875433,ec281224f8ee419ebde676f291672aea
3391f84c6c544d63a18f7c2e8431fbe4,4.661521,bd2f91a9415049d980e453f94327e0ce
1e5b95e7ca1a462588131ff25c545f32,4.661289,80921378de2b4cd3a14d449688d8b079
27074d8daee940d0ad71d8c9e50c854d,4.6477294,d74f6e7abeb84eedb9923dadb62f45f0
ea60559c1a414dafbe5652b8b1ef5ffa,4.642413,e02ad4f63c8444b79a7a56fb23a4e0f1
5df9b0803cc442b68e59b21fe5955092,4.629642,e25b9d9944cb4d7197efb8ffc4ff57a1
7b77d3c7e5fe4d2abc10ed7f00ad4e1f,4.61695,ec281224f8ee419ebde676f291672aea
600602c8b38d4fe293a8b89ca3c4b7a6,4.6129394,d0a840820172465f83c8480d571e7b71
924c235415de407b8fe453ecc8aa95be,4.602178,ec281224f8ee419ebde676f291672aea
06b6d2be43a64627b49fcfeafcec63dc,4.554157,6b9b2c8f0a874bb8b6691aca6bc49565
a3641dd6dafd40d5b8f8077b9dc3e850,4.4817934,99142f1c07cd4782814f8c970eaaa40a
8ece6e92c7c541a2b5f597b12b7e0f92,4.480287,82b01998353e4141a7613fdc96d7b600
6febefdfecdd4d6dbe493b2dab3579b0,4.4484987,156f393f7ca046299e09d05464afa056
47605d3a13c9403597c879e6825e3f45,4.447841,77a8b27acb0e4600bb6ff974eabc269c
58f93c38cc65487492ae04fd498f436b,4.4126134,fb709e29755b44988bb252c87a2ce2f3
bf264d2d70b7477da4cae8ac6203a5a9,4.4036083,cc21026ff0d541909df56c5618d28518
3741fd305b324ab4a29b14442af8f8ab,4.3960133,d576e334105247369362b05a375e88cd
d02c0b31ac9a428fb46248742eb502fa,4.3363256,e7d6747e8c8b4ebcb665e232240daf17
9da0bc8ceec24ce7bac851ca1fc67b5f,4.3250775,d6fe6f8380464e21a27fd69de27f1f57
b7e671bfae63423bab3fb47c46a0b0b9,4.285633,8a77dc665d8b4d95a0b1113522f7e9c3
252a2a3078134eb8876626820c9ca8aa,4.277933,1fde4c9a01f84c349461083b6d0ba9ed
65fdb46393a34ac699da17059ebaa6cc,4.2552624,f9fae977af2c4f35b29400f31267e170
d8b0fd7f373b467f8a214ebf710b5469,4.2537446,89e43b092c844b5886a93091a22c894a
00bdb7919575484197d63d6dfc45bf9c,4.2512026,66b0c8a58f444ea0aec34d9403b88a49
e95f49fcbcd542bf8815319116a39edd,4.2428875,0302e7dde9074dddbbbdf85e9be57901
a5acc7bcf83741208d3d3d0cc9696fcb,4.2222767,b7ef0a61de0e4adf9688b2c525c9ad09
8b1eb206468046df8b8c19637b250996,4.2153125,89e43b092c844b5886a93091a22c894a
61bbbca9959242abaabb21b01f9f40b6,4.192112,526ab7eda50e4a239d03ad505832d61d
ddfb9bf3e876482b994c7955230bcda9,4.1845512,5a8cc5ff28fb4359afc7e9fcbf3bce55
adcb28bfb3334cf0938efac96e34354d,4.171693,c88be17376104f999b914a91aebf7220
8e57d7771c084620b4bc95981a394b34,4.1675096,4aa3556b2aed469584c573868193a07a
5a3e95d6f7e84750a9b090dbfef91f61,4.1349587,bd2f91a9415049d980e453f94327e0ce
d404db290f094f2f9dc6ffe54216308f,4.1217413,564a84b1b830407e811bcfc7fd086a6f
64ecc00623a647a7854cf8236452c556,4.1048207,e039a00eae414ebbb2205b011ac127cf
d1cbea7387cd4d1bab69dbd0238bd135,4.0602827,6a33c207c8b648f680dbd0e65639ef04
168e875b6a7c4f0c83e74f55508fb7cd,4.0578327,d6fe6f8380464e21a27fd69de27f1f57
f23847f4eab34d3ba19bf1dccbc32306,4.0342665,66b0c8a58f444ea0aec34d9403b88a49
2092a0007cd74f32bd9954b25b49cf21,4.0305276,5971501b0e8b4ef5b203c3985d7f5e88
173d2968abb140d2bd3ad182500686c2,4.017582,d443e0c5017d48d1b3f86bf4da959ed5
8e5a5214d8844be09dabddd5a39036e3,3.990857,ec281224f8ee419ebde676f291672aea
739e45c484874024a94fec4cf8b13fba,3.9674249,c9628610053945f4a7998ae48cd70da3
650d5c180a444d6f9e8b7d0e2bac56f2,3.9629614,9e304a9bbc7b4c22af8025fc93757357
385af4460b5a436baece6ce3fa1cd423,3.9543638,6a122ce1702646db918266228d48bd08
525962b8d45849bf83483c6f246cf7b4,3.94271,e039a00eae414ebbb2205b011ac127cf
4866602fe3094c6789fdc1956c616d93,3.8482924,b25fe3b79f714d38b3fc53e39fd84d36
41fab89a8af342e5835f50c62da3910a,3.8259249,1af4472b38cc4304841b2f1720075c9d
6f19ee43f25e4a01adfde430ceb68864,3.824841,9303b9f7f4984b2dac8aeba8c8da8ef6
0186efa87e364652a49460c2436f11da,3.810738,ec281224f8ee419ebde676f291672aea
9d91a50f84cd42d999f13adae10c4a0c,3.802403,bab3bdc133384798b558f8fb6466a7fa
ae806a1c4d304ce388ffbf648f241d20,3.7934012,a585d23fe43f459ba86ac15645af77ff
e30792faab17454587f51314a00ae69b,3.673762,d74f6e7abeb84eedb9923dadb62f45f0
7c79c3280c0f45a693fefbeb30bb648d,3.6198988,3be388c9ab614bceb086c19f70df23c2
ad5f2cd68d6c448ba9532ff7665af2c1,3.6174967,1b4e143cfc1648a5b877d7445446366a
2c5e568a58a646b7b291350b7145e317,3.5955415,88dc23909eb4415aa39b96cc3a4c2926
8085782f7d76421b8468fb1e61d4fd61,3.5832372,369fe18b94f54c98b554fd22b4a3b50b
b615a0420b8b49d8a7153658ccbdd788,3.5710154,aa2d7a3a535243189492d4ce8e79c049
fa3faa7dd3774c2681f4c5b7527b1e78,3.5647802,965598a17b624a0f9bb1cd58595458a6
2eec5eb123e343b89370139c57a3ef13,3.558525,19c9ac7b84df472c85ed6cf5a05fbbc6
50b607a9b5e540148f9155693795e5d8,3.546623,3257035cc77946d98bdc09e2fdd5cdae
51e58e676c6d4b22ac3950bcd82a8417,3.5460308,fcc9863b07fc4bd5a01fab5b9160eafb
eeb6b27942084fa6a8e663ec3a3dad56,3.5213325,a0fe3cd34e474c3b90662ce8ef1fcac6
74b25851047d4c08840debaa0bcd9e2e,3.5128176,80948e17b5694599919e1502bfcc08f3
5ad95d0217fa4cccb9c2c7428bffd1f7,3.5045047,8aadcf7251724cc6858dc0db44abebe3
ed96d522f1d74dcb9a41c80634f5abe0,3.495057,d0a840820172465f83c8480d571e7b71
6237fc7134d449b9bc4158d9a707cca1,3.4914272,e9f055a212cd4e5e8601228c37713f35
15af8d3a801645799a0656e8ff3c729f,3.4910061,691acac4a54d450697afb2c2dc4fca09
0f8a4be0f3094bce84e582a214feabb7,3.4856462,aa2d7a3a535243189492d4ce8e79c049
82a059da201341cea6290c541e65ce5d,3.4547453,75b0bd2240a54f6fb45bf95ca43ab5e6
cde999f7973048f5bdccda367d1eef4c,3.4453068,37337ebec05640b890e4b9612776c32b
57dfde028e58407980d373eb21be8e36,3.436294,965598a17b624a0f9bb1cd58595458a6
599db2cba5134f72b9cd514e41aa34ba,3.4298182,e5692bd498004d32934fbaa05af2120d
5dd11b299b1e4c9fa5e4d0683b4d02ad,3.4179175,cd56b9a044c24df8a7156f661cb3d9cf
baa0f8290544453cb52c2a41cc0eee30,3.3969135,d79afb377f5349a69830b2b4c7cfefcb
239190927a44453bb33c24a550d70b96,3.396462,c26f5e7dcc8149f18f3d719bba9ae717
22a3289b29c9411cb2777c5cd4b454ab,3.382452,ecdae9f36c6a437ea72739febbf1c89c
7342516c90ad4776bc0f64a3358d530c,3.3818867,02cf82700b4f4773af3a14ad8eaa5270
669388a30d174fa48b59092d2b8770cc,3.3699644,a25b08e008114c9ca0266ce3e55d82bb
b95ad51d19ee4ea28d5d02064e368c84,3.3521342,691a538d2372403fad2b919b48ff5f85
984975b63ccd4be48b7aa852bed6fc65,3.3467243,c26f5e7dcc8149f18f3d719bba9ae717
8f2e335cd3c54f569c74283b0078f908,3.3350096,f036aaf4ab714c598a0b6da4ca604136
ede38dce85584305a3733d42a3d38246,3.3314474,19c9ac7b84df472c85ed6cf5a05fbbc6
e8d0fd5309724c1cbb4da8f5c55ac9f4,3.3311274,4696c8192576454f8684954bc771aa23
f6304923104f47d1ae9f82b7116051a6,3.3203387,6aba5a04ef8742a39d3a61644a5f0729
963dcd06789246059d5a6ecdb28e6321,3.3100178,77ac5eb4b3054ca68e2b0dcbd5473fd1
5c189d9231904498a16870be4936df4a,3.3007379,cc21026ff0d541909df56c5618d28518
1a3959ec40e24329b5c36ae3d8bd148b,3.286681,d443e0c5017d48d1b3f86bf4da959ed5
850ffbbf78224a1b910a45c2ad3ab6cd,3.2263377,19c9ac7b84df472c85ed6cf5a05fbbc6
960fbf15535f437db3b7e4614367c633,3.217564,e96aa0967ab94368b381354e03dc40ad
9c299c4c6746403990eba7f18b97be71,3.2114813,9303b9f7f4984b2dac8aeba8c8da8ef6
dbb7cd57e11848d399a156605f0f11c4,3.2094932,17cc6768c9d14388b7455fea0060b62c
7510f4f5df754961a921d50523718ff7,3.2088075,1af4472b38cc4304841b2f1720075c9d
6555bb324c1c434ba6f2beb761ab8f1f,3.190364,80921378de2b4cd3a14d449688d8b079
a4e40c85d10248bd9a34d6c44e22b010,3.1867235,c9628610053945f4a7998ae48cd70da3
559208bd6fe2488081a623b7a9d92f31,3.179782,77ac5eb4b3054ca68e2b0dcbd5473fd1
369716c45312435faf4f35f7fa3ecebf,3.1747513,3257035cc77946d98bdc09e2fdd5cdae
9aca4f5f45944250973b5a08c3fa9547,3.1737442,58db4c3a26c84fa68d81235d078208bc
a9b2741eb1ab4c8bab6bec840430968c,3.1524003,02cf82700b4f4773af3a14ad8eaa5270
f9858ec6cc4e424aacd697295e8cabbb,3.1497893,ff715b4f228443e3b067c801250f3402
9126864790e8431db0440435469417cd,3.1482306,7ac9c94011924c09b47f9640211885a2
b260e27f99814dfc9434f7e4b50702ac,3.1479099,057164cf4aab45ebbefef3409359cfb1
e35fef892ba84f8cbeb63132b6f7f094,3.1330962,4a4eb12a639346b5a00557d54b51fe51
7901d858c6e44dea8acd99a79e378956,3.131785,fcc9863b07fc4bd5a01fab5b9160eafb
6fe5e86e29684922a7b66985a0abbe4d,3.1265988,c8b9a0ac7c214a449c434aabdf6ef770
b575522bfda54d4d83e55ab89262a216,3.116921,6a122ce1702646db918266228d48bd08
5f67168bea6646a69c49dec78942dfae,3.1074681,fd51f3eef1a64d9a93652be481bde32e
5c24677a92364f97aada250f8acd8f3e,3.1044369,c8b9a0ac7c214a449c434aabdf6ef770
96a715a174b74274ad9ad1ca752169f8,3.0999012,6c8a24653ef04f559b88e0f27c0df63a
e3fce4db03644ebaa6d2618e06092fe7,3.0937858,1cbfb22f84454b1fb821b602e3ad11f8
f856e536fb204df3b9d9dcffebf3085f,3.0698953,88dc23909eb4415aa39b96cc3a4c2926
d0f798b90ad04da3a8a192e16d0b1743,3.0692263,b2be859ca8f24cda86821d5383edbc18
b98768914d8d4eaebb4632fefbad06aa,3.0572011,89e43b092c844b5886a93091a22c894a
748b2df793c94a6fa92094994cbc50c7,3.0545251,89e43b092c844b5886a93091a22c894a
3127238ca74643c3bd2e042605dc5e25,3.0383952,983940e0b12e4186a281c36de657406e
17d4b37e6cf045b691ff88ff7ec2d5fa,3.030991,85e7ea30890b456084b8e85c299c8649
20c77ed7406f451bac8e8bcd18b5187b,3.0205216,9e304a9bbc7b4c22af8025fc93757357
f8e19b9e878142969c95441f15b0da57,3.0146928,89e43b092c844b5886a93091a22c894a
484bed1b612b48f3a0b37b91bf626f39,3.0141816,057164cf4aab45ebbefef3409359cfb1
de7e2ebef31a43768b57de371f2631aa,3.0117452,057164cf4aab45ebbefef3409359cfb1
7bd320ff5d6f4bfc906470499b8ae3b6,2.993669,80921378de2b4cd3a14d449688d8b079
587a668f01694a1e847a97f47debb81c,2.9863157,37337ebec05640b890e4b9612776c32b
649971e6871c4d3596bbe61f84b0e117,2.9835837,1216ce1ef31e4643bb1222538c206342
4207cafc0d1f4d50b76a0fe4b67edc09,2.9823978,9ff95d23c3284d31ba5e398afa520649
8159d92e267d438e9012e936aa5fb15d,2.968503,95fbc6ed8bfd43c1a6bcf676e26e7f8a
78fff51240e14352b1fae67b59be4cc2,2.9631596,58f53c379f7a4868a2ba6d91a06247d2
f8839308f8e84df6a185506e6f3f1674,2.9609008,e5692bd498004d32934fbaa05af2120d
bacf4a682b8743f48776deb535f64eef,2.9599743,00f45d57fd3c448d8cfdf3185ebae894
d51b249d11a44ae699cd4e2854b00d4a,2.9470801,4a4eb12a639346b5a00557d54b51fe51
4e828f821c014d5d99850f710aff0f21,2.9452446,f5a6222612ef406b8f02aef87e08c476
0c3b7a4e78f94de7ab1a415503097c9c,2.9442227,ecdae9f36c6a437ea72739febbf1c89c
dbf2f20d05034e77a9be456ee8d44377,2.9421144,564a84b1b830407e811bcfc7fd086a6f
19c57283f04a4c338b9625f43642f886,2.9412446,d576e334105247369362b05a375e88cd
5fa7699fd07e48f29a259e9b1044fab6,2.936018,d4cd0b56b6f54e08aec8ebfdb6122c5c
4c8ffe2f47284e42af52b98aeea87fb4,2.933436,89e43b092c844b5886a93091a22c894a
0619f008d28446449bfab75441601f01,2.9212592,7a4c413f5c844796bd5ffed2b65f0336
4483d9ae441d4fe1889099eb3acf1676,2.907766,c8c201e25c0047a2ba9d9e8541ac0939
a79ab69369744d3bb4d94f1ed2d8c781,2.9008777,c8b9a0ac7c214a449c434aabdf6ef770
f913fbb165604ca09fa3b9c547ab4d04,2.8772125,5a73e0a5c757410eb0928feed7b151c8
dd72a1cbe29f432bb51ae6342e0382e6,2.8750892,2768d411cc374a018a898f9df0ca207d
4d8700f8f8b3476899b9e140d2b572ea,2.8543797,e492ff7fecf046a4948c5ba5631cdefe
1b136bc276a84642874e1a5427cac81f,2.8494735,e7d6747e8c8b4ebcb665e232240daf17
a476d6cbc62045dc948a30c9c18327a2,2.8493884,691acac4a54d450697afb2c2dc4fca09
0d2bb28b114e4f4c8c688a13f967b79b,2.8408113,a4cad92644614f78bded3ca6d6023473
1ba49dc7eaca42cc9df60f6a9a04f11a,2.8270981,983940e0b12e4186a281c36de657406e
58e273c754c742a5a7557cc56e24814f,2.8269649,b7ef0a61de0e4adf9688b2c525c9ad09
206c38136fda4bdb97f8087fab551d1a,2.8190525,e27d9425c912446e947fe53c4a757375
a22b7bc93cbe40cba26f5e4456762f6e,2.8098834,f615619defc4402b82845090c238e597
76313e4034d24a788d6f02923f14c045,2.8048248,d79afb377f5349a69830b2b4c7cfefcb
f17e080b2680401da91c350fa7e9cfa1,2.7794178,fb695c097d5845c282f6b30c241e8cf2
b6564d12e54b4e09a41d57e66159df56,2.7787352,a6a551a308b9442f947ea0608ae2c3fb
06cec2d499d345bc9c033032d765acb3,2.7665648,779d7c2bad1940c8a861451964e1ce01
174196604f504ed29027427608904003,2.7466626,1216ce1ef31e4643bb1222538c206342
d098bf81d2e34d868f274370a0a39716,2.7457037,fb695c097d5845c282f6b30c241e8cf2
1c8f15d98ac3471fb966536a1bc8e9e6,2.743355,f036aaf4ab714c598a0b6da4ca604136
f560f83f452a48fc84973544fe676991,2.7259688,257aed6ca7a44f1cb5c664beb1be527b
9ae0dc25880a4b1ca67998ae29c63cd9,2.724904,eaca056cec224a30aaaed30c39f644c2
0d47fb068dda441b9e8f8f7bf704d553,2.7247734,d4cd0b56b6f54e08aec8ebfdb6122c5c
d4b67d4bedeb47018a353598e2262d9e,2.7234683,c3412c53e9ec4b6a9a1aa95cf7f0f1e4
b2b15ac784564b17b414221232730701,2.720568,4696c8192576454f8684954bc771aa23
ac23b811505944319414d3f59b4b90ef,2.719493,01690d9b08164fcabd5bf0819754f71f
ffe5e5fc7adf437bba769a5d9fff5c27,2.7159095,19c9ac7b84df472c85ed6cf5a05fbbc6
09234512603c4025b0b0b863e285fb5e,2.714591,21b1ded02d7b42618592187e287835a3
ed7174d9684e4c1ab43b255543d62f86,2.7036703,b25fe3b79f714d38b3fc53e39fd84d36
d8fd098382264e93a362843242d58e0a,2.7007072,8f761e1117754656ac86a3a25f241cd7
d1a53e6e1d6b423e8bc3fb6a7986a87e,2.697559,b2be859ca8f24cda86821d5383edbc18
d2a4c950a6244d788c3d60d371b154f6,2.6874087,fd51f3eef1a64d9a93652be481bde32e
be9ab7f3be354f5c90bd15df7006776d,2.6836584,02cf82700b4f4773af3a14ad8eaa5270
67807253c7c94312952c818472d4888b,2.6805906,6c8a24653ef04f559b88e0f27c0df63a
32b7043aedf94f65af81490dfccc8b7a,2.6778626,7ac9c94011924c09b47f9640211885a2
8522edbe627049f0b00eabbb776399d3,2.6778498,aa2d7a3a535243189492d4ce8e79c049
6ad7781d238a4ed28cba7dda16397459,2.6757095,1c97c72e076f40fcadb22b17e71beed1
71466cbf526f4ad890c742b6e4fe7449,2.6690683,6542f58c143446f280e88a6375ccf79a
30bedeca60dd40b78dc5e6d52d6af8a8,2.667523,acee70abee2841c9b67b95e9ed079647
29d39b14f72c45cebe5afd433c98dd23,2.6567333,b2be859ca8f24cda86821d5383edbc18
6a9e4d855e3944719a49f41d3f30b8d6,2.653911,faaac88748714ce8a99413b952a1dac8
a545f38de45e4870b398a90fe9c5cbbd,2.6418855,257aed6ca7a44f1cb5c664beb1be527b
062dc7df9c4f430f87502fe7eadd5d7e,2.635379,89597084b19c4902b073a2c6c6622456
64e6b4c018f14601949aa629c1de4014,2.6336641,779d7c2bad1940c8a861451964e1ce01
e8ee807a789d465c99039c42dbdb3203,2.6274838,5a8cc5ff28fb4359afc7e9fcbf3bce55
018f42d116aa4bcdb1ab9e05bfc01b63,2.6255078,640f3bd184b7425fb22cc7773b8b2244
662a6fe9ae1b47f5b598c9d0ff7ad784,2.6044383,640f3bd184b7425fb22cc7773b8b2244
1bcadb1e071c4e6d82323f31e960901e,2.5855007,836ec4ef8df644328ac07b7803709323
76d6bcc61c924186ac0c0cb384856e6e,2.5842662,ad2109663af04c549385cd2ab9b3283b
091380ee73214c408bde7f510f136c4f,2.5583782,c8c201e25c0047a2ba9d9e8541ac0939
7727fce048c74dfba9b871f0a6bb4504,2.5440655,e27d9425c912446e947fe53c4a757375
b2a24b751645419cb6e060319b510e79,2.537523,cd56b9a044c24df8a7156f661cb3d9cf
fccd86bf84054e46a65b37bb8808da7c,2.5362656,e492ff7fecf046a4948c5ba5631cdefe
dd9a8e0a766b4f6e81c6ace1403cd374,2.5297532,c0cb721b56f240dabf7f464e453ef72e
f4398da2a74044829b4f7bd0808aec82,2.5271783,6c8a24653ef04f559b88e0f27c0df63a
e0bbcc95980e4aee9f0b5f6976c5eaff,2.5240688,f5a6222612ef406b8f02aef87e08c476
b32a35611f6b4eef9cfd102e5e72766a,2.5217395,b2be859ca8f24cda86821d5383edbc18
d7d1062b83d0482889557ef5578d6c18,2.5197473,836ec4ef8df644328ac07b7803709323
a3a8679097e74509b7525e86a5457662,2.5176785,b4150337314e40fb9e3ebb24514504a3
01651322a4034bdba60434218dfeb79f,2.5126371,d6fe6f8380464e21a27fd69de27f1f57
91a077bae982429595e548a2859976ab,2.510788,7ab29c5e2f05481d8a69cc479a764ee8
6983a79417f9490ca7534cc0b9e72978,2.5073693,4b748d6624144214b3d8a80b37aabde6
b19ea3eefb454edd861821b7164f50e0,2.4961867,ad2b6fb945714e6792c17bd49a1066e0
334dd9387233405cb0ba67a8ddd52c53,2.4835474,bab3bdc133384798b558f8fb6466a7fa
a02994faca0a4c088e226d856518737f,2.478638,630edd9b8f754b5dbd36cfbbd03ccb51
18eaa3f481614cfc945c16f2cbb757fe,2.4781365,6542f58c143446f280e88a6375ccf79a
18200ac0950d44d7af9f61b8b1f6467c,2.4774594,ec281224f8ee419ebde676f291672aea
856daadbd4c24836a85731844393b1f4,2.4759202,9e304a9bbc7b4c22af8025fc93757357
acb93c3b67cb4fc8bf222a8468b2b6ed,2.4713802,64f1d63a671d441d9663a783f632f794
0eda051895d044f3a592d1d0098e8f01,2.462472,2a9658410614443d8a27ef174f61d6e8
61e6eab2c60042858ee62e5d01968ba8,2.4621682,e039a00eae414ebbb2205b011ac127cf
1f51f549ad514b1c98445416e5acfe66,2.4572177,5831f5e280be4c02a09ce4588b56d7f3
78df036c4e104457afcdf7598e9ce958,2.4555178,f615619defc4402b82845090c238e597
c67274e9cb5b41b18336fa05f437c470,2.4527974,9ff95d23c3284d31ba5e398afa520649
66c69be4b87942098f652198c91df0bd,2.4494967,77ac5eb4b3054ca68e2b0dcbd5473fd1
7a18d92954ca495a937856ac7ea4d263,2.4489944,564a84b1b830407e811bcfc7fd086a6f
ad016f4559a0419297dfc6da2a37349e,2.4485826,526ab7eda50e4a239d03ad505832d61d
374f3a07f645432ca97d2116e61d6fc6,2.447371,0472051dc57d43f8b9dd08df475fc4a3
16b26a25f49f4efa85d21e2a4302e506,2.44666,19c9ac7b84df472c85ed6cf5a05fbbc6
df2549937e044a9583242e2c20f87e85,2.4363947,f615619defc4402b82845090c238e597
803051539d144fdeb70807a70a667f4a,2.4326172,11ec23965d2941d0817082107996ebbb
a9a64390a549402a87d7334ff62aa560,2.4270086,73e7e41e8db447c09cb2363d76556c64
373a81f37e674bf381ab2c67de8df0dc,2.4224448,19c9ac7b84df472c85ed6cf5a05fbbc6
1f4946d6701f4d75b1b71b16833299d1,2.4195638,3be388c9ab614bceb086c19f70df23c2
1c5c1558517e409b9358d9a48811062a,2.4194539,fd51f3eef1a64d9a93652be481bde32e
a90f7233ac774c298df91a6eeab11626,2.4118795,d42996c2b67443fd9b73bba7641d4f77
a0e3b8c54d2747bf93d30efbd15a8fb1,2.4094744,4a4eb12a639346b5a00557d54b51fe51
7e808bd74e2447d79f7d266c88de6410,2.408409,95fbc6ed8bfd43c1a6bcf676e26e7f8a
06dc42ee4aa4438a91f2d88754ad84cb,2.4005773,650afb6a1d054e59904a1b796552eb04
3bfce2ad291d4b7780e0e8b06d4283c7,2.3948307,6aba5a04ef8742a39d3a61644a5f0729
59ad0e42bca44e7c95b0aeb6bc5ca7dd,2.3948245,a585d23fe43f459ba86ac15645af77ff
40ef7a281c80494686e90001c1421dee,2.3916202,ff715b4f228443e3b067c801250f3402
d2b5f8ef9a8a42058f879a4e41d8d02c,2.3662,b050e9e1ef5946c297a34dda98d8f476
0aa6a9108b584bbf8d7c94f8d1ba84e3,2.3625782,691a538d2372403fad2b919b48ff5f85
a306a4b51e064a1daf8766259f6f5c19,2.354733,c8b9a0ac7c214a449c434aabdf6ef770
0ca1af4b4360463da2290c0231e7c2bc,2.346464,acee70abee2841c9b67b95e9ed079647
42c545ddf97e457a8ae47f8f1229bec7,2.3344135,80921378de2b4cd3a14d449688d8b079
1f4dd46f7d93406e9b1fd33e5a2a4158,2.315278,a1d8cb16dafd4126922f985021e93631
b5712ebb3754407989fd548033fcc3d3,2.310268,e492ff7fecf046a4948c5ba5631cdefe
7ee89cd6d6774885a024ad9e8abfda35,2.3088567,3257035cc77946d98bdc09e2fdd5cdae
bfc3042d6d684128b937f9d9878d4eaf,2.3013296,f036aaf4ab714c598a0b6da4ca604136
0ff31fb63a044ecba52ee62968e78be6,2.3012748,65664fb3aad341fab563409d91dddd2d
c36813b8ca3e42de94bfb013ddb507ed,2.290017,1543a2f94aa74008914301874d98f0f5
21aae632c1bf454196e14809b781c9e2,2.285841,6b9b2c8f0a874bb8b6691aca6bc49565
a8a7550acecf4436939c03b7e74ec8a6,2.285716,cb85047b65f8468aa02744c28c075dbd
840915e1243641c0b502a35bfa1a9aa4,2.2769446,e456afdf95e643dd926249fec4d68753
33babb0b73f84a8a87d9c75c03bfbc99,2.2756317,1216ce1ef31e4643bb1222538c206342
b0428ae75a7d474bbf2e2f440fab50e9,2.2633135,e492ff7fecf046a4948c5ba5631cdefe
f68b3be7e23c4f86addba549e41b9077,2.2594981,9b22c5cdbff44bdabd48dba008e6a3b2
11cd11ee574a460989af01777e154c33,2.2411048,156f393f7ca046299e09d05464afa056
c873b341cab549d6be3c38ca79441d7f,2.238195,b25fe3b79f714d38b3fc53e39fd84d36
63cf218e957a465696c4482a9d4b226b,2.236982,aa2d7a3a535243189492d4ce8e79c049
f161ed58877741ceaa5a6f014b69de49,2.2325885,e27d9425c912446e947fe53c4a757375
88de1634c729442aa72060868b167abd,2.2248354,82b01998353e4141a7613fdc96d7b600
e263f6646da54395823572d53a7be6e9,2.2246265,58db4c3a26c84fa68d81235d078208bc
4838bbbf3ac543ebb0bef130f0f28d48,2.2202916,d6fe6f8380464e21a27fd69de27f1f57
00306589ab9241cfb569f6b85c0e2843,2.215507,7ce06191f1114b4c8a00609f6867761f
4a79ee95c2f94e6fb182632a2357e449,2.212391,a0fe3cd34e474c3b90662ce8ef1fcac6
2c477c4f58dc4ca1975569a1f34923fc,2.2062807,77ac5eb4b3054ca68e2b0dcbd5473fd1
37a17e9368a0458aad652a8b0602892a,2.205048,630edd9b8f754b5dbd36cfbbd03ccb51
db4153df6e94413dada442eb6e6a8fee,2.2001114,2768d411cc374a018a898f9df0ca207d
1cfa0ddd81a04ee1bcbf754e6c92c5d8,2.1868236,f5a6222612ef406b8f02aef87e08c476
faed47ec537c4a70b2396638df56d71d,2.185676,17cc6768c9d14388b7455fea0060b62c
dc31ba78cf194fa59ae6ae94413ba0c0,2.182222,23066f7964874fd39639dbf2cb2766df
f41620f1a5c84928b422bcd3fb97c109,2.1803122,09fc9f38fbbb4bfaa1c979ac9cc43f0b
9f4712695bb64f01a331632d4e83e318,2.1702712,cb85047b65f8468aa02744c28c075dbd
85d372a0f34b42109e467e07922756ae,2.1688302,82b01998353e4141a7613fdc96d7b600
34bd7137776446a3b70fb89720492e73,2.1677856,58f53c379f7a4868a2ba6d91a06247d2
f7937418662b418b90963799279bc248,2.1652346,09fc9f38fbbb4bfaa1c979ac9cc43f0b
4cf647a905be45e5b1b81a0559d834d9,2.1616328,fcc9863b07fc4bd5a01fab5b9160eafb
d7c4bf8f05fb4648a8778e884052db2c,2.1607156,09fc9f38fbbb4bfaa1c979ac9cc43f0b
a1e176f474f04640aedebc0ece81583e,2.153424,965598a17b624a0f9bb1cd58595458a6
a30d8464e03848a8b72421c107f22fd5,2.1531644,d9fbe02f04a4469dac855f69ea6ad02a
aa7a7a6a0bfe40619e55e8f0b07f04fe,2.1531625,1216ce1ef31e4643bb1222538c206342
dc439e2feee54ac8a73f06f7ea3d8334,2.1518078,8f285540a9394706bd6ec6cda46c5058
8c5aff69d92e4556bbd5cfdb17a74109,2.1500237,5a73e0a5c757410eb0928feed7b151c8
e9b290a94aa44b1dbba67ba62b5153ac,2.140389,27eee82d7fb94b9b8b60bd3101187496
0aabe8051b1e48dc8df2680281f96731,2.1355062,89e43b092c844b5886a93091a22c894a
5cf8596279eb4fd1a30ceda96102ef99,2.134981,80921378de2b4cd3a14d449688d8b079
e42fa7d6b7134c18be1ea6c41a504057,2.1334612,650afb6a1d054e59904a1b796552eb04
9ed80bde74cc4e15aaa675186748bdbb,2.1313295,58db4c3a26c84fa68d81235d078208bc
fa350c4d307c4225b43fde340c1e9c40,2.1228623,acee70abee2841c9b67b95e9ed079647
f7b6d1525412435fbc5af750fb1d4dfb,2.1185088,1cbfb22f84454b1fb821b602e3ad11f8
472240e1b5e84fdc9e2c3dc8c4ad8435,2.1119263,e96aa0967ab94368b381354e03dc40ad
4805a294e65b4d4db75948e86d3fdee4,2.1043613,acee70abee2841c9b67b95e9ed079647
eca4d38f7ac74e9981fa9bb9495edf84,2.1023858,0472051dc57d43f8b9dd08df475fc4a3
14169e1048564c4689c2584a790d6696,2.1014838,1af4472b38cc4304841b2f1720075c9d
a34c38121a3948f8949f49df67186c78,2.10066,92229a391d0b418f87b32c86c42a292c
77e2cfc79eee4e1b91f93386b436bd31,2.0985332,5a8cc5ff28fb4359afc7e9fcbf3bce55
a290060554d143b285db3be94eac099f,2.0920973,a1d8cb16dafd4126922f985021e93631
794358e3d9a94bc48a240617b29ec0af,2.091383,3be388c9ab614bceb086c19f70df23c2
4bb46186bb5347c793ef12b4397ebcd6,2.0812905,6a33c207c8b648f680dbd0e65639ef04
7f38510693a9428bbcd86009bb013321,2.0806231,6c8a24653ef04f559b88e0f27c0df63a
e938fc1d26e5456ba78f78d9f8514816,2.0693963,b25fe3b79f714d38b3fc53e39fd84d36
9f3b0cd053d04311acf31077db03f489,2.0692887,cb85047b65f8468aa02744c28c075dbd
eb00bd2670c84bb588d8454baa453007,2.067013,a0fe3cd34e474c3b90662ce8ef1fcac6
f09f284b59c6475baacb67116020c617,2.0634215,9ff95d23c3284d31ba5e398afa520649
469ca74fcdf244ba896fd018680b3201,2.052012,4ad7e2502210436f9ca5735fdf7e50c3
fa644cc0807d4d278be005d3e2f849b3,2.0476606,5a26ae7959494fef99542e9b2004fd11
4aa10500630647f891ae1bf725a8f169,2.047604,700f381f40ce4b039ce0df8b49fb199b
90d603d31e104c02a43e18ee6dfe41d8,2.0444515,e492ff7fecf046a4948c5ba5631cdefe
a5e2a560340b491299c037bccbbf6d9f,2.0361285,3be388c9ab614bceb086c19f70df23c2
7b844c15f35e4db9b884e79c271e87f9,2.0357866,a585d23fe43f459ba86ac15645af77ff
6e6870a557a147a9acc900ab380040fb,2.0353923,e25b9d9944cb4d7197efb8ffc4ff57a1
a0720ed891c94750a6be596258ee3d43,2.0334542,678725f8b914453fbc1029b7c1bc0879
dade1ac92c08448e93e20a96c20f9d0a,2.03327,f036aaf4ab714c598a0b6da4ca604136
84e237a5da704cc28748ceb897b709a3,2.031352,11ec23965d2941d0817082107996ebbb
c294e4564fbd465e948be4cb38ab0f2d,2.030219,d42996c2b67443fd9b73bba7641d4f77
237d880c4172486781ba355b82ab8600,2.029995,e96aa0967ab94368b381354e03dc40ad
d37d23786d3f4e90977fbe2a3e5be556,2.0286684,85e7ea30890b456084b8e85c299c8649
301e127ffa514901b5840fd47f9f7e18,2.0271173,cc21026ff0d541909df56c5618d28518
e707e5790c554edeb5ab0f070fb36720,2.0247588,7c1e02f3ab614e539ac901e5cd3c92d8
b92da6fa48d248779bf06eaba1e7a2a9,2.013464,f615619defc4402b82845090c238e597
0de5d39510de4443a35bdbb6b6b2c2fd,2.0096376,7ce06191f1114b4c8a00609f6867761f
ee3555240e534ffc880818cf7f848c8b,2.007795,b8ca3b6144cd48208caae952e096e7ae
f6023dfadf94495fba9f43c8230ce2a3,2.0038023,a4cad92644614f78bded3ca6d6023473
e862a12dcbc4446cb1bfe03570cc7b44,2.0012205,7ce06191f1114b4c8a00609f6867761f
4c35694f60f94daa9e2cb35e66d8031f,1.9987628,f11f1682b5924181b047d757d3e20964
b9a2d4a31cc74336b4c66e880ac51f1e,1.9901092,fe6ace599de44aa19b1773dad3658fee
97c22deac29b43b8a2911e08c2aba299,1.9840188,0f9cc12519eb4872af7be7fe49e19f59
b7ebc3098f284cdc8a70c21862a74b00,1.9688623,73e7e41e8db447c09cb2363d76556c64
27a9489cf5724d47bbcc508684389f2a,1.9646581,3257035cc77946d98bdc09e2fdd5cdae
735faaf6b07348a2a4d4cc31c8fbc021,1.9548938,640f3bd184b7425fb22cc7773b8b2244
0a67f23ddf014504a380fcaf9e049a2c,1.9539974,5a73e0a5c757410eb0928feed7b151c8
25bf72b6554d4ce0850dbd0879a47ec7,1.9527271,01690d9b08164fcabd5bf0819754f71f
bd9ad9e73d3d47e6bc36d0072d5d99bf,1.949367,3be388c9ab614bceb086c19f70df23c2
3b54cc7ced814b6cbc6dea86f09aa770,1.9459517,ed9b10a2879742628fce003076ef9024
fdc1732f54e34300bc77d7b4c38ec31b,1.9418128,77a8b27acb0e4600bb6ff974eabc269c
671397532db64b2a86a8e790655fde58,1.9398007,80948e17b5694599919e1502bfcc08f3
8868c5482f844182914477066c6e3287,1.9391644,b7ef0a61de0e4adf9688b2c525c9ad09
8a58d56cfe3a46549a16ce3a0f3daf0e,1.9368956,bd35571850644321b86ce4fae286ce7d
4ef4c104173e4986b5ea7a85d28d9330,1.9292021,983940e0b12e4186a281c36de657406e
569c47730fc949f7a3971473e07d0f6a,1.9246912,678725f8b914453fbc1029b7c1bc0879
d826d2d9a30147d59c909ec8484bf8b6,1.9231424,ed9b10a2879742628fce003076ef9024
4dd9cf8a1b2348fd81e6ed73ea81c716,1.9067292,78b600dd53854b018f87267d268b7b1a
e95715a92c0a4c8292d8599a0c1a7dec,1.9055448,1543a2f94aa74008914301874d98f0f5
af1aeb26d52b41fea9c9af10f45c7bc3,1.9006615,7cd1db4b50dd41e6b2f3dd15fcab3b89
5721ca5ad6544bb8b6995ab82d1f5fac,1.8984938,80948e17b5694599919e1502bfcc08f3
aa580e725d534bcc967dbef0c65b141d,1.8955176,88dc23909eb4415aa39b96cc3a4c2926
58556ab04cfc4acf9ea2865485923949,1.89101,630edd9b8f754b5dbd36cfbbd03ccb51
4a1eda64c5a74dc59c1ca7cc15a429dc,1.8908099,7ce06191f1114b4c8a00609f6867761f
1252c75b04024238b04ae25eb65cf090,1.8890545,6a122ce1702646db918266228d48bd08
9b0790e53e7c487885af42388d8f681a,1.8825823,1543a2f94aa74008914301874d98f0f5
6de8d8e544ee4bc3b84a9aa3f56f4d30,1.877825,64fa5ce839ef406b9bc8a1b2f05094c7
012773cf6c104fd8a7ded7f346c0a261,1.8714287,d981f2c67f764e0c84af125b563958e9
c853cbd19ac0421eac6817429b6f8804,1.8696511,526ab7eda50e4a239d03ad505832d61d
22c7e1d0cbfb4391813376493a8023d7,1.8694977,92d5da561f5a41bf929f3555a74cd653
246cbab9fb49461fab4520132d4fa1af,1.8680375,a585d23fe43f459ba86ac15645af77ff
6730fca5ad3b4afc8715dc16caa1a2b5,1.8679986,d4cd0b56b6f54e08aec8ebfdb6122c5c
3f44a924107f4ecabdb619dac62a5931,1.8674803,5a68e05acea4434ba08e17e1fff00057
43de32fcef1548dbb9d856b138ecf429,1.8543062,7a4c413f5c844796bd5ffed2b65f0336
5b1ed8f4a5bb43b59f972b95a4346c9c,1.8465499,64f1d63a671d441d9663a783f632f794
eccc933299ba48deadc3fbeb6ca6ffea,1.8431617,37337ebec05640b890e4b9612776c32b
6ede534375a14c609d02c3f94a41907e,1.8427688,de9328bdd1b34adda74a0363ff0a52b6
07c0659266c446b4b413362a241214b2,1.8377215,e7d6747e8c8b4ebcb665e232240daf17
b386bdd20171436f9c420013263490da,1.8373787,78b600dd53854b018f87267d268b7b1a
865e99466009410e82a3a9daa7d34d29,1.8370311,dc58564d0c8540bea4f3e2e3696deae8
874d46cd1753457ab2d3b62ad0f3d867,1.835649,75b0bd2240a54f6fb45bf95ca43ab5e6
71f93aa94339483884743fd218725216,1.8334376,9b22c5cdbff44bdabd48dba008e6a3b2
6cfe829d301f463ba1bc66d1c8087b0c,1.8331513,e25b9d9944cb4d7197efb8ffc4ff57a1
f792d5fbc00c47c59ce1791351c39504,1.8242459,1fde4c9a01f84c349461083b6d0ba9ed
c189a309da7a472e88194571c3354d34,1.8234485,6b9b2c8f0a874bb8b6691aca6bc49565
aea33ab76ea843ddb17f1196fa2875f1,1.817217,f9fae977af2c4f35b29400f31267e170
6fa96236f4904758aed745bb8a495f66,1.816975,e9f055a212cd4e5e8601228c37713f35
af5d2c39e4a54d8295b3a933c8bc7b43,1.8138747,bab3bdc133384798b558f8fb6466a7fa
37a21040d578476783ff8751dfb91faa,1.8137906,02cf82700b4f4773af3a14ad8eaa5270
43d1998f5950428d94f74e0f6227fc3b,1.812049,92d5da561f5a41bf929f3555a74cd653
15171a501992488a97cd9f1f44475978,1.810532,a1d8cb16dafd4126922f985021e93631
73816ea484544387b7c1014e6b97b187,1.8060288,0f9cc12519eb4872af7be7fe49e19f59
f5abb68eab244fe38e79be186719a8d8,1.8051491,369fe18b94f54c98b554fd22b4a3b50b
c7ddfc6b54294c34a4722f8eaa9b55b7,1.8033962,156f393f7ca046299e09d05464afa056
c674a30eca94429c91ef5e7bfd2d9f24,1.802912,c322b788813745e0aa7b592b4345d379
914e224085a24a7c87db637c208baac5,1.8005497,6c74bedaa406493a99988c5b8a47b704
d64dd5997016472488972a82c8d2148f,1.7998465,b25fe3b79f714d38b3fc53e39fd84d36
b074150ff8a24cc9b889876ee8b52d9d,1.7993795,a926df6d7fcf4b17b68dae6f41fbce66
24e177e9075a4c7ebd2cf154bcbf7b78,1.796603,c9628610053945f4a7998ae48cd70da3
7b5adbd82a584ff6b6e23b89956dd6f2,1.795751,bd35571850644321b86ce4fae286ce7d
da809b1c982e47e48ea951dff1120841,1.7912037,369fe18b94f54c98b554fd22b4a3b50b
40d03471812c4f0398b4551b5f116068,1.785197,fb695c097d5845c282f6b30c241e8cf2
0e07a1ba34174816a6e96d6ffb215671,1.7809564,ad2b6fb945714e6792c17bd49a1066e0
5b2c1e575e8a46daaedcab661b62235f,1.771909,34b71675a1ae442395b6eb1f3eda23df
52acdc11a8df4558867635630b69348c,1.7662404,74e7db4222ca4a20811199afafa346a7
65add58592564636a49ae7417f79e9ca,1.7582463,b8ca3b6144cd48208caae952e096e7ae
1413507f5f8f46109e5caee2e853eae9,1.7549274,700f381f40ce4b039ce0df8b49fb199b
b717169ea8804058961095ae61a7b5fd,1.7507137,64fa5ce839ef406b9bc8a1b2f05094c7
7257f3d3f31a4d5ab6a872e4e5886111,1.739393,e52a528036014db0a7bd54b99a310fe8
de89bc23ccf04f3387bf242e269f4ea3,1.7377074,c322b788813745e0aa7b592b4345d379
7dba9b481a53475cb2f9bb524154fa97,1.7303385,75b0bd2240a54f6fb45bf95ca43ab5e6
f1f00603ac934540b2a80ef9cdc88647,1.7301618,7cd1db4b50dd41e6b2f3dd15fcab3b89
54cad1d39001470bae1e14fe0e58f061,1.7291871,cc21026ff0d541909df56c5618d28518
432fd48d8c1946838e62f7912527deae,1.7283844,7c1e02f3ab614e539ac901e5cd3c92d8
f4e9b9fb265843768046ac7985c89f7a,1.7267468,a4cad92644614f78bded3ca6d6023473
c60349b6f8454e529aa85264c412eb2c,1.7252911,77ac5eb4b3054ca68e2b0dcbd5473fd1
73cc10e747ca46bba886d9939cc3b768,1.7250859,691a538d2372403fad2b919b48ff5f85
a7065654ab41446abde84554b4442a5b,1.7248232,7cd1db4b50dd41e6b2f3dd15fcab3b89
fed199237941466bbcb3b0333580ee3f,1.7212495,77ac5eb4b3054ca68e2b0dcbd5473fd1
b4e255878aac412187c87d835597242f,1.7199347,983940e0b12e4186a281c36de657406e
ef4b6d47c51c4527a80e52519f3c872b,1.7156289,691a538d2372403fad2b919b48ff5f85
a7fe5588b97f435caa29a3b507cd51f1,1.7144872,0ebc441d25664c91adad96b570270f07
f9f15f3fa87e4ecb852682898d5c2044,1.7134268,9b22c5cdbff44bdabd48dba008e6a3b2
17bcb53a4aac4e2d81bba1fca7bcc69f,1.7055641,fcc9863b07fc4bd5a01fab5b9160eafb
3111ca7c585243e4aff0fad54c82a69b,1.7019687,836ec4ef8df644328ac07b7803709323
e08d644c0950461e843595f14ded4387,1.6981025,5a68e05acea4434ba08e17e1fff00057
9f68e2380d2a40eda419370717d328b2,1.6935549,ad289d5052264f9c8bd0aaf9faace92e
dea0770945c6460c8082a2fa1e710ccc,1.6928186,74e7db4222ca4a20811199afafa346a7
589df17e77094a82933b4003a252ae26,1.6900089,e02ad4f63c8444b79a7a56fb23a4e0f1
95d68b07aaac48c4a61e5fd5175885da,1.6812991,bf59502a233e4b5eaff9cfa3a992c387
c57df4a5798042df90a71b4c979df11f,1.6767417,c8c201e25c0047a2ba9d9e8541ac0939
e152a0f89fe0446f998c519058feabc5,1.6754538,a0fe3cd34e474c3b90662ce8ef1fcac6
dcd4e8a77e0c47f4bfeaedc8b8dfc397,1.6732523,bade01bd83ec4b6786fd8c867ca7a090
63d32d729061451cbc920b4066c15339,1.6647086,6c74bedaa406493a99988c5b8a47b704
aef3a265256d49af8433aac1b85fe097,1.6576782,5831f5e280be4c02a09ce4588b56d7f3
96cfa510415b439da48aa661aff3500b,1.6540837,1d47a696eae94bd29f215a4787b27d8a
d6db57dd12dd48adae78eb66e24cd991,1.6495805,cb85047b65f8468aa02744c28c075dbd
ab85f0b004fe481ebacaefa2d94bb656,1.6460127,e52a528036014db0a7bd54b99a310fe8
93a89031c44d4d6e87976f696e205219,1.6450444,4d708e5878784386a42c2f436d2d60f0
82e2ae3e0d3c4ccab9093974f974e854,1.6438991,a6a551a308b9442f947ea0608ae2c3fb
9c74b02f802b41bab45bd626251e1d88,1.6364384,4b748d6624144214b3d8a80b37aabde6
4aeb82ff294e4be9be97a1aee9698fef,1.6291101,e456afdf95e643dd926249fec4d68753
3d62fd7345e249eca395731c94b53eba,1.6230589,d42996c2b67443fd9b73bba7641d4f77
9de5dee9dd8a425fbfb5e0c198e653be,1.6199619,e492ff7fecf046a4948c5ba5631cdefe
c81fde53a5804d74983247fb14718050,1.6138446,bade01bd83ec4b6786fd8c867ca7a090
619fb307d36a42b8818b2918edc88ade,1.6122957,aa2d7a3a535243189492d4ce8e79c049
a5f7a2fd13b64df595ec85f5354fecde,1.6067512,3257035cc77946d98bdc09e2fdd5cdae
7320e14823a54b30b0a3fa3f42a01ffd,1.60207,1f8c0f02984e4139bf8043e57497fdb2
b26293f2e7f54384a164fb685236aa8f,1.6000476,58f53c379f7a4868a2ba6d91a06247d2
be07f7c09f5c40da9ebdc231520afe90,1.5965507,cc21026ff0d541909df56c5618d28518
d8abdab9cd7145c19d33fe76e47d0c1e,1.5878533,31b69f9501c4415e929b6af28c83f6a6
1d9521ba2b624c7aab43f311872c1d09,1.5828025,983940e0b12e4186a281c36de657406e
0623d83a061f449f86d03b34bcacd314,1.5804431,e456afdf95e643dd926249fec4d68753
b8355f6877f04cf583abef8dbf343f61,1.5771829,a6a551a308b9442f947ea0608ae2c3fb
551ec133b10e448a939d6f857cf1dc17,1.5768245,0ebc441d25664c91adad96b570270f07
9542d0008f7d40028d37ffe95d4e270c,1.5670574,a0fe3cd34e474c3b90662ce8ef1fcac6
c7cad58f831849a6a4f0f9cbccb2f458,1.5622327,fe6ace599de44aa19b1773dad3658fee
fe079e85e77f4cd98fc3ce5e6b2476c0,1.55976,7a4c413f5c844796bd5ffed2b65f0336
eedf84d8949845939452e2cf59d2cc6a,1.5586601,a0fe3cd34e474c3b90662ce8ef1fcac6
06dafb47baf148b9ab12caa5200a4d2c,1.553927,58f53c379f7a4868a2ba6d91a06247d2
b06dc9c1726443b19aa4d4e118d8596e,1.542414,6542f58c143446f280e88a6375ccf79a
7eab4332b2af45cd8ba6c4050d814b39,1.5388137,ad289d5052264f9c8bd0aaf9faace92e
63e06c0c69054bdd8c2690539549d9cf,1.5377346,37337ebec05640b890e4b9612776c32b
1a12b7978d8e4dd5b563cf97606bfa9b,1.5362763,1216ce1ef31e4643bb1222538c206342
1930e2b037404eb3b7a991849e81320f,1.5269698,21b1ded02d7b42618592187e287835a3
302f7c4fe5f346b7b6f4c5850ccea290,1.5257181,d576e334105247369362b05a375e88cd
5b6f7847212340cfb461967cbfd411f6,1.5238323,0f9cc12519eb4872af7be7fe49e19f59
57a0a47943824bb28d5faf9fe31ee787,1.5216494,9e304a9bbc7b4c22af8025fc93757357
6b5d194c37f14e5d89385ae747199cc1,1.521607,700f381f40ce4b039ce0df8b49fb199b
9e1261d3e89b47a78e1590fa544c3df0,1.5192893,02cf82700b4f4773af3a14ad8eaa5270
bec8ca61a6524d90b610482e2f304259,1.514968,ed9b10a2879742628fce003076ef9024
d3910d69c924478ea90090b8b527e0b1,1.5133479,903360099fb644b6b88c6edac88eecb2
acf1a040f09440e7b67e2b901b3b1583,1.508577,cd56b9a044c24df8a7156f661cb3d9cf
0727ac84c4494b248aa13d6c8ffe7225,1.5084572,4d708e5878784386a42c2f436d2d60f0
6178ae89b15545f39f754e64a9283916,1.5063101,8a77dc665d8b4d95a0b1113522f7e9c3
ddb77e0838c941d9acdd2f02496195e2,1.4925817,e9f055a212cd4e5e8601228c37713f35
43e7ebaddea142908ddeece45bfd2049,1.4711927,bab3bdc133384798b558f8fb6466a7fa
9146bc8522804996b5984ed63944edb7,1.4693487,01690d9b08164fcabd5bf0819754f71f
915d79767ad746c99ea804f4b5dbf60d,1.4661764,d981f2c67f764e0c84af125b563958e9
38d3a8b3543b4548ab16eca74b1ed293,1.455379,46bfd7af0ed6491fa621350963d11e35
7d741d7645a848d086367003b1d9a767,1.452317,d27cfea4da8f445fb4e3c55e53c6482c
a57effbc5a3a4d369b53ac72791e1b82,1.4483895,7a2491a27f3c438a8549988f7a79e26e
2a8517391a58458c8b4054fc225e976d,1.4476266,bd2f91a9415049d980e453f94327e0ce
75bd7834bfba42a0824a1918cd04b829,1.4465038,c8b9a0ac7c214a449c434aabdf6ef770
fbbfaaf2bc764120a3356650c7d62219,1.4413166,2768d411cc374a018a898f9df0ca207d
6001044952554a14b842ed1f26cda571,1.4409597,4696c8192576454f8684954bc771aa23
9526a184d9234981861f184f41d509b6,1.4390943,77a8b27acb0e4600bb6ff974eabc269c
2ae3d79e1c8641a9892ed31117156c0e,1.4369291,bd2f91a9415049d980e453f94327e0ce
03338969d6c44f879a13c672864f6001,1.4344025,f615619defc4402b82845090c238e597
e163e00abbda4bc5adec2f85871b7c88,1.4237564,5a73e0a5c757410eb0928feed7b151c8
606a301239a6472ea371152fa2029fb6,1.4188762,75b0bd2240a54f6fb45bf95ca43ab5e6
b9927fff8eac41ac99d787e84af9c3da,1.4185706,95fbc6ed8bfd43c1a6bcf676e26e7f8a
29fdc29e4b23460088e7060422eb8582,1.415058,f5a6222612ef406b8f02aef87e08c476
b513c98d376b4102a9119d959aa7ebfd,1.412503,d6fe6f8380464e21a27fd69de27f1f57
52f16fa757624404b9d43dfe2885697b,1.4122963,09fc9f38fbbb4bfaa1c979ac9cc43f0b
7d4bb63bd91a4617a40be8165b7fc9a6,1.4003476,7ac9c94011924c09b47f9640211885a2
c0e006372bab471897981e28cf25f546,1.400344,d4cd0b56b6f54e08aec8ebfdb6122c5c
8aaa8f372a5346a59b85061f27d9ffc9,1.3995578,b4150337314e40fb9e3ebb24514504a3
24156e9d41404d568c7e22931d2631a3,1.3993566,d79afb377f5349a69830b2b4c7cfefcb
93ff73f78f7c4aac9aa13de5f64205cd,1.3883432,00f45d57fd3c448d8cfdf3185ebae894
65985829f37342a3b2560fd757d02169,1.3846391,19c9ac7b84df472c85ed6cf5a05fbbc6
32b499158c154bc2991b5799962d9b5a,1.379919,2425086d8eaf44d2a9519f0e4e6b289a
64310259af8e430b8a9577093b411ada,1.3766675,6a122ce1702646db918266228d48bd08
faafc7c371d240a29c764c0074231e6a,1.3763932,779d7c2bad1940c8a861451964e1ce01
55472eb25f9841c2b39b9bcef06d7bf8,1.3760732,dc58564d0c8540bea4f3e2e3696deae8
a56141d36b5f4520aef20a35398d8265,1.3751953,9303b9f7f4984b2dac8aeba8c8da8ef6
25dc04ff2b704b6f9229ad7cb91efc99,1.3747889,2425086d8eaf44d2a9519f0e4e6b289a
9c0fbba28fa24de2a7d3b5fff53b8ef6,1.3733153,34b71675a1ae442395b6eb1f3eda23df
3407ed3eb6d4426bb50ced20b862de96,1.3729327,8f285540a9394706bd6ec6cda46c5058
1080188fcae241b4a5c7649114dafd64,1.3679531,5971501b0e8b4ef5b203c3985d7f5e88
5a1096197b8648d882cdd33875519404,1.3668787,ecdae9f36c6a437ea72739febbf1c89c
1139ff813de54ba583f9d19e3a2b6ac6,1.3660032,a585d23fe43f459ba86ac15645af77ff
7e7b0eca4a964ddbba6f2fe892340895,1.3630615,c9628610053945f4a7998ae48cd70da3
6ba13a7346044bfba1b6245853af401d,1.3589765,d9fbe02f04a4469dac855f69ea6ad02a
0ac5a5f9477a43b2b222bfec1888b8f0,1.3569562,19c9ac7b84df472c85ed6cf5a05fbbc6
fdaaf6e004b04cb18e798331b9d9ebc6,1.3541595,99142f1c07cd4782814f8c970eaaa40a
3fc67f7f85a74c5b9c118cbf60e96ca1,1.352423,983940e0b12e4186a281c36de657406e
f31d22a46dc54bd7b4dbd9366f0304d5,1.3521405,2a9658410614443d8a27ef174f61d6e8
ca5e7f899c944d258e0fe020c844ccb2,1.3505633,e52a528036014db0a7bd54b99a310fe8
d832897254e74ba4a5515e22654b2d04,1.34629,9303b9f7f4984b2dac8aeba8c8da8ef6
9c4b40908472420e923be2dce2979c0e,1.3447741,01e805bb5a1845a7addf86fe9bc8d814
d61fa8f9c09d4aef95f64f941a957c96,1.3407545,640f3bd184b7425fb22cc7773b8b2244
0b0ee45e830245ffa3ce101af6a1a750,1.331831,855b3971c4a147cfb9a7c281fa6b915e
4a5a47f40e9b42f5af28b197d3e59ef7,1.3286633,3be388c9ab614bceb086c19f70df23c2
cdb476218b73426a840ec0a8868020bd,1.3275002,d9fbe02f04a4469dac855f69ea6ad02a
774622a7382646c4ad5ef139574052c1,1.3235185,9170e0bb8fe44b309f83293808d871fe
ab90f505d58d4d94afa71bd0811469b1,1.3151389,80948e17b5694599919e1502bfcc08f3
8d0f508b17b140db934bc95a70c06411,1.3116937,78b600dd53854b018f87267d268b7b1a
112c929868df4d8fa0428f2c3cf17e3d,1.310713,ad289d5052264f9c8bd0aaf9faace92e
7986e60543204582ac542d56eef7cda9,1.3084972,9303b9f7f4984b2dac8aeba8c8da8ef6
14251437e9d7466c9909622c9fe454a4,1.3048521,257aed6ca7a44f1cb5c664beb1be527b
4fb63b6f9f8a48dc921c53a21d354a0e,1.3044243,73e7e41e8db447c09cb2363d76556c64
f46543478e9f4f0bbb721b47a528562f,1.3031108,f036aaf4ab714c598a0b6da4ca604136
0b7bef4f00bf42b0ac6d5e824b04daa3,1.2989554,903360099fb644b6b88c6edac88eecb2
0001880401724f72b4b0f8fafabbd872,1.2965603,4a4eb12a639346b5a00557d54b51fe51
e18c0d2a5ea54d0dae0481083fc0db46,1.2907254,3257035cc77946d98bdc09e2fdd5cdae
5ccfffd900a1434dae33727030983cc8,1.2884195,75b0bd2240a54f6fb45bf95ca43ab5e6
68ea9efe09ec467b955f3960508e08de,1.2844555,23066f7964874fd39639dbf2cb2766df
3c6017018cff435f8a15557ec2740321,1.2837653,85e7ea30890b456084b8e85c299c8649
1d6f4b84093244e6915c8d2b03d11912,1.2775346,bade01bd83ec4b6786fd8c867ca7a090
49f4672f4be94535a516b1013cea2b54,1.2767835,c9e2e76e631c4d0a8013d90892350e06
0af83a2558ad459cb3b54e5c9da02975,1.2765974,4696c8192576454f8684954bc771aa23
b457016349004dba8b94241ddf2b6964,1.2636737,640f3bd184b7425fb22cc7773b8b2244
d067ca627837456bb0e6cc40a06d224f,1.2578949,64f1d63a671d441d9663a783f632f794
12b4b13d49b64b55ae65fe00960c4711,1.2557715,6a33c207c8b648f680dbd0e65639ef04
c6754ce8bf4346258c03509140eece37,1.2481987,65664fb3aad341fab563409d91dddd2d
c71fc9273bb64cf78fcb3160724b40be,1.2465651,34b71675a1ae442395b6eb1f3eda23df
3295b23d76ab4661b9a92952160eb966,1.2442217,1c97c72e076f40fcadb22b17e71beed1
b8cc82e2dd7b4ef9932f2377c1bf9e53,1.2434629,6a33c207c8b648f680dbd0e65639ef04
383851cf303e47bf803a3a00b6481efe,1.2428025,fcc9863b07fc4bd5a01fab5b9160eafb
5c6c691ff9a94d5e954977de26cd9cad,1.24009,fb695c097d5845c282f6b30c241e8cf2
abc9ab04fed74e638625e3e6f26de13d,1.2332299,a0fe3cd34e474c3b90662ce8ef1fcac6
e578d2ca90a241bcb241e65a62648a66,1.2305018,f5a6222612ef406b8f02aef87e08c476
3ce3c6c49a2b43c3b683ec91e9657341,1.2283607,d0a840820172465f83c8480d571e7b71
117ba0c13f714eadbb3a6a9d0f6f3702,1.2270951,9e304a9bbc7b4c22af8025fc93757357
bfd8d22a1f9a42a28b2a78c5e4323725,1.2268851,f615619defc4402b82845090c238e597
b0535812250c45b497a6bad12645aca1,1.2248437,2a9658410614443d8a27ef174f61d6e8
f1015462e69f41ea9a9c663ae07f13fd,1.2216711,ad2109663af04c549385cd2ab9b3283b
8756c0e4eee54ca69baec75ff9c6f44c,1.2181636,17cc6768c9d14388b7455fea0060b62c
5f47f156e8204f808cef8696d1f8920a,1.21686,5a68e05acea4434ba08e17e1fff00057
492d363c9d8b450da859bd06f06cf687,1.213546,ff218cc7835d4b5ba0de22792319050a
454132982ecd4d5e9e6ed9c9e33f3433,1.2127999,257aed6ca7a44f1cb5c664beb1be527b
ba0c12af5b1c4fe6ae766bf417e6498c,1.2113659,1af4472b38cc4304841b2f1720075c9d
7243a107cca54629976980cef4591fb0,1.2076151,1b4e143cfc1648a5b877d7445446366a
e244d77b242a4a54a7bdcb784245c01c,1.2063292,ad2109663af04c549385cd2ab9b3283b
38003415b2fe4903b7183cdd279c09f9,1.2041711,678725f8b914453fbc1029b7c1bc0879
42058ac0b3ff4d34b26f6d53d69b27be,1.2014097,9b22c5cdbff44bdabd48dba008e6a3b2
e18211bb1b9a4eb5b5679481523d0c23,1.2003582,d981f2c67f764e0c84af125b563958e9
1d2cd0bb5b1c471ca10d1eea0ef9b729,1.1929913,c26f5e7dcc8149f18f3d719bba9ae717
f33800b2fc5d43febcbee5156e729a2c,1.1830132,ff218cc7835d4b5ba0de22792319050a
7d72deccbd444c5bb9b43e3a6c75f5a5,1.1826606,e52a528036014db0a7bd54b99a310fe8
503e869546cf415ab60324f38dc8f73f,1.1820955,eaca056cec224a30aaaed30c39f644c2
08fe7d5213ea41ebafdb17d60eb36a97,1.1807379,c9e2e76e631c4d0a8013d90892350e06
3d4e582564564c72b47184e7b5c0717d,1.17131,5971501b0e8b4ef5b203c3985d7f5e88
af733079cdf649cd95e030d070b603da,1.1707857,903360099fb644b6b88c6edac88eecb2
56cfe84755904ae98f74d085dd2fcb7c,1.164161,6d3c42356e3b459c919e3129ff192ac4
cbccb64b48814193a639815717dbcc80,1.1627058,4a4eb12a639346b5a00557d54b51fe51
b453e70a75224981b0a892bee09f9b9d,1.1599283,c9628610053945f4a7998ae48cd70da3
7119bcd6ffec46a3b428819c202e431e,1.157381,257aed6ca7a44f1cb5c664beb1be527b
b4e94218abf54b0787b1a6e1191836d3,1.1556017,e456afdf95e643dd926249fec4d68753
4b39ba0bb2e54f72bf6cc4c7832b3841,1.1502559,fb709e29755b44988bb252c87a2ce2f3
06b4425d4dcb4aaaafb52063bd3af473,1.1474503,a6a551a308b9442f947ea0608ae2c3fb
e8dea0d3ff7b4340b7e4863d401e1a4c,1.142171,95fbc6ed8bfd43c1a6bcf676e26e7f8a
c0701f4c6a8e41a8a7df573b4abbe04f,1.1380202,b4150337314e40fb9e3ebb24514504a3
58150298bebd4a7a81085018c220ca49,1.121448,ad289d5052264f9c8bd0aaf9faace92e
3787d8d226fe43acab22bb2c72e2b1dd,1.1202292,cb85047b65f8468aa02744c28c075dbd
d5720a4e3cd34c23ac605c840bcd69ae,1.120057,cd56b9a044c24df8a7156f661cb3d9cf
a4c088804f1a458e849f356cef8bfa22,1.1181684,e336d113184c4ebdbad7aa2b6ec64640
6fb6a2666474414e950f94d5b467b229,1.1167734,bab3bdc133384798b558f8fb6466a7fa
910f58d10cac4e1896efd603e3b6247c,1.1160955,ad2b6fb945714e6792c17bd49a1066e0
266024fef71d4c25a73f93db3af86fa7,1.110882,46bfd7af0ed6491fa621350963d11e35
2b1ae0f0956e475c80e1ba5ca01abe84,1.110834,b4150337314e40fb9e3ebb24514504a3
b894792524d841b3b24c566aa9c41b8d,1.1036973,cd56b9a044c24df8a7156f661cb3d9cf
7b1d70a80254489e9de91807e6e223dc,1.103476,5a73e0a5c757410eb0928feed7b151c8
f023a1ec2a5e4947a0c66be38c5f67b2,1.1031194,7ac9c94011924c09b47f9640211885a2
bf4e8bc83a74425e8657c603c0004113,1.0978246,b25fe3b79f714d38b3fc53e39fd84d36
8498c31c9d93468caa7deb065c84e1a4,1.0963643,d74f6e7abeb84eedb9923dadb62f45f0
512d51a776a240e1b495922587e2bbba,1.093602,a926df6d7fcf4b17b68dae6f41fbce66
86f3189426a749d5aa5851a9514f7a36,1.0935328,ff715b4f228443e3b067c801250f3402
6b4034f8415244f88296cacd28edca37,1.0864553,8a77dc665d8b4d95a0b1113522f7e9c3
77303cd1aba44c3abccb823ad3006b47,1.07897,903360099fb644b6b88c6edac88eecb2
deaec801f6344b9d9ffe289794354038,1.0760359,acee70abee2841c9b67b95e9ed079647
700d97396d164429817cb71d0e1b313f,1.0730112,f9fae977af2c4f35b29400f31267e170
aaba5fcdec244fc79439dd67ba8a495d,1.0705941,e02ad4f63c8444b79a7a56fb23a4e0f1
899b54b766454749af73a7b5ba6ddfc9,1.0674047,eaca056cec224a30aaaed30c39f644c2
56db49f870bb49eaac223bc725d79f26,1.0630288,17cc6768c9d14388b7455fea0060b62c
af017ad1aa9c48c490bae2aaba2f1029,1.0569028,ec281224f8ee419ebde676f291672aea
3555001842e549e3b0aa8f30dcd11e0e,1.0540174,cd60a0fcac24465a880af7d8f921dd68
49b80615188d4680a95923cff4718e3d,1.0471456,8f761e1117754656ac86a3a25f241cd7
4443770debc447b1b3f8c9dbb46160cd,1.0448415,e456afdf95e643dd926249fec4d68753
26b564b6bf114f2bbe987a9490e74e89,1.0395141,d74f6e7abeb84eedb9923dadb62f45f0
3a53b02d11d74f9b84a71811f607d433,1.0351195,8f285540a9394706bd6ec6cda46c5058
8baed775825049a7a98ba659c3139582,1.0350397,6c8a24653ef04f559b88e0f27c0df63a
65c8efd2131b447d90bed385eeeb91a0,1.0285096,a25b08e008114c9ca0266ce3e55d82bb
86339034705d41e685883013d2ef7d6a,1.0261676,9303b9f7f4984b2dac8aeba8c8da8ef6
4a2be481c29745e6be4e4b6a6d39ff64,1.0242019,6a122ce1702646db918266228d48bd08
f9a7d6299ae54cb8bc2e6ba1b878f8cf,1.0082434,e27d9425c912446e947fe53c4a757375
13260f69234944ae8feb384dae6510ab,1.0055757,eaca056cec224a30aaaed30c39f644c2
1f8a0f1ab6d94f46a1c669d409295676,1.0006716,d331012ecf0c40888e0ac290184f0883
50eff679bc384b72918eba1cd77a5597,0.9950907,46bfd7af0ed6491fa621350963d11e35
9d9d4a9695414746b71566692311e57b,0.9948927,cd60a0fcac24465a880af7d8f921dd68
c9d40d7967754291b6d16c34879f008c,0.9938431,73e7e41e8db447c09cb2363d76556c64
b0f8acbb976643b7b4c8736a8d7305ef,0.99338657,0ebc441d25664c91adad96b570270f07
0111c90ac0ad4280b5cbf6b56c2d2150,0.9901515,e7d6747e8c8b4ebcb665e232240daf17
705398996d6440bd986d3dfa47bb583a,0.989325,3be388c9ab614bceb086c19f70df23c2
65120ac6b44e42f1831bb02005863657,0.9853145,fd51f3eef1a64d9a93652be481bde32e
e99926e33dcd4f4082308eff2e38da35,0.98007154,88dc23909eb4415aa39b96cc3a4c2926
234999d28bb04577a48d50f076a844a6,0.97562146,8aadcf7251724cc6858dc0db44abebe3
9e2872646e314b1f97e9cb135dccd315,0.9746035,92d5da561f5a41bf929f3555a74cd653
0beb47a537e14562b509e395d77dc749,0.9732479,526ab7eda50e4a239d03ad505832d61d
9d12b38606754a8ca46a62c27872e893,0.96857333,4ad7e2502210436f9ca5735fdf7e50c3
b8cb140987104f8db7456d8b3ad57ae7,0.96276116,e25b9d9944cb4d7197efb8ffc4ff57a1
13964a2d472649b59d5126c24da8d4b1,0.95873237,23066f7964874fd39639dbf2cb2766df
7dc9553f77c842f1848c9fe066681b67,0.9565687,bf59502a233e4b5eaff9cfa3a992c387
e327090a663242caa64ea6482dabfd29,0.95593286,5a8cc5ff28fb4359afc7e9fcbf3bce55
6475f4fbc11942b8814094002d1133b9,0.9525435,a6a551a308b9442f947ea0608ae2c3fb
7d52dc1203ef4f9e9149a1557341406b,0.9514669,a1d8cb16dafd4126922f985021e93631
567cb2c4e6b4417c89be6420cffff826,0.95129776,4aa3556b2aed469584c573868193a07a
6728135560274c459d26043145918a59,0.9495234,ed9b10a2879742628fce003076ef9024
d0dad3a420c744c3b2aaaa1604121d1f,0.9452683,e96aa0967ab94368b381354e03dc40ad
3e3a44c2636246edb0f9c1d8f041d873,0.943595,650afb6a1d054e59904a1b796552eb04
1debf605469f435a817fe50539698246,0.93601894,34b71675a1ae442395b6eb1f3eda23df
c44ae4a053bf47e5b9b2ee3ef8ae2b5b,0.9340501,ff715b4f228443e3b067c801250f3402
360cbc8189604ca7bed1d03379488753,0.93040633,eaca056cec224a30aaaed30c39f644c2
7f50b6b5321c44e191bc82be785455b3,0.92478895,7ce06191f1114b4c8a00609f6867761f
8ffbcfeb411843b2bd6e513ae284b232,0.92412823,00f45d57fd3c448d8cfdf3185ebae894
2d641fad427d4884b7624102a50d5edb,0.9237095,5a68e05acea4434ba08e17e1fff00057
4c0fd754fe344b9ba99a09a70be831df,0.9199028,f9fae977af2c4f35b29400f31267e170
e3168a661d6e43b39980289c06b51f8b,0.91443074,aa2d7a3a535243189492d4ce8e79c049
936da7c6ee60477dab2d4d91e51a0931,0.9059737,526ab7eda50e4a239d03ad505832d61d
1f487d592adc46f1ba935a923c34a9c6,0.89072573,7a4c413f5c844796bd5ffed2b65f0336
b8052a41b1ca486aa8d1d4fd870dda88,0.883942,64fa5ce839ef406b9bc8a1b2f05094c7
ab6c85b8074c4edcb7f8d568b142ef98,0.88331527,1543a2f94aa74008914301874d98f0f5
edf32c81fa8c41f4ba76d882cc8f88c7,0.878024,fd51f3eef1a64d9a93652be481bde32e
c350ff1ea49c4547b89b09403669a4b0,0.8737873,4430d47e30904eab969c1baebca184c0
01bdc1af846a44eeb5a789e393d1d7fb,0.87271714,5971501b0e8b4ef5b203c3985d7f5e88
780760acebdc4860bb31c7a7150c19dc,0.87148863,f5a6222612ef406b8f02aef87e08c476
5d204449172f48b1b51ca2ed9308b6d6,0.8640832,11ec23965d2941d0817082107996ebbb
34a4ab8c365d469e9f634993d0a5b61a,0.8639706,fcc9863b07fc4bd5a01fab5b9160eafb
ea055ef8a6de4cdb8761ddd4dc3bf3af,0.86131155,965598a17b624a0f9bb1cd58595458a6
3464f002cd954218836b9014bcd0c620,0.8594211,5a26ae7959494fef99542e9b2004fd11
451c5024a60b4f45afcd2f388601c16b,0.8578168,640f3bd184b7425fb22cc7773b8b2244
7c890f402f38475d942c1190be3ab2a8,0.8572932,77a8b27acb0e4600bb6ff974eabc269c
924127ab124d40edaac3616675e82655,0.8535917,bd35571850644321b86ce4fae286ce7d
45f6671f9fb64495bc585555e3b8e55c,0.85009444,257aed6ca7a44f1cb5c664beb1be527b
77f470031d7a4d3aa691e074e7215cb5,0.8488817,e96aa0967ab94368b381354e03dc40ad
e0fce1d752bc4668a62db48ad4b8de4a,0.8485153,80921378de2b4cd3a14d449688d8b079
c67c378aa42248cfab4b61e502027a8c,0.84681034,9e304a9bbc7b4c22af8025fc93757357
d7af13217f9446bc8d46c21e5d91114a,0.84548223,836ec4ef8df644328ac07b7803709323
554e702a075743a499899b99b73eea46,0.84373486,66b0c8a58f444ea0aec34d9403b88a49
5d81d489a98d444a83664fe0db47fccb,0.8403868,00f45d57fd3c448d8cfdf3185ebae894
fba9b7d7ae944ed889c1f11ceefd238f,0.8400436,cd60a0fcac24465a880af7d8f921dd68
55c82489e50948b39c0f1bfe5fbf408e,0.83989835,89597084b19c4902b073a2c6c6622456
d49f6a76fe334b5ebf72758df0f42d07,0.8396975,c26f5e7dcc8149f18f3d719bba9ae717
85fe4ea28be0476fb41585de18435d94,0.83866274,8a77dc665d8b4d95a0b1113522f7e9c3
42755c05cebb4531bf9b3f3297150fe1,0.8345814,e039a00eae414ebbb2205b011ac127cf
61353a38c7e14c49ad888ed8da7d282b,0.8312428,ed9b10a2879742628fce003076ef9024
a987046439f446848e7b3520dcece6d6,0.83055764,4ad7e2502210436f9ca5735fdf7e50c3
ae244311f36c42c19709ec36d518171c,0.82920253,0472051dc57d43f8b9dd08df475fc4a3
46a274267ab54ead8270c0e79ff16753,0.828965,5a26ae7959494fef99542e9b2004fd11
727185eb6c4b40c7826be433f5a5d627,0.8289015,23066f7964874fd39639dbf2cb2766df
52b9939de81d456e831c97f43e912728,0.82871825,d0a840820172465f83c8480d571e7b71
77061464d801457a80b33cbbe0f017f6,0.8262281,d4cd0b56b6f54e08aec8ebfdb6122c5c
98d13339052248b0b3c45e976da3acf5,0.8237015,3257035cc77946d98bdc09e2fdd5cdae
d0c34b42e0ea475cbec6f473103ce609,0.82350874,e039a00eae414ebbb2205b011ac127cf
12274ca89ccf49bdb0903f80560e3d7f,0.813282,c9628610053945f4a7998ae48cd70da3
9d11c4d6d3fd48a6886629be4969f055,0.81230545,a0fe3cd34e474c3b90662ce8ef1fcac6
28f694942751431c839fe1d22e753e1c,0.80912423,7cd1db4b50dd41e6b2f3dd15fcab3b89
e2543c3614294b10b21429f6a412dd3d,0.8086126,ff715b4f228443e3b067c801250f3402
7c4376eae79f4bb992d0bbb206eaebc1,0.8059788,c322b788813745e0aa7b592b4345d379
0499bd7b39be4304b273f17a516f2eaa,0.8039035,80921378de2b4cd3a14d449688d8b079
f7d9f745835a44c4a947a141f080ed24,0.8031095,c0cb721b56f240dabf7f464e453ef72e
0cb422afc9b5409dbdc542e32e32d01e,0.79528964,965598a17b624a0f9bb1cd58595458a6
2ae6d89874964a38a8d1dadc9efeded3,0.7918093,89e43b092c844b5886a93091a22c894a
ee6aeba966504751952213ca4d85796e,0.78787804,3b13d134762445cebcdbb02b484db77b
70c5d0168ece4f13b8553e469845fce5,0.7805389,c0cb721b56f240dabf7f464e453ef72e
383e7cf30f234aaf852e3f30de7879ed,0.7777486,4a4eb12a639346b5a00557d54b51fe51
5880fbce1031460b8097717c0e258b33,0.77688205,e336d113184c4ebdbad7aa2b6ec64640
c40beffa8f0d4679bafb1eac1d38bd5b,0.77506405,75b0bd2240a54f6fb45bf95ca43ab5e6
413423a32eba46c2b7def04c66e6f9f2,0.77179253,19c9ac7b84df472c85ed6cf5a05fbbc6
1089b153884e4aca90dce90c11539615,0.7648422,b050e9e1ef5946c297a34dda98d8f476
63c3f37ef5c1455db7914313f0e0be1c,0.7632814,64fa5ce839ef406b9bc8a1b2f05094c7
36b74b7a585a45e796fd8ff39bc60f3b,0.75524986,e5692bd498004d32934fbaa05af2120d
553209cfbadf463eb60df32bfa7da770,0.75474226,65664fb3aad341fab563409d91dddd2d
8564aa88c0c6416890eb773a1c47d701,0.75236964,8a77dc665d8b4d95a0b1113522f7e9c3
e2b879e36e484b0992165829229529ec,0.75020826,27eee82d7fb94b9b8b60bd3101187496
b2f096bfd95f437395470a39b9b6ada7,0.7496341,f5a6222612ef406b8f02aef87e08c476
b9135422e0ba43e19be118d0eaae294f,0.7494359,d981f2c67f764e0c84af125b563958e9
74ee886c358c466b93e307e28af9d52e,0.7466676,7cd1db4b50dd41e6b2f3dd15fcab3b89
27ac7ea2481844079ce6ab849edc3901,0.7462766,526ab7eda50e4a239d03ad505832d61d
de6f18bac6e4441f8dd17e252f1d993a,0.74491143,0ebc441d25664c91adad96b570270f07
8afe31852af94133a8a0e21f4b27e5d1,0.73841476,37337ebec05640b890e4b9612776c32b
4d2df900c0ef4261878a1ee108ac520d,0.73662114,ec281224f8ee419ebde676f291672aea
9c33f1dbb3ce4d8f9a3262e5fbb55cda,0.7360263,779d7c2bad1940c8a861451964e1ce01
1fed8f37e5d44fa599aedccef449767a,0.7355962,bab3bdc133384798b558f8fb6466a7fa
4eef43c568d642d0b7a75932102cd2f8,0.7336625,8aadcf7251724cc6858dc0db44abebe3
583a781c0b984086a93f2f1c7c5f98b9,0.72627294,f0695d7e59d64941b510a3d12f801d59
1950440f5ca34d0bb2c737f896ec3b16,0.72021294,c322b788813745e0aa7b592b4345d379
91af71c421dd4b9fa1252bd59cd4afd6,0.71959174,369fe18b94f54c98b554fd22b4a3b50b
55e30898427a472799115a2e014580a6,0.7188214,d74f6e7abeb84eedb9923dadb62f45f0
fcaf0031ba12457ca8cd515c95fea22b,0.71818626,bade01bd83ec4b6786fd8c867ca7a090
2b4fda504eff4531832d7897265ba39f,0.7153121,d79afb377f5349a69830b2b4c7cfefcb
48ac74f9b05a4b4da78a5f6497555631,0.7092072,a0fe3cd34e474c3b90662ce8ef1fcac6
411837e42b564c399e9444d5403a3734,0.7035818,e52a528036014db0a7bd54b99a310fe8
545abc5f61374dd596a546e619a12ae8,0.702778,5a73e0a5c757410eb0928feed7b151c8
7771343be99843f58171d62a3f040005,0.6853272,e52a528036014db0a7bd54b99a310fe8
a879a1da30c4407aa84b5fea90b60f32,0.6842891,6c74bedaa406493a99988c5b8a47b704
b7734f7f37a349c491b96e42059f61dd,0.6767292,bab3bdc133384798b558f8fb6466a7fa
20256e6cd14e4624979db79d84582573,0.67666006,fe6ace599de44aa19b1773dad3658fee
e16ea80e38c340678ef8f73bb189fa64,0.6731844,cc21026ff0d541909df56c5618d28518
9b5cafae0dc14e9ba24b5c6db5381eae,0.6729621,23066f7964874fd39639dbf2cb2766df
64c90aaee7904b2ab8098f0dfe8cd516,0.66901815,d576e334105247369362b05a375e88cd
3e8ebff2d8524f5aa87e3d2117dcb463,0.66271615,e7d6747e8c8b4ebcb665e232240daf17
1caf9a18d1b74dd5b4b7841f5fa7c12f,0.6606493,37337ebec05640b890e4b9612776c32b
c8edf9162b024bcbbab1b1a81987a40b,0.6598835,1cbfb22f84454b1fb821b602e3ad11f8
1b6f4307fa4e42cda9018c5085947b48,0.6522285,66b0c8a58f444ea0aec34d9403b88a49
e10cdddb573548c0bd3d9eb0cef37f37,0.6519561,d0a840820172465f83c8480d571e7b71
beaee44c26404f84a56c0c185b5bf1be,0.64865816,e96aa0967ab94368b381354e03dc40ad
34dd2bcde19344c69a51099dd39f23de,0.6438046,5a68e05acea4434ba08e17e1fff00057
249dee8be73c4f019ebfc02f74d02ad8,0.6379652,640f3bd184b7425fb22cc7773b8b2244
c4060e0878a944af9730a8113eacafc9,0.63789546,37337ebec05640b890e4b9612776c32b
662c1dace3274fb79254a1e59f299ccc,0.6376666,7a4c413f5c844796bd5ffed2b65f0336
bcb1b70968a74d41b4f3b9dc27129974,0.6365825,b050e9e1ef5946c297a34dda98d8f476
17ef3923d27b4a0d99dbc74302d79924,0.6340659,e25b9d9944cb4d7197efb8ffc4ff57a1
b9500ef3747d4220b748183372d8c2cf,0.6337191,f9fae977af2c4f35b29400f31267e170
8f46f1c9e7dc4f0184c02d6fef8f3708,0.6330372,b4150337314e40fb9e3ebb24514504a3
00bddd864f6b4c06bdae75aa6a690693,0.6284672,ad2109663af04c549385cd2ab9b3283b
824e34ffddf447618c176cfb2577eb45,0.6222326,965598a17b624a0f9bb1cd58595458a6
174e16d27164468ea679a619b853b1a6,0.6217009,e96aa0967ab94368b381354e03dc40ad
4762d831f5884e25bb3eb6e73fd283fe,0.615814,d79afb377f5349a69830b2b4c7cfefcb
ce7e02187e74451f8fe2511db0fed0fb,0.6141198,779d7c2bad1940c8a861451964e1ce01
0785e71626c6454dadadc8359e1f696a,0.6118171,640f3bd184b7425fb22cc7773b8b2244
f6577f16e3764b67b1b06fc24d9379bb,0.6099693,e96aa0967ab94368b381354e03dc40ad
299ada2bc5ef4534ad5e0b1b7d10e457,0.59987426,e02ad4f63c8444b79a7a56fb23a4e0f1
47bdbd87490b4698bcd3b038c2baf6d4,0.59949064,4d708e5878784386a42c2f436d2d60f0
41e25db024634f619358f3093d8df1e8,0.59641767,3257035cc77946d98bdc09e2fdd5cdae
37cf2461e5cb4c8fa0b0751436bfa69c,0.5957104,92229a391d0b418f87b32c86c42a292c
51ece51608b24f22b0e8d026f5e403b3,0.594208,983940e0b12e4186a281c36de657406e
803ab31024764a56a2ac0cda5c79c69c,0.5929684,11ec23965d2941d0817082107996ebbb
0f4e625476a041c88fade20efb2eabcb,0.5925137,64f1d63a671d441d9663a783f632f794
8278ffeb4f7e4854a015f434887473a4,0.5920009,700f381f40ce4b039ce0df8b49fb199b
587c1d4811034d7d8e3ccdb4af7ddbe1,0.5901043,e25b9d9944cb4d7197efb8ffc4ff57a1
fb4a9db6c94f4a49a12fa4071706242f,0.5819204,f0695d7e59d64941b510a3d12f801d59
88769fc17b0e4f3a9736d45e131659d9,0.5810691,ad289d5052264f9c8bd0aaf9faace92e
5be3fd711b704af39312fd1561b95353,0.57746434,9170e0bb8fe44b309f83293808d871fe
2cd2c87b068749a492cdd369cb60ef9a,0.57670337,fb695c097d5845c282f6b30c241e8cf2
af70750bd219415e93fc6c35e802091d,0.57650197,903360099fb644b6b88c6edac88eecb2
523ac70af19e4d6988870738be0827dc,0.5732843,1fde4c9a01f84c349461083b6d0ba9ed
4bb93a70efe949939c13ce6a18678093,0.57238567,77a8b27acb0e4600bb6ff974eabc269c
620d85d5d0b947dfb2f0574a0d4dfe72,0.572141,8db9e204b8b841df8fd94eff0888cdf7
b30b809bfd8141fb9aab99fe056092d2,0.5706674,65664fb3aad341fab563409d91dddd2d
91e6133ed3e2412cbd4f9450388c7eb6,0.5668616,17cc6768c9d14388b7455fea0060b62c
003d3f2fc0d74fc58746a9d38d310d8a,0.5635439,6b9b2c8f0a874bb8b6691aca6bc49565
844cc162c90c4ad0bf5be9750450f4f7,0.561386,89e43b092c844b5886a93091a22c894a
c244f9298eca46bebe8382249b3a300b,0.56134737,e336d113184c4ebdbad7aa2b6ec64640
3b038bed6122476bba5c73f7188efdcb,0.56057364,1d47a696eae94bd29f215a4787b27d8a
6339e9726a4b4ebaaf1b22a56c33b779,0.5585995,564a84b1b830407e811bcfc7fd086a6f
e20a7ed561e1414ba269129124fa8186,0.5569453,f5a6222612ef406b8f02aef87e08c476
af56dd5a3d1a403c910f7ccd67f42dd5,0.55413485,23066f7964874fd39639dbf2cb2766df
f66bd53c07c7410ca1da94b1c1f96480,0.5521385,a0fe3cd34e474c3b90662ce8ef1fcac6
93879e26ebe547db997c77791c3d7fc1,0.55152136,21b1ded02d7b42618592187e287835a3
10edc8c73a904e63bc4317abfd0d7213,0.5472463,66b0c8a58f444ea0aec34d9403b88a49
9abbecd3581246798ab524e018f95ab7,0.5461559,31b69f9501c4415e929b6af28c83f6a6
fcde1e3b91aa485688682e6fdc3c24e8,0.5442916,1d47a696eae94bd29f215a4787b27d8a
726d313084b349baaffae4f209998766,0.54306984,b050e9e1ef5946c297a34dda98d8f476
fdfc870c19de4b5e99b1b3cdb4acfa39,0.54218936,a585d23fe43f459ba86ac15645af77ff
a18a19c2ef80495ea076e2ecc882c7e7,0.54191136,80948e17b5694599919e1502bfcc08f3
ba4278aa214b4c66a8da0220e99b2014,0.535712,fcc9863b07fc4bd5a01fab5b9160eafb
1ee540e56f46476f8d452e04f0490075,0.5333815,2768d411cc374a018a898f9df0ca207d
074732e2729c421abe906cc4077f1eae,0.5263486,369fe18b94f54c98b554fd22b4a3b50b
33a87d7db931410abdafbba3321d5b5c,0.52570593,8db9e204b8b841df8fd94eff0888cdf7
eb5fe491e3474e81865751ec9f52b3ce,0.5190601,1af4472b38cc4304841b2f1720075c9d
3fa1b0de6d4c416189e62ee40264edd1,0.51820093,e27d9425c912446e947fe53c4a757375
d723c3032ecb44e187744c460cd06e8b,0.5172378,00f45d57fd3c448d8cfdf3185ebae894
6d86d0062e7c4ab1a1c263fe7418697f,0.5172043,e336d113184c4ebdbad7aa2b6ec64640
d6b4f4ad86b24c25967551b42462c386,0.5156611,d443e0c5017d48d1b3f86bf4da959ed5
1e3ef31d6bdc469a89c1eaf71cbead2a,0.5112347,e5692bd498004d32934fbaa05af2120d
67a610b0590e4dc98c6ad2de2c47446b,0.5111747,64fa5ce839ef406b9bc8a1b2f05094c7
9e428df718b04a159edebe604bf4ab3f,0.50607425,c8b9a0ac7c214a449c434aabdf6ef770
b24046864bc341499137c0e4a5d92315,0.50175846,82b01998353e4141a7613fdc96d7b600
76ffb89b5ba84a8788d68f4010821e12,0.50108266,c0cb721b56f240dabf7f464e453ef72e
1e61632437f042c89075c565adee2ded,0.49804664,dc58564d0c8540bea4f3e2e3696deae8
54371d2d71dc41b99b9d79ae757b5dbf,0.49254447,4a4eb12a639346b5a00557d54b51fe51
87097861fe6e492abd016be0dba27ec9,0.48720765,9e304a9bbc7b4c22af8025fc93757357
3d87a00da06642ab94224dffed6c2ef5,0.48488396,c9e2e76e631c4d0a8013d90892350e06
356781d87d504d789e58fd87a987a67d,0.47547823,fe6ace599de44aa19b1773dad3658fee
8fbf0e065e2147b39508d482b6af3901,0.46651232,855b3971c4a147cfb9a7c281fa6b915e
16242654caa64a669f249360ac629e5a,0.4664725,3be388c9ab614bceb086c19f70df23c2
d279eb260acc48558e34415c5c588926,0.46377587,7cd1db4b50dd41e6b2f3dd15fcab3b89
5d32b941bc394464a6da8d1c78aeb3ef,0.46366596,11ec23965d2941d0817082107996ebbb
278a6d1334d949ac865e60b6199bf59d,0.4614715,a926df6d7fcf4b17b68dae6f41fbce66
93851d403349407996bba1dfd7457f79,0.456074,057164cf4aab45ebbefef3409359cfb1
0b887e10733b4259bd5c30a1c724ff50,0.45215732,fb695c097d5845c282f6b30c241e8cf2
7138411c54ee4ddc9519ced57941eb3e,0.44798326,78b600dd53854b018f87267d268b7b1a
3e7d386674184d34bfa0757dab4b3681,0.4464321,700f381f40ce4b039ce0df8b49fb199b
bd346d134e9046b592df35bc13397ab2,0.44139698,0ebc441d25664c91adad96b570270f07
305e57d28cc74f018c0ee4a93fe92c0b,0.43915808,a585d23fe43f459ba86ac15645af77ff
d5491c8b5caa42bfbce7ed937032b28b,0.43844128,46ba0b979a664c7cb0c315c4cde6ac86
94c480de369e4fcab0aee54d6543f90b,0.43749997,630edd9b8f754b5dbd36cfbbd03ccb51
7347c822edd443ed856998a70357afd0,0.43567133,8a77dc665d8b4d95a0b1113522f7e9c3
b4aed3fb5b3f491b99ace5c051b75eab,0.43483353,7ac9c94011924c09b47f9640211885a2
d783d92ce7464edd930cf3e6a5a3ec9e,0.4294405,5a26ae7959494fef99542e9b2004fd11
3e85ec80c479459598052f2abc51cc73,0.42935157,c9e2e76e631c4d0a8013d90892350e06
3088711035bc4a06b3595ae315f54fb2,0.4288686,c9e2e76e631c4d0a8013d90892350e06
10ec284856b64b33a3f1095d708227c6,0.42824173,f5a6222612ef406b8f02aef87e08c476
f3f6ec5a1f4a455297eaeeb1145a0d7d,0.42812303,6b9b2c8f0a874bb8b6691aca6bc49565
4b3202343ccc4337aa099b8a9e046db5,0.42747298,e25b9d9944cb4d7197efb8ffc4ff57a1
0f3dc35d3b4a40e79c0af54b9b3d1f66,0.42487013,fb709e29755b44988bb252c87a2ce2f3
1c0be8da9cdf4be8973e0cd18f5f8ebe,0.42443824,779d7c2bad1940c8a861451964e1ce01
1d2a027561834f03b680a90079cc8e25,0.42430073,4696c8192576454f8684954bc771aa23
eead86464fcc47c9a4330692646f0973,0.42355677,1216ce1ef31e4643bb1222538c206342
52bcb0a99aff4ed18c8fd7fc24e687f6,0.42231244,7cd1db4b50dd41e6b2f3dd15fcab3b89
99a4beb62cd744e5842541fd8cc9f61d,0.42033762,678725f8b914453fbc1029b7c1bc0879
bc3dcde96af9406186e1b5eb3b8af798,0.40835226,4696c8192576454f8684954bc771aa23
07d706541ba64a5a860673ea0aff78bb,0.3969524,3b13d134762445cebcdbb02b484db77b
7fef3b2e0481482fb860ca2b3db02567,0.39633042,9b22c5cdbff44bdabd48dba008e6a3b2
caba51ea4cb243dc87741ad2c31130b1,0.38158092,ed9b10a2879742628fce003076ef9024
8de833e138ae4924a0cc47129cde2cb9,0.381442,1216ce1ef31e4643bb1222538c206342
3ff3a9f9ebdf41968cac02ff122f56eb,0.38041937,c88be17376104f999b914a91aebf7220
3710bf2a11584bf098b45d14f2308ef2,0.37350196,ed9b10a2879742628fce003076ef9024
b68aafdc6e7b4188a9506c869f83ae96,0.37262666,6a33c207c8b648f680dbd0e65639ef04
99370de3bbb74c12a92ca24b995d92b1,0.37249267,4430d47e30904eab969c1baebca184c0
a16486024d12452a9c7a4d88c7fc5efa,0.37241298,6c74bedaa406493a99988c5b8a47b704
a35d09d1bfff474a8029dcb3bbbd32dc,0.36952138,e5692bd498004d32934fbaa05af2120d
64e8bc2bd44d4328bac29a1ed2e655bd,0.36770952,8aadcf7251724cc6858dc0db44abebe3
00989f2d41344337a67e440d6506b9cf,0.36631703,73e7e41e8db447c09cb2363d76556c64
b5db665a6be74d6d917e217bae5f59b7,0.36590207,21b1ded02d7b42618592187e287835a3
76e51865ac6e4b1c83433a9fee78d5cf,0.36112714,a1d8cb16dafd4126922f985021e93631
75a44d8541fc4f6db502671300b2ea97,0.3576066,fd51f3eef1a64d9a93652be481bde32e
398dcfd9b9434e5aae4fbf7f5752d33e,0.35567814,ff715b4f228443e3b067c801250f3402
c8505b52f0aa4beb8144837de094973d,0.35252237,2425086d8eaf44d2a9519f0e4e6b289a
4dc64707bd42424f82f84de41d91a5fd,0.348539,3be388c9ab614bceb086c19f70df23c2
4f6887bfd8d64e9c96cb60b2fc428027,0.34636343,526ab7eda50e4a239d03ad505832d61d
1d79bd154afd47138f529dd6f1d52902,0.34385908,c8b9a0ac7c214a449c434aabdf6ef770
b3cc119ea5494c5d93fbf4b7d29ec6e6,0.33779025,19c9ac7b84df472c85ed6cf5a05fbbc6
72679574292b4dcba4cd8bf82996bc5f,0.33605972,64f1d63a671d441d9663a783f632f794
22831856b4ef4ecda0ee60656417b904,0.33090532,0f9cc12519eb4872af7be7fe49e19f59
7522f624f59c4d74a8703781e00414c0,0.32951796,5a8cc5ff28fb4359afc7e9fcbf3bce55
2fd2926eef6c41939266c5d6a5803999,0.32912064,eaca056cec224a30aaaed30c39f644c2
794516c691a54f63a105c96bf716febf,0.32495612,1c97c72e076f40fcadb22b17e71beed1
c11c77b1b50e475e8b0a0df774292211,0.31992346,3257035cc77946d98bdc09e2fdd5cdae
c00b77da1a6749149b7830ba636d7101,0.31682485,4a4eb12a639346b5a00557d54b51fe51
ac2d96b937b24483be886056bc0c2b67,0.314995,23066f7964874fd39639dbf2cb2766df
f54fb64fd5a04f3ba5c065305856b3f5,0.3124405,d6fe6f8380464e21a27fd69de27f1f57
c5487b5f9cec423b8ea3117173949a1c,0.31201792,0472051dc57d43f8b9dd08df475fc4a3
cb70763b642a49e48c7e66689f180efb,0.31120753,0ebc441d25664c91adad96b570270f07
87773e87aa4246ecb99c535106be1412,0.3070738,acee70abee2841c9b67b95e9ed079647
f1f565a6c118448aaf377cc5c5ec0abe,0.30518365,1d47a696eae94bd29f215a4787b27d8a
f99339dff24a46dea0ac6862299d7024,0.30418003,1cbfb22f84454b1fb821b602e3ad11f8
362c00f2982342a8a518f57f7ec9a60e,0.30356634,2768d411cc374a018a898f9df0ca207d
9557a396825b49eb93cedbab96019843,0.30305064,23066f7964874fd39639dbf2cb2766df
064ec184b18e48e18255745eb01a80f5,0.30123603,640f3bd184b7425fb22cc7773b8b2244
d13abb2f14514eafa77e5ef77ae45be2,0.29456693,6c74bedaa406493a99988c5b8a47b704
78058b8902c5442880e64005e19e3f06,0.2931939,678725f8b914453fbc1029b7c1bc0879
2de4480d7e534fbb8564efefe43623d1,0.29029167,37337ebec05640b890e4b9612776c32b
00bc1d895118471ea04c2ee6a3ef3f22,0.28581297,156f393f7ca046299e09d05464afa056
0478a4dd439f4218a9194cd283b15aca,0.27882853,ed9b10a2879742628fce003076ef9024
96a40dc922f94bc78c39fadb8ecbd263,0.27851605,b7ef0a61de0e4adf9688b2c525c9ad09
d896778ef12545f5b79fbe84a1c9ee58,0.2737857,80948e17b5694599919e1502bfcc08f3
9c541c2079a0420298c16b25b87beee7,0.26478702,d42996c2b67443fd9b73bba7641d4f77
07e166148b304b0b9c003c015628df76,0.263961,31b69f9501c4415e929b6af28c83f6a6
9267609a976547b19a2cc08683835f4e,0.26087463,257aed6ca7a44f1cb5c664beb1be527b
d89a3137737e42bc94b53fd641bd17a4,0.2536829,2768d411cc374a018a898f9df0ca207d
c5c5b71dc4ff4e8cb11769f0b2cd9907,0.25310802,1fde4c9a01f84c349461083b6d0ba9ed
69f55093e5564ec098780c2feb474e04,0.25055873,ad2109663af04c549385cd2ab9b3283b
69fc5af906524d06b5c47a8c984a7199,0.24656814,e27d9425c912446e947fe53c4a757375
acedb352e247418e9c82dcd73b857c82,0.2415384,eaca056cec224a30aaaed30c39f644c2
3cabf7db885244c3aef797eb94b75b3c,0.24125597,17cc6768c9d14388b7455fea0060b62c
b38ef262d489438c979703e3e503f1b7,0.23837571,b050e9e1ef5946c297a34dda98d8f476
b627c84048a742d292cc9adc0f36f58d,0.23828912,5a68e05acea4434ba08e17e1fff00057
48aa588059cd4883bab6da96a75c16b9,0.23752594,aa2d7a3a535243189492d4ce8e79c049
fe866322e3f94718be3a75be3975a37a,0.23262835,9b22c5cdbff44bdabd48dba008e6a3b2
9d3679e8828845c6be8f7376e953d216,0.23245767,82b01998353e4141a7613fdc96d7b600
57cb6a69463a4f248087b39af146fdc7,0.23195016,0f9cc12519eb4872af7be7fe49e19f59
f854f94037cd4d678dad33c5ee4d0dae,0.23041195,5a68e05acea4434ba08e17e1fff00057
9f143dcef5ee44dd89610738332533b6,0.2287054,6a33c207c8b648f680dbd0e65639ef04
335322101aa0491c89fbabfb87c21ad8,0.22506976,9ff95d23c3284d31ba5e398afa520649
0ff2646f55f04a5a93328204b6fa099c,0.22432229,31b69f9501c4415e929b6af28c83f6a6
c896b42105de4a53836bb12899fe2cdf,0.22065723,19c9ac7b84df472c85ed6cf5a05fbbc6
de06cda8b2974e1faea48a81f0d71342,0.21929443,6b9b2c8f0a874bb8b6691aca6bc49565
244bf3fd283440389af52e02feb70e02,0.21774805,1cbfb22f84454b1fb821b602e3ad11f8
8c55cc4f7bc44ef7b9210ff7b7595435,0.21690023,75b0bd2240a54f6fb45bf95ca43ab5e6
4cdd959af2f14b51bed3c4107c2f0405,0.21252954,80921378de2b4cd3a14d449688d8b079
3f284acc005e4f23a2bdf5b45700c4cc,0.21047664,f9fae977af2c4f35b29400f31267e170
b48f5f444c3140b38a8e756e57fd042c,0.2098031,9b22c5cdbff44bdabd48dba008e6a3b2
73d822e81eff46d9947b9854da4db52c,0.20642343,95fbc6ed8bfd43c1a6bcf676e26e7f8a
a7696e4b2a7b4a87a64c7bf5ced3a129,0.19546217,efdf40eee13d409c9955e5b84e4408f6
54189dfe90d2466b990b9dd0c5484606,0.19065087,89e43b092c844b5886a93091a22c894a
5a37cdd19ab741ca8f65dbc2e207ac65,0.1873622,650afb6a1d054e59904a1b796552eb04
e68a3201b5e74913bc61894aae617101,0.18362641,b050e9e1ef5946c297a34dda98d8f476
b5c4664ba26443dba0dde05295158123,0.18337119,564a84b1b830407e811bcfc7fd086a6f
ec892733179f48d7b907594ba63d8431,0.18149146,d79afb377f5349a69830b2b4c7cfefcb
d26040150be642cfa0310e083cc0d204,0.18147287,bf59502a233e4b5eaff9cfa3a992c387
0a6d5cd06af2452ca1b3a4657d9e0767,0.17793702,d331012ecf0c40888e0ac290184f0883
0237bcef8eb845aaa48b53436a3ea75d,0.17686188,eb513691b7a04d31ab1bc50bf343447b
98a56450793d4447a21350dcb38b80eb,0.17484164,efdf40eee13d409c9955e5b84e4408f6
b2e0675fdf93468a8fe7f4992e5ac02e,0.17404205,a1d8cb16dafd4126922f985021e93631
a082e18320bf47fe8c3c9506d626862a,0.17361319,b4150337314e40fb9e3ebb24514504a3
6b56add8c1e8488e9e85c4085e0cadc9,0.16980949,d443e0c5017d48d1b3f86bf4da959ed5
f2210503df2e4ed297faefd9a1152e2c,0.16552538,8f761e1117754656ac86a3a25f241cd7
d31e037b260346c3baa01f229c4aab45,0.1645416,c26f5e7dcc8149f18f3d719bba9ae717
8b5c517e199245b2b9ffe9601e9c5fd8,0.15518513,92229a391d0b418f87b32c86c42a292c
9938803be0884fc282a350a72835a9b9,0.15022385,4a4eb12a639346b5a00557d54b51fe51
42b1aada557b48a0989c6a1c05378299,0.14484265,17cc6768c9d14388b7455fea0060b62c
fcd3d852367e464bab386817f4536abb,0.14274931,9e304a9bbc7b4c22af8025fc93757357
d3e12207d56644628943a01c0cdd93ed,0.14118004,1216ce1ef31e4643bb1222538c206342
7f8ae3801f3441f696f05e6cdd70c2fb,0.1406951,156f393f7ca046299e09d05464afa056
6f5aba39f47a4d7b87f4b50122d8b660,0.14061397,7a4c413f5c844796bd5ffed2b65f0336
a2adf2cbae1441e3a30cb0ce1658be8f,0.13877475,c26f5e7dcc8149f18f3d719bba9ae717
ac99786a858b4fa2a4aab5dcdd49d652,0.13810211,6a122ce1702646db918266228d48bd08
69705e3d3da0436881b25f42d2a6f102,0.13698177,4d708e5878784386a42c2f436d2d60f0
9d9b4852b8034985805080eb49678bc3,0.13649923,a1d8cb16dafd4126922f985021e93631
cf7564fd313c4802adfcab226cb71a73,0.12864536,965598a17b624a0f9bb1cd58595458a6
daaf43ca009348bfa676ca06cddcdf61,0.117604375,a1d8cb16dafd4126922f985021e93631
a5d7fc13c59d4aef8d24e5d15dfc363d,0.11506423,4d708e5878784386a42c2f436d2d60f0
96bc1d7521944aa9bd60c810ef28080a,0.104804754,b050e9e1ef5946c297a34dda98d8f476
2f0bcda66cd34231b3a3822dd57f7f2c,0.104421854,65664fb3aad341fab563409d91dddd2d
4b984f558f9e4236b12f8875520bdebf,0.09801042,e25b9d9944cb4d7197efb8ffc4ff57a1
5a9a922465d14fc6b190a50e964695f5,0.0979048,6a33c207c8b648f680dbd0e65639ef04
ec947b46f577485bacac003c668ee2b8,0.09466934,d74f6e7abeb84eedb9923dadb62f45f0
2fe38ce318ec41e091618386a291f79b,0.09168565,e96aa0967ab94368b381354e03dc40ad
3427373bf8314ae5a87677132dc4874f,0.091383815,8a77dc665d8b4d95a0b1113522f7e9c3
78ba6aa176c7496d85a6fdee9dad62f1,0.08953279,fe6ace599de44aa19b1773dad3658fee
56f20fa9e0904380b48d10ec3d81950e,0.08533323,ff715b4f228443e3b067c801250f3402
91c0f6c693104690921ae87324e06692,0.085214615,73e7e41e8db447c09cb2363d76556c64
61e1612d7fad463ea1c28d21bdc98513,0.07452822,82b01998353e4141a7613fdc96d7b600
8dfd5233498c4be2b88b2b71cf67ed64,0.071690485,11ec23965d2941d0817082107996ebbb
18256c30bb5447d2bc0c5b2c56f67811,0.067118645,bab3bdc133384798b558f8fb6466a7fa
ff15583dc30644238b32a7302a039764,0.066271424,b2be859ca8f24cda86821d5383edbc18
a7e8389d66b049749ff42ecf8384fc99,0.065957904,ed9b10a2879742628fce003076ef9024
17b5e130e0444402bcedf9400cf07aca,0.057158947,e456afdf95e643dd926249fec4d68753
2c379dfb72da44e9988beb15638fc7db,0.05659443,6a33c207c8b648f680dbd0e65639ef04
292a36cd38ba43bf86a043e2de9d7bef,0.053777933,eaca056cec224a30aaaed30c39f644c2
a073ad7e6cff44bca20e23485bde2461,0.050108477,e52a528036014db0a7bd54b99a310fe8
c3a842974e16433d9488c7df87df853b,0.048404068,92229a391d0b418f87b32c86c42a292c
38b738aa374d42a1b20afa63ccfcfd62,0.04720834,01e805bb5a1845a7addf86fe9bc8d814
7779e19852544c0a86ee54cbf58acb3c,0.042206764,e5692bd498004d32934fbaa05af2120d
0c2f43def73f4f3a89a64828f97dde43,0.041540146,a6a551a308b9442f947ea0608ae2c3fb
f230b42debc04e9ab59684ae05e721fd,0.037335724,9014beae94cf4f648e1663c8d5ec6803
1cab9ba05da64cb6a34b521f9b039303,0.034490585,1d47a696eae94bd29f215a4787b27d8a
c3ff9a50b4c1477c812af51fd7ce9489,0.03385657,630edd9b8f754b5dbd36cfbbd03ccb51
3bcea4af010844979851dffe0c194e96,0.033746958,0ebc441d25664c91adad96b570270f07
7e1df8a5aabd4ab88cff299bb27c308d,0.027705431,0472051dc57d43f8b9dd08df475fc4a3
a2efdf5f804f446e917399345898167f,0.025114298,80948e17b5694599919e1502bfcc08f3
46f0f2692fe44c88963712d6f65f6dbb,0.018182814,678725f8b914453fbc1029b7c1bc0879
a1ea6d619e4045668556cef7645bb76b,0.013926089,9ff95d23c3284d31ba5e398afa520649
5854ad482e74460797366e8eb405b2e7,0.013446927,b7ef0a61de0e4adf9688b2c525c9ad09
a5af794012384211a60360b6b1752339,0.009110272,0f9cc12519eb4872af7be7fe49e19f59
fae3e9acdc1c4860bb50119b70effcf1,0.0062224865,ecdae9f36c6a437ea72739febbf1c89c
be7a669164c1423c8ebd0ba23ce48329,0.0044477284,e52a528036014db0a7bd54b99a310fe8
