886b1cde3d0e4f1db12bcb160b6f357a,9.425673,0302e7dde9074dddbbbdf85e9be57901
69ac3d3d408a45fda23c327ed1f2678f,9.1845045,1d47a696eae94bd29f215a4787b27d8a
55cd381ef54d43069999636fdbce998d,8.453494,46bfd7af0ed6491fa621350963d11e35
b324a5fe4a374e51a39d53b0b235ca94,7.852562,c88be17376104f999b914a91aebf7220
85775741207d4d1ebf2ddd8ec7d58102,7.114362,80921378de2b4cd3a14d449688d8b079
71938515de5a4c74929e6fa8edb97420,6.944295,c9e2e76e631c4d0a8013d90892350e06
3c1c6d5089844fbe90e18a5fdab3bee4,6.9024477,8a77dc665d8b4d95a0b1113522f7e9c3
277c71d0965642b2b592f9a48534fee7,6.815481,c8c201e25c0047a2ba9d9e8541ac0939
6cf7328bcc2c487e8e43953245e0f4af,6.604321,0302e7dde9074dddbbbdf85e9be57901
dd7aef966c97433eaa394c033bd3ed81,6.4286757,e27d9425c912446e947fe53c4a757375
a1855c7563c54b5c86e2f73c5fe9f8d7,6.38638,640f3bd184b7425fb22cc7773b8b2244
7f8ae3801f3441f696f05e6cdd70c2fb,6.316403,156f393f7ca046299e09d05464afa056
aede09058c264aa399a460be910cf10e,6.1552672,02cf82700b4f4773af3a14ad8eaa5270
9894b55999bc4793bee78babf6df12bd,6.1023407,09fc9f38fbbb4bfaa1c979ac9cc43f0b
d74e7c71176e4554969cb9fdf7d1986c,6.055589,34b71675a1ae442395b6eb1f3eda23df
dd207a6be6fb481c941ff42092bbb3da,6.0380573,34b71675a1ae442395b6eb1f3eda23df
e980c76243164587a41b4adacf1c6b50,5.9490886,58db4c3a26c84fa68d81235d078208bc
999fb1ffa3824b0691a5dcd65625f30f,5.8800607,2a9658410614443d8a27ef174f61d6e8
d2bf482573ea4097b41b6bc649bece51,5.876881,01690d9b08164fcabd5bf0819754f71f
518dcd746ac344f692cc34db6c714430,5.8413925,4ad7e2502210436f9ca5735fdf7e50c3
1e008659e5994366815fe158a9f9a26c,5.790882,9e304a9bbc7b4c22af8025fc93757357
dbedff835ba847d386ac1cca87b2c7bb,5.787814,6c74bedaa406493a99988c5b8a47b704
17f9d21a0f2849cd89f1718c3052e82f,5.765818,d79afb377f5349a69830b2b4c7cfefcb
fdfc870c19de4b5e99b1b3cdb4acfa39,5.6840186,a585d23fe43f459ba86ac15645af77ff
3e1186b551804ac0880d688f4ad41f5d,5.632153,17cc6768c9d14388b7455fea0060b62c
4710bc4b3f9547e4a1b836e957787a46,5.609487,a1d8cb16dafd4126922f985021e93631
a72d6ed397c64fa7ad1aeb46a417fa4e,5.6020412,8a77dc665d8b4d95a0b1113522f7e9c3
05c94abeee1e4897a6b14e8c36542ab6,5.5997105,5a26ae7959494fef99542e9b2004fd11
cb3423afcfba4d688aa9cd2c23cf0c69,5.5901275,46bfd7af0ed6491fa621350963d11e35
fc06ca8216b146f1811dbd89c4518c42,5.578278,6a122ce1702646db918266228d48bd08
0c472016621a42b2ace086642ed58917,5.56052,92229a391d0b418f87b32c86c42a292c
0f1bdf98cdc7472282cb0375b87b3ba4,5.5453224,6aaae524573f477f8fdef0b83787cbee
bee778e5989a42b98f01c3f28373b730,5.4625683,ec281224f8ee419ebde676f291672aea
195aaede1fda491bbf8495b564c9d001,5.429207,f9fae977af2c4f35b29400f31267e170
ba86837d26e64a5095e50f614cebc183,5.3889823,92d5da561f5a41bf929f3555a74cd653
a2c99cf18b24478a838bc5837a75721f,5.357135,d4cd0b56b6f54e08aec8ebfdb6122c5c
43a78998b5f14d87bf9883d669a9ea6e,5.355524,d42996c2b67443fd9b73bba7641d4f77
fc20e7b4bfc243ef82918b7c93591747,5.329831,a4cad92644614f78bded3ca6d6023473
4d11f7b70f1b430697bde44deb6f6e8d,5.2703586,f5a6222612ef406b8f02aef87e08c476
9fa9673a6edb4e15b5f57d97a0b16037,5.215435,4aa3556b2aed469584c573868193a07a
d8da57bead4f4bd8a90f916f7cd032ce,5.213205,5a8cc5ff28fb4359afc7e9fcbf3bce55
f7d52b90e2e24549bfaa50d46ded3176,5.1708345,9303b9f7f4984b2dac8aeba8c8da8ef6
2e7dec015d344fb58ce0988844becd9b,5.1260824,f5a6222612ef406b8f02aef87e08c476
c40beffa8f0d4679bafb1eac1d38bd5b,5.1104317,75b0bd2240a54f6fb45bf95ca43ab5e6
86584226e35e4eda9eaba4e5fe495984,5.0845504,6a33c207c8b648f680dbd0e65639ef04
f36820bbc65b4c6486f479be532b159c,5.0805354,cd56b9a044c24df8a7156f661cb3d9cf
071079b5a0494fe2b01b0dc5399d8089,5.0360837,eb513691b7a04d31ab1bc50bf343447b
8766cab3c343406587942ee9f9888671,5.027902,74e7db4222ca4a20811199afafa346a7
7002381cfd40489ebf699ce239f95dd0,5.0214696,d0a840820172465f83c8480d571e7b71
726d313084b349baaffae4f209998766,5.02139,b050e9e1ef5946c297a34dda98d8f476
57c53927cc0942b7a012edd211993b5f,5.020287,27eee82d7fb94b9b8b60bd3101187496
1dce77fb1e9e419d8977644f0d18fd1e,5.019681,f0695d7e59d64941b510a3d12f801d59
a1ea6d619e4045668556cef7645bb76b,4.9950686,9ff95d23c3284d31ba5e398afa520649
2d78b8e319a04caba78f81308c489ad0,4.9920206,5a26ae7959494fef99542e9b2004fd11
126cac1063d947f1b6b54ce7d54f2c68,4.9810147,e96aa0967ab94368b381354e03dc40ad
d279eb260acc48558e34415c5c588926,4.9589615,7cd1db4b50dd41e6b2f3dd15fcab3b89
371437b76fbc4eeaa709683744e7ee08,4.934883,e45844e0215f4a1596a7f9ac41367c46
b6406f4769234ae7828d1f1011448739,4.9081917,b25fe3b79f714d38b3fc53e39fd84d36
ec6e7c2e584c4bd09dc91d1729c2c90a,4.8890524,89597084b19c4902b073a2c6c6622456
a5af794012384211a60360b6b1752339,4.886445,0f9cc12519eb4872af7be7fe49e19f59
1f314e6f401c4bcb95f97316f5aceb0a,4.8595953,2425086d8eaf44d2a9519f0e4e6b289a
d1fb54ad5cd34d8abd5ca9ee40b54dbd,4.846169,b7ef0a61de0e4adf9688b2c525c9ad09
c3d18896ee6e422680a3435f0ca9af84,4.843943,95fbc6ed8bfd43c1a6bcf676e26e7f8a
73cc10e747ca46bba886d9939cc3b768,4.8384886,691a538d2372403fad2b919b48ff5f85
1008087cab8f407eb2cd44e6c79658c7,4.8198104,d576e334105247369362b05a375e88cd
8c5aff69d92e4556bbd5cfdb17a74109,4.819224,5a73e0a5c757410eb0928feed7b151c8
26ee506b01f6447f8db3592bd80ed39e,4.7845454,78b600dd53854b018f87267d268b7b1a
ba4278aa214b4c66a8da0220e99b2014,4.783301,fcc9863b07fc4bd5a01fab5b9160eafb
72b24b9944aa43599173c03884689224,4.7678137,95fbc6ed8bfd43c1a6bcf676e26e7f8a
71134a9c69f44b489217b6a7661eeb5d,4.7659216,ed9b10a2879742628fce003076ef9024
2f2c1d07f46c48cc9afd407c79405b1a,4.753301,7c1e02f3ab614e539ac901e5cd3c92d8
19e32ddf92c24f32a65a82f858c5c148,4.725985,0ebc441d25664c91adad96b570270f07
d4560ab76d914af184a3cafa8ec46abc,4.7217174,983940e0b12e4186a281c36de657406e
184facf4be454b60a5fe9a953d771690,4.714301,6b9b2c8f0a874bb8b6691aca6bc49565
fdef09f89c644db89a91442b6889f7b0,4.699704,f615619defc4402b82845090c238e597
65654ba4d0d241cea5f12740d725d0ad,4.6970835,77a8b27acb0e4600bb6ff974eabc269c
6991375b95ab4bb0b14b5ad68edc0a36,4.679215,01e805bb5a1845a7addf86fe9bc8d814
07e166148b304b0b9c003c015628df76,4.6701117,31b69f9501c4415e929b6af28c83f6a6
3b01fad04aad4fba95d40be77808d716,4.663578,cd60a0fcac24465a880af7d8f921dd68
64f28ab73b654d0399810c11e2dc615f,4.6516848,7ce06191f1114b4c8a00609f6867761f
14f6b3f3ee164c98b2aa0e93e06070d3,4.6424217,678725f8b914453fbc1029b7c1bc0879
0f836960df064e7c96c2a78d865fd458,4.632069,bab3bdc133384798b558f8fb6466a7fa
5eb93e49e2204dc9b7b5147e35d7cf84,4.629174,7c1e02f3ab614e539ac901e5cd3c92d8
73ef58ddfcb54d09ac1737fdccd62d07,4.6187143,9e304a9bbc7b4c22af8025fc93757357
a3693333d6ba432295feae73fcde2dce,4.5948925,bd35571850644321b86ce4fae286ce7d
0efa7128e7d54bb098c98a8d23fa4d55,4.591165,aa2d7a3a535243189492d4ce8e79c049
d19e2961aa1846aea691337aa1f275e0,4.5704174,faaac88748714ce8a99413b952a1dac8
c46143f6691f4af38d4779e21a33f827,4.5625887,01690d9b08164fcabd5bf0819754f71f
8b1f6fd1fabc4cb7abbd5a7a2ed0cac9,4.5447407,156f393f7ca046299e09d05464afa056
67cdfba89fae4e3896b9aebb4f52dae5,4.536252,cc21026ff0d541909df56c5618d28518
693fab3513204d1594f6d18136b865e3,4.517745,1fde4c9a01f84c349461083b6d0ba9ed
26463e5a5b3b4b8abdc0a436268a93cb,4.4826627,77ac5eb4b3054ca68e2b0dcbd5473fd1
91c1e818e83d4b929c7b35f910b68663,4.479161,a25b08e008114c9ca0266ce3e55d82bb
9ebe890cdbad44f1936503311aa8efac,4.450077,d79afb377f5349a69830b2b4c7cfefcb
5884d501d2f749cbbca461d81b8a74bb,4.4454603,f615619defc4402b82845090c238e597
6a3f2a9e86ed4054acf8db2265158d6b,4.435893,2425086d8eaf44d2a9519f0e4e6b289a
47471f2f4db14e01850ce3fd0e3b7aff,4.4286213,c9e2e76e631c4d0a8013d90892350e06
0f4e625476a041c88fade20efb2eabcb,4.41529,64f1d63a671d441d9663a783f632f794
fa4b1640bbdb4f0bad2435be75a94586,4.405871,dc58564d0c8540bea4f3e2e3696deae8
7bdcbc60a1354e079289b50702cced90,4.399622,5971501b0e8b4ef5b203c3985d7f5e88
c20164d6b8844f428057133e0ab47347,4.3829246,78b600dd53854b018f87267d268b7b1a
c8a6cf1a44fb449b9f338991907da389,4.3718534,89597084b19c4902b073a2c6c6622456
58c7b41f2b3b4984aa23beaa1382b4f3,4.361941,e7d6747e8c8b4ebcb665e232240daf17
0a0d970d0884494391ed2a3bb2f00b54,4.3594933,92229a391d0b418f87b32c86c42a292c
7d866819a8df47fe89b41b4cbbe0ecdd,4.357376,ecdae9f36c6a437ea72739febbf1c89c
ec892733179f48d7b907594ba63d8431,4.3303843,d79afb377f5349a69830b2b4c7cfefcb
7e7a88a994dc4039b1e34409009b8f84,4.3232217,e27d9425c912446e947fe53c4a757375
fba706d6c465422cb8a6944bb92f5b97,4.3141556,d0a840820172465f83c8480d571e7b71
7975ca7b6008414e8bab9d135c53eb59,4.298588,a926df6d7fcf4b17b68dae6f41fbce66
4afd31c733874e938dea46b7c0843f2f,4.249738,e52a528036014db0a7bd54b99a310fe8
7968aaf915264497a603da45beabd178,4.2487903,5a26ae7959494fef99542e9b2004fd11
5db16d2af83a479d85d0755051ccebb6,4.240392,b25fe3b79f714d38b3fc53e39fd84d36
3d76459228604351a61361bb4e50f836,4.200958,faaac88748714ce8a99413b952a1dac8
1aaf2fb4fc244f5ea6b9eb65d1183c03,4.194131,7a4c413f5c844796bd5ffed2b65f0336
b38ef262d489438c979703e3e503f1b7,4.1815877,b050e9e1ef5946c297a34dda98d8f476
19697467a2f64fdcaccd3a65d2a60d7d,4.15609,23066f7964874fd39639dbf2cb2766df
dd0e1c93929b4f4d8ade4c3f39aa91e2,4.1253886,e02ad4f63c8444b79a7a56fb23a4e0f1
7faeecafea264aeba8271a5a540bee0b,4.125264,1543a2f94aa74008914301874d98f0f5
82ab65484b6d475d88c52a748a8072b7,4.1181974,e9f055a212cd4e5e8601228c37713f35
fd45ab2e058b4b5fb374e54e60aceb48,4.115942,b050e9e1ef5946c297a34dda98d8f476
43286efab53f465da28a9d31716d392a,4.0776873,09fc9f38fbbb4bfaa1c979ac9cc43f0b
fb7510f9799745e8bb2d730dafe50aa4,4.070862,e25b9d9944cb4d7197efb8ffc4ff57a1
537772e1a2c849b2bcc68c362d5c2c16,4.038601,d0a840820172465f83c8480d571e7b71
65add58592564636a49ae7417f79e9ca,4.021453,b8ca3b6144cd48208caae952e096e7ae
c762fdf4bb4d4f4992cdcd83ef4f2222,4.021213,fd51f3eef1a64d9a93652be481bde32e
3cb97459e3f74194b27d06def0becea3,4.0120225,c322b788813745e0aa7b592b4345d379
63e22c9413454acc8c86fb1ec33284b7,4.0105424,a25b08e008114c9ca0266ce3e55d82bb
c8edf9162b024bcbbab1b1a81987a40b,3.9858391,1cbfb22f84454b1fb821b602e3ad11f8
e746e83fb0634ed3b81c10391e2d74e8,3.985763,ff218cc7835d4b5ba0de22792319050a
242f18b8efb7402a9e394515b5294eb5,3.97725,d79afb377f5349a69830b2b4c7cfefcb
ee1746342f304912aca6d1956f95bc68,3.9733005,eb513691b7a04d31ab1bc50bf343447b
49ed92caa29841ae9341d53497cb8124,3.9724278,1216ce1ef31e4643bb1222538c206342
6193d950669f47f9a2268d0f3a41b2fd,3.9723525,faaac88748714ce8a99413b952a1dac8
1e91957d9e7b4a2d9a469c627d2b37c0,3.963013,cb85047b65f8468aa02744c28c075dbd
7c44128ff20b427f8ee22047fba9882b,3.9571264,1f8c0f02984e4139bf8043e57497fdb2
bb1d29d38bf146d882c0237285e635b6,3.953741,a4cad92644614f78bded3ca6d6023473
362c00f2982342a8a518f57f7ec9a60e,3.9522848,2768d411cc374a018a898f9df0ca207d
cfa58c9270cf4b82a9a79385be571a83,3.9475455,6542f58c143446f280e88a6375ccf79a
e0be49d601a84ae1afc8a7ca92f58087,3.9451513,7c1e02f3ab614e539ac901e5cd3c92d8
410b8957bc6b4370ac432ae7bddc2cd8,3.9435985,b050e9e1ef5946c297a34dda98d8f476
862ca039da124a9d80603938ab13c289,3.9415092,8a77dc665d8b4d95a0b1113522f7e9c3
4bb93a70efe949939c13ce6a18678093,3.9165292,77a8b27acb0e4600bb6ff974eabc269c
2c5bf4d606bc4435af0045f6c269d043,3.911101,7ab29c5e2f05481d8a69cc479a764ee8
c350ff1ea49c4547b89b09403669a4b0,3.9082804,4430d47e30904eab969c1baebca184c0
b112a5b1b2e44b49971304154011c418,3.9036202,1c97c72e076f40fcadb22b17e71beed1
7736e2c1dbab4b4c904c42e51fd17759,3.892354,640f3bd184b7425fb22cc7773b8b2244
cf7564fd313c4802adfcab226cb71a73,3.8911846,965598a17b624a0f9bb1cd58595458a6
f8a46af09cee4fd4a9c2ffe00e109f28,3.8900332,6aaae524573f477f8fdef0b83787cbee
8afe31852af94133a8a0e21f4b27e5d1,3.8793974,37337ebec05640b890e4b9612776c32b
444cddd136524b8792db7fe1caeec69c,3.8670352,acee70abee2841c9b67b95e9ed079647
74f1eb9bb1ba4fe5a565558b1ebc7a72,3.8580418,1b4e143cfc1648a5b877d7445446366a
26b564b6bf114f2bbe987a9490e74e89,3.8540087,d74f6e7abeb84eedb9923dadb62f45f0
175670fdd73e4fbc967ac1f61eeb9bec,3.8145442,9014beae94cf4f648e1663c8d5ec6803
5a7c0160ff224dc08e280c9d93a87c66,3.8125405,1c97c72e076f40fcadb22b17e71beed1
613c069f276a48f2b4d203e4b49d44cb,3.811677,fd51f3eef1a64d9a93652be481bde32e
3b9a5aa10a7d4cc9b31122f2d4258ccc,3.7913892,b25fe3b79f714d38b3fc53e39fd84d36
a89278348142457886434482fa366f57,3.7906342,e25b9d9944cb4d7197efb8ffc4ff57a1
a286b690dbf845d9b5651b98f76845a7,3.7870297,5a68e05acea4434ba08e17e1fff00057
bee104c3212c473da29f1f4518f4fd7a,3.7862215,4430d47e30904eab969c1baebca184c0
1139d27eff6f4adcbf602ee48c269d3a,3.7755308,0ebc441d25664c91adad96b570270f07
21160fabb87f4b0fb849c04438771115,3.7538998,1af4472b38cc4304841b2f1720075c9d
de34f2e7e9ae4380a242b0f09f1716e6,3.7526958,6aaae524573f477f8fdef0b83787cbee
43bd347a4d5e4c8c82b41970f2ddfc02,3.7470038,37337ebec05640b890e4b9612776c32b
06bf7c8951c64f95bec0eb20b232e5bd,3.7272322,e039a00eae414ebbb2205b011ac127cf
5d880a342d1a4ff987be8c9023fe6275,3.6937895,c0cb721b56f240dabf7f464e453ef72e
9c3a88f966094359839f8ebc3263a6ae,3.6933405,ad289d5052264f9c8bd0aaf9faace92e
ba6e6bd633084e56bb1f91c62afff197,3.6930957,77ac5eb4b3054ca68e2b0dcbd5473fd1
af18a5f9a5aa45a191a99b4792b127c5,3.6858172,78b600dd53854b018f87267d268b7b1a
55af16e0058942008349107e8a2e1845,3.683026,d4cd0b56b6f54e08aec8ebfdb6122c5c
3eb1fed1bfea482687c433b63ad56eda,3.6803317,efdf40eee13d409c9955e5b84e4408f6
500d964011eb4cd19e61ff976d9d808f,3.674914,46ba0b979a664c7cb0c315c4cde6ac86
70a1cb72566e4c6fbe46c9b03b8a31d5,3.6723828,f9fae977af2c4f35b29400f31267e170
987dc1b016fe4664902db31211a59bd9,3.6617818,efdf40eee13d409c9955e5b84e4408f6
7065ff8945cc45c2a4dfb58ac4955a94,3.6616914,d576e334105247369362b05a375e88cd
0c3b7a4e78f94de7ab1a415503097c9c,3.639823,ecdae9f36c6a437ea72739febbf1c89c
fdc1732f54e34300bc77d7b4c38ec31b,3.635834,77a8b27acb0e4600bb6ff974eabc269c
957566f2fe9f4406aa561e32617baa00,3.627822,4aa3556b2aed469584c573868193a07a
454132982ecd4d5e9e6ed9c9e33f3433,3.6190155,257aed6ca7a44f1cb5c664beb1be527b
d335f8b8c90c47229c445bda59c63cab,3.6169095,d981f2c67f764e0c84af125b563958e9
d0fb524183bb44a9a854de124a8becb5,3.592831,640f3bd184b7425fb22cc7773b8b2244
ddbc9d9a558041779711fd17e89ec33f,3.5777047,eaca056cec224a30aaaed30c39f644c2
410190593a7f4b7e8ed63596f20c37e8,3.5690134,e5692bd498004d32934fbaa05af2120d
d067ca627837456bb0e6cc40a06d224f,3.5616686,64f1d63a671d441d9663a783f632f794
caba51ea4cb243dc87741ad2c31130b1,3.5369806,ed9b10a2879742628fce003076ef9024
6ae7d44d811844448d0c8e5d69ff7000,3.5282004,3be388c9ab614bceb086c19f70df23c2
4dc64707bd42424f82f84de41d91a5fd,3.527335,3be388c9ab614bceb086c19f70df23c2
d8ea4ac9525840edbbf19a36ad957e31,3.5256073,d4cd0b56b6f54e08aec8ebfdb6122c5c
e15d2b4a689545309a64bd4d54621cbb,3.508766,89e43b092c844b5886a93091a22c894a
4b3202343ccc4337aa099b8a9e046db5,3.5062213,e25b9d9944cb4d7197efb8ffc4ff57a1
12b4b13d49b64b55ae65fe00960c4711,3.4755824,6a33c207c8b648f680dbd0e65639ef04
1946e52260f34a0695c378112d6020fa,3.471179,1af4472b38cc4304841b2f1720075c9d
b4e255878aac412187c87d835597242f,3.466788,983940e0b12e4186a281c36de657406e
6f57ca99a1e54968882b1a10aed416e5,3.4312887,6a33c207c8b648f680dbd0e65639ef04
6f8c1d69a43c4848bf3426c02ae5b938,3.426378,f9fae977af2c4f35b29400f31267e170
f99339dff24a46dea0ac6862299d7024,3.4004042,1cbfb22f84454b1fb821b602e3ad11f8
04457b683e1d4eaf8e6a37b15f5d8aa8,3.3974354,700f381f40ce4b039ce0df8b49fb199b
8ef2aba44c3c4a85a7499fcc0cf28ff5,3.3904226,e52a528036014db0a7bd54b99a310fe8
59faf734dccd49c39c471b705bbf90a2,3.3745656,cb85047b65f8468aa02744c28c075dbd
b7e96cbc27284100ad9f3ea6005e3af7,3.3736744,34b71675a1ae442395b6eb1f3eda23df
620d85d5d0b947dfb2f0574a0d4dfe72,3.3679435,8db9e204b8b841df8fd94eff0888cdf7
455cb638bfe54346b07d85d63df40847,3.3661916,92d5da561f5a41bf929f3555a74cd653
eb5fe491e3474e81865751ec9f52b3ce,3.3514361,1af4472b38cc4304841b2f1720075c9d
c8505b52f0aa4beb8144837de094973d,3.3500597,2425086d8eaf44d2a9519f0e4e6b289a
8887992f6e314e5bb22217a98a5dc1d2,3.3418837,46bfd7af0ed6491fa621350963d11e35
014b077427a84137a08055cd6ba1057f,3.3380806,fd51f3eef1a64d9a93652be481bde32e
701ea34d0faf4b558956b1af3863b503,3.337367,acee70abee2841c9b67b95e9ed079647
874d46cd1753457ab2d3b62ad0f3d867,3.33422,75b0bd2240a54f6fb45bf95ca43ab5e6
914e224085a24a7c87db637c208baac5,3.3341107,6c74bedaa406493a99988c5b8a47b704
396e243238ef431aa015a783dd23ef83,3.3137941,f5a6222612ef406b8f02aef87e08c476
aaba5fcdec244fc79439dd67ba8a495d,3.305732,e02ad4f63c8444b79a7a56fb23a4e0f1
83be35bfce854dc48152629a9841375d,3.2927406,c88be17376104f999b914a91aebf7220
d5491c8b5caa42bfbce7ed937032b28b,3.284339,46ba0b979a664c7cb0c315c4cde6ac86
408a26bfd8bd41529e7fa7db94cdae03,3.2795637,d4cd0b56b6f54e08aec8ebfdb6122c5c
4fb27ec50c5a44b9a81d230f845e3047,3.2791328,75b0bd2240a54f6fb45bf95ca43ab5e6
2a15a6ed7e29403295f571a40fbf5895,3.2717462,e492ff7fecf046a4948c5ba5631cdefe
390b32b86ff0424dbb5e9e0d988dd09c,3.2623265,9303b9f7f4984b2dac8aeba8c8da8ef6
68f3223d477e4e1cbe3830412674f8f4,3.2567432,ad2b6fb945714e6792c17bd49a1066e0
45f269eb7e1044bfbd012ba2df2be6ad,3.255978,4a4eb12a639346b5a00557d54b51fe51
9d3679e8828845c6be8f7376e953d216,3.2527285,82b01998353e4141a7613fdc96d7b600
a868fa08c4994234bd1947577c34c2f6,3.2493567,b050e9e1ef5946c297a34dda98d8f476
4271098208074e6ea1a9497085061483,3.2493172,6542f58c143446f280e88a6375ccf79a
2fd5284523f24eb1bae1d9e857c61d4a,3.2418723,ff218cc7835d4b5ba0de22792319050a
9d9d4a9695414746b71566692311e57b,3.241286,cd60a0fcac24465a880af7d8f921dd68
0ef75de01cd14e0faadcf05c8a85a916,3.2293258,057164cf4aab45ebbefef3409359cfb1
edb63218ad374e72804e964a5ea6949a,3.221663,a6a551a308b9442f947ea0608ae2c3fb
5a9a922465d14fc6b190a50e964695f5,3.2206028,6a33c207c8b648f680dbd0e65639ef04
7bccbe2abf334b329b400531be6a3be7,3.2193782,d443e0c5017d48d1b3f86bf4da959ed5
ef7e074ee0664115b08c5b98bc09f83e,3.2154975,efdf40eee13d409c9955e5b84e4408f6
cbb7beb8042e48aa868c13a6e2ee8a6c,3.185911,27eee82d7fb94b9b8b60bd3101187496
249dee8be73c4f019ebfc02f74d02ad8,3.1855493,640f3bd184b7425fb22cc7773b8b2244
25bf72b6554d4ce0850dbd0879a47ec7,3.1815841,01690d9b08164fcabd5bf0819754f71f
c27914b906234330b9a6677788aab658,3.1794107,89597084b19c4902b073a2c6c6622456
735faaf6b07348a2a4d4cc31c8fbc021,3.1767623,640f3bd184b7425fb22cc7773b8b2244
d142f9dac4904fd9a93e4b68197a4fa9,3.1697855,ecdae9f36c6a437ea72739febbf1c89c
f3f6ec5a1f4a455297eaeeb1145a0d7d,3.1677322,6b9b2c8f0a874bb8b6691aca6bc49565
a66dab00c6184b79866a0fe90c090db0,3.1576366,65664fb3aad341fab563409d91dddd2d
c3ff9a50b4c1477c812af51fd7ce9489,3.1570244,630edd9b8f754b5dbd36cfbbd03ccb51
52bcb0a99aff4ed18c8fd7fc24e687f6,3.1550121,7cd1db4b50dd41e6b2f3dd15fcab3b89
390ed716ee69427f85d1d9d4da45fd20,3.1487343,526ab7eda50e4a239d03ad505832d61d
712e2f3a807b4a8fa67e7bc78a2b5da6,3.1374512,b2be859ca8f24cda86821d5383edbc18
11bb2992a06243158ef845965bbb79ec,3.128741,efdf40eee13d409c9955e5b84e4408f6
8fbf0e065e2147b39508d482b6af3901,3.127817,855b3971c4a147cfb9a7c281fa6b915e
0beb47a537e14562b509e395d77dc749,3.123856,526ab7eda50e4a239d03ad505832d61d
3e730fdc177b48f293b58b68d7b54313,3.123661,aa2d7a3a535243189492d4ce8e79c049
b4d2f62738d84adba1b5809481bab602,3.1235774,fe6ace599de44aa19b1773dad3658fee
703c375bffc346788123e8e9d957db42,3.1211848,bade01bd83ec4b6786fd8c867ca7a090
3088711035bc4a06b3595ae315f54fb2,3.1200876,c9e2e76e631c4d0a8013d90892350e06
c63b9549ac384d1092aa0770e0290785,3.1185079,92d5da561f5a41bf929f3555a74cd653
b1c2cf26538045169885251ae1a1100c,3.1164093,7ac9c94011924c09b47f9640211885a2
5491a19984a643bca536cb015e65adbe,3.103273,92229a391d0b418f87b32c86c42a292c
d56e8f69077e42b1aca7c99f6675c5af,3.0984278,1c97c72e076f40fcadb22b17e71beed1
7b1d70a80254489e9de91807e6e223dc,3.089191,5a73e0a5c757410eb0928feed7b151c8
7d52dc1203ef4f9e9149a1557341406b,3.0750194,a1d8cb16dafd4126922f985021e93631
b0f8d38771464874a4c57aa453d842ab,3.0671597,4aa3556b2aed469584c573868193a07a
7fc16d6f92a847c29cf3367644e4e835,3.056213,b8ca3b6144cd48208caae952e096e7ae
4ec7a9ba5579479e8eb75b6a39172728,3.0439634,5831f5e280be4c02a09ce4588b56d7f3
1a12b7978d8e4dd5b563cf97606bfa9b,3.0395455,1216ce1ef31e4643bb1222538c206342
60b12e62313f421f9865db223f254655,3.0369933,f615619defc4402b82845090c238e597
d5720a4e3cd34c23ac605c840bcd69ae,3.0301595,cd56b9a044c24df8a7156f661cb3d9cf
e862a12dcbc4446cb1bfe03570cc7b44,3.0172353,7ce06191f1114b4c8a00609f6867761f
4cf68d2768954335a7f7c61a045babf9,3.015207,e7d6747e8c8b4ebcb665e232240daf17
9c33f1dbb3ce4d8f9a3262e5fbb55cda,3.0125244,779d7c2bad1940c8a861451964e1ce01
33a87d7db931410abdafbba3321d5b5c,3.0112243,8db9e204b8b841df8fd94eff0888cdf7
4c0fd754fe344b9ba99a09a70be831df,3.010414,f9fae977af2c4f35b29400f31267e170
dd9bd5320911433f9d855d754095534b,3.0079226,4696c8192576454f8684954bc771aa23
e35fef892ba84f8cbeb63132b6f7f094,3.0067668,4a4eb12a639346b5a00557d54b51fe51
012773cf6c104fd8a7ded7f346c0a261,3.0059166,d981f2c67f764e0c84af125b563958e9
b57d527c5d13406cadfa1a4f809cc040,2.993082,64f1d63a671d441d9663a783f632f794
b48f5f444c3140b38a8e756e57fd042c,2.9804418,9b22c5cdbff44bdabd48dba008e6a3b2
a5d13a0d598241769730951b2e94e7ba,2.9768853,23066f7964874fd39639dbf2cb2766df
bbd851331a6a4da4b22326af57c9ea32,2.9720235,faaac88748714ce8a99413b952a1dac8
b0cf2cbd50e3496996a7e649063dc127,2.9707038,8f761e1117754656ac86a3a25f241cd7
d9956ba9a7e94d0ca7496d6df99555d8,2.9652448,efdf40eee13d409c9955e5b84e4408f6
4a1eda64c5a74dc59c1ca7cc15a429dc,2.9650302,7ce06191f1114b4c8a00609f6867761f
db0b5c45c2954d12b90e29ab07c75dcd,2.9623334,21b1ded02d7b42618592187e287835a3
8a53841d512741f5ac2d49f75a83780a,2.9595692,bab3bdc133384798b558f8fb6466a7fa
c2ed9246a86b4c0f93db5a4cdfa7f06c,2.957518,d443e0c5017d48d1b3f86bf4da959ed5
45134c6dd42d4814b2fba3d713c1b3a5,2.9489155,1cbfb22f84454b1fb821b602e3ad11f8
75a44d8541fc4f6db502671300b2ea97,2.9461021,fd51f3eef1a64d9a93652be481bde32e
43e7ebaddea142908ddeece45bfd2049,2.9417956,bab3bdc133384798b558f8fb6466a7fa
9ac0ff71215742d1bb1d294fd8b4e240,2.9406981,855b3971c4a147cfb9a7c281fa6b915e
42096f8107c945a1a2cb7d0c4ba65a75,2.9376588,faaac88748714ce8a99413b952a1dac8
59ad0e42bca44e7c95b0aeb6bc5ca7dd,2.935817,a585d23fe43f459ba86ac15645af77ff
5b21a17866f54dfa8e63c58219851a21,2.9295404,d981f2c67f764e0c84af125b563958e9
98b5731fc463498f9da6bf4beeaadc1c,2.9267948,8a77dc665d8b4d95a0b1113522f7e9c3
b98768914d8d4eaebb4632fefbad06aa,2.9263415,89e43b092c844b5886a93091a22c894a
d7c1791491584b2984bbcdbc178299f1,2.9259276,691a538d2372403fad2b919b48ff5f85
f0808f396f44491a8fb26af7a42dab06,2.9184682,09fc9f38fbbb4bfaa1c979ac9cc43f0b
1debf605469f435a817fe50539698246,2.9172683,34b71675a1ae442395b6eb1f3eda23df
04fa52d782e34f0698238fc47401ee94,2.9163816,965598a17b624a0f9bb1cd58595458a6
9938803be0884fc282a350a72835a9b9,2.9153242,4a4eb12a639346b5a00557d54b51fe51
bfc3042d6d684128b937f9d9878d4eaf,2.9121752,f036aaf4ab714c598a0b6da4ca604136
f93d08dd757f4cb9a593f27024c614ff,2.9083953,4aa3556b2aed469584c573868193a07a
8779ed6ba8014232ae6caf2ff9ef4317,2.9083748,156f393f7ca046299e09d05464afa056
1c8f15d98ac3471fb966536a1bc8e9e6,2.902867,f036aaf4ab714c598a0b6da4ca604136
5f9f73f06c024e65a85b3c9298c426cd,2.8899684,d4cd0b56b6f54e08aec8ebfdb6122c5c
7e4c2a881ad24760b9775870c8ec426a,2.8870661,f036aaf4ab714c598a0b6da4ca604136
0fcfdcdd99c34d2f8c849839febcbeee,2.8770275,9303b9f7f4984b2dac8aeba8c8da8ef6
66f2b56505bb4a009232e327041bcff4,2.875766,5a26ae7959494fef99542e9b2004fd11
ab4c8222cf584ba3982f14500c005291,2.8687606,a6a551a308b9442f947ea0608ae2c3fb
f52e6b02fcbe40089962449e4b4968db,2.8678224,cd60a0fcac24465a880af7d8f921dd68
9aa12e538d0c4d89ab849afde0b92d65,2.867291,c88be17376104f999b914a91aebf7220
130d36b77a584c7da24a4cfeb3a00f62,2.862299,e25b9d9944cb4d7197efb8ffc4ff57a1
554e702a075743a499899b99b73eea46,2.850569,66b0c8a58f444ea0aec34d9403b88a49
6ef03128028e416e929a82f5c819206b,2.845115,21b1ded02d7b42618592187e287835a3
c0278f41c00f4876a3c2c551dc74e70b,2.8314972,d0a840820172465f83c8480d571e7b71
3cfa920b06e64cb8a5dba56671ab5d59,2.8313441,3b13d134762445cebcdbb02b484db77b
d41cd804abf94f759a1f7e6da3cc6758,2.8300502,e456afdf95e643dd926249fec4d68753
40d03471812c4f0398b4551b5f116068,2.8281054,fb695c097d5845c282f6b30c241e8cf2
ca9d736b288240819d620ec83c0b3f3d,2.8231378,8f761e1117754656ac86a3a25f241cd7
ea4bf9d0ec3d4bb9a4d910eb2ab70eb3,2.8190222,8f761e1117754656ac86a3a25f241cd7
0d281c2568314e5eac84aab63872e81c,2.8146641,4430d47e30904eab969c1baebca184c0
44b833375c854450a60b5f4819e94466,2.781649,d0a840820172465f83c8480d571e7b71
7342516c90ad4776bc0f64a3358d530c,2.7756684,02cf82700b4f4773af3a14ad8eaa5270
040e8b18e27848cb8d0850a0dcb7a77b,2.7684982,e039a00eae414ebbb2205b011ac127cf
7cb7428e7e774e2ca33b6d9a12926311,2.7625895,23066f7964874fd39639dbf2cb2766df
c57df4a5798042df90a71b4c979df11f,2.759471,c8c201e25c0047a2ba9d9e8541ac0939
b5f4e559a70849b2943f3967cc08b56e,2.7559743,3be388c9ab614bceb086c19f70df23c2
33d76c41516a4e5aa8c5b3b16cc6c6f7,2.7538068,e7d6747e8c8b4ebcb665e232240daf17
64c90aaee7904b2ab8098f0dfe8cd516,2.749477,d576e334105247369362b05a375e88cd
3febcf126f0f4f8585113e1917eed33e,2.746454,1fde4c9a01f84c349461083b6d0ba9ed
1413507f5f8f46109e5caee2e853eae9,2.7435632,700f381f40ce4b039ce0df8b49fb199b
68017cd7896a412db28e47c90096b888,2.739771,d9fbe02f04a4469dac855f69ea6ad02a
b4aed3fb5b3f491b99ace5c051b75eab,2.7313585,7ac9c94011924c09b47f9640211885a2
8868c5482f844182914477066c6e3287,2.7303247,b7ef0a61de0e4adf9688b2c525c9ad09
a5d2be317fc24e528df576140c0a3849,2.725464,1543a2f94aa74008914301874d98f0f5
11ba79f894d048f9b56685491d4f3282,2.7219775,640f3bd184b7425fb22cc7773b8b2244
ae5e0ee1d17e4fb0839e3d41295a5479,2.718172,903360099fb644b6b88c6edac88eecb2
d7c4bf8f05fb4648a8778e884052db2c,2.7151704,09fc9f38fbbb4bfaa1c979ac9cc43f0b
bf3d001275754cb9b2c48df805901d9d,2.700481,f615619defc4402b82845090c238e597
93a89031c44d4d6e87976f696e205219,2.6957107,4d708e5878784386a42c2f436d2d60f0
1197a3e216ea459dbc822d775b701062,2.6687927,e02ad4f63c8444b79a7a56fb23a4e0f1
10a7715c72fc4bc7aac2b6e8ccb232d2,2.6656926,eb513691b7a04d31ab1bc50bf343447b
6ec94917d60e4edbb8db99b5f7c18612,2.65907,00f45d57fd3c448d8cfdf3185ebae894
df2549937e044a9583242e2c20f87e85,2.65427,f615619defc4402b82845090c238e597
46f0f2692fe44c88963712d6f65f6dbb,2.6530843,678725f8b914453fbc1029b7c1bc0879
aaff66d83c1441cba7531bde3e46f124,2.6501343,1216ce1ef31e4643bb1222538c206342
743660b5e64e440a8607fdc79aa05544,2.6498692,bd35571850644321b86ce4fae286ce7d
c12ab02c4bac4b91877f10f42eb704dc,2.6391742,3b13d134762445cebcdbb02b484db77b
b2bfb37b3dd54bf0b7653b3c280b2b08,2.6380472,c8b9a0ac7c214a449c434aabdf6ef770
f7c0f796a492492095abeb8469b68eeb,2.632794,9ff95d23c3284d31ba5e398afa520649
4fb63b6f9f8a48dc921c53a21d354a0e,2.6263075,73e7e41e8db447c09cb2363d76556c64
0077d17ffb254c86a11e301042f915e4,2.6260924,0ebc441d25664c91adad96b570270f07
237d880c4172486781ba355b82ab8600,2.6242497,e96aa0967ab94368b381354e03dc40ad
8498c31c9d93468caa7deb065c84e1a4,2.624159,d74f6e7abeb84eedb9923dadb62f45f0
6bc08caeb482448c85c44c89c5fee7b8,2.6203585,4aa3556b2aed469584c573868193a07a
65c8efd2131b447d90bed385eeeb91a0,2.6066701,a25b08e008114c9ca0266ce3e55d82bb
0c6306c2d9c64af7a28d5fd434ba9b19,2.605783,6b9b2c8f0a874bb8b6691aca6bc49565
73bf5efa54504a0186bd7a13def281d6,2.5940228,bab3bdc133384798b558f8fb6466a7fa
b116fe66d95d4c04beea8a4e5f347684,2.5937634,dc58564d0c8540bea4f3e2e3696deae8
8819510944174ce28e7b0d3e9d8c9fe3,2.5923016,691acac4a54d450697afb2c2dc4fca09
e212caf6ce0045358ab77835c78ae98a,2.5872946,7ce06191f1114b4c8a00609f6867761f
93804e9078864c70b27336ff52724af8,2.580201,92d5da561f5a41bf929f3555a74cd653
d3b55aa1a6b041cbadb5fc0139fd8cac,2.58008,e456afdf95e643dd926249fec4d68753
bc216861a2124a6b9cd42cda34629f7a,2.5784707,257aed6ca7a44f1cb5c664beb1be527b
d52b00145e914e48aa1e81cc1b399901,2.574552,cc21026ff0d541909df56c5618d28518
68a1587934b74c2aac31a790843f3b56,2.5681615,e5692bd498004d32934fbaa05af2120d
3bcea4af010844979851dffe0c194e96,2.5634673,0ebc441d25664c91adad96b570270f07
02dba61169914bf6bca380e6ebba2037,2.56267,7ce06191f1114b4c8a00609f6867761f
eed22afb847c47abb46b07ec48d1b679,2.5613694,c26f5e7dcc8149f18f3d719bba9ae717
c0e4b6d0b4ac4f978868636d7675e345,2.5483456,e456afdf95e643dd926249fec4d68753
e16ea80e38c340678ef8f73bb189fa64,2.5441973,cc21026ff0d541909df56c5618d28518
4cf01329838243b998a06d2ffab76517,2.543552,99142f1c07cd4782814f8c970eaaa40a
347c303d1b5c48f9a21e9432327258c8,2.5408597,27eee82d7fb94b9b8b60bd3101187496
b781fac256574439bea7cc655923fd3a,2.5401268,f11f1682b5924181b047d757d3e20964
ff710f3510b24d89a54afab54c23edc6,2.5332785,691acac4a54d450697afb2c2dc4fca09
27b747520a594968b11704d54233d20e,2.5276248,e7d6747e8c8b4ebcb665e232240daf17
91af71c421dd4b9fa1252bd59cd4afd6,2.514628,369fe18b94f54c98b554fd22b4a3b50b
6ef8ff7c77a84500af8da2548cb4bcd1,2.51292,855b3971c4a147cfb9a7c281fa6b915e
2d6d2f2089614469bda4b6e9b2b33678,2.5110936,bade01bd83ec4b6786fd8c867ca7a090
cb70763b642a49e48c7e66689f180efb,2.5008242,0ebc441d25664c91adad96b570270f07
6776a4646460462797dc83573d630d14,2.4997897,156f393f7ca046299e09d05464afa056
497126af5d624b7894a1cca2b3b0e57b,2.4970102,d443e0c5017d48d1b3f86bf4da959ed5
a4057a1aa4e948e5abc7ddcad9479b24,2.4963305,e9f055a212cd4e5e8601228c37713f35
1ca503912b5b4d3c84d0c34c0ec3f38a,2.4842203,4d708e5878784386a42c2f436d2d60f0
247daf33fb4d4fa993fd572025cb5166,2.4841614,d331012ecf0c40888e0ac290184f0883
d15af016ef394763b0f876df474531e4,2.4715846,057164cf4aab45ebbefef3409359cfb1
1f2e192e12674543860d4dfb5ccbf818,2.4651387,d6fe6f8380464e21a27fd69de27f1f57
a56141d36b5f4520aef20a35398d8265,2.4549327,9303b9f7f4984b2dac8aeba8c8da8ef6
d13abb2f14514eafa77e5ef77ae45be2,2.4537506,6c74bedaa406493a99988c5b8a47b704
e5968b40a7054871b2ae79f18399b30f,2.4528406,6c74bedaa406493a99988c5b8a47b704
472240e1b5e84fdc9e2c3dc8c4ad8435,2.4463942,e96aa0967ab94368b381354e03dc40ad
8dc57aa25917490abcf294b3f73bedd6,2.435081,ad289d5052264f9c8bd0aaf9faace92e
0f51f0e1827243a380a392150248b877,2.430707,bd35571850644321b86ce4fae286ce7d
2b4fda504eff4531832d7897265ba39f,2.4267988,d79afb377f5349a69830b2b4c7cfefcb
e0fce1d752bc4668a62db48ad4b8de4a,2.422977,80921378de2b4cd3a14d449688d8b079
9e428df718b04a159edebe604bf4ab3f,2.418789,c8b9a0ac7c214a449c434aabdf6ef770
6983a79417f9490ca7534cc0b9e72978,2.4095435,4b748d6624144214b3d8a80b37aabde6
0a8f26e2ff5d462b97d23238e36ae72d,2.408051,cc21026ff0d541909df56c5618d28518
b49ff629d01a47a284c14dc1d21a0d1a,2.4068513,a585d23fe43f459ba86ac15645af77ff
6e651760ac2e4377abd5ff9ac4b8c9f0,2.4014964,d9fbe02f04a4469dac855f69ea6ad02a
1e579d7ae9414003b1ba23d9839d8031,2.3962283,faaac88748714ce8a99413b952a1dac8
659ae42d80174d04b5c0e2295c83e1cf,2.3887556,e7d6747e8c8b4ebcb665e232240daf17
335322101aa0491c89fbabfb87c21ad8,2.3869631,9ff95d23c3284d31ba5e398afa520649
17ef3923d27b4a0d99dbc74302d79924,2.3829513,e25b9d9944cb4d7197efb8ffc4ff57a1
b50583d5d6494691a33b4cc22373d8b5,2.380571,e02ad4f63c8444b79a7a56fb23a4e0f1
04cde55231e04394a675268411aee01c,2.3786986,1af4472b38cc4304841b2f1720075c9d
a2e363e09aed44868c4e51d9cce19eb3,2.3746865,c0cb721b56f240dabf7f464e453ef72e
a3c58d5d2da942aab6283a42db2a14f7,2.373585,37337ebec05640b890e4b9612776c32b
60cfb02a92884acf8cbc7ea1abaf7046,2.372552,e492ff7fecf046a4948c5ba5631cdefe
22dbea142f4c45988a0efcb3c3633249,2.3593602,d42996c2b67443fd9b73bba7641d4f77
9a941b16ff4840eda21ad2f9e0c81f3f,2.3566523,9b22c5cdbff44bdabd48dba008e6a3b2
dd671b4f80574f9b903f650ec7d65be2,2.3558738,0472051dc57d43f8b9dd08df475fc4a3
234999d28bb04577a48d50f076a844a6,2.3528602,8aadcf7251724cc6858dc0db44abebe3
e824774b41174da8a1c495885b348626,2.350831,e492ff7fecf046a4948c5ba5631cdefe
b1574b190fd242e9a0cf3b489caa91e4,2.345747,75b0bd2240a54f6fb45bf95ca43ab5e6
e7477d785b474565a0c4aea10f9060f1,2.3428693,64f1d63a671d441d9663a783f632f794
a1a22d5f63af4418a3f33283a6013d2d,2.3402908,8f285540a9394706bd6ec6cda46c5058
98a56450793d4447a21350dcb38b80eb,2.3352947,efdf40eee13d409c9955e5b84e4408f6
882ef5ef88af445e9dede3d98a7dd8e3,2.3300922,9b22c5cdbff44bdabd48dba008e6a3b2
1f125654980e402e84e676e3b1c1db15,2.315226,73e7e41e8db447c09cb2363d76556c64
25f901ba444c47eab6b03184191a3151,2.312849,4b748d6624144214b3d8a80b37aabde6
c492188137ee4adab179d07e9473fc40,2.3127165,eaca056cec224a30aaaed30c39f644c2
551ec133b10e448a939d6f857cf1dc17,2.2979481,0ebc441d25664c91adad96b570270f07
45f6671f9fb64495bc585555e3b8e55c,2.2970958,257aed6ca7a44f1cb5c664beb1be527b
10ec284856b64b33a3f1095d708227c6,2.2953134,f5a6222612ef406b8f02aef87e08c476
38f66bccfc8b47afb357b8caa5a3f286,2.2919893,691a538d2372403fad2b919b48ff5f85
cadfda09774f4983a79a1c20a77a7b6e,2.2848976,678725f8b914453fbc1029b7c1bc0879
f560f83f452a48fc84973544fe676991,2.2832348,257aed6ca7a44f1cb5c664beb1be527b
9b0790e53e7c487885af42388d8f681a,2.2816823,1543a2f94aa74008914301874d98f0f5
a2257482b09e449f8dc0e6a32423b610,2.2783222,faaac88748714ce8a99413b952a1dac8
774622a7382646c4ad5ef139574052c1,2.2778354,9170e0bb8fe44b309f83293808d871fe
f2fe001a9caf435a9e440ed89e6b806e,2.2762976,f0695d7e59d64941b510a3d12f801d59
8aaa8f372a5346a59b85061f27d9ffc9,2.2608492,b4150337314e40fb9e3ebb24514504a3
8db2bf7ef1ed4e16b8f31fc7a9ad0e9e,2.260775,fe6ace599de44aa19b1773dad3658fee
840de6fde47e4e64916bdd5277bcd173,2.25913,8f761e1117754656ac86a3a25f241cd7
acc8825aa2cb4d06bd3574a6b36e6a40,2.255671,c0cb721b56f240dabf7f464e453ef72e
5d32b941bc394464a6da8d1c78aeb3ef,2.2547889,11ec23965d2941d0817082107996ebbb
898b757291e64b7b982221e0a86dea5d,2.2506342,e5692bd498004d32934fbaa05af2120d
49929ef41ac3470388566de204f75fff,2.2471738,e25b9d9944cb4d7197efb8ffc4ff57a1
9abbecd3581246798ab524e018f95ab7,2.2401695,31b69f9501c4415e929b6af28c83f6a6
8505b6622aed4fb0aeece7e02c0fa748,2.2365315,4aa3556b2aed469584c573868193a07a
046c13f855904119983f73a0bdc77a34,2.2234623,9014beae94cf4f648e1663c8d5ec6803
7f01bceb5689442b8a024b4596c8a11e,2.2161763,34b71675a1ae442395b6eb1f3eda23df
4cdd959af2f14b51bed3c4107c2f0405,2.21503,80921378de2b4cd3a14d449688d8b079
b4606932b1e94119b460652c11647413,2.2141836,1d47a696eae94bd29f215a4787b27d8a
81506e59f5b54c66a3459e47c2bad700,2.2118592,d6fe6f8380464e21a27fd69de27f1f57
76ffb89b5ba84a8788d68f4010821e12,2.2112565,c0cb721b56f240dabf7f464e453ef72e
8a58d56cfe3a46549a16ce3a0f3daf0e,2.2089212,bd35571850644321b86ce4fae286ce7d
89d4dbe124c14550a38f6790a02abf01,2.2086108,1fde4c9a01f84c349461083b6d0ba9ed
c299003ba5bb48b3bd7eab31321b539b,2.208505,f615619defc4402b82845090c238e597
ac7a9829a2a24b3aa81bebb2785533ef,2.2067738,8f285540a9394706bd6ec6cda46c5058
37a21040d578476783ff8751dfb91faa,2.1971521,02cf82700b4f4773af3a14ad8eaa5270
a3b8ab612b544a76bfa18fd8d3c06621,2.1885238,d79afb377f5349a69830b2b4c7cfefcb
383e7cf30f234aaf852e3f30de7879ed,2.1854079,4a4eb12a639346b5a00557d54b51fe51
903552e550a14d61b7dafdda426e7596,2.181548,7c1e02f3ab614e539ac901e5cd3c92d8
74b25851047d4c08840debaa0bcd9e2e,2.178841,80948e17b5694599919e1502bfcc08f3
c8e075e8f30e4586ac075d59d5be938d,2.1778953,fb709e29755b44988bb252c87a2ce2f3
091380ee73214c408bde7f510f136c4f,2.177586,c8c201e25c0047a2ba9d9e8541ac0939
901288a03fde4b628e2efc51f9ec6f0e,2.1698322,257aed6ca7a44f1cb5c664beb1be527b
f5a036940f0b4b219a4903d8efd2cac0,2.1649334,5831f5e280be4c02a09ce4588b56d7f3
1fed8f37e5d44fa599aedccef449767a,2.1639519,bab3bdc133384798b558f8fb6466a7fa
29fdc29e4b23460088e7060422eb8582,2.1608248,f5a6222612ef406b8f02aef87e08c476
9e769043a2f5480e8f0bde6e83caf70a,2.1592755,e02ad4f63c8444b79a7a56fb23a4e0f1
b89cf65d34284353a3c517db67021cc0,2.1574998,691acac4a54d450697afb2c2dc4fca09
97c22deac29b43b8a2911e08c2aba299,2.152678,0f9cc12519eb4872af7be7fe49e19f59
9d68d4254983475b9feb48e30494c9ae,2.1522934,66b0c8a58f444ea0aec34d9403b88a49
d9b3a26c8de14ab4ad2a779d31b4f01a,2.1484542,a585d23fe43f459ba86ac15645af77ff
546369a62bd740beadc07cd40b6e758e,2.140681,a926df6d7fcf4b17b68dae6f41fbce66
0ac5a5f9477a43b2b222bfec1888b8f0,2.1329558,19c9ac7b84df472c85ed6cf5a05fbbc6
3ff3a9f9ebdf41968cac02ff122f56eb,2.1294756,c88be17376104f999b914a91aebf7220
43584afca09c4071adba01dad786c329,2.1260545,e492ff7fecf046a4948c5ba5631cdefe
7409ac4ac3c944aca7a9965f2568766e,2.1255608,5971501b0e8b4ef5b203c3985d7f5e88
321ad870fb8943ddb55d46439d2912e0,2.1227767,1fde4c9a01f84c349461083b6d0ba9ed
2b1ae0f0956e475c80e1ba5ca01abe84,2.120049,b4150337314e40fb9e3ebb24514504a3
bc74f6e0e01940f8b0e150ba65e72d34,2.11397,74e7db4222ca4a20811199afafa346a7
eead86464fcc47c9a4330692646f0973,2.1090524,1216ce1ef31e4643bb1222538c206342
a2adf2cbae1441e3a30cb0ce1658be8f,2.1047282,c26f5e7dcc8149f18f3d719bba9ae717
e1e6878707524a03864e9b83fb89345d,2.094862,74e7db4222ca4a20811199afafa346a7
a2efdf5f804f446e917399345898167f,2.0935714,80948e17b5694599919e1502bfcc08f3
f4a11d6e649f44be960bbfc9a5aab7c9,2.090778,b25fe3b79f714d38b3fc53e39fd84d36
84e237a5da704cc28748ceb897b709a3,2.0826626,11ec23965d2941d0817082107996ebbb
ff2339e06523437eb464f18a90d5f80d,2.0815172,ff715b4f228443e3b067c801250f3402
1ef6177541694b09a66cc37c32dd92d8,2.077941,691acac4a54d450697afb2c2dc4fca09
4ce3fea9e2ab48ac805aa7b46f2cfe73,2.0749843,2425086d8eaf44d2a9519f0e4e6b289a
ad251b857ef3422398c3c3aa91f9c632,2.0728657,c26f5e7dcc8149f18f3d719bba9ae717
1dfeecb0d6cc4fd68f8fe7bddc5573f7,2.0658064,a926df6d7fcf4b17b68dae6f41fbce66
f745ccee7e2340918079fa1ec6e0e29a,2.0648873,7ab29c5e2f05481d8a69cc479a764ee8
6728135560274c459d26043145918a59,2.0629394,ed9b10a2879742628fce003076ef9024
9526a184d9234981861f184f41d509b6,2.0611567,77a8b27acb0e4600bb6ff974eabc269c
387e43ce9c334938bbfe0ae8c0419ead,2.0611472,bade01bd83ec4b6786fd8c867ca7a090
8564aa88c0c6416890eb773a1c47d701,2.059505,8a77dc665d8b4d95a0b1113522f7e9c3
7360c15d3abd4dd8a5af35cc13c48b1c,2.0527716,89597084b19c4902b073a2c6c6622456
d0dad3a420c744c3b2aaaa1604121d1f,2.0511339,e96aa0967ab94368b381354e03dc40ad
16b6598102224ec59ae691c80c17f913,2.0498915,e9f055a212cd4e5e8601228c37713f35
e553e8ada4e4446ebe9a909822fb1cfa,2.0373025,f5a6222612ef406b8f02aef87e08c476
11cd11ee574a460989af01777e154c33,2.034742,156f393f7ca046299e09d05464afa056
c2da5a4eff03435c8c936f9c5f4cf43f,2.0174608,1d47a696eae94bd29f215a4787b27d8a
b5c4664ba26443dba0dde05295158123,2.0099301,564a84b1b830407e811bcfc7fd086a6f
dcd792ee5ed44c18908c70bc295d64d1,2.0099063,6a122ce1702646db918266228d48bd08
da58e0684cc34833a768589a2ab19e46,2.004448,b8ca3b6144cd48208caae952e096e7ae
4185600f230d4b21b2e32c2d85caa90f,2.0028863,75b0bd2240a54f6fb45bf95ca43ab5e6
5dce93cb07464f0db845af41bf878604,1.991623,acee70abee2841c9b67b95e9ed079647
5bf9e6f5654045d28dd2225231386807,1.9890893,23066f7964874fd39639dbf2cb2766df
1b6f4307fa4e42cda9018c5085947b48,1.9890376,66b0c8a58f444ea0aec34d9403b88a49
3f284acc005e4f23a2bdf5b45700c4cc,1.9873939,f9fae977af2c4f35b29400f31267e170
9addae0c40c248d4ab8fd02fb3861e99,1.9861126,9170e0bb8fe44b309f83293808d871fe
4cfe5514dcd64af29dbb1012e6e35f81,1.9859765,bab3bdc133384798b558f8fb6466a7fa
6a057932e0f440299b46bf70039cf9d7,1.9841924,e492ff7fecf046a4948c5ba5631cdefe
17c07c3077cb479eaba075a5c7f99328,1.9777186,d42996c2b67443fd9b73bba7641d4f77
0ff2646f55f04a5a93328204b6fa099c,1.9768515,31b69f9501c4415e929b6af28c83f6a6
5ea4394d43e44b219a8390a0b54d2982,1.9452903,46ba0b979a664c7cb0c315c4cde6ac86
69669e9f88dc43b68dda6126c27675ca,1.9421178,e039a00eae414ebbb2205b011ac127cf
0d995ee72a0b43739f37e5962dd6c907,1.941778,0302e7dde9074dddbbbdf85e9be57901
9f44eb98cc5c4143a57358e733c1cb23,1.9416568,650afb6a1d054e59904a1b796552eb04
5f5d6306678c4a0cbeb65f8580c9cdbb,1.9407755,89597084b19c4902b073a2c6c6622456
a879a1da30c4407aa84b5fea90b60f32,1.936766,6c74bedaa406493a99988c5b8a47b704
8ec020ab1bfe43a58c104ac0eaa95bf7,1.9265635,0ebc441d25664c91adad96b570270f07
b001beeb0d384d448ff9383afc5ad45b,1.923754,c0cb721b56f240dabf7f464e453ef72e
daec8c9bb81142a98349b34affefed91,1.9128708,630edd9b8f754b5dbd36cfbbd03ccb51
020f53a16c0047f9a592ac5126da2ccd,1.9118071,4696c8192576454f8684954bc771aa23
ef0d69bfdc4e49acb1978167c6edf80e,1.9073734,19c9ac7b84df472c85ed6cf5a05fbbc6
ee6a2cd2075841c6816e41a54637aa9b,1.9034315,ad289d5052264f9c8bd0aaf9faace92e
69fc5af906524d06b5c47a8c984a7199,1.9030559,e27d9425c912446e947fe53c4a757375
9d9b4852b8034985805080eb49678bc3,1.9023967,a1d8cb16dafd4126922f985021e93631
aa8510751ea1474a90449f0bf668c26a,1.8943553,691acac4a54d450697afb2c2dc4fca09
915d79767ad746c99ea804f4b5dbf60d,1.8826109,d981f2c67f764e0c84af125b563958e9
700d97396d164429817cb71d0e1b313f,1.8817257,f9fae977af2c4f35b29400f31267e170
a2be1094a2d64ff78445a42b82c28a63,1.867255,d74f6e7abeb84eedb9923dadb62f45f0
7f23a0de3d6649fbaa67cb1b2dae2289,1.8631022,ff715b4f228443e3b067c801250f3402
d060627e97d244e99da1e44ccf7d4a91,1.8629082,5a26ae7959494fef99542e9b2004fd11
3c400856520e456ebb8a1f9660e45cad,1.8578864,3b13d134762445cebcdbb02b484db77b
80a892b08d854ed7ba82af259da76154,1.8568573,156f393f7ca046299e09d05464afa056
a02994faca0a4c088e226d856518737f,1.8552033,630edd9b8f754b5dbd36cfbbd03ccb51
7a81a74f4b0e49839c3fbcfd7ad02560,1.8498666,fb709e29755b44988bb252c87a2ce2f3
dcd4e8a77e0c47f4bfeaedc8b8dfc397,1.8459382,bade01bd83ec4b6786fd8c867ca7a090
7438e386a6a9468fad05b2507d9194e8,1.8426378,fd51f3eef1a64d9a93652be481bde32e
953a07c9b67d487f9d6ac9b71b85dff7,1.8389863,e9f055a212cd4e5e8601228c37713f35
9304c56db5b34e709d22e558122d8338,1.838846,b8ca3b6144cd48208caae952e096e7ae
bc1026f31e374c13a6d40e36a58b4b4c,1.827343,4430d47e30904eab969c1baebca184c0
5b1ed8f4a5bb43b59f972b95a4346c9c,1.8272737,64f1d63a671d441d9663a783f632f794
b25c125f6fd14177920e7f609ea6f819,1.824388,66b0c8a58f444ea0aec34d9403b88a49
061948a87df34fb3b077070194c1119c,1.8228842,1f8c0f02984e4139bf8043e57497fdb2
f6a57bd21bcc4009bdd07b1d8b86afa6,1.8218422,630edd9b8f754b5dbd36cfbbd03ccb51
469ca74fcdf244ba896fd018680b3201,1.8186185,4ad7e2502210436f9ca5735fdf7e50c3
19a8e983eaac433fb6e4dccab0c03fcc,1.814075,d576e334105247369362b05a375e88cd
8c178f61ba134a9a905810910eef239a,1.8083451,75b0bd2240a54f6fb45bf95ca43ab5e6
9385f152b6204244bd58c6107f500381,1.8063843,9303b9f7f4984b2dac8aeba8c8da8ef6
ef4b6d47c51c4527a80e52519f3c872b,1.797396,691a538d2372403fad2b919b48ff5f85
78f98ba4d60845a481387741d684c46f,1.7882466,e02ad4f63c8444b79a7a56fb23a4e0f1
2fe38ce318ec41e091618386a291f79b,1.7875859,e96aa0967ab94368b381354e03dc40ad
299011ed1f504bc0ac2d31f2876162d4,1.7835525,4b748d6624144214b3d8a80b37aabde6
1ee540e56f46476f8d452e04f0490075,1.7775904,2768d411cc374a018a898f9df0ca207d
ae806a1c4d304ce388ffbf648f241d20,1.7765833,a585d23fe43f459ba86ac15645af77ff
dbf2f20d05034e77a9be456ee8d44377,1.775505,564a84b1b830407e811bcfc7fd086a6f
f1ccf2ee3c3d4cddb27a2e081d844de5,1.7732103,564a84b1b830407e811bcfc7fd086a6f
9fb8c17411204358aa87dcf800bd36b4,1.7723639,bd35571850644321b86ce4fae286ce7d
05de4f46aac741bd81e6bb9133542716,1.7664232,bd2f91a9415049d980e453f94327e0ce
0d0b25a05a4148d2b15c4f2ac11010e6,1.7602051,b050e9e1ef5946c297a34dda98d8f476
3477cf6029bd4abb97d2bbcc6c11509b,1.7506747,1216ce1ef31e4643bb1222538c206342
87773e87aa4246ecb99c535106be1412,1.7493207,acee70abee2841c9b67b95e9ed079647
da548115b6564ca69d846f3ea8615b6e,1.7478683,e96aa0967ab94368b381354e03dc40ad
173d05df5b374e3ea0eeb958b8854299,1.7475986,27eee82d7fb94b9b8b60bd3101187496
9c0fbba28fa24de2a7d3b5fff53b8ef6,1.7435104,34b71675a1ae442395b6eb1f3eda23df
924127ab124d40edaac3616675e82655,1.7423992,bd35571850644321b86ce4fae286ce7d
e98cad653d89476483782ae1a239135b,1.7407329,5a8cc5ff28fb4359afc7e9fcbf3bce55
fbf3e9aa77924f2397522f3e54f91d54,1.7363104,836ec4ef8df644328ac07b7803709323
22831856b4ef4ecda0ee60656417b904,1.7243565,0f9cc12519eb4872af7be7fe49e19f59
f2b48599b4e942a098c9a2fb280c2525,1.7238877,7ac9c94011924c09b47f9640211885a2
e9b290a94aa44b1dbba67ba62b5153ac,1.7233921,27eee82d7fb94b9b8b60bd3101187496
edae612794a548eea7fe0edde2cd8271,1.719249,c3412c53e9ec4b6a9a1aa95cf7f0f1e4
7cb1eb87f58f48c88b0b1f3205d9a6e5,1.7065051,d27cfea4da8f445fb4e3c55e53c6482c
1f8623bf930a4fcfbd914e784354ca2a,1.7009838,f615619defc4402b82845090c238e597
4c2fc2033f15495485965dbc18d3191d,1.7006059,e336d113184c4ebdbad7aa2b6ec64640
de06cda8b2974e1faea48a81f0d71342,1.6967335,6b9b2c8f0a874bb8b6691aca6bc49565
00ba0de9ca0245ab8489ffd199e84c92,1.6963027,7cd1db4b50dd41e6b2f3dd15fcab3b89
ac23b811505944319414d3f59b4b90ef,1.6866865,01690d9b08164fcabd5bf0819754f71f
c1904c9ab6bc4ae5b4b364ea1f24b7d3,1.6859547,7a4c413f5c844796bd5ffed2b65f0336
4eef43c568d642d0b7a75932102cd2f8,1.682905,8aadcf7251724cc6858dc0db44abebe3
9cda69694f9945cda4d98d01dfa6bc79,1.6788962,7cd1db4b50dd41e6b2f3dd15fcab3b89
13bc78da1120442190653a8273c4f2af,1.6778073,19c9ac7b84df472c85ed6cf5a05fbbc6
a5580bcfdae9468781349b4ca3ee101d,1.6680443,5831f5e280be4c02a09ce4588b56d7f3
183908f894694011b40f78d80cbeb742,1.6679661,f5a6222612ef406b8f02aef87e08c476
734db9fe91ae4ef4aa4f3798343785f4,1.6661493,eb513691b7a04d31ab1bc50bf343447b
8a96af0f20f74b209326dd750c56a2f3,1.6595178,0ebc441d25664c91adad96b570270f07
168e875b6a7c4f0c83e74f55508fb7cd,1.6593411,d6fe6f8380464e21a27fd69de27f1f57
a0720ed891c94750a6be596258ee3d43,1.6579359,678725f8b914453fbc1029b7c1bc0879
2f0bcda66cd34231b3a3822dd57f7f2c,1.6536659,65664fb3aad341fab563409d91dddd2d
b19ea3eefb454edd861821b7164f50e0,1.6455774,ad2b6fb945714e6792c17bd49a1066e0
b9a77513e24d477887a0d0582ca7ed7a,1.6447402,8aadcf7251724cc6858dc0db44abebe3
0440c322e82547b787d5f173806bb341,1.6438928,e039a00eae414ebbb2205b011ac127cf
2090b42e4121433892402ab5724a805d,1.6373839,27eee82d7fb94b9b8b60bd3101187496
7e29ec4675ab4e1cb521e69e6de49dfd,1.6366086,e45844e0215f4a1596a7f9ac41367c46
cceea5a23ce7472b9023735952df0ed8,1.6336803,6c74bedaa406493a99988c5b8a47b704
3d4e582564564c72b47184e7b5c0717d,1.6282349,5971501b0e8b4ef5b203c3985d7f5e88
963dcd06789246059d5a6ecdb28e6321,1.6237619,77ac5eb4b3054ca68e2b0dcbd5473fd1
de7e2ebef31a43768b57de371f2631aa,1.6175096,057164cf4aab45ebbefef3409359cfb1
385af4460b5a436baece6ce3fa1cd423,1.6145506,6a122ce1702646db918266228d48bd08
43de32fcef1548dbb9d856b138ecf429,1.6112229,7a4c413f5c844796bd5ffed2b65f0336
37a17e9368a0458aad652a8b0602892a,1.5900276,630edd9b8f754b5dbd36cfbbd03ccb51
c0f3c55551da4b9fa0600e0d1b9181bb,1.5744169,0472051dc57d43f8b9dd08df475fc4a3
ac047081c69246efb1e1385bc77fb76c,1.5695279,88dc23909eb4415aa39b96cc3a4c2926
e327090a663242caa64ea6482dabfd29,1.5674788,5a8cc5ff28fb4359afc7e9fcbf3bce55
ba2103e1cad442ec881f2b0d25c99bb9,1.5619783,46ba0b979a664c7cb0c315c4cde6ac86
006744853c1a4bfd9d39aea6556c7be3,1.5619495,c0cb721b56f240dabf7f464e453ef72e
5b578482d6cc41b9a12382c724e9e19d,1.5557206,d981f2c67f764e0c84af125b563958e9
82e2ae3e0d3c4ccab9093974f974e854,1.5547144,a6a551a308b9442f947ea0608ae2c3fb
a35d09d1bfff474a8029dcb3bbbd32dc,1.5533991,e5692bd498004d32934fbaa05af2120d
c69f7426bfca4d959cc756572440109e,1.5495436,3b13d134762445cebcdbb02b484db77b
c6654e244a00404a84d2f9314a7c6bd6,1.5494056,6aaae524573f477f8fdef0b83787cbee
1c017d16176a48e9a899ed772d5ff4d9,1.5493993,1543a2f94aa74008914301874d98f0f5
e4c05db0326140dd9c48a8179a3fb6ba,1.5395321,02cf82700b4f4773af3a14ad8eaa5270
afb3f7ad74ad422c8162326a9647de92,1.5368693,73e7e41e8db447c09cb2363d76556c64
f6440ad65bcb48fc8d7fb11f5accc309,1.532589,e7d6747e8c8b4ebcb665e232240daf17
87097861fe6e492abd016be0dba27ec9,1.5303072,9e304a9bbc7b4c22af8025fc93757357
9267609a976547b19a2cc08683835f4e,1.5277133,257aed6ca7a44f1cb5c664beb1be527b
0681f461c4ad4ee699a843df5ab30607,1.527293,dc58564d0c8540bea4f3e2e3696deae8
9d3df96b762f475baecfda5f306ccdc7,1.5209987,b7ef0a61de0e4adf9688b2c525c9ad09
64310259af8e430b8a9577093b411ada,1.5193312,6a122ce1702646db918266228d48bd08
af5d2c39e4a54d8295b3a933c8bc7b43,1.5171802,bab3bdc133384798b558f8fb6466a7fa
50be6a3978ef4b168a8256cb53fa7afb,1.516118,1f8c0f02984e4139bf8043e57497fdb2
292a36cd38ba43bf86a043e2de9d7bef,1.5118613,eaca056cec224a30aaaed30c39f644c2
632f27bc9e4b4d3b84108ebd02d27c77,1.5099525,19c9ac7b84df472c85ed6cf5a05fbbc6
c0db9a38259c4b429eb66ba537ac8730,1.5079545,19c9ac7b84df472c85ed6cf5a05fbbc6
c81dd22a150c47b8b83d8439c0024f01,1.4991719,a585d23fe43f459ba86ac15645af77ff
839527c5eff74e27a3dd2e5a9336cc57,1.4892981,c9628610053945f4a7998ae48cd70da3
ac601d55d74246afa29a020b8029c7af,1.4880133,c0cb721b56f240dabf7f464e453ef72e
83d43c7c640c4996a271c9ec70bd0746,1.4869301,0302e7dde9074dddbbbdf85e9be57901
f68b3be7e23c4f86addba549e41b9077,1.4851239,9b22c5cdbff44bdabd48dba008e6a3b2
65120ac6b44e42f1831bb02005863657,1.4832487,fd51f3eef1a64d9a93652be481bde32e
f90990b791cf49ff9b92b9a49cd87f89,1.4818147,66b0c8a58f444ea0aec34d9403b88a49
ea055ef8a6de4cdb8761ddd4dc3bf3af,1.4805727,965598a17b624a0f9bb1cd58595458a6
863e6e460e12403393c97a12e6ce92f1,1.4794137,d0a840820172465f83c8480d571e7b71
9f68e2380d2a40eda419370717d328b2,1.4777477,ad289d5052264f9c8bd0aaf9faace92e
b5db665a6be74d6d917e217bae5f59b7,1.4758791,21b1ded02d7b42618592187e287835a3
a18a19c2ef80495ea076e2ecc882c7e7,1.459563,80948e17b5694599919e1502bfcc08f3
174196604f504ed29027427608904003,1.4538723,1216ce1ef31e4643bb1222538c206342
9126864790e8431db0440435469417cd,1.4492823,7ac9c94011924c09b47f9640211885a2
f792d5fbc00c47c59ce1791351c39504,1.4409119,1fde4c9a01f84c349461083b6d0ba9ed
06435a3004794b68b31f4c445a06fe71,1.4405367,f615619defc4402b82845090c238e597
553209cfbadf463eb60df32bfa7da770,1.4404875,65664fb3aad341fab563409d91dddd2d
b30b809bfd8141fb9aab99fe056092d2,1.4376636,65664fb3aad341fab563409d91dddd2d
91a077bae982429595e548a2859976ab,1.4316975,7ab29c5e2f05481d8a69cc479a764ee8
1f487d592adc46f1ba935a923c34a9c6,1.4300466,7a4c413f5c844796bd5ffed2b65f0336
e163e00abbda4bc5adec2f85871b7c88,1.4285432,5a73e0a5c757410eb0928feed7b151c8
d26040150be642cfa0310e083cc0d204,1.4285405,bf59502a233e4b5eaff9cfa3a992c387
f17e080b2680401da91c350fa7e9cfa1,1.4284906,fb695c097d5845c282f6b30c241e8cf2
e938fc1d26e5456ba78f78d9f8514816,1.4264677,b25fe3b79f714d38b3fc53e39fd84d36
3b038bed6122476bba5c73f7188efdcb,1.4165409,1d47a696eae94bd29f215a4787b27d8a
94c480de369e4fcab0aee54d6543f90b,1.4107811,630edd9b8f754b5dbd36cfbbd03ccb51
07c0659266c446b4b413362a241214b2,1.4093046,e7d6747e8c8b4ebcb665e232240daf17
b3d0e1f27a4c4d9dbda5877bde3bf232,1.4081314,9e304a9bbc7b4c22af8025fc93757357
63e06c0c69054bdd8c2690539549d9cf,1.4081042,37337ebec05640b890e4b9612776c32b
0619f008d28446449bfab75441601f01,1.4028827,7a4c413f5c844796bd5ffed2b65f0336
312939eb59d541dfa7df51991a32d5f6,1.3993726,f615619defc4402b82845090c238e597
93851d403349407996bba1dfd7457f79,1.3881215,057164cf4aab45ebbefef3409359cfb1
81c6d98619c8406bb519ea26c477b3b7,1.3815515,d9fbe02f04a4469dac855f69ea6ad02a
a9b68d896d484e6a9c7e87b014dce89c,1.3770657,c88be17376104f999b914a91aebf7220
54189dfe90d2466b990b9dd0c5484606,1.3670644,89e43b092c844b5886a93091a22c894a
167939f1c55740a5bd8d235691475fc4,1.3586551,11ec23965d2941d0817082107996ebbb
34bf626d6a87427281f80c0938fe0278,1.355237,7ce06191f1114b4c8a00609f6867761f
faafc7c371d240a29c764c0074231e6a,1.3545866,779d7c2bad1940c8a861451964e1ce01
9555747543024d518645fa84d0dbac94,1.345,369fe18b94f54c98b554fd22b4a3b50b
23dfaadbd50c422b9ff80be549a47391,1.3429103,cc21026ff0d541909df56c5618d28518
6fb94e9ac58f4d9694f15b78affe4f02,1.3412789,34b71675a1ae442395b6eb1f3eda23df
b5712ebb3754407989fd548033fcc3d3,1.3410205,e492ff7fecf046a4948c5ba5631cdefe
ec9e443ba4a94ce1b32501a817565a6b,1.3355026,c26f5e7dcc8149f18f3d719bba9ae717
3df0fa25822f457496cd93c2402bd292,1.3346285,aa2d7a3a535243189492d4ce8e79c049
0623d83a061f449f86d03b34bcacd314,1.3302711,e456afdf95e643dd926249fec4d68753
e248745a536e4547b843917beb8bc3ea,1.328119,cc21026ff0d541909df56c5618d28518
587c1d4811034d7d8e3ccdb4af7ddbe1,1.3268911,e25b9d9944cb4d7197efb8ffc4ff57a1
44e0859420c4441d8b2eab856c4e010a,1.3173437,f0695d7e59d64941b510a3d12f801d59
03338969d6c44f879a13c672864f6001,1.3144912,f615619defc4402b82845090c238e597
287f16e644254fb4ab92c40cf4fd41e5,1.313953,fb695c097d5845c282f6b30c241e8cf2
70d4373544a8407086d520841c1eb504,1.3110203,7c1e02f3ab614e539ac901e5cd3c92d8
da098162d0924c6eaf6699ca87326527,1.302513,ad2b6fb945714e6792c17bd49a1066e0
775b2092579349f6877cebb751ba7f11,1.3010519,9b22c5cdbff44bdabd48dba008e6a3b2
79ac90f7c3254209afc09b44172a29d3,1.2980638,c8c201e25c0047a2ba9d9e8541ac0939
cde31d7f76684d62b17e619c0f1e98d1,1.2916884,b8ca3b6144cd48208caae952e096e7ae
6555bb324c1c434ba6f2beb761ab8f1f,1.2876585,80921378de2b4cd3a14d449688d8b079
669388a30d174fa48b59092d2b8770cc,1.2768774,a25b08e008114c9ca0266ce3e55d82bb
4593972edeb84fe49e5ad1058e0d8d35,1.2759237,bf59502a233e4b5eaff9cfa3a992c387
0c553973fbe042a7af2110e0a2fcdddd,1.2685671,bd35571850644321b86ce4fae286ce7d
a703ddf11df347d6a8ca6f572ef505f2,1.267257,e45844e0215f4a1596a7f9ac41367c46
112c929868df4d8fa0428f2c3cf17e3d,1.2557917,ad289d5052264f9c8bd0aaf9faace92e
a90f7233ac774c298df91a6eeab11626,1.2542423,d42996c2b67443fd9b73bba7641d4f77
aa7a7a6a0bfe40619e55e8f0b07f04fe,1.2494698,1216ce1ef31e4643bb1222538c206342
15d3499d1d4a4168b863a75b7e0b7e8f,1.2480938,e456afdf95e643dd926249fec4d68753
861d015f426f45d6bd869c91fb7aed57,1.2465936,eaca056cec224a30aaaed30c39f644c2
7216fa39e2414501a8f87ddb54a3133b,1.2453929,fb709e29755b44988bb252c87a2ce2f3
f3ea230754ba41d192cd37ed751d1318,1.2431953,8f761e1117754656ac86a3a25f241cd7
c661bf4a97394c40af06ff80bbec3a75,1.2396189,a25b08e008114c9ca0266ce3e55d82bb
179de20d4413414c92aa7828d5950f5d,1.2394444,5a26ae7959494fef99542e9b2004fd11
96427260d7a740dc8e8abb4b879ac84d,1.2392757,4d708e5878784386a42c2f436d2d60f0
c244f9298eca46bebe8382249b3a300b,1.2388308,e336d113184c4ebdbad7aa2b6ec64640
e2b879e36e484b0992165829229529ec,1.2345777,27eee82d7fb94b9b8b60bd3101187496
55f19079097043d4b29cd2c08fb960c5,1.2305146,58db4c3a26c84fa68d81235d078208bc
a10fa0e95314472f9c5d9f4695a8391c,1.2266755,74e7db4222ca4a20811199afafa346a7
f41620f1a5c84928b422bcd3fb97c109,1.2259665,09fc9f38fbbb4bfaa1c979ac9cc43f0b
78ba6aa176c7496d85a6fdee9dad62f1,1.2218258,fe6ace599de44aa19b1773dad3658fee
3cbe7ad4fbe64e83876d9c85f91a8237,1.2166302,d4cd0b56b6f54e08aec8ebfdb6122c5c
3bc9e7189bd1419081f54d35e956639e,1.2145647,b8ca3b6144cd48208caae952e096e7ae
8f8c730f26cb483da414fce61eb1b47b,1.2143757,a926df6d7fcf4b17b68dae6f41fbce66
3787d8d226fe43acab22bb2c72e2b1dd,1.2119405,cb85047b65f8468aa02744c28c075dbd
b74ab07a7c004219aee7bd6d643ebfb1,1.2108636,64f1d63a671d441d9663a783f632f794
f6304923104f47d1ae9f82b7116051a6,1.2100654,6aba5a04ef8742a39d3a61644a5f0729
b513c98d376b4102a9119d959aa7ebfd,1.2040446,d6fe6f8380464e21a27fd69de27f1f57
c0860e1ee41347ae81ca7fee69119dc2,1.1913662,3257035cc77946d98bdc09e2fdd5cdae
4b984f558f9e4236b12f8875520bdebf,1.1834157,e25b9d9944cb4d7197efb8ffc4ff57a1
c4060e0878a944af9730a8113eacafc9,1.1751802,37337ebec05640b890e4b9612776c32b
f8dc989408ab412199e89745baedbb50,1.1716626,8f285540a9394706bd6ec6cda46c5058
9923a917ad644091bbc508d3ced20f75,1.1689521,369fe18b94f54c98b554fd22b4a3b50b
2b50f012261b4b2ba6b92ef109d17277,1.1634982,b25fe3b79f714d38b3fc53e39fd84d36
1068628f10b7400aa4e87b04d24fd803,1.1532907,3257035cc77946d98bdc09e2fdd5cdae
59f932ea796043fdba3c19bd87389e96,1.143593,58f53c379f7a4868a2ba6d91a06247d2
cf4d7289a12b4ebcb7b17e8b76d82342,1.1398875,ad2109663af04c549385cd2ab9b3283b
477b5f953efb42e6a18e9428c69b0fa6,1.1357583,ad2b6fb945714e6792c17bd49a1066e0
5b6f7847212340cfb461967cbfd411f6,1.133254,0f9cc12519eb4872af7be7fe49e19f59
93945027f4fc4a43aedd7dc6affd5621,1.1310384,d74f6e7abeb84eedb9923dadb62f45f0
e8dea0d3ff7b4340b7e4863d401e1a4c,1.1301785,95fbc6ed8bfd43c1a6bcf676e26e7f8a
08b73196f2c24757b7a87419ad378a36,1.1300871,8aadcf7251724cc6858dc0db44abebe3
824e34ffddf447618c176cfb2577eb45,1.1133678,965598a17b624a0f9bb1cd58595458a6
3741fd305b324ab4a29b14442af8f8ab,1.1071584,d576e334105247369362b05a375e88cd
6770b085f8cf47ee9a162fa8fbac551b,1.1058583,369fe18b94f54c98b554fd22b4a3b50b
4f6887bfd8d64e9c96cb60b2fc428027,1.1025006,526ab7eda50e4a239d03ad505832d61d
8f2e335cd3c54f569c74283b0078f908,1.0994786,f036aaf4ab714c598a0b6da4ca604136
61e1612d7fad463ea1c28d21bdc98513,1.0969745,82b01998353e4141a7613fdc96d7b600
a476d6cbc62045dc948a30c9c18327a2,1.08844,691acac4a54d450697afb2c2dc4fca09
ad13a71eb5594e529ad80ed59082fe17,1.0844567,9303b9f7f4984b2dac8aeba8c8da8ef6
fc0ddf22d761445da507bfd2d2d08d33,1.0741916,efdf40eee13d409c9955e5b84e4408f6
62550b8ddf604cfba4e092fbead3bc1f,1.0733751,34b71675a1ae442395b6eb1f3eda23df
512d51a776a240e1b495922587e2bbba,1.0516036,a926df6d7fcf4b17b68dae6f41fbce66
590ea703d6da42979db4f6cf3ec882f4,1.050149,1c97c72e076f40fcadb22b17e71beed1
a8a7550acecf4436939c03b7e74ec8a6,1.0480976,cb85047b65f8468aa02744c28c075dbd
4975299790f047d9b4dfba901c33ee4b,1.0373409,bd2f91a9415049d980e453f94327e0ce
356781d87d504d789e58fd87a987a67d,1.0323731,fe6ace599de44aa19b1773dad3658fee
eb1fe6fcc1154bfcbe523b6401451927,1.030017,1af4472b38cc4304841b2f1720075c9d
b0eebd77fb114ff388e46e4f3d284b4d,1.024816,e25b9d9944cb4d7197efb8ffc4ff57a1
bf4e8bc83a74425e8657c603c0004113,1.0238632,b25fe3b79f714d38b3fc53e39fd84d36
d3b5dd91af4f4e17a5b26bd5058f3dd5,1.0135399,c26f5e7dcc8149f18f3d719bba9ae717
d0c34b42e0ea475cbec6f473103ce609,1.0131478,e039a00eae414ebbb2205b011ac127cf
e2b08fa4040643048867ee258a43c077,1.0057502,678725f8b914453fbc1029b7c1bc0879
faf7544dd7fb43c5b63a56c55bcaafb6,1.003016,4ad7e2502210436f9ca5735fdf7e50c3
6475f4fbc11942b8814094002d1133b9,1.0014385,a6a551a308b9442f947ea0608ae2c3fb
4cf647a905be45e5b1b81a0559d834d9,0.99888414,fcc9863b07fc4bd5a01fab5b9160eafb
65b7a423fc92497086fe55ce3a85dd55,0.9983329,99142f1c07cd4782814f8c970eaaa40a
6fe5e86e29684922a7b66985a0abbe4d,0.99763703,c8b9a0ac7c214a449c434aabdf6ef770
1e239dcb58ac4c869ed3fc6c4c4a06bb,0.9956963,f0695d7e59d64941b510a3d12f801d59
c7cad58f831849a6a4f0f9cbccb2f458,0.98573726,fe6ace599de44aa19b1773dad3658fee
474bd4189cb5456daf7a1df79784d4aa,0.9808008,e96aa0967ab94368b381354e03dc40ad
1acb0cb3f1f54789891682122e4013b4,0.9715373,7cd1db4b50dd41e6b2f3dd15fcab3b89
5a9a908d748e4c2eb30cdf4a450e189a,0.9645926,cb85047b65f8468aa02744c28c075dbd
9ddc0583ec0e4cc0bbaa79c812c97afa,0.9645636,73e7e41e8db447c09cb2363d76556c64
6f5ef9875cc848bbac020144e710e378,0.9575323,75b0bd2240a54f6fb45bf95ca43ab5e6
8315c41aab974f618fe59e445d7e6543,0.9510604,b2be859ca8f24cda86821d5383edbc18
b89108d9803648fab3137eb2d150c208,0.94569385,d27cfea4da8f445fb4e3c55e53c6482c
b36e14c403c746758111d5c51809e382,0.94308037,b2be859ca8f24cda86821d5383edbc18
00a23ea3107f484f84ca76a6fb313ceb,0.9414818,e9f055a212cd4e5e8601228c37713f35
d2a4c950a6244d788c3d60d371b154f6,0.9398403,fd51f3eef1a64d9a93652be481bde32e
b90d91a297514acd88d2d9aef7a483da,0.938006,7a2491a27f3c438a8549988f7a79e26e
7d72deccbd444c5bb9b43e3a6c75f5a5,0.93752086,e52a528036014db0a7bd54b99a310fe8
66c69be4b87942098f652198c91df0bd,0.93623304,77ac5eb4b3054ca68e2b0dcbd5473fd1
19ba27a603c0492ba795fba0999e589e,0.9360751,cd60a0fcac24465a880af7d8f921dd68
b8052a41b1ca486aa8d1d4fd870dda88,0.93304205,64fa5ce839ef406b9bc8a1b2f05094c7
6fb6a2666474414e950f94d5b467b229,0.93293613,bab3bdc133384798b558f8fb6466a7fa
75bceb302d644b309181d454dbd2b59f,0.93225116,678725f8b914453fbc1029b7c1bc0879
e09735216b1f4e3f9fd7eb54f6aa2b1a,0.9296111,b7ef0a61de0e4adf9688b2c525c9ad09
8756c0e4eee54ca69baec75ff9c6f44c,0.91339624,17cc6768c9d14388b7455fea0060b62c
e919ef1fffb2496894c9769d7ce9aacc,0.91047776,8f285540a9394706bd6ec6cda46c5058
fe175ac3af5446a582bc555f10723923,0.90968806,691a538d2372403fad2b919b48ff5f85
91a9ce617c5b458284f2fab317b423cd,0.9066473,1216ce1ef31e4643bb1222538c206342
d5f31f9998f5477abd572904835fad50,0.903998,9170e0bb8fe44b309f83293808d871fe
28ff28dc16ac43ad9110f26f13aa339e,0.89817977,c9628610053945f4a7998ae48cd70da3
ad016f4559a0419297dfc6da2a37349e,0.89393955,526ab7eda50e4a239d03ad505832d61d
bf4c4007f57a4055bcb4d820c06d7ca8,0.89347327,d74f6e7abeb84eedb9923dadb62f45f0
ba7add48a45e4ff8947f8a846082bf48,0.8882315,4d708e5878784386a42c2f436d2d60f0
31d3239dbec34e65a0e239ffec9138ea,0.8861121,257aed6ca7a44f1cb5c664beb1be527b
4dd9cf8a1b2348fd81e6ed73ea81c716,0.8852811,78b600dd53854b018f87267d268b7b1a
6eeb265798ed440e9feda4d09e043bf5,0.87976927,156f393f7ca046299e09d05464afa056
790595e600c949459cfe2629a30f5371,0.8760653,4430d47e30904eab969c1baebca184c0
7f50b6b5321c44e191bc82be785455b3,0.8736606,7ce06191f1114b4c8a00609f6867761f
5d81d489a98d444a83664fe0db47fccb,0.8728493,00f45d57fd3c448d8cfdf3185ebae894
5a1096197b8648d882cdd33875519404,0.8701743,ecdae9f36c6a437ea72739febbf1c89c
1139ff813de54ba583f9d19e3a2b6ac6,0.8671722,a585d23fe43f459ba86ac15645af77ff
41f9870b0da34d88a3e68dd195a3e474,0.86594975,27eee82d7fb94b9b8b60bd3101187496
1c5c1558517e409b9358d9a48811062a,0.85937625,fd51f3eef1a64d9a93652be481bde32e
7fea4bf4a0c24e2f84ca2e69e88529fe,0.85711884,e25b9d9944cb4d7197efb8ffc4ff57a1
6fa6aa705e9a479b9435e2367955056b,0.8570525,d6fe6f8380464e21a27fd69de27f1f57
06dc42ee4aa4438a91f2d88754ad84cb,0.8522785,650afb6a1d054e59904a1b796552eb04
8c55cc4f7bc44ef7b9210ff7b7595435,0.83871526,75b0bd2240a54f6fb45bf95ca43ab5e6
4443770debc447b1b3f8c9dbb46160cd,0.8363018,e456afdf95e643dd926249fec4d68753
9f893eb3a0eb4ad399f1eb64251cb4fa,0.8349777,d74f6e7abeb84eedb9923dadb62f45f0
0af83a2558ad459cb3b54e5c9da02975,0.8340371,4696c8192576454f8684954bc771aa23
067c039494914485ad6e06b72bbb8e13,0.83260673,58db4c3a26c84fa68d81235d078208bc
583a781c0b984086a93f2f1c7c5f98b9,0.82825595,f0695d7e59d64941b510a3d12f801d59
587a668f01694a1e847a97f47debb81c,0.81199086,37337ebec05640b890e4b9612776c32b
b3d1c6603e6a4f05bfe265607ea252ba,0.8070241,e02ad4f63c8444b79a7a56fb23a4e0f1
51ce7c9230f540a78ecf1c757e16a6a3,0.80401856,7c1e02f3ab614e539ac901e5cd3c92d8
ab6c85b8074c4edcb7f8d568b142ef98,0.80340755,1543a2f94aa74008914301874d98f0f5
7779e19852544c0a86ee54cbf58acb3c,0.80138373,e5692bd498004d32934fbaa05af2120d
d896778ef12545f5b79fbe84a1c9ee58,0.8005806,80948e17b5694599919e1502bfcc08f3
1724b0e2e9bc4a61a23d4f7082b1d3bc,0.79677224,ec281224f8ee419ebde676f291672aea
91467c6be29e4dd4bf681cc05803d081,0.79617465,c88be17376104f999b914a91aebf7220
07d706541ba64a5a860673ea0aff78bb,0.7931056,3b13d134762445cebcdbb02b484db77b
4b39ba0bb2e54f72bf6cc4c7832b3841,0.7905638,fb709e29755b44988bb252c87a2ce2f3
af93b48dee3a4f0a924c31d87144d7fc,0.790398,b7ef0a61de0e4adf9688b2c525c9ad09
ed96d522f1d74dcb9a41c80634f5abe0,0.78884244,d0a840820172465f83c8480d571e7b71
7320e14823a54b30b0a3fa3f42a01ffd,0.7825892,1f8c0f02984e4139bf8043e57497fdb2
9f143dcef5ee44dd89610738332533b6,0.782423,6a33c207c8b648f680dbd0e65639ef04
707f6646366145df8e5402888ac28325,0.7701381,779d7c2bad1940c8a861451964e1ce01
d23da11a51a94f54a9acb157cbe7056b,0.76804864,27eee82d7fb94b9b8b60bd3101187496
f854f94037cd4d678dad33c5ee4d0dae,0.76802796,5a68e05acea4434ba08e17e1fff00057
adcb28bfb3334cf0938efac96e34354d,0.7669519,c88be17376104f999b914a91aebf7220
e18211bb1b9a4eb5b5679481523d0c23,0.7643826,d981f2c67f764e0c84af125b563958e9
856daadbd4c24836a85731844393b1f4,0.7626147,9e304a9bbc7b4c22af8025fc93757357
55472eb25f9841c2b39b9bcef06d7bf8,0.76256865,dc58564d0c8540bea4f3e2e3696deae8
98d13339052248b0b3c45e976da3acf5,0.7535926,3257035cc77946d98bdc09e2fdd5cdae
387cfff049b44a62ad0215e9bcd6f912,0.74359214,ecdae9f36c6a437ea72739febbf1c89c
06b4425d4dcb4aaaafb52063bd3af473,0.7404549,a6a551a308b9442f947ea0608ae2c3fb
278a6d1334d949ac865e60b6199bf59d,0.7279737,a926df6d7fcf4b17b68dae6f41fbce66
729eb469bdc343e6b5c2628e9be83fd1,0.7248757,903360099fb644b6b88c6edac88eecb2
1f92b7ff3de8413bb81c7346203bec40,0.7201023,630edd9b8f754b5dbd36cfbbd03ccb51
bb5b0894b81e4a8daf1feb3b422e35a8,0.7170644,eb513691b7a04d31ab1bc50bf343447b
0ca1af4b4360463da2290c0231e7c2bc,0.71481276,acee70abee2841c9b67b95e9ed079647
0c915913c66d40f6b77e2491b30dfc9c,0.7138023,a0fe3cd34e474c3b90662ce8ef1fcac6
e1c498af40d54c85bcea4f0ce236b966,0.71024114,d9fbe02f04a4469dac855f69ea6ad02a
0f23167585384e62970cf34d4092c7a7,0.70775026,e52a528036014db0a7bd54b99a310fe8
ff0622832e0e48519d375778af4f60c3,0.7002601,7ab29c5e2f05481d8a69cc479a764ee8
146864f4715c4e438e2c3294df06d9b8,0.70006657,691acac4a54d450697afb2c2dc4fca09
6c106f8a15e949a69472df18c370d213,0.69586277,75b0bd2240a54f6fb45bf95ca43ab5e6
84e4c1bdea914f529a194f767629d1b7,0.6827199,2a9658410614443d8a27ef174f61d6e8
15171a501992488a97cd9f1f44475978,0.68255734,a1d8cb16dafd4126922f985021e93631
6de8d8e544ee4bc3b84a9aa3f56f4d30,0.67203605,64fa5ce839ef406b9bc8a1b2f05094c7
c8aebab05e9d4c7e8a5e4875c217263d,0.66883945,e7d6747e8c8b4ebcb665e232240daf17
ac99786a858b4fa2a4aab5dcdd49d652,0.66776,6a122ce1702646db918266228d48bd08
7b51de0f71b142e7ba4820c5972d711f,0.66327417,b050e9e1ef5946c297a34dda98d8f476
b453e70a75224981b0a892bee09f9b9d,0.66315657,c9628610053945f4a7998ae48cd70da3
4d2df900c0ef4261878a1ee108ac520d,0.6578373,ec281224f8ee419ebde676f291672aea
42b1aada557b48a0989c6a1c05378299,0.6531371,17cc6768c9d14388b7455fea0060b62c
20a91015a52d4a81bb29c195b01ed6e7,0.6486598,46ba0b979a664c7cb0c315c4cde6ac86
2092a0007cd74f32bd9954b25b49cf21,0.6448331,5971501b0e8b4ef5b203c3985d7f5e88
b7a481f7374140f98117d92683d80c49,0.6355432,855b3971c4a147cfb9a7c281fa6b915e
1c72a6a5b70a4bf08702aba29a63ead5,0.6318555,650afb6a1d054e59904a1b796552eb04
d0f798b90ad04da3a8a192e16d0b1743,0.6316209,b2be859ca8f24cda86821d5383edbc18
af56dd5a3d1a403c910f7ccd67f42dd5,0.6313316,23066f7964874fd39639dbf2cb2766df
5e369cf5939f4d15bb771d98108df034,0.62917316,9170e0bb8fe44b309f83293808d871fe
2fa8c386148647ccaeee6adf877a7ac6,0.62654805,8aadcf7251724cc6858dc0db44abebe3
3cabf7db885244c3aef797eb94b75b3c,0.6248739,17cc6768c9d14388b7455fea0060b62c
abc9ab04fed74e638625e3e6f26de13d,0.6247026,a0fe3cd34e474c3b90662ce8ef1fcac6
1caf9a18d1b74dd5b4b7841f5fa7c12f,0.6225591,37337ebec05640b890e4b9612776c32b
35280441301148638fc4b59eb169c802,0.61487406,aa2d7a3a535243189492d4ce8e79c049
dcaf50ce32524dee92c4fe00de88a3ab,0.61273813,a585d23fe43f459ba86ac15645af77ff
c5693611e9044ffea24fede04ab1d9a5,0.6051011,6d3c42356e3b459c919e3129ff192ac4
2af53201cad64c32bedf284dd06c1cea,0.5963452,f11f1682b5924181b047d757d3e20964
1d2cd0bb5b1c471ca10d1eea0ef9b729,0.5907593,c26f5e7dcc8149f18f3d719bba9ae717
20256e6cd14e4624979db79d84582573,0.58609295,fe6ace599de44aa19b1773dad3658fee
34dd2bcde19344c69a51099dd39f23de,0.5857616,5a68e05acea4434ba08e17e1fff00057
fbbfaaf2bc764120a3356650c7d62219,0.57980365,2768d411cc374a018a898f9df0ca207d
3295b23d76ab4661b9a92952160eb966,0.57717127,1c97c72e076f40fcadb22b17e71beed1
24f0ffec89c94e20bd898e051adcbf79,0.57000756,d27cfea4da8f445fb4e3c55e53c6482c
b24046864bc341499137c0e4a5d92315,0.56396234,82b01998353e4141a7613fdc96d7b600
4a2b5888e21b471bb770cd3b5b496ae4,0.5624124,4d708e5878784386a42c2f436d2d60f0
ddb7ffce794746d1bcc1cbc3747fcac4,0.5585234,11ec23965d2941d0817082107996ebbb
20c77ed7406f451bac8e8bcd18b5187b,0.55676615,9e304a9bbc7b4c22af8025fc93757357
1e3ef31d6bdc469a89c1eaf71cbead2a,0.5534216,e5692bd498004d32934fbaa05af2120d
301e127ffa514901b5840fd47f9f7e18,0.5517827,cc21026ff0d541909df56c5618d28518
50d0942bfc7540f2b61af337707d303b,0.55110705,4430d47e30904eab969c1baebca184c0
36b74b7a585a45e796fd8ff39bc60f3b,0.5414457,e5692bd498004d32934fbaa05af2120d
366c800d775a48eeb3c735cde3a881ab,0.54132247,6b9b2c8f0a874bb8b6691aca6bc49565
d70588024f024cdda9e71020d4ec2183,0.53699386,c8b9a0ac7c214a449c434aabdf6ef770
266024fef71d4c25a73f93db3af86fa7,0.53645617,46bfd7af0ed6491fa621350963d11e35
56fc3ec2992a4a609298efd89a7d3f59,0.53302455,e492ff7fecf046a4948c5ba5631cdefe
94e15698eca449a99528bcd1d437335a,0.5298178,00f45d57fd3c448d8cfdf3185ebae894
a5f7a2fd13b64df595ec85f5354fecde,0.524541,3257035cc77946d98bdc09e2fdd5cdae
17b5e130e0444402bcedf9400cf07aca,0.5179962,e456afdf95e643dd926249fec4d68753
12274ca89ccf49bdb0903f80560e3d7f,0.51797247,c9628610053945f4a7998ae48cd70da3
54cad1d39001470bae1e14fe0e58f061,0.5089563,cc21026ff0d541909df56c5618d28518
425fbf4deffd4fa183bfa210c296d087,0.50753295,d42996c2b67443fd9b73bba7641d4f77
b2bd065cdfc748af858a6b41f0be933c,0.50521153,31b69f9501c4415e929b6af28c83f6a6
4a2be481c29745e6be4e4b6a6d39ff64,0.50270414,6a122ce1702646db918266228d48bd08
ad5f2cd68d6c448ba9532ff7665af2c1,0.5021485,1b4e143cfc1648a5b877d7445446366a
6f0406b6deea4302b4e44ece4eba9ef9,0.5015139,eb513691b7a04d31ab1bc50bf343447b
1f14295a03ac4251b24ccf3a74772f55,0.50125384,257aed6ca7a44f1cb5c664beb1be527b
2b87269c561444308fce933186cf6042,0.49933577,0ebc441d25664c91adad96b570270f07
70aba94871d94cf5b2d7e950982cbb8f,0.4935475,e45844e0215f4a1596a7f9ac41367c46
e2b6403a2141451a9febd997a026ed2d,0.49240696,8a77dc665d8b4d95a0b1113522f7e9c3
398dcfd9b9434e5aae4fbf7f5752d33e,0.4846705,ff715b4f228443e3b067c801250f3402
6f70eedb7ac1471a9d9cc5ba1a8f274b,0.4746943,4ad7e2502210436f9ca5735fdf7e50c3
e42fa7d6b7134c18be1ea6c41a504057,0.47436607,650afb6a1d054e59904a1b796552eb04
275a7144962641e1a6b32428d2e025ec,0.4715626,fe6ace599de44aa19b1773dad3658fee
78c726c0af744ce0b72aeb59512d26d8,0.46540362,e52a528036014db0a7bd54b99a310fe8
d8c0f66ffaf94373b23b46444c5acb4f,0.46296257,156f393f7ca046299e09d05464afa056
74f89cf2b75547168060f6c31aa572f9,0.4593855,156f393f7ca046299e09d05464afa056
ca5e7f899c944d258e0fe020c844ccb2,0.4580729,e52a528036014db0a7bd54b99a310fe8
b7ebc3098f284cdc8a70c21862a74b00,0.4566433,73e7e41e8db447c09cb2363d76556c64
ced8e3adb0484f249ac865052953d5b6,0.45536014,58db4c3a26c84fa68d81235d078208bc
0cee0f740cfa4b118595c4e921220588,0.4464749,92d5da561f5a41bf929f3555a74cd653
1d79bd154afd47138f529dd6f1d52902,0.44404912,c8b9a0ac7c214a449c434aabdf6ef770
48a75cdc09f54f0e802424e74e850008,0.43783617,6d3c42356e3b459c919e3129ff192ac4
8e5a5214d8844be09dabddd5a39036e3,0.43774104,ec281224f8ee419ebde676f291672aea
da365c80b3ac47ccb8a01a48820437a2,0.4367497,37337ebec05640b890e4b9612776c32b
c4e88a88103749f08d034998e76b6a35,0.43316332,a0fe3cd34e474c3b90662ce8ef1fcac6
22ded3f607364f7b96960f862358777a,0.43266892,de9328bdd1b34adda74a0363ff0a52b6
1c5703785c574a4a86152b8e8ceaaab1,0.42763245,4ad7e2502210436f9ca5735fdf7e50c3
af1aeb26d52b41fea9c9af10f45c7bc3,0.42608324,7cd1db4b50dd41e6b2f3dd15fcab3b89
911ee4e9eb0d4ed1add57e7a79dd71d6,0.4250214,eb513691b7a04d31ab1bc50bf343447b
d51b249d11a44ae699cd4e2854b00d4a,0.4248798,4a4eb12a639346b5a00557d54b51fe51
09a86f7239984e8faf484dba2109244d,0.42213514,4a4eb12a639346b5a00557d54b51fe51
256d2577d4f940778857e3ae7fa8e965,0.4219281,58f53c379f7a4868a2ba6d91a06247d2
7986e60543204582ac542d56eef7cda9,0.41444632,9303b9f7f4984b2dac8aeba8c8da8ef6
a073ad7e6cff44bca20e23485bde2461,0.411599,e52a528036014db0a7bd54b99a310fe8
c7ddfc6b54294c34a4722f8eaa9b55b7,0.4114571,156f393f7ca046299e09d05464afa056
062dc7df9c4f430f87502fe7eadd5d7e,0.4050542,89597084b19c4902b073a2c6c6622456
d723c3032ecb44e187744c460cd06e8b,0.40424204,00f45d57fd3c448d8cfdf3185ebae894
56cfe84755904ae98f74d085dd2fcb7c,0.40422922,6d3c42356e3b459c919e3129ff192ac4
95cfdf88f92e45f9b81a755fb1718759,0.398652,58db4c3a26c84fa68d81235d078208bc
2613b590d7c94de09bd3bc1e4aeebb1d,0.39538765,fb709e29755b44988bb252c87a2ce2f3
c896b42105de4a53836bb12899fe2cdf,0.39417636,19c9ac7b84df472c85ed6cf5a05fbbc6
6001044952554a14b842ed1f26cda571,0.39284146,4696c8192576454f8684954bc771aa23
d51de57d4ced4566bed6fef2db5c099f,0.39225775,d42996c2b67443fd9b73bba7641d4f77
a95afea2e8ff4cedb3e0f1aedf6efb9f,0.38513434,e02ad4f63c8444b79a7a56fb23a4e0f1
722ce5c8bc4f4e07b309329bddf66d7e,0.38496074,80921378de2b4cd3a14d449688d8b079
0001880401724f72b4b0f8fafabbd872,0.37965763,4a4eb12a639346b5a00557d54b51fe51
ddb77e0838c941d9acdd2f02496195e2,0.37901103,e9f055a212cd4e5e8601228c37713f35
405e667675254ffdb3e8cb25813e586a,0.37866098,e456afdf95e643dd926249fec4d68753
aef3a265256d49af8433aac1b85fe097,0.37069476,5831f5e280be4c02a09ce4588b56d7f3
0effebf3021a4263bb46281f2fb33987,0.36827058,dc58564d0c8540bea4f3e2e3696deae8
fe0ece34523c4475bdaa3075a2cade4b,0.3611076,5831f5e280be4c02a09ce4588b56d7f3
6e50350fd3c745e6be8f38c45f9b9148,0.36012936,fe6ace599de44aa19b1773dad3658fee
7919001f5a3f4b7ca384f7a6ade1783e,0.35721433,7cd1db4b50dd41e6b2f3dd15fcab3b89
7e14c6fa40384f39be08ef7ac6b7deba,0.3488719,4b748d6624144214b3d8a80b37aabde6
0ea4c68a804648959f67957d17d5a323,0.3474831,ff715b4f228443e3b067c801250f3402
6fdbbc8445214d81aef5fc22b3f4e9bc,0.34696758,c26f5e7dcc8149f18f3d719bba9ae717
3e8ebff2d8524f5aa87e3d2117dcb463,0.34438628,e7d6747e8c8b4ebcb665e232240daf17
0c2f43def73f4f3a89a64828f97dde43,0.34025705,a6a551a308b9442f947ea0608ae2c3fb
bd9ad9e73d3d47e6bc36d0072d5d99bf,0.3400247,3be388c9ab614bceb086c19f70df23c2
98f802980f7641f39a841cd8697c5ea8,0.33704898,9170e0bb8fe44b309f83293808d871fe
a7c05ece6ffc42e9a9efdc286789bba2,0.3368395,bd35571850644321b86ce4fae286ce7d
fa350c4d307c4225b43fde340c1e9c40,0.3312025,acee70abee2841c9b67b95e9ed079647
fa54265caebc408591476e98de422b10,0.31693447,31b69f9501c4415e929b6af28c83f6a6
c71fc9273bb64cf78fcb3160724b40be,0.3141775,34b71675a1ae442395b6eb1f3eda23df
64e6b4c018f14601949aa629c1de4014,0.314054,779d7c2bad1940c8a861451964e1ce01
b4bfd87056ca4927b56965f9b8341f74,0.3108608,74e7db4222ca4a20811199afafa346a7
d1fafb5d71ba42229f870ebc99263d20,0.30739102,836ec4ef8df644328ac07b7803709323
d7af13217f9446bc8d46c21e5d91114a,0.30577117,836ec4ef8df644328ac07b7803709323
ccf605a5ad9c406f9876e141954e5e80,0.30202925,903360099fb644b6b88c6edac88eecb2
869ede3e68734644b841477bdcecf1e7,0.30115485,1b4e143cfc1648a5b877d7445446366a
27ac7ea2481844079ce6ab849edc3901,0.30080816,526ab7eda50e4a239d03ad505832d61d
f2f267caea8b4b99a078a6d77af06916,0.29770243,7a4c413f5c844796bd5ffed2b65f0336
932fad47da6c474ebd763a0249ad22cd,0.29579788,f9fae977af2c4f35b29400f31267e170
7e1df8a5aabd4ab88cff299bb27c308d,0.2944895,0472051dc57d43f8b9dd08df475fc4a3
abf8b91082294675ba25ab35c659daa7,0.29306638,09fc9f38fbbb4bfaa1c979ac9cc43f0b
492d363c9d8b450da859bd06f06cf687,0.29259986,ff218cc7835d4b5ba0de22792319050a
ea0b41aa56ee406986b5b4f422a625ee,0.28923646,f5a6222612ef406b8f02aef87e08c476
08fe7d5213ea41ebafdb17d60eb36a97,0.28278583,c9e2e76e631c4d0a8013d90892350e06
dd86feab056c4c7daa68ee078e171302,0.2818236,8db9e204b8b841df8fd94eff0888cdf7
a904fb4b818843aebcf6c526facb5089,0.28140926,8a77dc665d8b4d95a0b1113522f7e9c3
7e41c6ad9fe846239eb8cdf3a0a3569e,0.28136313,9303b9f7f4984b2dac8aeba8c8da8ef6
e30148a8fe434f3eafce6f2cce757060,0.27965015,9170e0bb8fe44b309f83293808d871fe
86f3189426a749d5aa5851a9514f7a36,0.27447447,ff715b4f228443e3b067c801250f3402
11626770763040b882ab69e58caa67bb,0.2733631,903360099fb644b6b88c6edac88eecb2
2d641fad427d4884b7624102a50d5edb,0.27248597,5a68e05acea4434ba08e17e1fff00057
6823a93202f146b282eb66b620ae592b,0.27185887,6b9b2c8f0a874bb8b6691aca6bc49565
00989f2d41344337a67e440d6506b9cf,0.27131355,73e7e41e8db447c09cb2363d76556c64
5d204449172f48b1b51ca2ed9308b6d6,0.2679968,11ec23965d2941d0817082107996ebbb
f7d9f745835a44c4a947a141f080ed24,0.26754224,c0cb721b56f240dabf7f464e453ef72e
90d603d31e104c02a43e18ee6dfe41d8,0.26611906,e492ff7fecf046a4948c5ba5631cdefe
0478a4dd439f4218a9194cd283b15aca,0.26465538,ed9b10a2879742628fce003076ef9024
8085782f7d76421b8468fb1e61d4fd61,0.26389113,369fe18b94f54c98b554fd22b4a3b50b
0414265ccf0d4dd59c98749d24924fe4,0.26127243,d27cfea4da8f445fb4e3c55e53c6482c
3e85ec80c479459598052f2abc51cc73,0.25951803,c9e2e76e631c4d0a8013d90892350e06
c91d4a1a75504beeb98888cfe719a863,0.2550304,1543a2f94aa74008914301874d98f0f5
c6754ce8bf4346258c03509140eece37,0.25395563,65664fb3aad341fab563409d91dddd2d
af70750bd219415e93fc6c35e802091d,0.25354707,903360099fb644b6b88c6edac88eecb2
1aa2b5e2dcdf4c4c954c4af1b2112143,0.25018257,e02ad4f63c8444b79a7a56fb23a4e0f1
9146bc8522804996b5984ed63944edb7,0.24620426,01690d9b08164fcabd5bf0819754f71f
37a0d209e50848efb76d08c3f22eb3bd,0.24359089,d576e334105247369362b05a375e88cd
d89a3137737e42bc94b53fd641bd17a4,0.23481083,2768d411cc374a018a898f9df0ca207d
2c5c1b245a194f81a943ef372c580853,0.23118389,01690d9b08164fcabd5bf0819754f71f
5d2dcf398cf24f1fa650c7f0c8035ffa,0.2301073,d27cfea4da8f445fb4e3c55e53c6482c
7dcdd31673a44edaa5df70306899ce60,0.22236145,de9328bdd1b34adda74a0363ff0a52b6
6cc7c613b8ca402b81fb2976f7a8d07e,0.22179729,e7d6747e8c8b4ebcb665e232240daf17
d832897254e74ba4a5515e22654b2d04,0.22178864,9303b9f7f4984b2dac8aeba8c8da8ef6
8195fb97514a48a7a6eddc58be5d8f37,0.22068548,691acac4a54d450697afb2c2dc4fca09
7eab4332b2af45cd8ba6c4050d814b39,0.21779896,ad289d5052264f9c8bd0aaf9faace92e
f74645ebd6e74b0a8ca70c4a1a983295,0.21589458,46bfd7af0ed6491fa621350963d11e35
c75f0da05246416084af6447931742bb,0.21207625,650afb6a1d054e59904a1b796552eb04
92048547bb5d4e79856a1c872a2e018b,0.20868057,01e805bb5a1845a7addf86fe9bc8d814
523ac70af19e4d6988870738be0827dc,0.20260704,1fde4c9a01f84c349461083b6d0ba9ed
fdaaf6e004b04cb18e798331b9d9ebc6,0.20256507,99142f1c07cd4782814f8c970eaaa40a
c853cbd19ac0421eac6817429b6f8804,0.20078593,526ab7eda50e4a239d03ad505832d61d
982360bc10ca4c3ba78467718112babd,0.19637123,c26f5e7dcc8149f18f3d719bba9ae717
2cd2c87b068749a492cdd369cb60ef9a,0.1938719,fb695c097d5845c282f6b30c241e8cf2
7798dea58b5a4389aca581f8efc4b17d,0.1923828,c322b788813745e0aa7b592b4345d379
6ede534375a14c609d02c3f94a41907e,0.18846822,de9328bdd1b34adda74a0363ff0a52b6
fbffec6a21df44de80e049b741243c36,0.18617868,8f285540a9394706bd6ec6cda46c5058
05fadc86cab04c70ba18949f1163cea1,0.18196464,0302e7dde9074dddbbbdf85e9be57901
4810807024104aebb9028b6d53c9ed44,0.17159688,77ac5eb4b3054ca68e2b0dcbd5473fd1
e3ead164dcbf45f98cbf23bb77a3d989,0.16591835,64fa5ce839ef406b9bc8a1b2f05094c7
0111c90ac0ad4280b5cbf6b56c2d2150,0.16430068,e7d6747e8c8b4ebcb665e232240daf17
b904ff33d535410cb0791f1e1227e8c2,0.16295874,c88be17376104f999b914a91aebf7220
bd346d134e9046b592df35bc13397ab2,0.16074145,0ebc441d25664c91adad96b570270f07
dfd4d092c16c4fbca7e9aac5e15806c4,0.15863758,1cbfb22f84454b1fb821b602e3ad11f8
eaab6a29e5cf470dad7b0b66bdfa71f6,0.15494418,1216ce1ef31e4643bb1222538c206342
95eb2760eddb42a799eed009f1907025,0.15453815,0ebc441d25664c91adad96b570270f07
b575522bfda54d4d83e55ab89262a216,0.14987612,6a122ce1702646db918266228d48bd08
dace4a83a81f42048efb60a217370134,0.147142,cb85047b65f8468aa02744c28c075dbd
794358e3d9a94bc48a240617b29ec0af,0.14150694,3be388c9ab614bceb086c19f70df23c2
77303cd1aba44c3abccb823ad3006b47,0.14048621,903360099fb644b6b88c6edac88eecb2
6a9e4d855e3944719a49f41d3f30b8d6,0.13235354,faaac88748714ce8a99413b952a1dac8
211c5c1ee1d042d391296b95c6c95c66,0.1315784,cc21026ff0d541909df56c5618d28518
910f58d10cac4e1896efd603e3b6247c,0.1294229,ad2b6fb945714e6792c17bd49a1066e0
2de4480d7e534fbb8564efefe43623d1,0.12805305,37337ebec05640b890e4b9612776c32b
10f74d10373f4f128add836b046afcdc,0.12751603,d9fbe02f04a4469dac855f69ea6ad02a
18eaa3f481614cfc945c16f2cbb757fe,0.12665033,6542f58c143446f280e88a6375ccf79a
302f7c4fe5f346b7b6f4c5850ccea290,0.12467313,d576e334105247369362b05a375e88cd
3464f002cd954218836b9014bcd0c620,0.12115234,5a26ae7959494fef99542e9b2004fd11
174e16d27164468ea679a619b853b1a6,0.121135175,e96aa0967ab94368b381354e03dc40ad
78806c5668cd4a01a34eaa549dbc4021,0.11347379,d79afb377f5349a69830b2b4c7cfefcb
5b204de5b2be4f0cad1271ad9c6b1f51,0.10549903,82b01998353e4141a7613fdc96d7b600
052e254bff244d2f88c0d2566ddc13db,0.10523054,e52a528036014db0a7bd54b99a310fe8
f83685b1d7eb4bb2912f5e7358584feb,0.09855023,691a538d2372403fad2b919b48ff5f85
19c57283f04a4c338b9625f43642f886,0.09831035,d576e334105247369362b05a375e88cd
525962b8d45849bf83483c6f246cf7b4,0.098281145,e039a00eae414ebbb2205b011ac127cf
8159d92e267d438e9012e936aa5fb15d,0.09415305,95fbc6ed8bfd43c1a6bcf676e26e7f8a
fba9b7d7ae944ed889c1f11ceefd238f,0.09390342,cd60a0fcac24465a880af7d8f921dd68
7f2876c8100e4b68a311343853ebb177,0.0887233,19c9ac7b84df472c85ed6cf5a05fbbc6
c674a30eca94429c91ef5e7bfd2d9f24,0.0844388,c322b788813745e0aa7b592b4345d379
8c4f8ffe681a4951928e1444bf4947d6,0.084086,fcc9863b07fc4bd5a01fab5b9160eafb
f1f00603ac934540b2a80ef9cdc88647,0.077152014,7cd1db4b50dd41e6b2f3dd15fcab3b89
4bb46186bb5347c793ef12b4397ebcd6,0.075276256,6a33c207c8b648f680dbd0e65639ef04
7901d858c6e44dea8acd99a79e378956,0.06763306,fcc9863b07fc4bd5a01fab5b9160eafb
780486c1076b4c48a2e7b01053d328cf,0.06719893,46bfd7af0ed6491fa621350963d11e35
9f0c4fc689014714bc3604b21f1a694c,0.06393671,6aaae524573f477f8fdef0b83787cbee
d7d1062b83d0482889557ef5578d6c18,0.060302466,836ec4ef8df644328ac07b7803709323
b627c84048a742d292cc9adc0f36f58d,0.06028843,5a68e05acea4434ba08e17e1fff00057
5be3fd711b704af39312fd1561b95353,0.05822915,9170e0bb8fe44b309f83293808d871fe
3fc67f7f85a74c5b9c118cbf60e96ca1,0.055196643,983940e0b12e4186a281c36de657406e
3d87a00da06642ab94224dffed6c2ef5,0.05273986,c9e2e76e631c4d0a8013d90892350e06
17176251386d48d798eb18eee7208273,0.050480187,46ba0b979a664c7cb0c315c4cde6ac86
28f694942751431c839fe1d22e753e1c,0.05030024,7cd1db4b50dd41e6b2f3dd15fcab3b89
08ce7eedbe124ee79566c776303ee9e5,0.049488425,c26f5e7dcc8149f18f3d719bba9ae717
7510f4f5df754961a921d50523718ff7,0.04059446,1af4472b38cc4304841b2f1720075c9d
a3641dd6dafd40d5b8f8077b9dc3e850,0.028728545,99142f1c07cd4782814f8c970eaaa40a
be07f7c09f5c40da9ebdc231520afe90,0.026202679,cc21026ff0d541909df56c5618d28518
b593c0100abe40c4a0204ad40b73080c,0.02469623,ec281224f8ee419ebde676f291672aea
356335bb29d4424ab31c89c6931246f5,0.02214998,965598a17b624a0f9bb1cd58595458a6
c00b77da1a6749149b7830ba636d7101,0.017623365,4a4eb12a639346b5a00557d54b51fe51
53a334f932ed437db303f19b0f6ea7b4,0.017528594,99142f1c07cd4782814f8c970eaaa40a
c8bddc0d410d4f759537fd2e4bff533f,0.015183806,1af4472b38cc4304841b2f1720075c9d
7de183d0b5f24efebfc15ae35f4b0fc3,0.01517145,73e7e41e8db447c09cb2363d76556c64
87afeec5f3cd4d9d8f6d5a0c7f48260f,0.013965249,bd2f91a9415049d980e453f94327e0ce
f8e19b9e878142969c95441f15b0da57,0.01146996,89e43b092c844b5886a93091a22c894a
fcaf0031ba12457ca8cd515c95fea22b,0.011101961,bade01bd83ec4b6786fd8c867ca7a090
c7d1e88369c14b5bbfe40bbbe31311ae,0.009834558,cd60a0fcac24465a880af7d8f921dd68
dd9a8e0a766b4f6e81c6ace1403cd374,0.0044180155,c0cb721b56f240dabf7f464e453ef72e
