1946e52260f34a0695c378112d6020fa,8.254208,1af4472b38cc4304841b2f1720075c9d
e0be49d601a84ae1afc8a7ca92f58087,7.962352,7c1e02f3ab614e539ac901e5cd3c92d8
ba7add48a45e4ff8947f8a846082bf48,6.986838,4d708e5878784386a42c2f436d2d60f0
ac2d96b937b24483be886056bc0c2b67,6.844904,23066f7964874fd39639dbf2cb2766df
ae244311f36c42c19709ec36d518171c,6.550933,0472051dc57d43f8b9dd08df475fc4a3
aa580e725d534bcc967dbef0c65b141d,6.268408,88dc23909eb4415aa39b96cc3a4c2926
4b82d1239c3f47488e057d0f3898204e,6.145289,95fbc6ed8bfd43c1a6bcf676e26e7f8a
71c46776d0a0400f9f919d0c3e578755,6.0536976,e25b9d9944cb4d7197efb8ffc4ff57a1
6365bc21f6084ccd8da4d5c6afb8b26a,6.035173,2425086d8eaf44d2a9519f0e4e6b289a
a5580bcfdae9468781349b4ca3ee101d,5.6898236,5831f5e280be4c02a09ce4588b56d7f3
e08d644c0950461e843595f14ded4387,5.5682096,5a68e05acea4434ba08e17e1fff00057
21aae632c1bf454196e14809b781c9e2,5.489515,6b9b2c8f0a874bb8b6691aca6bc49565
0428fe3094fc415e8fa4599480d6b434,5.4102306,17cc6768c9d14388b7455fea0060b62c
29add4c6302d4386b285a8fe68153479,5.4065857,c8b9a0ac7c214a449c434aabdf6ef770
fc982cca5c594093a33406ccd0a2b83c,5.290406,89597084b19c4902b073a2c6c6622456
74f1eb9bb1ba4fe5a565558b1ebc7a72,5.251705,1b4e143cfc1648a5b877d7445446366a
71f93aa94339483884743fd218725216,5.2135234,9b22c5cdbff44bdabd48dba008e6a3b2
f7c0f796a492492095abeb8469b68eeb,5.1488137,9ff95d23c3284d31ba5e398afa520649
f9f15f3fa87e4ecb852682898d5c2044,5.147532,9b22c5cdbff44bdabd48dba008e6a3b2
2090b42e4121433892402ab5724a805d,5.139989,27eee82d7fb94b9b8b60bd3101187496
477b5f953efb42e6a18e9428c69b0fa6,5.011542,ad2b6fb945714e6792c17bd49a1066e0
26ee506b01f6447f8db3592bd80ed39e,4.9998174,78b600dd53854b018f87267d268b7b1a
7c44128ff20b427f8ee22047fba9882b,4.9605837,1f8c0f02984e4139bf8043e57497fdb2
9da0bc8ceec24ce7bac851ca1fc67b5f,4.9356737,d6fe6f8380464e21a27fd69de27f1f57
0fcfdcdd99c34d2f8c849839febcbeee,4.902207,9303b9f7f4984b2dac8aeba8c8da8ef6
1e239dcb58ac4c869ed3fc6c4c4a06bb,4.896988,f0695d7e59d64941b510a3d12f801d59
e10cdddb573548c0bd3d9eb0cef37f37,4.880757,d0a840820172465f83c8480d571e7b71
9557a396825b49eb93cedbab96019843,4.844671,23066f7964874fd39639dbf2cb2766df
ca143ca992a648ca9b004f3be8a53a61,4.842014,4696c8192576454f8684954bc771aa23
175670fdd73e4fbc967ac1f61eeb9bec,4.83815,9014beae94cf4f648e1663c8d5ec6803
55472eb25f9841c2b39b9bcef06d7bf8,4.832384,dc58564d0c8540bea4f3e2e3696deae8
f161ed58877741ceaa5a6f014b69de49,4.817408,e27d9425c912446e947fe53c4a757375
468609586ccd417ca9487c3c35ade3b3,4.7164884,057164cf4aab45ebbefef3409359cfb1
ddd74ab8b91e4e3fa6509838de7e33d4,4.714741,e25b9d9944cb4d7197efb8ffc4ff57a1
7360c15d3abd4dd8a5af35cc13c48b1c,4.71083,89597084b19c4902b073a2c6c6622456
7fea4bf4a0c24e2f84ca2e69e88529fe,4.6924176,e25b9d9944cb4d7197efb8ffc4ff57a1
24156e9d41404d568c7e22931d2631a3,4.634515,d79afb377f5349a69830b2b4c7cfefcb
1e61632437f042c89075c565adee2ded,4.625082,dc58564d0c8540bea4f3e2e3696deae8
03338969d6c44f879a13c672864f6001,4.6128087,f615619defc4402b82845090c238e597
94aeafd28e6749c09c57cbaecef9df80,4.60497,6c8a24653ef04f559b88e0f27c0df63a
b06dc9c1726443b19aa4d4e118d8596e,4.5372834,6542f58c143446f280e88a6375ccf79a
8b1f6fd1fabc4cb7abbd5a7a2ed0cac9,4.5282936,156f393f7ca046299e09d05464afa056
4443770debc447b1b3f8c9dbb46160cd,4.4695673,e456afdf95e643dd926249fec4d68753
6978d19475ab49b1ae3acf443710c48b,4.4300723,6c8a24653ef04f559b88e0f27c0df63a
8dc57aa25917490abcf294b3f73bedd6,4.4264293,ad289d5052264f9c8bd0aaf9faace92e
9f68e2380d2a40eda419370717d328b2,4.414067,ad289d5052264f9c8bd0aaf9faace92e
8c85184de9ce46bdbd65f38bd49612b6,4.390838,9b22c5cdbff44bdabd48dba008e6a3b2
18200ac0950d44d7af9f61b8b1f6467c,4.3807697,ec281224f8ee419ebde676f291672aea
fe079e85e77f4cd98fc3ce5e6b2476c0,4.3731112,7a4c413f5c844796bd5ffed2b65f0336
c2da5a4eff03435c8c936f9c5f4cf43f,4.366927,1d47a696eae94bd29f215a4787b27d8a
7522f624f59c4d74a8703781e00414c0,4.3658447,5a8cc5ff28fb4359afc7e9fcbf3bce55
6991375b95ab4bb0b14b5ad68edc0a36,4.3383408,01e805bb5a1845a7addf86fe9bc8d814
c63b9549ac384d1092aa0770e0290785,4.3026323,92d5da561f5a41bf929f3555a74cd653
c8e075e8f30e4586ac075d59d5be938d,4.237874,fb709e29755b44988bb252c87a2ce2f3
0c553973fbe042a7af2110e0a2fcdddd,4.180135,bd35571850644321b86ce4fae286ce7d
0186efa87e364652a49460c2436f11da,4.1616035,ec281224f8ee419ebde676f291672aea
5a7c0160ff224dc08e280c9d93a87c66,4.160279,1c97c72e076f40fcadb22b17e71beed1
eb1fe6fcc1154bfcbe523b6401451927,4.1555915,1af4472b38cc4304841b2f1720075c9d
d89a3137737e42bc94b53fd641bd17a4,4.1443124,2768d411cc374a018a898f9df0ca207d
45f6671f9fb64495bc585555e3b8e55c,4.1284084,257aed6ca7a44f1cb5c664beb1be527b
13bc78da1120442190653a8273c4f2af,4.114423,19c9ac7b84df472c85ed6cf5a05fbbc6
4dc64707bd42424f82f84de41d91a5fd,4.1045766,3be388c9ab614bceb086c19f70df23c2
252a2a3078134eb8876626820c9ca8aa,4.0881357,1fde4c9a01f84c349461083b6d0ba9ed
f5abb68eab244fe38e79be186719a8d8,4.0821757,369fe18b94f54c98b554fd22b4a3b50b
17f9d21a0f2849cd89f1718c3052e82f,4.077674,d79afb377f5349a69830b2b4c7cfefcb
bfc3042d6d684128b937f9d9878d4eaf,4.0544252,f036aaf4ab714c598a0b6da4ca604136
c3b713beca8b4136b4807dc4071fe795,4.04763,d331012ecf0c40888e0ac290184f0883
898b757291e64b7b982221e0a86dea5d,4.0233502,e5692bd498004d32934fbaa05af2120d
b9a2d4a31cc74336b4c66e880ac51f1e,3.979842,fe6ace599de44aa19b1773dad3658fee
46328d405c424838a7c023c33af7ec2c,3.9780421,c88be17376104f999b914a91aebf7220
7cb7428e7e774e2ca33b6d9a12926311,3.9621487,23066f7964874fd39639dbf2cb2766df
a2be1094a2d64ff78445a42b82c28a63,3.9445224,d74f6e7abeb84eedb9923dadb62f45f0
d8da57bead4f4bd8a90f916f7cd032ce,3.9033897,5a8cc5ff28fb4359afc7e9fcbf3bce55
c896b42105de4a53836bb12899fe2cdf,3.8911815,19c9ac7b84df472c85ed6cf5a05fbbc6
e15d2b4a689545309a64bd4d54621cbb,3.889235,89e43b092c844b5886a93091a22c894a
1f8a0f1ab6d94f46a1c669d409295676,3.887092,d331012ecf0c40888e0ac290184f0883
1950440f5ca34d0bb2c737f896ec3b16,3.879445,c322b788813745e0aa7b592b4345d379
020f53a16c0047f9a592ac5126da2ccd,3.8633814,4696c8192576454f8684954bc771aa23
19ba27a603c0492ba795fba0999e589e,3.843339,cd60a0fcac24465a880af7d8f921dd68
a1ea6d619e4045668556cef7645bb76b,3.8329737,9ff95d23c3284d31ba5e398afa520649
b4a8d87a40804af0ba2290010e25deb5,3.8314488,21b1ded02d7b42618592187e287835a3
6febefdfecdd4d6dbe493b2dab3579b0,3.8281758,156f393f7ca046299e09d05464afa056
dbedff835ba847d386ac1cca87b2c7bb,3.8280346,6c74bedaa406493a99988c5b8a47b704
40d03471812c4f0398b4551b5f116068,3.8192077,fb695c097d5845c282f6b30c241e8cf2
71134a9c69f44b489217b6a7661eeb5d,3.8012865,ed9b10a2879742628fce003076ef9024
383e7cf30f234aaf852e3f30de7879ed,3.7791677,4a4eb12a639346b5a00557d54b51fe51
2a15a6ed7e29403295f571a40fbf5895,3.7740047,e492ff7fecf046a4948c5ba5631cdefe
54d65ec837ed478986a344f4bba2e423,3.7732928,64fa5ce839ef406b9bc8a1b2f05094c7
7b844c15f35e4db9b884e79c271e87f9,3.7636425,a585d23fe43f459ba86ac15645af77ff
42dc4d44bc374b80baf0a8ac2c90c250,3.763217,1216ce1ef31e4643bb1222538c206342
9d3df96b762f475baecfda5f306ccdc7,3.7621117,b7ef0a61de0e4adf9688b2c525c9ad09
1f51f549ad514b1c98445416e5acfe66,3.751079,5831f5e280be4c02a09ce4588b56d7f3
87097861fe6e492abd016be0dba27ec9,3.7130492,9e304a9bbc7b4c22af8025fc93757357
6823a93202f146b282eb66b620ae592b,3.7088897,6b9b2c8f0a874bb8b6691aca6bc49565
3f284acc005e4f23a2bdf5b45700c4cc,3.6765647,f9fae977af2c4f35b29400f31267e170
7065ff8945cc45c2a4dfb58ac4955a94,3.6713157,d576e334105247369362b05a375e88cd
0237bcef8eb845aaa48b53436a3ea75d,3.6538467,eb513691b7a04d31ab1bc50bf343447b
2c5e568a58a646b7b291350b7145e317,3.6308727,88dc23909eb4415aa39b96cc3a4c2926
2b1ae0f0956e475c80e1ba5ca01abe84,3.6288104,b4150337314e40fb9e3ebb24514504a3
301e127ffa514901b5840fd47f9f7e18,3.6281524,cc21026ff0d541909df56c5618d28518
d1a53e6e1d6b423e8bc3fb6a7986a87e,3.6136084,b2be859ca8f24cda86821d5383edbc18
65c8efd2131b447d90bed385eeeb91a0,3.610993,a25b08e008114c9ca0266ce3e55d82bb
972aaaac6728431b983362d505543fa0,3.5921798,80948e17b5694599919e1502bfcc08f3
17bcb53a4aac4e2d81bba1fca7bcc69f,3.5748959,fcc9863b07fc4bd5a01fab5b9160eafb
d8fd098382264e93a362843242d58e0a,3.5733256,8f761e1117754656ac86a3a25f241cd7
45f269eb7e1044bfbd012ba2df2be6ad,3.5674348,4a4eb12a639346b5a00557d54b51fe51
347c303d1b5c48f9a21e9432327258c8,3.5652697,27eee82d7fb94b9b8b60bd3101187496
7e14c6fa40384f39be08ef7ac6b7deba,3.5631614,4b748d6624144214b3d8a80b37aabde6
d989c36a82a14c81ab2fe8b49f3c94f4,3.5508838,a1d8cb16dafd4126922f985021e93631
7342516c90ad4776bc0f64a3358d530c,3.5231838,02cf82700b4f4773af3a14ad8eaa5270
cadfda09774f4983a79a1c20a77a7b6e,3.5223198,678725f8b914453fbc1029b7c1bc0879
863e6e460e12403393c97a12e6ce92f1,3.5208852,d0a840820172465f83c8480d571e7b71
5f5c72816fcd4fcc8f58aa66c02daac3,3.5137556,eaca056cec224a30aaaed30c39f644c2
0d995ee72a0b43739f37e5962dd6c907,3.512028,0302e7dde9074dddbbbdf85e9be57901
fd45ab2e058b4b5fb374e54e60aceb48,3.5117195,b050e9e1ef5946c297a34dda98d8f476
25bc48c919b24aac818d3ddc47d461c3,3.492527,19c9ac7b84df472c85ed6cf5a05fbbc6
d832897254e74ba4a5515e22654b2d04,3.490706,9303b9f7f4984b2dac8aeba8c8da8ef6
3ce3c6c49a2b43c3b683ec91e9657341,3.4863205,d0a840820172465f83c8480d571e7b71
64310259af8e430b8a9577093b411ada,3.475082,6a122ce1702646db918266228d48bd08
00989f2d41344337a67e440d6506b9cf,3.4665787,73e7e41e8db447c09cb2363d76556c64
eb012357f09945268a134e8461cb8cd2,3.4518676,d74f6e7abeb84eedb9923dadb62f45f0
174196604f504ed29027427608904003,3.445892,1216ce1ef31e4643bb1222538c206342
c50c1d8eb4024bf080812d01310eb133,3.4149404,c8c201e25c0047a2ba9d9e8541ac0939
d7d1062b83d0482889557ef5578d6c18,3.414661,836ec4ef8df644328ac07b7803709323
78df036c4e104457afcdf7598e9ce958,3.4117842,f615619defc4402b82845090c238e597
aba310b256004f63a3f3225cc1b813dc,3.4002557,4ad7e2502210436f9ca5735fdf7e50c3
390ed716ee69427f85d1d9d4da45fd20,3.3954742,526ab7eda50e4a239d03ad505832d61d
76e51865ac6e4b1c83433a9fee78d5cf,3.3805277,a1d8cb16dafd4126922f985021e93631
5b21a17866f54dfa8e63c58219851a21,3.3690991,d981f2c67f764e0c84af125b563958e9
7cb1eb87f58f48c88b0b1f3205d9a6e5,3.345611,d27cfea4da8f445fb4e3c55e53c6482c
701ea34d0faf4b558956b1af3863b503,3.3403816,acee70abee2841c9b67b95e9ed079647
0727ac84c4494b248aa13d6c8ffe7225,3.337988,4d708e5878784386a42c2f436d2d60f0
22ded3f607364f7b96960f862358777a,3.3342829,de9328bdd1b34adda74a0363ff0a52b6
b0eebd77fb114ff388e46e4f3d284b4d,3.3167791,e25b9d9944cb4d7197efb8ffc4ff57a1
321ad870fb8943ddb55d46439d2912e0,3.316441,1fde4c9a01f84c349461083b6d0ba9ed
1080188fcae241b4a5c7649114dafd64,3.315905,5971501b0e8b4ef5b203c3985d7f5e88
7f23a0de3d6649fbaa67cb1b2dae2289,3.301406,ff715b4f228443e3b067c801250f3402
b98768914d8d4eaebb4632fefbad06aa,3.2997065,89e43b092c844b5886a93091a22c894a
3ce8d2e955bf406c8830f97658207859,3.2949579,8f761e1117754656ac86a3a25f241cd7
78806c5668cd4a01a34eaa549dbc4021,3.2936916,d79afb377f5349a69830b2b4c7cfefcb
9123b9ef4c9d4fde932408d0244495f7,3.2866783,6d3c42356e3b459c919e3129ff192ac4
e862a12dcbc4446cb1bfe03570cc7b44,3.2865093,7ce06191f1114b4c8a00609f6867761f
a5d13a0d598241769730951b2e94e7ba,3.2841456,23066f7964874fd39639dbf2cb2766df
d723c3032ecb44e187744c460cd06e8b,3.2810488,00f45d57fd3c448d8cfdf3185ebae894
237d880c4172486781ba355b82ab8600,3.279356,e96aa0967ab94368b381354e03dc40ad
46f0f2692fe44c88963712d6f65f6dbb,3.2657483,678725f8b914453fbc1029b7c1bc0879
e45e383a0b9844e2b5ea7eaea5eb9fea,3.2656763,156f393f7ca046299e09d05464afa056
fcd13888ea3d4c2cba9cdbf3a7d2bbdd,3.264688,b2be859ca8f24cda86821d5383edbc18
ec947b46f577485bacac003c668ee2b8,3.2596912,d74f6e7abeb84eedb9923dadb62f45f0
244bf3fd283440389af52e02feb70e02,3.2543898,1cbfb22f84454b1fb821b602e3ad11f8
a987046439f446848e7b3520dcece6d6,3.2538629,4ad7e2502210436f9ca5735fdf7e50c3
0a0d970d0884494391ed2a3bb2f00b54,3.2334056,92229a391d0b418f87b32c86c42a292c
74f89cf2b75547168060f6c31aa572f9,3.22472,156f393f7ca046299e09d05464afa056
b24046864bc341499137c0e4a5d92315,3.2223058,82b01998353e4141a7613fdc96d7b600
1ea12b451b3d408baf7902165bd34a14,3.2047794,65664fb3aad341fab563409d91dddd2d
3df61db7681f47ecbe9f92df83b36e59,3.1970458,bd35571850644321b86ce4fae286ce7d
8c4f8ffe681a4951928e1444bf4947d6,3.1920998,fcc9863b07fc4bd5a01fab5b9160eafb
1ca503912b5b4d3c84d0c34c0ec3f38a,3.1911757,4d708e5878784386a42c2f436d2d60f0
5491a19984a643bca536cb015e65adbe,3.1900775,92229a391d0b418f87b32c86c42a292c
dbf2f20d05034e77a9be456ee8d44377,3.174851,564a84b1b830407e811bcfc7fd086a6f
e16ea80e38c340678ef8f73bb189fa64,3.169012,cc21026ff0d541909df56c5618d28518
89b0d50305744a53bf5c6cabc6f94b08,3.167024,d27cfea4da8f445fb4e3c55e53c6482c
8085782f7d76421b8468fb1e61d4fd61,3.1650846,369fe18b94f54c98b554fd22b4a3b50b
20017566ccc94b8982c75f9f05a8eb20,3.1607618,ecdae9f36c6a437ea72739febbf1c89c
040e8b18e27848cb8d0850a0dcb7a77b,3.1598263,e039a00eae414ebbb2205b011ac127cf
0a8f26e2ff5d462b97d23238e36ae72d,3.157847,cc21026ff0d541909df56c5618d28518
840915e1243641c0b502a35bfa1a9aa4,3.1547236,e456afdf95e643dd926249fec4d68753
08ce7eedbe124ee79566c776303ee9e5,3.146259,c26f5e7dcc8149f18f3d719bba9ae717
28f694942751431c839fe1d22e753e1c,3.1380205,7cd1db4b50dd41e6b2f3dd15fcab3b89
47b8aa81feb6443088dc32ba9aaeca66,3.1131322,3257035cc77946d98bdc09e2fdd5cdae
8888abcca90946828a172b03f4e16fad,3.1071422,cd60a0fcac24465a880af7d8f921dd68
2ab29c6bc859481988c1133ecd494a65,3.1065512,1f8c0f02984e4139bf8043e57497fdb2
2cd2c87b068749a492cdd369cb60ef9a,3.1059163,fb695c097d5845c282f6b30c241e8cf2
69f55093e5564ec098780c2feb474e04,3.098602,ad2109663af04c549385cd2ab9b3283b
e4c05db0326140dd9c48a8179a3fb6ba,3.0983334,02cf82700b4f4773af3a14ad8eaa5270
08b73196f2c24757b7a87419ad378a36,3.088794,8aadcf7251724cc6858dc0db44abebe3
d8ea4ac9525840edbbf19a36ad957e31,3.07476,d4cd0b56b6f54e08aec8ebfdb6122c5c
e2b6403a2141451a9febd997a026ed2d,3.0666208,8a77dc665d8b4d95a0b1113522f7e9c3
0ac5a5f9477a43b2b222bfec1888b8f0,3.0584054,19c9ac7b84df472c85ed6cf5a05fbbc6
7f1f5ddc758b4e929452c112c70911ba,3.0570707,7a4c413f5c844796bd5ffed2b65f0336
70a1cb72566e4c6fbe46c9b03b8a31d5,3.054214,f9fae977af2c4f35b29400f31267e170
5302778a501c4de9bbc6c6fc6f7cd8b1,3.0541158,92d5da561f5a41bf929f3555a74cd653
aa7a7a6a0bfe40619e55e8f0b07f04fe,3.0522563,1216ce1ef31e4643bb1222538c206342
e84532113530478c84db1abdcae9a6d6,3.0443182,95fbc6ed8bfd43c1a6bcf676e26e7f8a
26b564b6bf114f2bbe987a9490e74e89,3.0306115,d74f6e7abeb84eedb9923dadb62f45f0
60b12e62313f421f9865db223f254655,3.028583,f615619defc4402b82845090c238e597
c20164d6b8844f428057133e0ab47347,3.0183744,78b600dd53854b018f87267d268b7b1a
39ce9102f2044852bd09b544df5b8092,3.0016363,7ac9c94011924c09b47f9640211885a2
b7a481f7374140f98117d92683d80c49,2.997209,855b3971c4a147cfb9a7c281fa6b915e
5b1ed8f4a5bb43b59f972b95a4346c9c,2.9917688,64f1d63a671d441d9663a783f632f794
b43316e2218e4fb390daa362fc8eadef,2.9803734,c322b788813745e0aa7b592b4345d379
49ed92caa29841ae9341d53497cb8124,2.9760783,1216ce1ef31e4643bb1222538c206342
4bb46186bb5347c793ef12b4397ebcd6,2.9736168,6a33c207c8b648f680dbd0e65639ef04
844cc162c90c4ad0bf5be9750450f4f7,2.9647713,89e43b092c844b5886a93091a22c894a
8058721caad34d58a7ddae70e71c3f9e,2.9492006,c9e2e76e631c4d0a8013d90892350e06
52b9939de81d456e831c97f43e912728,2.9458525,d0a840820172465f83c8480d571e7b71
dc31ba78cf194fa59ae6ae94413ba0c0,2.9369516,23066f7964874fd39639dbf2cb2766df
e5968b40a7054871b2ae79f18399b30f,2.9306877,6c74bedaa406493a99988c5b8a47b704
4ef4c104173e4986b5ea7a85d28d9330,2.930452,983940e0b12e4186a281c36de657406e
7c4376eae79f4bb992d0bbb206eaebc1,2.930108,c322b788813745e0aa7b592b4345d379
9ae0dc25880a4b1ca67998ae29c63cd9,2.920964,eaca056cec224a30aaaed30c39f644c2
e1e6878707524a03864e9b83fb89345d,2.9142914,74e7db4222ca4a20811199afafa346a7
91c1e818e83d4b929c7b35f910b68663,2.8946776,a25b08e008114c9ca0266ce3e55d82bb
7a81a74f4b0e49839c3fbcfd7ad02560,2.8916843,fb709e29755b44988bb252c87a2ce2f3
f1f00603ac934540b2a80ef9cdc88647,2.8830886,7cd1db4b50dd41e6b2f3dd15fcab3b89
d5f31f9998f5477abd572904835fad50,2.8819103,9170e0bb8fe44b309f83293808d871fe
78c726c0af744ce0b72aeb59512d26d8,2.873984,e52a528036014db0a7bd54b99a310fe8
b92da6fa48d248779bf06eaba1e7a2a9,2.8619835,f615619defc4402b82845090c238e597
26b721f1caa14c70b7aa9e5a8898e76a,2.8519115,34b71675a1ae442395b6eb1f3eda23df
17c07c3077cb479eaba075a5c7f99328,2.8279662,d42996c2b67443fd9b73bba7641d4f77
3111ca7c585243e4aff0fad54c82a69b,2.8254766,836ec4ef8df644328ac07b7803709323
ba86837d26e64a5095e50f614cebc183,2.822672,92d5da561f5a41bf929f3555a74cd653
61353a38c7e14c49ad888ed8da7d282b,2.8190596,ed9b10a2879742628fce003076ef9024
c40beffa8f0d4679bafb1eac1d38bd5b,2.8088562,75b0bd2240a54f6fb45bf95ca43ab5e6
a7e8389d66b049749ff42ecf8384fc99,2.8048484,ed9b10a2879742628fce003076ef9024
e046c26587cb42afb43672bc7895ec22,2.8022676,9303b9f7f4984b2dac8aeba8c8da8ef6
ac99786a858b4fa2a4aab5dcdd49d652,2.8000882,6a122ce1702646db918266228d48bd08
01bdc1af846a44eeb5a789e393d1d7fb,2.7940724,5971501b0e8b4ef5b203c3985d7f5e88
3420154012cd4b5b993f16f000a9476e,2.7906904,1216ce1ef31e4643bb1222538c206342
ba4278aa214b4c66a8da0220e99b2014,2.7892284,fcc9863b07fc4bd5a01fab5b9160eafb
180f987f287248c487b83fbddc87ee09,2.7858796,17cc6768c9d14388b7455fea0060b62c
067c039494914485ad6e06b72bbb8e13,2.7853093,58db4c3a26c84fa68d81235d078208bc
dcd4e8a77e0c47f4bfeaedc8b8dfc397,2.780756,bade01bd83ec4b6786fd8c867ca7a090
173d2968abb140d2bd3ad182500686c2,2.7761416,d443e0c5017d48d1b3f86bf4da959ed5
45fc0cc071f44aa5a4f55b6521959f82,2.7674298,7a4c413f5c844796bd5ffed2b65f0336
a7696e4b2a7b4a87a64c7bf5ced3a129,2.7654102,efdf40eee13d409c9955e5b84e4408f6
de89bc23ccf04f3387bf242e269f4ea3,2.7610147,c322b788813745e0aa7b592b4345d379
0d2bb28b114e4f4c8c688a13f967b79b,2.756484,a4cad92644614f78bded3ca6d6023473
37a17e9368a0458aad652a8b0602892a,2.750454,630edd9b8f754b5dbd36cfbbd03ccb51
5dce93cb07464f0db845af41bf878604,2.7406776,acee70abee2841c9b67b95e9ed079647
1a12b7978d8e4dd5b563cf97606bfa9b,2.7324278,1216ce1ef31e4643bb1222538c206342
fbffec6a21df44de80e049b741243c36,2.729433,8f285540a9394706bd6ec6cda46c5058
ddbc9d9a558041779711fd17e89ec33f,2.727397,eaca056cec224a30aaaed30c39f644c2
d940c859c01449d2acaaa7b3fdf1fbe9,2.725974,01690d9b08164fcabd5bf0819754f71f
33babb0b73f84a8a87d9c75c03bfbc99,2.7236953,1216ce1ef31e4643bb1222538c206342
903552e550a14d61b7dafdda426e7596,2.7216353,7c1e02f3ab614e539ac901e5cd3c92d8
9c74b02f802b41bab45bd626251e1d88,2.7183733,4b748d6624144214b3d8a80b37aabde6
712e2f3a807b4a8fa67e7bc78a2b5da6,2.718247,b2be859ca8f24cda86821d5383edbc18
1089b153884e4aca90dce90c11539615,2.7085884,b050e9e1ef5946c297a34dda98d8f476
c00b77da1a6749149b7830ba636d7101,2.7058885,4a4eb12a639346b5a00557d54b51fe51
bb5525dd713a4a6bac622eef1a7c83c6,2.7027047,1af4472b38cc4304841b2f1720075c9d
136549c15f3f468ab2ced44ab70b0539,2.698475,d74f6e7abeb84eedb9923dadb62f45f0
3555001842e549e3b0aa8f30dcd11e0e,2.6973493,cd60a0fcac24465a880af7d8f921dd68
054f93d33d7e494d8ddd2e57a8e4dd62,2.6844459,46bfd7af0ed6491fa621350963d11e35
3cb482f381eb449b99a6b9b7707078b2,2.6830792,9303b9f7f4984b2dac8aeba8c8da8ef6
4bd7c89c496144089a9b340c20c1a8bf,2.6788177,ad2b6fb945714e6792c17bd49a1066e0
77e2cfc79eee4e1b91f93386b436bd31,2.6768932,5a8cc5ff28fb4359afc7e9fcbf3bce55
05fadc86cab04c70ba18949f1163cea1,2.6613038,0302e7dde9074dddbbbdf85e9be57901
c3a842974e16433d9488c7df87df853b,2.6611822,92229a391d0b418f87b32c86c42a292c
700d97396d164429817cb71d0e1b313f,2.6558757,f9fae977af2c4f35b29400f31267e170
b386bdd20171436f9c420013263490da,2.6548605,78b600dd53854b018f87267d268b7b1a
882f017418bb44afad1448d9640bd967,2.6531706,7ce06191f1114b4c8a00609f6867761f
beaee44c26404f84a56c0c185b5bf1be,2.6522958,e96aa0967ab94368b381354e03dc40ad
7e808bd74e2447d79f7d266c88de6410,2.6459627,95fbc6ed8bfd43c1a6bcf676e26e7f8a
de6f18bac6e4441f8dd17e252f1d993a,2.6378384,0ebc441d25664c91adad96b570270f07
28d967465fcb488eaab515b23282c0d7,2.6351507,fe6ace599de44aa19b1773dad3658fee
d7c4bf8f05fb4648a8778e884052db2c,2.6303487,09fc9f38fbbb4bfaa1c979ac9cc43f0b
48a75cdc09f54f0e802424e74e850008,2.6176686,6d3c42356e3b459c919e3129ff192ac4
fa6d529498794d1f98deb51ebbb48d55,2.6158721,89597084b19c4902b073a2c6c6622456
90d603d31e104c02a43e18ee6dfe41d8,2.6156926,e492ff7fecf046a4948c5ba5631cdefe
1a3959ec40e24329b5c36ae3d8bd148b,2.6130173,d443e0c5017d48d1b3f86bf4da959ed5
35129a42bebe41de95138c15b348926d,2.5826626,7ac9c94011924c09b47f9640211885a2
fdc1732f54e34300bc77d7b4c38ec31b,2.5794601,77a8b27acb0e4600bb6ff974eabc269c
a10fa0e95314472f9c5d9f4695a8391c,2.5780735,74e7db4222ca4a20811199afafa346a7
ee1746342f304912aca6d1956f95bc68,2.5743678,eb513691b7a04d31ab1bc50bf343447b
9b8afef332b0478a954974c9be4b010f,2.5720067,2a9658410614443d8a27ef174f61d6e8
5ebfa573972845a5842bf96fbf02053a,2.5708485,5a68e05acea4434ba08e17e1fff00057
ea4bf9d0ec3d4bb9a4d910eb2ab70eb3,2.57003,8f761e1117754656ac86a3a25f241cd7
15171a501992488a97cd9f1f44475978,2.5674772,a1d8cb16dafd4126922f985021e93631
f7d9f745835a44c4a947a141f080ed24,2.555486,c0cb721b56f240dabf7f464e453ef72e
29fdc29e4b23460088e7060422eb8582,2.5521412,f5a6222612ef406b8f02aef87e08c476
2952ebe55f624860922615014214deb1,2.5514703,88dc23909eb4415aa39b96cc3a4c2926
a3c58d5d2da942aab6283a42db2a14f7,2.5198693,37337ebec05640b890e4b9612776c32b
fba9b7d7ae944ed889c1f11ceefd238f,2.5184941,cd60a0fcac24465a880af7d8f921dd68
b3cc119ea5494c5d93fbf4b7d29ec6e6,2.514319,19c9ac7b84df472c85ed6cf5a05fbbc6
882ef5ef88af445e9dede3d98a7dd8e3,2.5110998,9b22c5cdbff44bdabd48dba008e6a3b2
ef3589381bb34e74bf3f0f4479614d70,2.5071583,1b4e143cfc1648a5b877d7445446366a
ba2103e1cad442ec881f2b0d25c99bb9,2.504591,46ba0b979a664c7cb0c315c4cde6ac86
0623d83a061f449f86d03b34bcacd314,2.504353,e456afdf95e643dd926249fec4d68753
e0d2814553f94dafaa11cc4de14b94db,2.4997191,bf59502a233e4b5eaff9cfa3a992c387
dea0770945c6460c8082a2fa1e710ccc,2.4989645,74e7db4222ca4a20811199afafa346a7
1dce77fb1e9e419d8977644f0d18fd1e,2.4988267,f0695d7e59d64941b510a3d12f801d59
faf7544dd7fb43c5b63a56c55bcaafb6,2.4924276,4ad7e2502210436f9ca5735fdf7e50c3
78f98ba4d60845a481387741d684c46f,2.4875212,e02ad4f63c8444b79a7a56fb23a4e0f1
f3f6ec5a1f4a455297eaeeb1145a0d7d,2.477408,6b9b2c8f0a874bb8b6691aca6bc49565
fbbfaaf2bc764120a3356650c7d62219,2.4604003,2768d411cc374a018a898f9df0ca207d
c7ddfc6b54294c34a4722f8eaa9b55b7,2.4562385,156f393f7ca046299e09d05464afa056
16b26a25f49f4efa85d21e2a4302e506,2.4412618,19c9ac7b84df472c85ed6cf5a05fbbc6
0ca1af4b4360463da2290c0231e7c2bc,2.441089,acee70abee2841c9b67b95e9ed079647
7e7b92ee644e42a3adc00967aa9f4cf8,2.437187,965598a17b624a0f9bb1cd58595458a6
81c6d98619c8406bb519ea26c477b3b7,2.4296992,d9fbe02f04a4469dac855f69ea6ad02a
06435a3004794b68b31f4c445a06fe71,2.4212441,f615619defc4402b82845090c238e597
b95ad51d19ee4ea28d5d02064e368c84,2.4191911,691a538d2372403fad2b919b48ff5f85
65120ac6b44e42f1831bb02005863657,2.4176164,fd51f3eef1a64d9a93652be481bde32e
55c82489e50948b39c0f1bfe5fbf408e,2.4169116,89597084b19c4902b073a2c6c6622456
7e41c6ad9fe846239eb8cdf3a0a3569e,2.4144785,9303b9f7f4984b2dac8aeba8c8da8ef6
da809b1c982e47e48ea951dff1120841,2.4083428,369fe18b94f54c98b554fd22b4a3b50b
d70588024f024cdda9e71020d4ec2183,2.3974516,c8b9a0ac7c214a449c434aabdf6ef770
371437b76fbc4eeaa709683744e7ee08,2.3960204,e45844e0215f4a1596a7f9ac41367c46
1f8623bf930a4fcfbd914e784354ca2a,2.3829484,f615619defc4402b82845090c238e597
1fa5b671cd0d4cb39567f651ef001e97,2.3821604,7cd1db4b50dd41e6b2f3dd15fcab3b89
f745ccee7e2340918079fa1ec6e0e29a,2.380281,7ab29c5e2f05481d8a69cc479a764ee8
6ec94917d60e4edbb8db99b5f7c18612,2.3773756,00f45d57fd3c448d8cfdf3185ebae894
8105d0f3a03d43f0ba0794fe967c3c61,2.3768072,64f1d63a671d441d9663a783f632f794
b5f4e559a70849b2943f3967cc08b56e,2.3652797,3be388c9ab614bceb086c19f70df23c2
ee1a685984d741a18ad44faaa3fc553f,2.3590145,ecdae9f36c6a437ea72739febbf1c89c
c61e43ceb2744ddda2e531aa77f3c6b2,2.3582845,c322b788813745e0aa7b592b4345d379
a7fe5588b97f435caa29a3b507cd51f1,2.3581557,0ebc441d25664c91adad96b570270f07
e349c885e3cf4b12898ea2f38cccf188,2.3546207,f615619defc4402b82845090c238e597
b904ff33d535410cb0791f1e1227e8c2,2.3544824,c88be17376104f999b914a91aebf7220
af1aeb26d52b41fea9c9af10f45c7bc3,2.351175,7cd1db4b50dd41e6b2f3dd15fcab3b89
d2bf482573ea4097b41b6bc649bece51,2.346133,01690d9b08164fcabd5bf0819754f71f
2b50f012261b4b2ba6b92ef109d17277,2.3436096,b25fe3b79f714d38b3fc53e39fd84d36
385af4460b5a436baece6ce3fa1cd423,2.3409376,6a122ce1702646db918266228d48bd08
07e166148b304b0b9c003c015628df76,2.3337793,31b69f9501c4415e929b6af28c83f6a6
8058d1c206ab4268a15994fd69f5d5d0,2.3250659,1c97c72e076f40fcadb22b17e71beed1
da58e0684cc34833a768589a2ab19e46,2.318778,b8ca3b6144cd48208caae952e096e7ae
0414265ccf0d4dd59c98749d24924fe4,2.3126264,d27cfea4da8f445fb4e3c55e53c6482c
eb00bd2670c84bb588d8454baa453007,2.311533,a0fe3cd34e474c3b90662ce8ef1fcac6
13260f69234944ae8feb384dae6510ab,2.3089416,eaca056cec224a30aaaed30c39f644c2
f6577f16e3764b67b1b06fc24d9379bb,2.3024156,e96aa0967ab94368b381354e03dc40ad
869ede3e68734644b841477bdcecf1e7,2.292046,1b4e143cfc1648a5b877d7445446366a
13964a2d472649b59d5126c24da8d4b1,2.2838023,23066f7964874fd39639dbf2cb2766df
20c77ed7406f451bac8e8bcd18b5187b,2.2797782,9e304a9bbc7b4c22af8025fc93757357
35280441301148638fc4b59eb169c802,2.2728052,aa2d7a3a535243189492d4ce8e79c049
d5491c8b5caa42bfbce7ed937032b28b,2.272675,46ba0b979a664c7cb0c315c4cde6ac86
10a7715c72fc4bc7aac2b6e8ccb232d2,2.270475,eb513691b7a04d31ab1bc50bf343447b
c81dd22a150c47b8b83d8439c0024f01,2.2701676,a585d23fe43f459ba86ac15645af77ff
6f5ef9875cc848bbac020144e710e378,2.248068,75b0bd2240a54f6fb45bf95ca43ab5e6
ff2339e06523437eb464f18a90d5f80d,2.2480097,ff715b4f228443e3b067c801250f3402
d52b00145e914e48aa1e81cc1b399901,2.2372942,cc21026ff0d541909df56c5618d28518
7968aaf915264497a603da45beabd178,2.235699,5a26ae7959494fef99542e9b2004fd11
58e273c754c742a5a7557cc56e24814f,2.2323182,b7ef0a61de0e4adf9688b2c525c9ad09
f7937418662b418b90963799279bc248,2.22948,09fc9f38fbbb4bfaa1c979ac9cc43f0b
b781fac256574439bea7cc655923fd3a,2.2262187,f11f1682b5924181b047d757d3e20964
693fab3513204d1594f6d18136b865e3,2.2228236,1fde4c9a01f84c349461083b6d0ba9ed
bf4e8bc83a74425e8657c603c0004113,2.219826,b25fe3b79f714d38b3fc53e39fd84d36
a35d09d1bfff474a8029dcb3bbbd32dc,2.2196836,e5692bd498004d32934fbaa05af2120d
93945027f4fc4a43aedd7dc6affd5621,2.2140331,d74f6e7abeb84eedb9923dadb62f45f0
f230b42debc04e9ab59684ae05e721fd,2.2126603,9014beae94cf4f648e1663c8d5ec6803
14169e1048564c4689c2584a790d6696,2.212484,1af4472b38cc4304841b2f1720075c9d
062dc7df9c4f430f87502fe7eadd5d7e,2.2028606,89597084b19c4902b073a2c6c6622456
546369a62bd740beadc07cd40b6e758e,2.1968858,a926df6d7fcf4b17b68dae6f41fbce66
9e1261d3e89b47a78e1590fa544c3df0,2.1942186,02cf82700b4f4773af3a14ad8eaa5270
6ef20b2327be456ebe9d47d6c015c659,2.1836963,77a8b27acb0e4600bb6ff974eabc269c
c57df4a5798042df90a71b4c979df11f,2.1798325,c8c201e25c0047a2ba9d9e8541ac0939
f7968b9dc2674ffd888bfbc7a86342d6,2.177963,1543a2f94aa74008914301874d98f0f5
bf264d2d70b7477da4cae8ac6203a5a9,2.177353,cc21026ff0d541909df56c5618d28518
ec9e443ba4a94ce1b32501a817565a6b,2.1672616,c26f5e7dcc8149f18f3d719bba9ae717
8b1eb206468046df8b8c19637b250996,2.1614563,89e43b092c844b5886a93091a22c894a
fccd86bf84054e46a65b37bb8808da7c,2.139759,e492ff7fecf046a4948c5ba5631cdefe
d1c94e11ba214e61b63f00da3fb00a09,2.1367526,ad289d5052264f9c8bd0aaf9faace92e
aede09058c264aa399a460be910cf10e,2.1345909,02cf82700b4f4773af3a14ad8eaa5270
d4560ab76d914af184a3cafa8ec46abc,2.1310818,983940e0b12e4186a281c36de657406e
6ae7d44d811844448d0c8e5d69ff7000,2.1299112,3be388c9ab614bceb086c19f70df23c2
e7477d785b474565a0c4aea10f9060f1,2.1260748,64f1d63a671d441d9663a783f632f794
287f16e644254fb4ab92c40cf4fd41e5,2.1090512,fb695c097d5845c282f6b30c241e8cf2
0cee0f740cfa4b118595c4e921220588,2.1006126,92d5da561f5a41bf929f3555a74cd653
1ee540e56f46476f8d452e04f0490075,2.0913846,2768d411cc374a018a898f9df0ca207d
9b18e72d85384d73bf3bc666ebd18aa9,2.0834153,f036aaf4ab714c598a0b6da4ca604136
f8839308f8e84df6a185506e6f3f1674,2.0825593,e5692bd498004d32934fbaa05af2120d
fdef09f89c644db89a91442b6889f7b0,2.0786834,f615619defc4402b82845090c238e597
e3fce4db03644ebaa6d2618e06092fe7,2.0728016,1cbfb22f84454b1fb821b602e3ad11f8
85fe4ea28be0476fb41585de18435d94,2.0722778,8a77dc665d8b4d95a0b1113522f7e9c3
c244f9298eca46bebe8382249b3a300b,2.0716276,e336d113184c4ebdbad7aa2b6ec64640
25bf72b6554d4ce0850dbd0879a47ec7,2.071364,01690d9b08164fcabd5bf0819754f71f
00bddd864f6b4c06bdae75aa6a690693,2.0694976,ad2109663af04c549385cd2ab9b3283b
018f42d116aa4bcdb1ab9e05bfc01b63,2.0663538,640f3bd184b7425fb22cc7773b8b2244
7b5270f3124740838e60c375f3003665,2.0644276,691acac4a54d450697afb2c2dc4fca09
15f76b93b94f4dfaa2c8b03a95b771e2,2.0522113,99142f1c07cd4782814f8c970eaaa40a
5a3e95d6f7e84750a9b090dbfef91f61,2.0509727,bd2f91a9415049d980e453f94327e0ce
7e29ec4675ab4e1cb521e69e6de49dfd,2.047014,e45844e0215f4a1596a7f9ac41367c46
caba51ea4cb243dc87741ad2c31130b1,2.0466259,ed9b10a2879742628fce003076ef9024
bc1026f31e374c13a6d40e36a58b4b4c,2.046176,4430d47e30904eab969c1baebca184c0
9c299c4c6746403990eba7f18b97be71,2.0405014,9303b9f7f4984b2dac8aeba8c8da8ef6
9addae0c40c248d4ab8fd02fb3861e99,2.0388649,9170e0bb8fe44b309f83293808d871fe
3427373bf8314ae5a87677132dc4874f,2.0384166,8a77dc665d8b4d95a0b1113522f7e9c3
9fb8c17411204358aa87dcf800bd36b4,2.0180023,bd35571850644321b86ce4fae286ce7d
4d11f7b70f1b430697bde44deb6f6e8d,2.0145776,f5a6222612ef406b8f02aef87e08c476
8766cab3c343406587942ee9f9888671,2.0128307,74e7db4222ca4a20811199afafa346a7
bf4c4007f57a4055bcb4d820c06d7ca8,2.0107217,d74f6e7abeb84eedb9923dadb62f45f0
2613b590d7c94de09bd3bc1e4aeebb1d,2.0103521,fb709e29755b44988bb252c87a2ce2f3
db4153df6e94413dada442eb6e6a8fee,2.0100443,2768d411cc374a018a898f9df0ca207d
2e7dec015d344fb58ce0988844becd9b,2.0057476,f5a6222612ef406b8f02aef87e08c476
96ad923a06f54d79a74431cd06b8adea,2.0035036,fb709e29755b44988bb252c87a2ce2f3
f503f17338d443e6a873dd091898a5b6,1.9972837,855b3971c4a147cfb9a7c281fa6b915e
9d9d4a9695414746b71566692311e57b,1.9925897,cd60a0fcac24465a880af7d8f921dd68
3c1c6d5089844fbe90e18a5fdab3bee4,1.9879868,8a77dc665d8b4d95a0b1113522f7e9c3
49f4672f4be94535a516b1013cea2b54,1.9874157,c9e2e76e631c4d0a8013d90892350e06
5d204449172f48b1b51ca2ed9308b6d6,1.9755436,11ec23965d2941d0817082107996ebbb
356781d87d504d789e58fd87a987a67d,1.9733746,fe6ace599de44aa19b1773dad3658fee
f0808f396f44491a8fb26af7a42dab06,1.9724793,09fc9f38fbbb4bfaa1c979ac9cc43f0b
7736e2c1dbab4b4c904c42e51fd17759,1.9685667,640f3bd184b7425fb22cc7773b8b2244
587a668f01694a1e847a97f47debb81c,1.9619982,37337ebec05640b890e4b9612776c32b
51ece51608b24f22b0e8d026f5e403b3,1.9559381,983940e0b12e4186a281c36de657406e
a306a4b51e064a1daf8766259f6f5c19,1.9559379,c8b9a0ac7c214a449c434aabdf6ef770
1e5b95e7ca1a462588131ff25c545f32,1.9445295,80921378de2b4cd3a14d449688d8b079
fdaaf6e004b04cb18e798331b9d9ebc6,1.9425477,99142f1c07cd4782814f8c970eaaa40a
5a9a908d748e4c2eb30cdf4a450e189a,1.9378974,cb85047b65f8468aa02744c28c075dbd
f4e34063359742b7916fe2635de1aba0,1.9360378,e45844e0215f4a1596a7f9ac41367c46
374f3a07f645432ca97d2116e61d6fc6,1.9334878,0472051dc57d43f8b9dd08df475fc4a3
a2c99cf18b24478a838bc5837a75721f,1.9333377,d4cd0b56b6f54e08aec8ebfdb6122c5c
3b9a5aa10a7d4cc9b31122f2d4258ccc,1.9301028,b25fe3b79f714d38b3fc53e39fd84d36
1c3bb67f3f4d455b86905cf93be96fe2,1.928719,85e7ea30890b456084b8e85c299c8649
3febcf126f0f4f8585113e1917eed33e,1.9249145,1fde4c9a01f84c349461083b6d0ba9ed
fcde1e3b91aa485688682e6fdc3c24e8,1.916709,1d47a696eae94bd29f215a4787b27d8a
9526a184d9234981861f184f41d509b6,1.9155208,77a8b27acb0e4600bb6ff974eabc269c
c5c5b71dc4ff4e8cb11769f0b2cd9907,1.914522,1fde4c9a01f84c349461083b6d0ba9ed
ccf605a5ad9c406f9876e141954e5e80,1.9142034,903360099fb644b6b88c6edac88eecb2
a4f6bb74f2654c17b04bb3fe4c05fd91,1.9076033,d74f6e7abeb84eedb9923dadb62f45f0
ac7a9829a2a24b3aa81bebb2785533ef,1.9043324,8f285540a9394706bd6ec6cda46c5058
43584afca09c4071adba01dad786c329,1.8993129,e492ff7fecf046a4948c5ba5631cdefe
f40346321e624c7caf2e7586b7254203,1.8963828,2425086d8eaf44d2a9519f0e4e6b289a
6b5d194c37f14e5d89385ae747199cc1,1.8950009,700f381f40ce4b039ce0df8b49fb199b
cbccb64b48814193a639815717dbcc80,1.8948228,4a4eb12a639346b5a00557d54b51fe51
7a18d92954ca495a937856ac7ea4d263,1.8916403,564a84b1b830407e811bcfc7fd086a6f
37f240104b2040c4a8bedd933b90684e,1.8884156,d4cd0b56b6f54e08aec8ebfdb6122c5c
00384c60922647c68bbbf144d4c751c6,1.8836417,d443e0c5017d48d1b3f86bf4da959ed5
52acdc11a8df4558867635630b69348c,1.8835076,74e7db4222ca4a20811199afafa346a7
256d2577d4f940778857e3ae7fa8e965,1.8832486,58f53c379f7a4868a2ba6d91a06247d2
4cf68d2768954335a7f7c61a045babf9,1.8766763,e7d6747e8c8b4ebcb665e232240daf17
4fb63b6f9f8a48dc921c53a21d354a0e,1.8751439,73e7e41e8db447c09cb2363d76556c64
590ea703d6da42979db4f6cf3ec882f4,1.869607,1c97c72e076f40fcadb22b17e71beed1
a5e2a560340b491299c037bccbbf6d9f,1.8663695,3be388c9ab614bceb086c19f70df23c2
27a9489cf5724d47bbcc508684389f2a,1.8546524,3257035cc77946d98bdc09e2fdd5cdae
bacf4a682b8743f48776deb535f64eef,1.848907,00f45d57fd3c448d8cfdf3185ebae894
6a057932e0f440299b46bf70039cf9d7,1.8434815,e492ff7fecf046a4948c5ba5631cdefe
3bc9e7189bd1419081f54d35e956639e,1.8415074,b8ca3b6144cd48208caae952e096e7ae
0beb47a537e14562b509e395d77dc749,1.8391881,526ab7eda50e4a239d03ad505832d61d
0d0b25a05a4148d2b15c4f2ac11010e6,1.8390409,b050e9e1ef5946c297a34dda98d8f476
a290060554d143b285db3be94eac099f,1.8357337,a1d8cb16dafd4126922f985021e93631
e35fef892ba84f8cbeb63132b6f7f094,1.8314626,4a4eb12a639346b5a00557d54b51fe51
551ec133b10e448a939d6f857cf1dc17,1.8278999,0ebc441d25664c91adad96b570270f07
f90990b791cf49ff9b92b9a49cd87f89,1.8215817,66b0c8a58f444ea0aec34d9403b88a49
ea60559c1a414dafbe5652b8b1ef5ffa,1.8136177,e02ad4f63c8444b79a7a56fb23a4e0f1
0eda051895d044f3a592d1d0098e8f01,1.8094692,2a9658410614443d8a27ef174f61d6e8
b2bd065cdfc748af858a6b41f0be933c,1.8044783,31b69f9501c4415e929b6af28c83f6a6
d19e2961aa1846aea691337aa1f275e0,1.80206,faaac88748714ce8a99413b952a1dac8
b7e96cbc27284100ad9f3ea6005e3af7,1.8002819,34b71675a1ae442395b6eb1f3eda23df
c12ab02c4bac4b91877f10f42eb704dc,1.7981689,3b13d134762445cebcdbb02b484db77b
d64dd5997016472488972a82c8d2148f,1.7972282,b25fe3b79f714d38b3fc53e39fd84d36
58c7b41f2b3b4984aa23beaa1382b4f3,1.7941141,e7d6747e8c8b4ebcb665e232240daf17
a66dab00c6184b79866a0fe90c090db0,1.7858311,65664fb3aad341fab563409d91dddd2d
93a89031c44d4d6e87976f696e205219,1.7844963,4d708e5878784386a42c2f436d2d60f0
7216fa39e2414501a8f87ddb54a3133b,1.7819287,fb709e29755b44988bb252c87a2ce2f3
ab85f0b004fe481ebacaefa2d94bb656,1.780335,e52a528036014db0a7bd54b99a310fe8
305e57d28cc74f018c0ee4a93fe92c0b,1.7739962,a585d23fe43f459ba86ac15645af77ff
ea0b41aa56ee406986b5b4f422a625ee,1.7628375,f5a6222612ef406b8f02aef87e08c476
93851d403349407996bba1dfd7457f79,1.7613239,057164cf4aab45ebbefef3409359cfb1
980e4d1c5fe143498514e41d3c6501b3,1.7600875,eb513691b7a04d31ab1bc50bf343447b
9d9b4852b8034985805080eb49678bc3,1.7570686,a1d8cb16dafd4126922f985021e93631
ebaa88d224a746d786a5cf59845ee011,1.7545477,e27d9425c912446e947fe53c4a757375
db0b5c45c2954d12b90e29ab07c75dcd,1.7500606,21b1ded02d7b42618592187e287835a3
722ce5c8bc4f4e07b309329bddf66d7e,1.7500184,80921378de2b4cd3a14d449688d8b079
4cf647a905be45e5b1b81a0559d834d9,1.7459329,fcc9863b07fc4bd5a01fab5b9160eafb
16a030831ce1413fa733f24b6ff28501,1.7439251,a585d23fe43f459ba86ac15645af77ff
06dafb47baf148b9ab12caa5200a4d2c,1.7402784,58f53c379f7a4868a2ba6d91a06247d2
8c55cc4f7bc44ef7b9210ff7b7595435,1.7334721,75b0bd2240a54f6fb45bf95ca43ab5e6
3d4e582564564c72b47184e7b5c0717d,1.729691,5971501b0e8b4ef5b203c3985d7f5e88
c44ae4a053bf47e5b9b2ee3ef8ae2b5b,1.7205224,ff715b4f228443e3b067c801250f3402
824e34ffddf447618c176cfb2577eb45,1.7148384,965598a17b624a0f9bb1cd58595458a6
cbb7beb8042e48aa868c13a6e2ee8a6c,1.7103076,27eee82d7fb94b9b8b60bd3101187496
b2a24b751645419cb6e060319b510e79,1.7087876,cd56b9a044c24df8a7156f661cb3d9cf
6fdbbc8445214d81aef5fc22b3f4e9bc,1.7074263,c26f5e7dcc8149f18f3d719bba9ae717
b32a35611f6b4eef9cfd102e5e72766a,1.7048516,b2be859ca8f24cda86821d5383edbc18
9644dd0795c64946bd689d24d80536a4,1.7038221,a6a551a308b9442f947ea0608ae2c3fb
c294e4564fbd465e948be4cb38ab0f2d,1.6958672,d42996c2b67443fd9b73bba7641d4f77
fc0ddf22d761445da507bfd2d2d08d33,1.6932487,efdf40eee13d409c9955e5b84e4408f6
1a28f3dacbd74510b8f8f45e80348e68,1.6915417,0472051dc57d43f8b9dd08df475fc4a3
9ac0ff71215742d1bb1d294fd8b4e240,1.6896555,855b3971c4a147cfb9a7c281fa6b915e
da548115b6564ca69d846f3ea8615b6e,1.6717665,e96aa0967ab94368b381354e03dc40ad
4a2b5888e21b471bb770cd3b5b496ae4,1.6675375,4d708e5878784386a42c2f436d2d60f0
3fa1b0de6d4c416189e62ee40264edd1,1.6636727,e27d9425c912446e947fe53c4a757375
06b4425d4dcb4aaaafb52063bd3af473,1.6606994,a6a551a308b9442f947ea0608ae2c3fb
c0701f4c6a8e41a8a7df573b4abbe04f,1.6600046,b4150337314e40fb9e3ebb24514504a3
3f4f551ba9d74d6e8622c1da8b00180e,1.6582271,c322b788813745e0aa7b592b4345d379
8e5a5214d8844be09dabddd5a39036e3,1.655585,ec281224f8ee419ebde676f291672aea
4dbe9a58e3cb490eab62a2bab47d13eb,1.652106,e27d9425c912446e947fe53c4a757375
61bbbca9959242abaabb21b01f9f40b6,1.651361,526ab7eda50e4a239d03ad505832d61d
726d313084b349baaffae4f209998766,1.6495783,b050e9e1ef5946c297a34dda98d8f476
ac601d55d74246afa29a020b8029c7af,1.6473982,c0cb721b56f240dabf7f464e453ef72e
10edc8c73a904e63bc4317abfd0d7213,1.6457525,66b0c8a58f444ea0aec34d9403b88a49
2c477c4f58dc4ca1975569a1f34923fc,1.6439189,77ac5eb4b3054ca68e2b0dcbd5473fd1
9555747543024d518645fa84d0dbac94,1.6412156,369fe18b94f54c98b554fd22b4a3b50b
bd2048721a484ac4925726f9a0df7499,1.635698,e52a528036014db0a7bd54b99a310fe8
1c5c1558517e409b9358d9a48811062a,1.6345181,fd51f3eef1a64d9a93652be481bde32e
ac23b811505944319414d3f59b4b90ef,1.6331348,01690d9b08164fcabd5bf0819754f71f
b2e0675fdf93468a8fe7f4992e5ac02e,1.6300039,a1d8cb16dafd4126922f985021e93631
ca5e7f899c944d258e0fe020c844ccb2,1.6298074,e52a528036014db0a7bd54b99a310fe8
1a0cefb6898c48e7a91f6448d967d1ba,1.6287079,19c9ac7b84df472c85ed6cf5a05fbbc6
f7d52b90e2e24549bfaa50d46ded3176,1.6279206,9303b9f7f4984b2dac8aeba8c8da8ef6
a868fa08c4994234bd1947577c34c2f6,1.6244396,b050e9e1ef5946c297a34dda98d8f476
0b35c0eab3ef4062bc3e184951a22fa9,1.6228393,80921378de2b4cd3a14d449688d8b079
0c3b7a4e78f94de7ab1a415503097c9c,1.6193608,ecdae9f36c6a437ea72739febbf1c89c
525962b8d45849bf83483c6f246cf7b4,1.6167388,e039a00eae414ebbb2205b011ac127cf
7919001f5a3f4b7ca384f7a6ade1783e,1.605579,7cd1db4b50dd41e6b2f3dd15fcab3b89
6f57ca99a1e54968882b1a10aed416e5,1.6053746,6a33c207c8b648f680dbd0e65639ef04
130d36b77a584c7da24a4cfeb3a00f62,1.5893514,e25b9d9944cb4d7197efb8ffc4ff57a1
4c8ffe2f47284e42af52b98aeea87fb4,1.5874064,89e43b092c844b5886a93091a22c894a
1742e7fa8f8a48728fe37d75ce11b9c4,1.5855902,1d47a696eae94bd29f215a4787b27d8a
650d5c180a444d6f9e8b7d0e2bac56f2,1.5847095,9e304a9bbc7b4c22af8025fc93757357
0e07a1ba34174816a6e96d6ffb215671,1.5792115,ad2b6fb945714e6792c17bd49a1066e0
fa4b1640bbdb4f0bad2435be75a94586,1.5739505,dc58564d0c8540bea4f3e2e3696deae8
88de1634c729442aa72060868b167abd,1.5703149,82b01998353e4141a7613fdc96d7b600
c1c018ca07df447caa530adc78d76736,1.5702206,6a33c207c8b648f680dbd0e65639ef04
a95afea2e8ff4cedb3e0f1aedf6efb9f,1.564455,e02ad4f63c8444b79a7a56fb23a4e0f1
6ef8ff7c77a84500af8da2548cb4bcd1,1.5642315,855b3971c4a147cfb9a7c281fa6b915e
38407a6caf584c85afd497d9bcadcef7,1.560742,75b0bd2240a54f6fb45bf95ca43ab5e6
0f3dc35d3b4a40e79c0af54b9b3d1f66,1.5604138,fb709e29755b44988bb252c87a2ce2f3
c4e88a88103749f08d034998e76b6a35,1.5566155,a0fe3cd34e474c3b90662ce8ef1fcac6
743660b5e64e440a8607fdc79aa05544,1.5517335,bd35571850644321b86ce4fae286ce7d
b2bfb37b3dd54bf0b7653b3c280b2b08,1.5361663,c8b9a0ac7c214a449c434aabdf6ef770
315bc88bb0aa4c8d8eb55bb22f811730,1.5331596,0302e7dde9074dddbbbdf85e9be57901
f2210503df2e4ed297faefd9a1152e2c,1.5318758,8f761e1117754656ac86a3a25f241cd7
56fc3ec2992a4a609298efd89a7d3f59,1.5303537,e492ff7fecf046a4948c5ba5631cdefe
0f8a4be0f3094bce84e582a214feabb7,1.5296665,aa2d7a3a535243189492d4ce8e79c049
7901d858c6e44dea8acd99a79e378956,1.5244331,fcc9863b07fc4bd5a01fab5b9160eafb
d404db290f094f2f9dc6ffe54216308f,1.5234667,564a84b1b830407e811bcfc7fd086a6f
6193d950669f47f9a2268d0f3a41b2fd,1.5231842,faaac88748714ce8a99413b952a1dac8
2662ae81f6a6414cae732c72ef71a9a1,1.5143033,efdf40eee13d409c9955e5b84e4408f6
0ff31fb63a044ecba52ee62968e78be6,1.5127479,65664fb3aad341fab563409d91dddd2d
9cda69694f9945cda4d98d01dfa6bc79,1.5114107,7cd1db4b50dd41e6b2f3dd15fcab3b89
794516c691a54f63a105c96bf716febf,1.5073242,1c97c72e076f40fcadb22b17e71beed1
8498c31c9d93468caa7deb065c84e1a4,1.5060617,d74f6e7abeb84eedb9923dadb62f45f0
c3d18896ee6e422680a3435f0ca9af84,1.4978943,95fbc6ed8bfd43c1a6bcf676e26e7f8a
bee104c3212c473da29f1f4518f4fd7a,1.4954722,4430d47e30904eab969c1baebca184c0
a703ddf11df347d6a8ca6f572ef505f2,1.4935869,e45844e0215f4a1596a7f9ac41367c46
632f27bc9e4b4d3b84108ebd02d27c77,1.4925013,19c9ac7b84df472c85ed6cf5a05fbbc6
302f7c4fe5f346b7b6f4c5850ccea290,1.4882497,d576e334105247369362b05a375e88cd
411837e42b564c399e9444d5403a3734,1.4869567,e52a528036014db0a7bd54b99a310fe8
92048547bb5d4e79856a1c872a2e018b,1.4865808,01e805bb5a1845a7addf86fe9bc8d814
12274ca89ccf49bdb0903f80560e3d7f,1.486496,c9628610053945f4a7998ae48cd70da3
a202212d6ad9404fbc16c60a7fc73ddc,1.4857976,fb695c097d5845c282f6b30c241e8cf2
646d3b40f16d41d0952ee2bf74fff6b3,1.482781,eb513691b7a04d31ab1bc50bf343447b
8ece6e92c7c541a2b5f597b12b7e0f92,1.4810218,82b01998353e4141a7613fdc96d7b600
3df0fa25822f457496cd93c2402bd292,1.4803467,aa2d7a3a535243189492d4ce8e79c049
5db16d2af83a479d85d0755051ccebb6,1.4733069,b25fe3b79f714d38b3fc53e39fd84d36
d076d72caa2d4bff9470fe2409888904,1.472374,88dc23909eb4415aa39b96cc3a4c2926
8195fb97514a48a7a6eddc58be5d8f37,1.472202,691acac4a54d450697afb2c2dc4fca09
662a6fe9ae1b47f5b598c9d0ff7ad784,1.4716663,640f3bd184b7425fb22cc7773b8b2244
aaff66d83c1441cba7531bde3e46f124,1.4680405,1216ce1ef31e4643bb1222538c206342
7bdcbc60a1354e079289b50702cced90,1.4609746,5971501b0e8b4ef5b203c3985d7f5e88
91c0f6c693104690921ae87324e06692,1.4604206,73e7e41e8db447c09cb2363d76556c64
50be6a3978ef4b168a8256cb53fa7afb,1.4599246,1f8c0f02984e4139bf8043e57497fdb2
e30148a8fe434f3eafce6f2cce757060,1.4597318,9170e0bb8fe44b309f83293808d871fe
f2b48599b4e942a098c9a2fb280c2525,1.4543155,7ac9c94011924c09b47f9640211885a2
0ef75de01cd14e0faadcf05c8a85a916,1.4511805,057164cf4aab45ebbefef3409359cfb1
7e211c9e52254e199e0deca74afcc524,1.4461199,bd2f91a9415049d980e453f94327e0ce
11626770763040b882ab69e58caa67bb,1.4440739,903360099fb644b6b88c6edac88eecb2
42096f8107c945a1a2cb7d0c4ba65a75,1.4404452,faaac88748714ce8a99413b952a1dac8
7149705cc0f243f3877d976946fcba4e,1.4389062,cd60a0fcac24465a880af7d8f921dd68
c4060e0878a944af9730a8113eacafc9,1.4384685,37337ebec05640b890e4b9612776c32b
b593c0100abe40c4a0204ad40b73080c,1.4375712,ec281224f8ee419ebde676f291672aea
20a91015a52d4a81bb29c195b01ed6e7,1.4375137,46ba0b979a664c7cb0c315c4cde6ac86
56cfe84755904ae98f74d085dd2fcb7c,1.4344656,6d3c42356e3b459c919e3129ff192ac4
42c545ddf97e457a8ae47f8f1229bec7,1.4232697,80921378de2b4cd3a14d449688d8b079
a3693333d6ba432295feae73fcde2dce,1.4227582,bd35571850644321b86ce4fae286ce7d
bec8ca61a6524d90b610482e2f304259,1.4218042,ed9b10a2879742628fce003076ef9024
4b6eb18ba8244091a7dab36a9dd58d87,1.416287,f5a6222612ef406b8f02aef87e08c476
c8edf9162b024bcbbab1b1a81987a40b,1.4143376,1cbfb22f84454b1fb821b602e3ad11f8
299ada2bc5ef4534ad5e0b1b7d10e457,1.4095131,e02ad4f63c8444b79a7a56fb23a4e0f1
4c2fc2033f15495485965dbc18d3191d,1.4074183,e336d113184c4ebdbad7aa2b6ec64640
18eaa3f481614cfc945c16f2cbb757fe,1.4048454,6542f58c143446f280e88a6375ccf79a
05695e1694384bd79b37246fbab26b35,1.4034142,965598a17b624a0f9bb1cd58595458a6
a40e1b69ce604c8198c2de59ad0c8b93,1.4015992,7c1e02f3ab614e539ac901e5cd3c92d8
774622a7382646c4ad5ef139574052c1,1.3991975,9170e0bb8fe44b309f83293808d871fe
8baed775825049a7a98ba659c3139582,1.3973448,6c8a24653ef04f559b88e0f27c0df63a
0b185da1334244d1b2c7ba6695d75f1c,1.3953513,bade01bd83ec4b6786fd8c867ca7a090
1ba49dc7eaca42cc9df60f6a9a04f11a,1.3944017,983940e0b12e4186a281c36de657406e
55cd381ef54d43069999636fdbce998d,1.3941696,46bfd7af0ed6491fa621350963d11e35
bd346d134e9046b592df35bc13397ab2,1.3915758,0ebc441d25664c91adad96b570270f07
4710bc4b3f9547e4a1b836e957787a46,1.386278,a1d8cb16dafd4126922f985021e93631
924127ab124d40edaac3616675e82655,1.3779224,bd35571850644321b86ce4fae286ce7d
1ab3ed9b9a4d45cc81fcf7e200bdee0f,1.375109,ff715b4f228443e3b067c801250f3402
76ffb89b5ba84a8788d68f4010821e12,1.3729043,c0cb721b56f240dabf7f464e453ef72e
6e6870a557a147a9acc900ab380040fb,1.3717268,e25b9d9944cb4d7197efb8ffc4ff57a1
a02994faca0a4c088e226d856518737f,1.3714864,630edd9b8f754b5dbd36cfbbd03ccb51
3787d8d226fe43acab22bb2c72e2b1dd,1.3706017,cb85047b65f8468aa02744c28c075dbd
9d68d4254983475b9feb48e30494c9ae,1.3562422,66b0c8a58f444ea0aec34d9403b88a49
ca6f0e18c75849428e7dbe14c1403841,1.3481532,c26f5e7dcc8149f18f3d719bba9ae717
472240e1b5e84fdc9e2c3dc8c4ad8435,1.3480957,e96aa0967ab94368b381354e03dc40ad
8f66f54b48f64293bbb1f369f41ee3c2,1.3437473,6c8a24653ef04f559b88e0f27c0df63a
ca9d736b288240819d620ec83c0b3f3d,1.333626,8f761e1117754656ac86a3a25f241cd7
7f01bceb5689442b8a024b4596c8a11e,1.3315659,34b71675a1ae442395b6eb1f3eda23df
4483d9ae441d4fe1889099eb3acf1676,1.3283942,c8c201e25c0047a2ba9d9e8541ac0939
6bfef081f7a9453399f6d98d6cd01f60,1.3276938,1f8c0f02984e4139bf8043e57497fdb2
b9a77513e24d477887a0d0582ca7ed7a,1.3248472,8aadcf7251724cc6858dc0db44abebe3
8585971b042846729be0531195bb8d5c,1.3241332,3b13d134762445cebcdbb02b484db77b
73816ea484544387b7c1014e6b97b187,1.3198988,0f9cc12519eb4872af7be7fe49e19f59
62550b8ddf604cfba4e092fbead3bc1f,1.3177304,34b71675a1ae442395b6eb1f3eda23df
e163e00abbda4bc5adec2f85871b7c88,1.3161391,5a73e0a5c757410eb0928feed7b151c8
b89108d9803648fab3137eb2d150c208,1.3134469,d27cfea4da8f445fb4e3c55e53c6482c
7c890f402f38475d942c1190be3ab2a8,1.3128994,77a8b27acb0e4600bb6ff974eabc269c
f825d91f98ed4b9fbffdd2f5bcea698a,1.3086774,d79afb377f5349a69830b2b4c7cfefcb
999fb1ffa3824b0691a5dcd65625f30f,1.306263,2a9658410614443d8a27ef174f61d6e8
5a1096197b8648d882cdd33875519404,1.3030244,ecdae9f36c6a437ea72739febbf1c89c
f31d22a46dc54bd7b4dbd9366f0304d5,1.2990254,2a9658410614443d8a27ef174f61d6e8
aaba5fcdec244fc79439dd67ba8a495d,1.2978147,e02ad4f63c8444b79a7a56fb23a4e0f1
0effebf3021a4263bb46281f2fb33987,1.2971017,dc58564d0c8540bea4f3e2e3696deae8
57c53927cc0942b7a012edd211993b5f,1.295094,27eee82d7fb94b9b8b60bd3101187496
74b25851047d4c08840debaa0bcd9e2e,1.2928319,80948e17b5694599919e1502bfcc08f3
ef33ab499b054efb968d7cca5bef4a31,1.2891477,c0cb721b56f240dabf7f464e453ef72e
1fed8f37e5d44fa599aedccef449767a,1.2886548,bab3bdc133384798b558f8fb6466a7fa
21160fabb87f4b0fb849c04438771115,1.2877227,1af4472b38cc4304841b2f1720075c9d
d9956ba9a7e94d0ca7496d6df99555d8,1.285133,efdf40eee13d409c9955e5b84e4408f6
500d964011eb4cd19e61ff976d9d808f,1.2850934,46ba0b979a664c7cb0c315c4cde6ac86
45134c6dd42d4814b2fba3d713c1b3a5,1.280791,1cbfb22f84454b1fb821b602e3ad11f8
ce7e02187e74451f8fe2511db0fed0fb,1.2791154,779d7c2bad1940c8a861451964e1ce01
7d52dc1203ef4f9e9149a1557341406b,1.2740548,a1d8cb16dafd4126922f985021e93631
c1904c9ab6bc4ae5b4b364ea1f24b7d3,1.2695642,7a4c413f5c844796bd5ffed2b65f0336
33d76c41516a4e5aa8c5b3b16cc6c6f7,1.2693435,e7d6747e8c8b4ebcb665e232240daf17
3b54cc7ced814b6cbc6dea86f09aa770,1.2680825,ed9b10a2879742628fce003076ef9024
f119f6dc27c64e5c8485b001368d839e,1.2621839,7cd1db4b50dd41e6b2f3dd15fcab3b89
2e9806470e994a85904d3521b5fddaa6,1.2616948,5a26ae7959494fef99542e9b2004fd11
ba0c12af5b1c4fe6ae766bf417e6498c,1.2551488,1af4472b38cc4304841b2f1720075c9d
5209a952bb1a4ac991ae51e8a3e9abdc,1.2531012,1cbfb22f84454b1fb821b602e3ad11f8
7a63c379c6ed4b2faa1b9e863eb35d54,1.2437979,cc21026ff0d541909df56c5618d28518
3710bf2a11584bf098b45d14f2308ef2,1.2429547,ed9b10a2879742628fce003076ef9024
7e4c2a881ad24760b9775870c8ec426a,1.2411016,f036aaf4ab714c598a0b6da4ca604136
50eff679bc384b72918eba1cd77a5597,1.2357514,46bfd7af0ed6491fa621350963d11e35
c762fdf4bb4d4f4992cdcd83ef4f2222,1.2333987,fd51f3eef1a64d9a93652be481bde32e
01213179f19e4a5d97590bdc85be49aa,1.2283685,1cbfb22f84454b1fb821b602e3ad11f8
74ee886c358c466b93e307e28af9d52e,1.2273712,7cd1db4b50dd41e6b2f3dd15fcab3b89
87773e87aa4246ecb99c535106be1412,1.2252775,acee70abee2841c9b67b95e9ed079647
06bf7c8951c64f95bec0eb20b232e5bd,1.2220637,e039a00eae414ebbb2205b011ac127cf
df8769c84f5b4a8f9811c4537faa576f,1.2214658,73e7e41e8db447c09cb2363d76556c64
54cad1d39001470bae1e14fe0e58f061,1.2198739,cc21026ff0d541909df56c5618d28518
e938fc1d26e5456ba78f78d9f8514816,1.2161373,b25fe3b79f714d38b3fc53e39fd84d36
96cfa510415b439da48aa661aff3500b,1.2143899,1d47a696eae94bd29f215a4787b27d8a
7f8ae3801f3441f696f05e6cdd70c2fb,1.2139742,156f393f7ca046299e09d05464afa056
dd7aef966c97433eaa394c033bd3ed81,1.2129743,e27d9425c912446e947fe53c4a757375
c8505b52f0aa4beb8144837de094973d,1.20626,2425086d8eaf44d2a9519f0e4e6b289a
d067ca627837456bb0e6cc40a06d224f,1.1999887,64f1d63a671d441d9663a783f632f794
748b2df793c94a6fa92094994cbc50c7,1.198098,89e43b092c844b5886a93091a22c894a
7002381cfd40489ebf699ce239f95dd0,1.1941334,d0a840820172465f83c8480d571e7b71
91af71c421dd4b9fa1252bd59cd4afd6,1.1920391,369fe18b94f54c98b554fd22b4a3b50b
22831856b4ef4ecda0ee60656417b904,1.1916798,0f9cc12519eb4872af7be7fe49e19f59
a7c72b26df5e476a8a8efd1d597ead90,1.188815,9ff95d23c3284d31ba5e398afa520649
2c2bd31efb4543d08c60180fb6fa21a2,1.1870322,1d47a696eae94bd29f215a4787b27d8a
7cb075d8031f47dfb9a6b37840756bcf,1.1824536,b25fe3b79f714d38b3fc53e39fd84d36
f4e9b9fb265843768046ac7985c89f7a,1.1820754,a4cad92644614f78bded3ca6d6023473
4593972edeb84fe49e5ad1058e0d8d35,1.1802726,bf59502a233e4b5eaff9cfa3a992c387
81506e59f5b54c66a3459e47c2bad700,1.1758696,d6fe6f8380464e21a27fd69de27f1f57
a5d7fc13c59d4aef8d24e5d15dfc363d,1.1737607,4d708e5878784386a42c2f436d2d60f0
edf32c81fa8c41f4ba76d882cc8f88c7,1.1736635,fd51f3eef1a64d9a93652be481bde32e
c6754ce8bf4346258c03509140eece37,1.1723218,65664fb3aad341fab563409d91dddd2d
87afeec5f3cd4d9d8f6d5a0c7f48260f,1.1722224,bd2f91a9415049d980e453f94327e0ce
b4e255878aac412187c87d835597242f,1.1705801,983940e0b12e4186a281c36de657406e
a48cffbae43148f292d3a78837fbd4ca,1.1666565,efdf40eee13d409c9955e5b84e4408f6
2b87269c561444308fce933186cf6042,1.1654124,0ebc441d25664c91adad96b570270f07
0aabe8051b1e48dc8df2680281f96731,1.1651561,89e43b092c844b5886a93091a22c894a
f5a783856a7f4d3ba8c3f2c29428c454,1.1576962,5a26ae7959494fef99542e9b2004fd11
68f3223d477e4e1cbe3830412674f8f4,1.1552387,ad2b6fb945714e6792c17bd49a1066e0
9126864790e8431db0440435469417cd,1.15418,7ac9c94011924c09b47f9640211885a2
f8dc989408ab412199e89745baedbb50,1.1525898,8f285540a9394706bd6ec6cda46c5058
e5b86e97430f434591a4da778f69dcf9,1.1517739,855b3971c4a147cfb9a7c281fa6b915e
41e25db024634f619358f3093d8df1e8,1.1409891,3257035cc77946d98bdc09e2fdd5cdae
fdfc870c19de4b5e99b1b3cdb4acfa39,1.138782,a585d23fe43f459ba86ac15645af77ff
93cfb01748a246528235d46e95b6b76d,1.1358865,23066f7964874fd39639dbf2cb2766df
1e9c95ee032147a2aa469f8482bf5f9c,1.1333175,678725f8b914453fbc1029b7c1bc0879
6bc08caeb482448c85c44c89c5fee7b8,1.1304362,4aa3556b2aed469584c573868193a07a
f7b6d1525412435fbc5af750fb1d4dfb,1.1230607,1cbfb22f84454b1fb821b602e3ad11f8
f9858ec6cc4e424aacd697295e8cabbb,1.1212872,ff715b4f228443e3b067c801250f3402
90f24532a2864b7aabfcb8e5d5dbce72,1.1155816,46ba0b979a664c7cb0c315c4cde6ac86
8de833e138ae4924a0cc47129cde2cb9,1.114741,1216ce1ef31e4643bb1222538c206342
96bc1d7521944aa9bd60c810ef28080a,1.1131855,b050e9e1ef5946c297a34dda98d8f476
3e1186b551804ac0880d688f4ad41f5d,1.1082512,17cc6768c9d14388b7455fea0060b62c
e1c498af40d54c85bcea4f0ce236b966,1.1074939,d9fbe02f04a4469dac855f69ea6ad02a
51e58e676c6d4b22ac3950bcd82a8417,1.0992674,fcc9863b07fc4bd5a01fab5b9160eafb
55e30898427a472799115a2e014580a6,1.09692,d74f6e7abeb84eedb9923dadb62f45f0
37a21040d578476783ff8751dfb91faa,1.0915477,02cf82700b4f4773af3a14ad8eaa5270
705398996d6440bd986d3dfa47bb583a,1.0904844,3be388c9ab614bceb086c19f70df23c2
387e43ce9c334938bbfe0ae8c0419ead,1.0837135,bade01bd83ec4b6786fd8c867ca7a090
bf3d001275754cb9b2c48df805901d9d,1.077601,f615619defc4402b82845090c238e597
2937b0fa761c4d3294bf68f522d9ab25,1.06819,74e7db4222ca4a20811199afafa346a7
e919ef1fffb2496894c9769d7ce9aacc,1.0666313,8f285540a9394706bd6ec6cda46c5058
d279eb260acc48558e34415c5c588926,1.0620552,7cd1db4b50dd41e6b2f3dd15fcab3b89
334dd9387233405cb0ba67a8ddd52c53,1.0575411,bab3bdc133384798b558f8fb6466a7fa
ad5f2cd68d6c448ba9532ff7665af2c1,1.0562456,1b4e143cfc1648a5b877d7445446366a
d335f8b8c90c47229c445bda59c63cab,1.0543652,d981f2c67f764e0c84af125b563958e9
2fd5284523f24eb1bae1d9e857c61d4a,1.0540695,ff218cc7835d4b5ba0de22792319050a
b187ddffdecd4cf9b139b97f1fe3695f,1.0504106,1b4e143cfc1648a5b877d7445446366a
f3ea230754ba41d192cd37ed751d1318,1.0473485,8f761e1117754656ac86a3a25f241cd7
9280a530ada64a8f829e0ec528712cbe,1.0472857,65664fb3aad341fab563409d91dddd2d
6abbc2ba6e8241f5b7132c7bb338f92e,1.0457783,37337ebec05640b890e4b9612776c32b
6c106f8a15e949a69472df18c370d213,1.042047,75b0bd2240a54f6fb45bf95ca43ab5e6
8ec020ab1bfe43a58c104ac0eaa95bf7,1.0386423,0ebc441d25664c91adad96b570270f07
44e0859420c4441d8b2eab856c4e010a,1.0322263,f0695d7e59d64941b510a3d12f801d59
6c846ec45b5646b6b0d1dfce66fb8328,1.0230381,1cbfb22f84454b1fb821b602e3ad11f8
b2f096bfd95f437395470a39b9b6ada7,1.0220722,f5a6222612ef406b8f02aef87e08c476
369716c45312435faf4f35f7fa3ecebf,1.02089,3257035cc77946d98bdc09e2fdd5cdae
45e4e8abcc7d41019873e9cefcf22239,1.0183897,01690d9b08164fcabd5bf0819754f71f
a1855c7563c54b5c86e2f73c5fe9f8d7,1.0181558,640f3bd184b7425fb22cc7773b8b2244
a8117ce7b13549fc829e0bf1a9330dc9,1.0166907,fe6ace599de44aa19b1773dad3658fee
cfbebb0b8d25424bad46127adbe59343,1.0100014,3257035cc77946d98bdc09e2fdd5cdae
d8b0fd7f373b467f8a214ebf710b5469,1.0055056,89e43b092c844b5886a93091a22c894a
5df786def0874c84a4a9878f379009d0,1.0044396,92d5da561f5a41bf929f3555a74cd653
469ca74fcdf244ba896fd018680b3201,1.0036435,4ad7e2502210436f9ca5735fdf7e50c3
5b204de5b2be4f0cad1271ad9c6b1f51,1.0035858,82b01998353e4141a7613fdc96d7b600
f36820bbc65b4c6486f479be532b159c,0.99943244,cd56b9a044c24df8a7156f661cb3d9cf
daec8c9bb81142a98349b34affefed91,0.98840356,630edd9b8f754b5dbd36cfbbd03ccb51
1f14295a03ac4251b24ccf3a74772f55,0.98060316,257aed6ca7a44f1cb5c664beb1be527b
4b3202343ccc4337aa099b8a9e046db5,0.97136176,e25b9d9944cb4d7197efb8ffc4ff57a1
1aaf2fb4fc244f5ea6b9eb65d1183c03,0.96848667,7a4c413f5c844796bd5ffed2b65f0336
02dba61169914bf6bca380e6ebba2037,0.9656068,7ce06191f1114b4c8a00609f6867761f
1b136bc276a84642874e1a5427cac81f,0.94776344,e7d6747e8c8b4ebcb665e232240daf17
2ca1d4b5568b484d92ce254f17374b6f,0.94721997,d79afb377f5349a69830b2b4c7cfefcb
6f70eedb7ac1471a9d9cc5ba1a8f274b,0.94592404,4ad7e2502210436f9ca5735fdf7e50c3
12b45c8ab28a4361a016608db99cc91a,0.94580525,01e805bb5a1845a7addf86fe9bc8d814
1139d27eff6f4adcbf602ee48c269d3a,0.94511795,0ebc441d25664c91adad96b570270f07
a1a22d5f63af4418a3f33283a6013d2d,0.94444543,8f285540a9394706bd6ec6cda46c5058
33a87d7db931410abdafbba3321d5b5c,0.9436653,8db9e204b8b841df8fd94eff0888cdf7
6b56add8c1e8488e9e85c4085e0cadc9,0.9429004,d443e0c5017d48d1b3f86bf4da959ed5
7fef3b2e0481482fb860ca2b3db02567,0.9393387,9b22c5cdbff44bdabd48dba008e6a3b2
9d3679e8828845c6be8f7376e953d216,0.9390933,82b01998353e4141a7613fdc96d7b600
0f4e625476a041c88fade20efb2eabcb,0.9345784,64f1d63a671d441d9663a783f632f794
f5a036940f0b4b219a4903d8efd2cac0,0.9336355,5831f5e280be4c02a09ce4588b56d7f3
e20a7ed561e1414ba269129124fa8186,0.93340385,f5a6222612ef406b8f02aef87e08c476
0f1bdf98cdc7472282cb0375b87b3ba4,0.93046105,6aaae524573f477f8fdef0b83787cbee
73bf5efa54504a0186bd7a13def281d6,0.9303924,bab3bdc133384798b558f8fb6466a7fa
6770b085f8cf47ee9a162fa8fbac551b,0.9261529,369fe18b94f54c98b554fd22b4a3b50b
8afe31852af94133a8a0e21f4b27e5d1,0.91942084,37337ebec05640b890e4b9612776c32b
47471f2f4db14e01850ce3fd0e3b7aff,0.9189199,c9e2e76e631c4d0a8013d90892350e06
8887992f6e314e5bb22217a98a5dc1d2,0.91724795,46bfd7af0ed6491fa621350963d11e35
2c689d06459b496798e7fc1e4ce8b03e,0.91684514,6c8a24653ef04f559b88e0f27c0df63a
18256c30bb5447d2bc0c5b2c56f67811,0.9088874,bab3bdc133384798b558f8fb6466a7fa
14251437e9d7466c9909622c9fe454a4,0.90834886,257aed6ca7a44f1cb5c664beb1be527b
c3ff9a50b4c1477c812af51fd7ce9489,0.906832,630edd9b8f754b5dbd36cfbbd03ccb51
d13abb2f14514eafa77e5ef77ae45be2,0.9064651,6c74bedaa406493a99988c5b8a47b704
5d880a342d1a4ff987be8c9023fe6275,0.9049513,c0cb721b56f240dabf7f464e453ef72e
c873b341cab549d6be3c38ca79441d7f,0.90140307,b25fe3b79f714d38b3fc53e39fd84d36
f023a1ec2a5e4947a0c66be38c5f67b2,0.8996741,7ac9c94011924c09b47f9640211885a2
86339034705d41e685883013d2ef7d6a,0.89891195,9303b9f7f4984b2dac8aeba8c8da8ef6
fb4a9db6c94f4a49a12fa4071706242f,0.8974275,f0695d7e59d64941b510a3d12f801d59
e95715a92c0a4c8292d8599a0c1a7dec,0.89634395,1543a2f94aa74008914301874d98f0f5
757730e7c0414b47ba2a3a52768cdb3e,0.8903585,630edd9b8f754b5dbd36cfbbd03ccb51
10ec284856b64b33a3f1095d708227c6,0.8838726,f5a6222612ef406b8f02aef87e08c476
1d6f4b84093244e6915c8d2b03d11912,0.8808495,bade01bd83ec4b6786fd8c867ca7a090
3295b23d76ab4661b9a92952160eb966,0.8765577,1c97c72e076f40fcadb22b17e71beed1
0ff74b4b29e044ffb307f3598dbbd1b7,0.8745408,e52a528036014db0a7bd54b99a310fe8
7b1d70a80254489e9de91807e6e223dc,0.8693181,5a73e0a5c757410eb0928feed7b151c8
58f93c38cc65487492ae04fd498f436b,0.86420745,fb709e29755b44988bb252c87a2ce2f3
59ad0e42bca44e7c95b0aeb6bc5ca7dd,0.8617062,a585d23fe43f459ba86ac15645af77ff
b9e0a43c19a04981af4a6dbf15166196,0.8613622,aa2d7a3a535243189492d4ce8e79c049
e2b879e36e484b0992165829229529ec,0.8603312,27eee82d7fb94b9b8b60bd3101187496
43bd347a4d5e4c8c82b41970f2ddfc02,0.8575056,37337ebec05640b890e4b9612776c32b
4cfe5514dcd64af29dbb1012e6e35f81,0.85397017,bab3bdc133384798b558f8fb6466a7fa
04457b683e1d4eaf8e6a37b15f5d8aa8,0.8454633,700f381f40ce4b039ce0df8b49fb199b
c81fde53a5804d74983247fb14718050,0.83664393,bade01bd83ec4b6786fd8c867ca7a090
6776a4646460462797dc83573d630d14,0.8278394,156f393f7ca046299e09d05464afa056
d56e8f69077e42b1aca7c99f6675c5af,0.8265946,1c97c72e076f40fcadb22b17e71beed1
c5693611e9044ffea24fede04ab1d9a5,0.82415676,6d3c42356e3b459c919e3129ff192ac4
68a1587934b74c2aac31a790843f3b56,0.82178247,e5692bd498004d32934fbaa05af2120d
8819510944174ce28e7b0d3e9d8c9fe3,0.8194778,691acac4a54d450697afb2c2dc4fca09
edb1a0a557354729b75b63862940d133,0.8194179,01e805bb5a1845a7addf86fe9bc8d814
cf4d7289a12b4ebcb7b17e8b76d82342,0.81909454,ad2109663af04c549385cd2ab9b3283b
c46143f6691f4af38d4779e21a33f827,0.815373,01690d9b08164fcabd5bf0819754f71f
ff0622832e0e48519d375778af4f60c3,0.8111954,7ab29c5e2f05481d8a69cc479a764ee8
b627c84048a742d292cc9adc0f36f58d,0.81061286,5a68e05acea4434ba08e17e1fff00057
1252c75b04024238b04ae25eb65cf090,0.810442,6a122ce1702646db918266228d48bd08
aea33ab76ea843ddb17f1196fa2875f1,0.80399525,f9fae977af2c4f35b29400f31267e170
0681f461c4ad4ee699a843df5ab30607,0.8036752,dc58564d0c8540bea4f3e2e3696deae8
38b738aa374d42a1b20afa63ccfcfd62,0.80108255,01e805bb5a1845a7addf86fe9bc8d814
d163c4863d9640b8b9610decb9ae92ff,0.7959255,bade01bd83ec4b6786fd8c867ca7a090
7347c822edd443ed856998a70357afd0,0.78284055,8a77dc665d8b4d95a0b1113522f7e9c3
7fc16d6f92a847c29cf3367644e4e835,0.7783881,b8ca3b6144cd48208caae952e096e7ae
b3d0e1f27a4c4d9dbda5877bde3bf232,0.7762284,9e304a9bbc7b4c22af8025fc93757357
56c2b163d79149048fcdf4e0f9d5598b,0.77581763,64fa5ce839ef406b9bc8a1b2f05094c7
523ae070f70149be975ea27f84bdb39c,0.77408993,75b0bd2240a54f6fb45bf95ca43ab5e6
c8aebab05e9d4c7e8a5e4875c217263d,0.7710327,e7d6747e8c8b4ebcb665e232240daf17
4810807024104aebb9028b6d53c9ed44,0.7642076,77ac5eb4b3054ca68e2b0dcbd5473fd1
5a9a922465d14fc6b190a50e964695f5,0.76414907,6a33c207c8b648f680dbd0e65639ef04
e3168a661d6e43b39980289c06b51f8b,0.76194274,aa2d7a3a535243189492d4ce8e79c049
6f6fd5b2a152493e8afcb221b1b198bd,0.76126635,cc21026ff0d541909df56c5618d28518
b7ebc3098f284cdc8a70c21862a74b00,0.7553799,73e7e41e8db447c09cb2363d76556c64
f52e6b02fcbe40089962449e4b4968db,0.7536858,cd60a0fcac24465a880af7d8f921dd68
c674a30eca94429c91ef5e7bfd2d9f24,0.7499635,c322b788813745e0aa7b592b4345d379
2a8517391a58458c8b4054fc225e976d,0.749001,bd2f91a9415049d980e453f94327e0ce
a22b7bc93cbe40cba26f5e4456762f6e,0.74817145,f615619defc4402b82845090c238e597
07e594806c6c4bdf8d98e2995979eae1,0.74317366,0472051dc57d43f8b9dd08df475fc4a3
98d13339052248b0b3c45e976da3acf5,0.7413937,3257035cc77946d98bdc09e2fdd5cdae
0c472016621a42b2ace086642ed58917,0.7409215,92229a391d0b418f87b32c86c42a292c
73ef58ddfcb54d09ac1737fdccd62d07,0.7400789,9e304a9bbc7b4c22af8025fc93757357
7e4f7e1030bd4e0d9be72f6761ea3def,0.7398711,77a8b27acb0e4600bb6ff974eabc269c
e449398fb3714ef39cfae0e60e4b3fd1,0.7392628,34b71675a1ae442395b6eb1f3eda23df
d9b3a26c8de14ab4ad2a779d31b4f01a,0.73924875,a585d23fe43f459ba86ac15645af77ff
1f314e6f401c4bcb95f97316f5aceb0a,0.7381989,2425086d8eaf44d2a9519f0e4e6b289a
16b6598102224ec59ae691c80c17f913,0.7367842,e9f055a212cd4e5e8601228c37713f35
76d6bcc61c924186ac0c0cb384856e6e,0.7304669,ad2109663af04c549385cd2ab9b3283b
4a5a47f40e9b42f5af28b197d3e59ef7,0.7287513,3be388c9ab614bceb086c19f70df23c2
e89166577a8e4c1d9c4025a06e1d5a24,0.7238337,a0fe3cd34e474c3b90662ce8ef1fcac6
9c3a88f966094359839f8ebc3263a6ae,0.7207031,ad289d5052264f9c8bd0aaf9faace92e
af93b48dee3a4f0a924c31d87144d7fc,0.7207014,b7ef0a61de0e4adf9688b2c525c9ad09
a9b68d896d484e6a9c7e87b014dce89c,0.7201369,c88be17376104f999b914a91aebf7220
8dfd5233498c4be2b88b2b71cf67ed64,0.714301,11ec23965d2941d0817082107996ebbb
3eb1fed1bfea482687c433b63ad56eda,0.7107139,efdf40eee13d409c9955e5b84e4408f6
df2549937e044a9583242e2c20f87e85,0.70680225,f615619defc4402b82845090c238e597
5bf9e6f5654045d28dd2225231386807,0.69924855,23066f7964874fd39639dbf2cb2766df
6b4034f8415244f88296cacd28edca37,0.6944232,8a77dc665d8b4d95a0b1113522f7e9c3
93804e9078864c70b27336ff52724af8,0.69256055,92d5da561f5a41bf929f3555a74cd653
599db2cba5134f72b9cd514e41aa34ba,0.6916761,e5692bd498004d32934fbaa05af2120d
dade1ac92c08448e93e20a96c20f9d0a,0.6873669,f036aaf4ab714c598a0b6da4ca604136
b8052a41b1ca486aa8d1d4fd870dda88,0.68682694,64fa5ce839ef406b9bc8a1b2f05094c7
1197a3e216ea459dbc822d775b701062,0.68454015,e02ad4f63c8444b79a7a56fb23a4e0f1
75bd7834bfba42a0824a1918cd04b829,0.6826638,c8b9a0ac7c214a449c434aabdf6ef770
acb93c3b67cb4fc8bf222a8468b2b6ed,0.6770358,64f1d63a671d441d9663a783f632f794
0f836960df064e7c96c2a78d865fd458,0.67396736,bab3bdc133384798b558f8fb6466a7fa
362c00f2982342a8a518f57f7ec9a60e,0.66996896,2768d411cc374a018a898f9df0ca207d
50d0942bfc7540f2b61af337707d303b,0.66863483,4430d47e30904eab969c1baebca184c0
2fd2926eef6c41939266c5d6a5803999,0.66363823,eaca056cec224a30aaaed30c39f644c2
bcb1b70968a74d41b4f3b9dc27129974,0.65500855,b050e9e1ef5946c297a34dda98d8f476
cea01bc4a1554d61a6b1a564073b4fc6,0.6530131,564a84b1b830407e811bcfc7fd086a6f
c189a309da7a472e88194571c3354d34,0.65121686,6b9b2c8f0a874bb8b6691aca6bc49565
69fc5af906524d06b5c47a8c984a7199,0.64904445,e27d9425c912446e947fe53c4a757375
a4e40c85d10248bd9a34d6c44e22b010,0.6462023,c9628610053945f4a7998ae48cd70da3
70c5d0168ece4f13b8553e469845fce5,0.63642454,c0cb721b56f240dabf7f464e453ef72e
f9a7d6299ae54cb8bc2e6ba1b878f8cf,0.63522196,e27d9425c912446e947fe53c4a757375
914e224085a24a7c87db637c208baac5,0.6323483,6c74bedaa406493a99988c5b8a47b704
ee3555240e534ffc880818cf7f848c8b,0.62911177,b8ca3b6144cd48208caae952e096e7ae
9fbb54f6ca3747198e55e3f00ad81251,0.6275082,27eee82d7fb94b9b8b60bd3101187496
fd66e1095a8d4ed89af26eb4018a0c00,0.6256447,3b13d134762445cebcdbb02b484db77b
de7e2ebef31a43768b57de371f2631aa,0.6254262,057164cf4aab45ebbefef3409359cfb1
38f1d87fba9e41ce91c3db2733f683f5,0.62386596,a0fe3cd34e474c3b90662ce8ef1fcac6
1db04d4304ab44b5a063f18b9037c0da,0.6231371,02cf82700b4f4773af3a14ad8eaa5270
ba4441ee87f14d4ab951a01cf5035eb9,0.62176293,7ce06191f1114b4c8a00609f6867761f
b324a5fe4a374e51a39d53b0b235ca94,0.62163234,c88be17376104f999b914a91aebf7220
4a79ee95c2f94e6fb182632a2357e449,0.6179801,a0fe3cd34e474c3b90662ce8ef1fcac6
953a07c9b67d487f9d6ac9b71b85dff7,0.614886,e9f055a212cd4e5e8601228c37713f35
729eb469bdc343e6b5c2628e9be83fd1,0.61256444,903360099fb644b6b88c6edac88eecb2
239190927a44453bb33c24a550d70b96,0.61099786,c26f5e7dcc8149f18f3d719bba9ae717
73cc10e747ca46bba886d9939cc3b768,0.6105795,691a538d2372403fad2b919b48ff5f85
f6304923104f47d1ae9f82b7116051a6,0.6076286,6aba5a04ef8742a39d3a61644a5f0729
a95f568bf31846fd86a94ef5cc3a229e,0.6057588,ad289d5052264f9c8bd0aaf9faace92e
003d3f2fc0d74fc58746a9d38d310d8a,0.60019934,6b9b2c8f0a874bb8b6691aca6bc49565
6e4efb567c284833b93c09713f4af1df,0.5976483,0472051dc57d43f8b9dd08df475fc4a3
a8a7550acecf4436939c03b7e74ec8a6,0.5963985,cb85047b65f8468aa02744c28c075dbd
0affea27dfd242bda2130ad14ef28bb9,0.59498805,903360099fb644b6b88c6edac88eecb2
faafc7c371d240a29c764c0074231e6a,0.5916719,779d7c2bad1940c8a861451964e1ce01
6d86d0062e7c4ab1a1c263fe7418697f,0.5905968,e336d113184c4ebdbad7aa2b6ec64640
6c8cdd6141244ba1b62fee70292cc68a,0.589653,b4150337314e40fb9e3ebb24514504a3
a5d2be317fc24e528df576140c0a3849,0.5827249,1543a2f94aa74008914301874d98f0f5
a904fb4b818843aebcf6c526facb5089,0.5782106,8a77dc665d8b4d95a0b1113522f7e9c3
fba706d6c465422cb8a6944bb92f5b97,0.57806087,d0a840820172465f83c8480d571e7b71
4eae669b05f642a98f2ee1b828c4807d,0.57500607,fb709e29755b44988bb252c87a2ce2f3
454132982ecd4d5e9e6ed9c9e33f3433,0.5731995,257aed6ca7a44f1cb5c664beb1be527b
a3d947b7e3e3451bb473b1b5e22cca51,0.5709091,ad2b6fb945714e6792c17bd49a1066e0
f3c47f8050814b93a91d14f2add36403,0.56755275,efdf40eee13d409c9955e5b84e4408f6
886b1cde3d0e4f1db12bcb160b6f357a,0.5662715,0302e7dde9074dddbbbdf85e9be57901
ddb7ffce794746d1bcc1cbc3747fcac4,0.54338735,11ec23965d2941d0817082107996ebbb
982360bc10ca4c3ba78467718112babd,0.5420025,c26f5e7dcc8149f18f3d719bba9ae717
2c5bf4d606bc4435af0045f6c269d043,0.5408351,7ab29c5e2f05481d8a69cc479a764ee8
901288a03fde4b628e2efc51f9ec6f0e,0.53981847,257aed6ca7a44f1cb5c664beb1be527b
a0f623aff0d34804a39f4b55a08898ca,0.5380013,903360099fb644b6b88c6edac88eecb2
22a3289b29c9411cb2777c5cd4b454ab,0.5315298,ecdae9f36c6a437ea72739febbf1c89c
b68aafdc6e7b4188a9506c869f83ae96,0.52431476,6a33c207c8b648f680dbd0e65639ef04
7438e386a6a9468fad05b2507d9194e8,0.52378446,fd51f3eef1a64d9a93652be481bde32e
56f20fa9e0904380b48d10ec3d81950e,0.521846,ff715b4f228443e3b067c801250f3402
37c0ed56957944cd874df80d82afca79,0.51946914,6aaae524573f477f8fdef0b83787cbee
012773cf6c104fd8a7ded7f346c0a261,0.5084595,d981f2c67f764e0c84af125b563958e9
dd72a1cbe29f432bb51ae6342e0382e6,0.5076853,2768d411cc374a018a898f9df0ca207d
2246c7640ba74a0d8caef1ca9f9d44dc,0.50085914,564a84b1b830407e811bcfc7fd086a6f
11cd11ee574a460989af01777e154c33,0.49628893,156f393f7ca046299e09d05464afa056
1bcadb1e071c4e6d82323f31e960901e,0.49359587,836ec4ef8df644328ac07b7803709323
184facf4be454b60a5fe9a953d771690,0.492555,6b9b2c8f0a874bb8b6691aca6bc49565
d74e7c71176e4554969cb9fdf7d1986c,0.49165934,34b71675a1ae442395b6eb1f3eda23df
5466e5423228429ca4afb7578e83a4f3,0.4839722,fe6ace599de44aa19b1773dad3658fee
6bfc7764438f4a6caffc2e8225f5545a,0.48244318,d331012ecf0c40888e0ac290184f0883
d1cbea7387cd4d1bab69dbd0238bd135,0.48140597,6a33c207c8b648f680dbd0e65639ef04
a3b8ab612b544a76bfa18fd8d3c06621,0.47296512,d79afb377f5349a69830b2b4c7cfefcb
b44be1c1621b40e1a7c06c02b225c470,0.47010565,17cc6768c9d14388b7455fea0060b62c
ee6aeba966504751952213ca4d85796e,0.46792233,3b13d134762445cebcdbb02b484db77b
d2e23fe1095249c4a12577fd6efe8a65,0.4618858,700f381f40ce4b039ce0df8b49fb199b
55f19079097043d4b29cd2c08fb960c5,0.45737764,58db4c3a26c84fa68d81235d078208bc
0077d17ffb254c86a11e301042f915e4,0.4457327,0ebc441d25664c91adad96b570270f07
bc3dcde96af9406186e1b5eb3b8af798,0.44474006,4696c8192576454f8684954bc771aa23
2de4480d7e534fbb8564efefe43623d1,0.4444493,37337ebec05640b890e4b9612776c32b
b9927fff8eac41ac99d787e84af9c3da,0.4405974,95fbc6ed8bfd43c1a6bcf676e26e7f8a
06706b7f76a3492e8e814546d9bcefab,0.43886346,d981f2c67f764e0c84af125b563958e9
7320e14823a54b30b0a3fa3f42a01ffd,0.4378516,1f8c0f02984e4139bf8043e57497fdb2
24e177e9075a4c7ebd2cf154bcbf7b78,0.43368858,c9628610053945f4a7998ae48cd70da3
a545f38de45e4870b398a90fe9c5cbbd,0.42739803,257aed6ca7a44f1cb5c664beb1be527b
acc8825aa2cb4d06bd3574a6b36e6a40,0.42649493,c0cb721b56f240dabf7f464e453ef72e
b116fe66d95d4c04beea8a4e5f347684,0.42457724,dc58564d0c8540bea4f3e2e3696deae8
edae612794a548eea7fe0edde2cd8271,0.4245117,c3412c53e9ec4b6a9a1aa95cf7f0f1e4
00bc1d895118471ea04c2ee6a3ef3f22,0.41636917,156f393f7ca046299e09d05464afa056
bfd311fb1c224274b98d99f84e3cf150,0.39768168,d42996c2b67443fd9b73bba7641d4f77
77303cd1aba44c3abccb823ad3006b47,0.3952272,903360099fb644b6b88c6edac88eecb2
620d85d5d0b947dfb2f0574a0d4dfe72,0.39479303,8db9e204b8b841df8fd94eff0888cdf7
e09735216b1f4e3f9fd7eb54f6aa2b1a,0.39458412,b7ef0a61de0e4adf9688b2c525c9ad09
f66b6efba0464f1a939d4ae426b9f217,0.38767934,fd51f3eef1a64d9a93652be481bde32e
7c79c3280c0f45a693fefbeb30bb648d,0.3861189,3be388c9ab614bceb086c19f70df23c2
e152a0f89fe0446f998c519058feabc5,0.38125294,a0fe3cd34e474c3b90662ce8ef1fcac6
006744853c1a4bfd9d39aea6556c7be3,0.37789562,c0cb721b56f240dabf7f464e453ef72e
569c47730fc949f7a3971473e07d0f6a,0.3764764,678725f8b914453fbc1029b7c1bc0879
e553e8ada4e4446ebe9a909822fb1cfa,0.37573218,f5a6222612ef406b8f02aef87e08c476
174e16d27164468ea679a619b853b1a6,0.36902118,e96aa0967ab94368b381354e03dc40ad
88769fc17b0e4f3a9736d45e131659d9,0.36719322,ad289d5052264f9c8bd0aaf9faace92e
6fa6aa705e9a479b9435e2367955056b,0.36548954,d6fe6f8380464e21a27fd69de27f1f57
af18a5f9a5aa45a191a99b4792b127c5,0.36233246,78b600dd53854b018f87267d268b7b1a
e248745a536e4547b843917beb8bc3ea,0.3554382,cc21026ff0d541909df56c5618d28518
82e2ae3e0d3c4ccab9093974f974e854,0.35508102,a6a551a308b9442f947ea0608ae2c3fb
d18685a2ca8c4ab48ac9d9b824ce3bc7,0.3510998,983940e0b12e4186a281c36de657406e
65fdb46393a34ac699da17059ebaa6cc,0.34810376,f9fae977af2c4f35b29400f31267e170
f1ccf2ee3c3d4cddb27a2e081d844de5,0.34369797,564a84b1b830407e811bcfc7fd086a6f
c60349b6f8454e529aa85264c412eb2c,0.33962357,77ac5eb4b3054ca68e2b0dcbd5473fd1
6f19ee43f25e4a01adfde430ceb68864,0.33597386,9303b9f7f4984b2dac8aeba8c8da8ef6
3ff3a9f9ebdf41968cac02ff122f56eb,0.3322276,c88be17376104f999b914a91aebf7220
0a67f23ddf014504a380fcaf9e049a2c,0.3247537,5a73e0a5c757410eb0928feed7b151c8
298a7ef0260542fb9aec7190927220c8,0.31978214,bd2f91a9415049d980e453f94327e0ce
0de5d39510de4443a35bdbb6b6b2c2fd,0.31693923,7ce06191f1114b4c8a00609f6867761f
ad016f4559a0419297dfc6da2a37349e,0.3134383,526ab7eda50e4a239d03ad505832d61d
8fd8f14d327f4037a26fa4bfed84f993,0.31179106,6b9b2c8f0a874bb8b6691aca6bc49565
803ab31024764a56a2ac0cda5c79c69c,0.3066954,11ec23965d2941d0817082107996ebbb
dfd4d092c16c4fbca7e9aac5e15806c4,0.3030985,1cbfb22f84454b1fb821b602e3ad11f8
266d75addc654d52968c8c67300f73bb,0.30112177,e5692bd498004d32934fbaa05af2120d
7727fce048c74dfba9b871f0a6bb4504,0.30035394,e27d9425c912446e947fe53c4a757375
e7484e33c0004b31996c7062d82f4819,0.28588647,678725f8b914453fbc1029b7c1bc0879
e244d77b242a4a54a7bdcb784245c01c,0.28183663,ad2109663af04c549385cd2ab9b3283b
b0f8acbb976643b7b4c8736a8d7305ef,0.28119302,0ebc441d25664c91adad96b570270f07
69669e9f88dc43b68dda6126c27675ca,0.27543515,e039a00eae414ebbb2205b011ac127cf
44b833375c854450a60b5f4819e94466,0.27241758,d0a840820172465f83c8480d571e7b71
c91d4a1a75504beeb98888cfe719a863,0.2722137,1543a2f94aa74008914301874d98f0f5
38003415b2fe4903b7183cdd279c09f9,0.27111852,678725f8b914453fbc1029b7c1bc0879
59faf734dccd49c39c471b705bbf90a2,0.27046686,cb85047b65f8468aa02744c28c075dbd
95efaf80178b4a519dbf8769d415c000,0.26585945,e492ff7fecf046a4948c5ba5631cdefe
af56dd5a3d1a403c910f7ccd67f42dd5,0.26332343,23066f7964874fd39639dbf2cb2766df
0f7f319e6bfb4438a4746cfecb70a08e,0.2631994,855b3971c4a147cfb9a7c281fa6b915e
94e15698eca449a99528bcd1d437335a,0.26291794,00f45d57fd3c448d8cfdf3185ebae894
9938803be0884fc282a350a72835a9b9,0.2621628,4a4eb12a639346b5a00557d54b51fe51
1b6f4307fa4e42cda9018c5085947b48,0.26124784,66b0c8a58f444ea0aec34d9403b88a49
eb5fe491e3474e81865751ec9f52b3ce,0.25281468,1af4472b38cc4304841b2f1720075c9d
a3a8679097e74509b7525e86a5457662,0.25241458,b4150337314e40fb9e3ebb24514504a3
65985829f37342a3b2560fd757d02169,0.2521845,19c9ac7b84df472c85ed6cf5a05fbbc6
2b4fda504eff4531832d7897265ba39f,0.25088176,d79afb377f5349a69830b2b4c7cfefcb
0ea4c68a804648959f67957d17d5a323,0.25043547,ff715b4f228443e3b067c801250f3402
1ef6177541694b09a66cc37c32dd92d8,0.24295372,691acac4a54d450697afb2c2dc4fca09
794358e3d9a94bc48a240617b29ec0af,0.231605,3be388c9ab614bceb086c19f70df23c2
f4398da2a74044829b4f7bd0808aec82,0.2287458,6c8a24653ef04f559b88e0f27c0df63a
ede38dce85584305a3733d42a3d38246,0.22868049,19c9ac7b84df472c85ed6cf5a05fbbc6
539c9a4dd3ac4de18415aae9107a2600,0.22795545,11ec23965d2941d0817082107996ebbb
f8e19b9e878142969c95441f15b0da57,0.22557086,89e43b092c844b5886a93091a22c894a
3407ed3eb6d4426bb50ced20b862de96,0.22407383,8f285540a9394706bd6ec6cda46c5058
27ac7ea2481844079ce6ab849edc3901,0.21217448,526ab7eda50e4a239d03ad505832d61d
e18c0d2a5ea54d0dae0481083fc0db46,0.21144426,3257035cc77946d98bdc09e2fdd5cdae
3d87a00da06642ab94224dffed6c2ef5,0.20937434,c9e2e76e631c4d0a8013d90892350e06
a30d8464e03848a8b72421c107f22fd5,0.20822617,d9fbe02f04a4469dac855f69ea6ad02a
f23847f4eab34d3ba19bf1dccbc32306,0.20703292,66b0c8a58f444ea0aec34d9403b88a49
0478a4dd439f4218a9194cd283b15aca,0.20211035,ed9b10a2879742628fce003076ef9024
95cfdf88f92e45f9b81a755fb1718759,0.18743809,58db4c3a26c84fa68d81235d078208bc
69ac3d3d408a45fda23c327ed1f2678f,0.1873939,1d47a696eae94bd29f215a4787b27d8a
a1e176f474f04640aedebc0ece81583e,0.18402219,965598a17b624a0f9bb1cd58595458a6
d49f6a76fe334b5ebf72758df0f42d07,0.17973292,c26f5e7dcc8149f18f3d719bba9ae717
8e80b474643e48ac86e6d8e4a23c507d,0.17863184,77ac5eb4b3054ca68e2b0dcbd5473fd1
78b24e025ac34eca9b613f65bcba2f33,0.1782473,b7ef0a61de0e4adf9688b2c525c9ad09
2ae3d79e1c8641a9892ed31117156c0e,0.17703938,bd2f91a9415049d980e453f94327e0ce
fe866322e3f94718be3a75be3975a37a,0.17664826,9b22c5cdbff44bdabd48dba008e6a3b2
d1fb54ad5cd34d8abd5ca9ee40b54dbd,0.17154932,b7ef0a61de0e4adf9688b2c525c9ad09
790595e600c949459cfe2629a30f5371,0.16926375,4430d47e30904eab969c1baebca184c0
8f46f1c9e7dc4f0184c02d6fef8f3708,0.16696239,b4150337314e40fb9e3ebb24514504a3
fae3e9acdc1c4860bb50119b70effcf1,0.1661509,ecdae9f36c6a437ea72739febbf1c89c
ed60600cbe5240f29132b4cda76d4960,0.16579938,faaac88748714ce8a99413b952a1dac8
38f66bccfc8b47afb357b8caa5a3f286,0.16574797,691a538d2372403fad2b919b48ff5f85
bc74f6e0e01940f8b0e150ba65e72d34,0.16534007,74e7db4222ca4a20811199afafa346a7
3a824fd4eb9c426291f1b6fadad0d90e,0.1641562,fe6ace599de44aa19b1773dad3658fee
d52a218e156e461f8d5f05a8a136988b,0.15596887,89597084b19c4902b073a2c6c6622456
34e6f332d53646d38eb22993afc64a02,0.15558863,02cf82700b4f4773af3a14ad8eaa5270
65b7a423fc92497086fe55ce3a85dd55,0.15490699,99142f1c07cd4782814f8c970eaaa40a
00306589ab9241cfb569f6b85c0e2843,0.15278506,7ce06191f1114b4c8a00609f6867761f
dd207a6be6fb481c941ff42092bbb3da,0.14681816,34b71675a1ae442395b6eb1f3eda23df
cb03a3e350c3487d9d636625b49d09a0,0.13896513,855b3971c4a147cfb9a7c281fa6b915e
9f6d414fa64347368d119235b14b5cbc,0.13612682,fb709e29755b44988bb252c87a2ce2f3
19697467a2f64fdcaccd3a65d2a60d7d,0.1336165,23066f7964874fd39639dbf2cb2766df
f2f267caea8b4b99a078a6d77af06916,0.13087931,7a4c413f5c844796bd5ffed2b65f0336
76313e4034d24a788d6f02923f14c045,0.12409955,d79afb377f5349a69830b2b4c7cfefcb
d7b01643eac140139ea2680d74080bb7,0.12354231,c9e2e76e631c4d0a8013d90892350e06
6f5aba39f47a4d7b87f4b50122d8b660,0.11899611,7a4c413f5c844796bd5ffed2b65f0336
7831dfb1e07e43dbac524b0df5c28053,0.11359593,d443e0c5017d48d1b3f86bf4da959ed5
7f38510693a9428bbcd86009bb013321,0.113097966,6c8a24653ef04f559b88e0f27c0df63a
6339e9726a4b4ebaaf1b22a56c33b779,0.11253747,564a84b1b830407e811bcfc7fd086a6f
6e651760ac2e4377abd5ff9ac4b8c9f0,0.09489536,d9fbe02f04a4469dac855f69ea6ad02a
0001880401724f72b4b0f8fafabbd872,0.09240164,4a4eb12a639346b5a00557d54b51fe51
278a6d1334d949ac865e60b6199bf59d,0.091989905,a926df6d7fcf4b17b68dae6f41fbce66
1c5703785c574a4a86152b8e8ceaaab1,0.08510274,4ad7e2502210436f9ca5735fdf7e50c3
187f475424d1406a8ea7e10ccd1f13ee,0.08376148,85e7ea30890b456084b8e85c299c8649
71466cbf526f4ad890c742b6e4fe7449,0.076779485,6542f58c143446f280e88a6375ccf79a
7243a107cca54629976980cef4591fb0,0.07279616,1b4e143cfc1648a5b877d7445446366a
00a23ea3107f484f84ca76a6fb313ceb,0.061152577,e9f055a212cd4e5e8601228c37713f35
9c4b40908472420e923be2dce2979c0e,0.057304382,01e805bb5a1845a7addf86fe9bc8d814
77f470031d7a4d3aa691e074e7215cb5,0.05297637,e96aa0967ab94368b381354e03dc40ad
6d60c813cd9640d0840e8567de817877,0.05201307,bade01bd83ec4b6786fd8c867ca7a090
b001beeb0d384d448ff9383afc5ad45b,0.05197668,c0cb721b56f240dabf7f464e453ef72e
8b5c517e199245b2b9ffe9601e9c5fd8,0.04272433,92229a391d0b418f87b32c86c42a292c
d51b249d11a44ae699cd4e2854b00d4a,0.040181696,4a4eb12a639346b5a00557d54b51fe51
266024fef71d4c25a73f93db3af86fa7,0.033029854,46bfd7af0ed6491fa621350963d11e35
53a334f932ed437db303f19b0f6ea7b4,0.03017927,99142f1c07cd4782814f8c970eaaa40a
43286efab53f465da28a9d31716d392a,0.027773976,09fc9f38fbbb4bfaa1c979ac9cc43f0b
be7a669164c1423c8ebd0ba23ce48329,0.023410082,e52a528036014db0a7bd54b99a310fe8
43de32fcef1548dbb9d856b138ecf429,0.023003995,7a4c413f5c844796bd5ffed2b65f0336
0c915913c66d40f6b77e2491b30dfc9c,0.022089452,a0fe3cd34e474c3b90662ce8ef1fcac6
73d822e81eff46d9947b9854da4db52c,0.020138897,95fbc6ed8bfd43c1a6bcf676e26e7f8a
3b038bed6122476bba5c73f7188efdcb,0.017100275,1d47a696eae94bd29f215a4787b27d8a
518dcd746ac344f692cc34db6c714430,0.011693239,4ad7e2502210436f9ca5735fdf7e50c3
387cfff049b44a62ad0215e9bcd6f912,0.0069695115,ecdae9f36c6a437ea72739febbf1c89c
1c017d16176a48e9a899ed772d5ff4d9,0.004154533,1543a2f94aa74008914301874d98f0f5
