2d6d2f2089614469bda4b6e9b2b33678,9.933245,bade01bd83ec4b6786fd8c867ca7a090
37a0d209e50848efb76d08c3f22eb3bd,7.950098,d576e334105247369362b05a375e88cd
05de4f46aac741bd81e6bb9133542716,7.935373,bd2f91a9415049d980e453f94327e0ce
bc3dcde96af9406186e1b5eb3b8af798,7.9311676,4696c8192576454f8684954bc771aa23
c71fc9273bb64cf78fcb3160724b40be,7.797696,34b71675a1ae442395b6eb1f3eda23df
f4e34063359742b7916fe2635de1aba0,7.7713776,e45844e0215f4a1596a7f9ac41367c46
60cfb02a92884acf8cbc7ea1abaf7046,7.6489553,e492ff7fecf046a4948c5ba5631cdefe
6ba13a7346044bfba1b6245853af401d,7.5661707,d9fbe02f04a4469dac855f69ea6ad02a
85775741207d4d1ebf2ddd8ec7d58102,7.547654,80921378de2b4cd3a14d449688d8b079
7dba9b481a53475cb2f9bb524154fa97,7.5221148,75b0bd2240a54f6fb45bf95ca43ab5e6
5d2dcf398cf24f1fa650c7f0c8035ffa,7.5116234,d27cfea4da8f445fb4e3c55e53c6482c
ad016f4559a0419297dfc6da2a37349e,7.4114065,526ab7eda50e4a239d03ad505832d61d
d076d72caa2d4bff9470fe2409888904,7.157765,88dc23909eb4415aa39b96cc3a4c2926
45e4e8abcc7d41019873e9cefcf22239,7.0535407,01690d9b08164fcabd5bf0819754f71f
a987046439f446848e7b3520dcece6d6,6.8122587,4ad7e2502210436f9ca5735fdf7e50c3
ab4c8222cf584ba3982f14500c005291,6.7828608,a6a551a308b9442f947ea0608ae2c3fb
9644dd0795c64946bd689d24d80536a4,6.7038603,a6a551a308b9442f947ea0608ae2c3fb
70c5d0168ece4f13b8553e469845fce5,6.7019787,c0cb721b56f240dabf7f464e453ef72e
b9a77513e24d477887a0d0582ca7ed7a,6.6528063,8aadcf7251724cc6858dc0db44abebe3
b5c4664ba26443dba0dde05295158123,6.5233097,564a84b1b830407e811bcfc7fd086a6f
7e7a88a994dc4039b1e34409009b8f84,6.4306993,e27d9425c912446e947fe53c4a757375
1724b0e2e9bc4a61a23d4f7082b1d3bc,6.348844,ec281224f8ee419ebde676f291672aea
301e127ffa514901b5840fd47f9f7e18,6.325554,cc21026ff0d541909df56c5618d28518
3464f002cd954218836b9014bcd0c620,6.278962,5a26ae7959494fef99542e9b2004fd11
b95ad51d19ee4ea28d5d02064e368c84,6.261388,691a538d2372403fad2b919b48ff5f85
f40346321e624c7caf2e7586b7254203,6.226982,2425086d8eaf44d2a9519f0e4e6b289a
cf7564fd313c4802adfcab226cb71a73,6.1541934,965598a17b624a0f9bb1cd58595458a6
7e7b92ee644e42a3adc00967aa9f4cf8,6.1361814,965598a17b624a0f9bb1cd58595458a6
ddd74ab8b91e4e3fa6509838de7e33d4,6.119011,e25b9d9944cb4d7197efb8ffc4ff57a1
e449398fb3714ef39cfae0e60e4b3fd1,6.0648193,34b71675a1ae442395b6eb1f3eda23df
c661bf4a97394c40af06ff80bbec3a75,6.0177846,a25b08e008114c9ca0266ce3e55d82bb
ef33ab499b054efb968d7cca5bef4a31,6.017189,c0cb721b56f240dabf7f464e453ef72e
7e4f7e1030bd4e0d9be72f6761ea3def,5.9982734,77a8b27acb0e4600bb6ff974eabc269c
fcde1e3b91aa485688682e6fdc3c24e8,5.96342,1d47a696eae94bd29f215a4787b27d8a
5f47f156e8204f808cef8696d1f8920a,5.854109,5a68e05acea4434ba08e17e1fff00057
712e2f3a807b4a8fa67e7bc78a2b5da6,5.8390994,b2be859ca8f24cda86821d5383edbc18
01bdc1af846a44eeb5a789e393d1d7fb,5.796948,5971501b0e8b4ef5b203c3985d7f5e88
a703ddf11df347d6a8ca6f572ef505f2,5.620739,e45844e0215f4a1596a7f9ac41367c46
fa350c4d307c4225b43fde340c1e9c40,5.6066065,acee70abee2841c9b67b95e9ed079647
7257f3d3f31a4d5ab6a872e4e5886111,5.5612497,e52a528036014db0a7bd54b99a310fe8
195aaede1fda491bbf8495b564c9d001,5.5407777,f9fae977af2c4f35b29400f31267e170
69ac3d3d408a45fda23c327ed1f2678f,5.5096173,1d47a696eae94bd29f215a4787b27d8a
987dc1b016fe4664902db31211a59bd9,5.444895,efdf40eee13d409c9955e5b84e4408f6
ba86837d26e64a5095e50f614cebc183,5.4081116,92d5da561f5a41bf929f3555a74cd653
77061464d801457a80b33cbbe0f017f6,5.3937163,d4cd0b56b6f54e08aec8ebfdb6122c5c
92048547bb5d4e79856a1c872a2e018b,5.3851256,01e805bb5a1845a7addf86fe9bc8d814
74f89cf2b75547168060f6c31aa572f9,5.3837767,156f393f7ca046299e09d05464afa056
c00b77da1a6749149b7830ba636d7101,5.356269,4a4eb12a639346b5a00557d54b51fe51
48a75cdc09f54f0e802424e74e850008,5.352759,6d3c42356e3b459c919e3129ff192ac4
fba706d6c465422cb8a6944bb92f5b97,5.305841,d0a840820172465f83c8480d571e7b71
83d43c7c640c4996a271c9ec70bd0746,5.243628,0302e7dde9074dddbbbdf85e9be57901
2fa8c386148647ccaeee6adf877a7ac6,5.2289376,8aadcf7251724cc6858dc0db44abebe3
c4060e0878a944af9730a8113eacafc9,5.197866,37337ebec05640b890e4b9612776c32b
78b24e025ac34eca9b613f65bcba2f33,5.188545,b7ef0a61de0e4adf9688b2c525c9ad09
eca4d38f7ac74e9981fa9bb9495edf84,5.180085,0472051dc57d43f8b9dd08df475fc4a3
a2257482b09e449f8dc0e6a32423b610,5.1002545,faaac88748714ce8a99413b952a1dac8
d7b01643eac140139ea2680d74080bb7,5.0833344,c9e2e76e631c4d0a8013d90892350e06
790d3e003e2545f9822873e830615360,5.077548,ad289d5052264f9c8bd0aaf9faace92e
5209a952bb1a4ac991ae51e8a3e9abdc,5.042173,1cbfb22f84454b1fb821b602e3ad11f8
246cbab9fb49461fab4520132d4fa1af,5.0312843,a585d23fe43f459ba86ac15645af77ff
53a334f932ed437db303f19b0f6ea7b4,5.0285454,99142f1c07cd4782814f8c970eaaa40a
df2549937e044a9583242e2c20f87e85,5.026638,f615619defc4402b82845090c238e597
dbedff835ba847d386ac1cca87b2c7bb,5.0144806,6c74bedaa406493a99988c5b8a47b704
1f14295a03ac4251b24ccf3a74772f55,4.95627,257aed6ca7a44f1cb5c664beb1be527b
589df17e77094a82933b4003a252ae26,4.940097,e02ad4f63c8444b79a7a56fb23a4e0f1
1e91957d9e7b4a2d9a469c627d2b37c0,4.921829,cb85047b65f8468aa02744c28c075dbd
8de833e138ae4924a0cc47129cde2cb9,4.9141936,1216ce1ef31e4643bb1222538c206342
c76c69c650e64dab822589767532bc87,4.913414,89e43b092c844b5886a93091a22c894a
ba7add48a45e4ff8947f8a846082bf48,4.888857,4d708e5878784386a42c2f436d2d60f0
d3e12207d56644628943a01c0cdd93ed,4.855225,1216ce1ef31e4643bb1222538c206342
aa8510751ea1474a90449f0bf668c26a,4.852063,691acac4a54d450697afb2c2dc4fca09
f66b6efba0464f1a939d4ae426b9f217,4.845679,fd51f3eef1a64d9a93652be481bde32e
a0e3b8c54d2747bf93d30efbd15a8fb1,4.8272505,4a4eb12a639346b5a00557d54b51fe51
0b7bef4f00bf42b0ac6d5e824b04daa3,4.802127,903360099fb644b6b88c6edac88eecb2
899b54b766454749af73a7b5ba6ddfc9,4.7833004,eaca056cec224a30aaaed30c39f644c2
523ae070f70149be975ea27f84bdb39c,4.7532187,75b0bd2240a54f6fb45bf95ca43ab5e6
01213179f19e4a5d97590bdc85be49aa,4.747504,1cbfb22f84454b1fb821b602e3ad11f8
d7cad8025bcb4868a7196c152770ab3d,4.728904,fd51f3eef1a64d9a93652be481bde32e
1d2cd0bb5b1c471ca10d1eea0ef9b729,4.724415,c26f5e7dcc8149f18f3d719bba9ae717
3827fc528c674ba6b4b692725d257a11,4.710905,1cbfb22f84454b1fb821b602e3ad11f8
7438e386a6a9468fad05b2507d9194e8,4.684797,fd51f3eef1a64d9a93652be481bde32e
63d32d729061451cbc920b4066c15339,4.670351,6c74bedaa406493a99988c5b8a47b704
387cfff049b44a62ad0215e9bcd6f912,4.6287313,ecdae9f36c6a437ea72739febbf1c89c
56cfe84755904ae98f74d085dd2fcb7c,4.613988,6d3c42356e3b459c919e3129ff192ac4
9fa9673a6edb4e15b5f57d97a0b16037,4.5897837,4aa3556b2aed469584c573868193a07a
f6304923104f47d1ae9f82b7116051a6,4.564166,6aba5a04ef8742a39d3a61644a5f0729
3bc9e7189bd1419081f54d35e956639e,4.560529,b8ca3b6144cd48208caae952e096e7ae
cb44ae0776e3419e8b0aab12b82dc8e2,4.5596066,23066f7964874fd39639dbf2cb2766df
4b984f558f9e4236b12f8875520bdebf,4.5097184,e25b9d9944cb4d7197efb8ffc4ff57a1
7cb075d8031f47dfb9a6b37840756bcf,4.482836,b25fe3b79f714d38b3fc53e39fd84d36
9542d0008f7d40028d37ffe95d4e270c,4.4676576,a0fe3cd34e474c3b90662ce8ef1fcac6
1ef6177541694b09a66cc37c32dd92d8,4.422002,691acac4a54d450697afb2c2dc4fca09
f5a783856a7f4d3ba8c3f2c29428c454,4.3987913,5a26ae7959494fef99542e9b2004fd11
3bcea4af010844979851dffe0c194e96,4.3984156,0ebc441d25664c91adad96b570270f07
bb5525dd713a4a6bac622eef1a7c83c6,4.397195,1af4472b38cc4304841b2f1720075c9d
6730fca5ad3b4afc8715dc16caa1a2b5,4.3922753,d4cd0b56b6f54e08aec8ebfdb6122c5c
5b6f7847212340cfb461967cbfd411f6,4.371242,0f9cc12519eb4872af7be7fe49e19f59
e09735216b1f4e3f9fd7eb54f6aa2b1a,4.3366446,b7ef0a61de0e4adf9688b2c525c9ad09
de34f2e7e9ae4380a242b0f09f1716e6,4.3250737,6aaae524573f477f8fdef0b83787cbee
9555747543024d518645fa84d0dbac94,4.3237824,369fe18b94f54c98b554fd22b4a3b50b
9aca4f5f45944250973b5a08c3fa9547,4.3077393,58db4c3a26c84fa68d81235d078208bc
0186efa87e364652a49460c2436f11da,4.2962584,ec281224f8ee419ebde676f291672aea
c7ddfc6b54294c34a4722f8eaa9b55b7,4.283081,156f393f7ca046299e09d05464afa056
385af4460b5a436baece6ce3fa1cd423,4.2612677,6a122ce1702646db918266228d48bd08
dc31ba78cf194fa59ae6ae94413ba0c0,4.2416687,23066f7964874fd39639dbf2cb2766df
ebaa88d224a746d786a5cf59845ee011,4.227188,e27d9425c912446e947fe53c4a757375
7b77d3c7e5fe4d2abc10ed7f00ad4e1f,4.2142825,ec281224f8ee419ebde676f291672aea
44e0859420c4441d8b2eab856c4e010a,4.196393,f0695d7e59d64941b510a3d12f801d59
1aaf2fb4fc244f5ea6b9eb65d1183c03,4.183355,7a4c413f5c844796bd5ffed2b65f0336
42b1aada557b48a0989c6a1c05378299,4.1677213,17cc6768c9d14388b7455fea0060b62c
cceea5a23ce7472b9023735952df0ed8,4.1626463,6c74bedaa406493a99988c5b8a47b704
00306589ab9241cfb569f6b85c0e2843,4.153259,7ce06191f1114b4c8a00609f6867761f
b06dc9c1726443b19aa4d4e118d8596e,4.133177,6542f58c143446f280e88a6375ccf79a
f5a036940f0b4b219a4903d8efd2cac0,4.120569,5831f5e280be4c02a09ce4588b56d7f3
61e6eab2c60042858ee62e5d01968ba8,4.119755,e039a00eae414ebbb2205b011ac127cf
a306a4b51e064a1daf8766259f6f5c19,4.1194577,c8b9a0ac7c214a449c434aabdf6ef770
f23847f4eab34d3ba19bf1dccbc32306,4.1184907,66b0c8a58f444ea0aec34d9403b88a49
c189555deda047629ebb90350290dab8,4.115096,1f8c0f02984e4139bf8043e57497fdb2
5d32b941bc394464a6da8d1c78aeb3ef,4.1087503,11ec23965d2941d0817082107996ebbb
e15d2b4a689545309a64bd4d54621cbb,4.099112,89e43b092c844b5886a93091a22c894a
794358e3d9a94bc48a240617b29ec0af,4.097366,3be388c9ab614bceb086c19f70df23c2
0111c90ac0ad4280b5cbf6b56c2d2150,4.09727,e7d6747e8c8b4ebcb665e232240daf17
8e5a5214d8844be09dabddd5a39036e3,4.0966096,ec281224f8ee419ebde676f291672aea
9d9d4a9695414746b71566692311e57b,4.0897775,cd60a0fcac24465a880af7d8f921dd68
7216fa39e2414501a8f87ddb54a3133b,4.0771356,fb709e29755b44988bb252c87a2ce2f3
ee1746342f304912aca6d1956f95bc68,4.070882,eb513691b7a04d31ab1bc50bf343447b
277c71d0965642b2b592f9a48534fee7,4.0688257,c8c201e25c0047a2ba9d9e8541ac0939
9d91a50f84cd42d999f13adae10c4a0c,4.068344,bab3bdc133384798b558f8fb6466a7fa
45d15e5e49574f79bb6a3116fc761b83,4.0539584,369fe18b94f54c98b554fd22b4a3b50b
739e45c484874024a94fec4cf8b13fba,4.0442615,c9628610053945f4a7998ae48cd70da3
dea0770945c6460c8082a2fa1e710ccc,4.039505,74e7db4222ca4a20811199afafa346a7
22c7e1d0cbfb4391813376493a8023d7,4.0022097,92d5da561f5a41bf929f3555a74cd653
f7d9f745835a44c4a947a141f080ed24,3.9949126,c0cb721b56f240dabf7f464e453ef72e
dfd4d092c16c4fbca7e9aac5e15806c4,3.9885175,1cbfb22f84454b1fb821b602e3ad11f8
874d46cd1753457ab2d3b62ad0f3d867,3.9789336,75b0bd2240a54f6fb45bf95ca43ab5e6
c67c378aa42248cfab4b61e502027a8c,3.9666429,9e304a9bbc7b4c22af8025fc93757357
882ef5ef88af445e9dede3d98a7dd8e3,3.9657254,9b22c5cdbff44bdabd48dba008e6a3b2
4185600f230d4b21b2e32c2d85caa90f,3.9447107,75b0bd2240a54f6fb45bf95ca43ab5e6
96a40dc922f94bc78c39fadb8ecbd263,3.940691,b7ef0a61de0e4adf9688b2c525c9ad09
38f1d87fba9e41ce91c3db2733f683f5,3.9330678,a0fe3cd34e474c3b90662ce8ef1fcac6
bec8ca61a6524d90b610482e2f304259,3.9262729,ed9b10a2879742628fce003076ef9024
f17e080b2680401da91c350fa7e9cfa1,3.9255633,fb695c097d5845c282f6b30c241e8cf2
1f92b7ff3de8413bb81c7346203bec40,3.9232726,630edd9b8f754b5dbd36cfbbd03ccb51
c299003ba5bb48b3bd7eab31321b539b,3.9120684,f615619defc4402b82845090c238e597
5db16d2af83a479d85d0755051ccebb6,3.9091692,b25fe3b79f714d38b3fc53e39fd84d36
22a3289b29c9411cb2777c5cd4b454ab,3.9017625,ecdae9f36c6a437ea72739febbf1c89c
e8ee807a789d465c99039c42dbdb3203,3.8918586,5a8cc5ff28fb4359afc7e9fcbf3bce55
f230b42debc04e9ab59684ae05e721fd,3.8864012,9014beae94cf4f648e1663c8d5ec6803
f1ccf2ee3c3d4cddb27a2e081d844de5,3.8807788,564a84b1b830407e811bcfc7fd086a6f
2f0bcda66cd34231b3a3822dd57f7f2c,3.8804965,65664fb3aad341fab563409d91dddd2d
63e06c0c69054bdd8c2690539549d9cf,3.8799274,37337ebec05640b890e4b9612776c32b
7f2876c8100e4b68a311343853ebb177,3.876799,19c9ac7b84df472c85ed6cf5a05fbbc6
d5720a4e3cd34c23ac605c840bcd69ae,3.8749404,cd56b9a044c24df8a7156f661cb3d9cf
07ecb7f8a5f642e98200ac37c34425a5,3.8748527,0472051dc57d43f8b9dd08df475fc4a3
2090b42e4121433892402ab5724a805d,3.873375,27eee82d7fb94b9b8b60bd3101187496
12b4b13d49b64b55ae65fe00960c4711,3.8704488,6a33c207c8b648f680dbd0e65639ef04
3df0fa25822f457496cd93c2402bd292,3.8679144,aa2d7a3a535243189492d4ce8e79c049
497126af5d624b7894a1cca2b3b0e57b,3.8678138,d443e0c5017d48d1b3f86bf4da959ed5
f185dd7af4814c9e83eb8e679837ee60,3.8612256,4430d47e30904eab969c1baebca184c0
66f2b56505bb4a009232e327041bcff4,3.8548517,5a26ae7959494fef99542e9b2004fd11
01651322a4034bdba60434218dfeb79f,3.8293223,d6fe6f8380464e21a27fd69de27f1f57
f6440ad65bcb48fc8d7fb11f5accc309,3.8215194,e7d6747e8c8b4ebcb665e232240daf17
6001044952554a14b842ed1f26cda571,3.8037767,4696c8192576454f8684954bc771aa23
2af53201cad64c32bedf284dd06c1cea,3.7996287,f11f1682b5924181b047d757d3e20964
76e51865ac6e4b1c83433a9fee78d5cf,3.7628264,a1d8cb16dafd4126922f985021e93631
f8839308f8e84df6a185506e6f3f1674,3.7595954,e5692bd498004d32934fbaa05af2120d
ea60559c1a414dafbe5652b8b1ef5ffa,3.7586746,e02ad4f63c8444b79a7a56fb23a4e0f1
656745a4e33546768385d4e040d0fb52,3.7535496,01690d9b08164fcabd5bf0819754f71f
b5db665a6be74d6d917e217bae5f59b7,3.7499964,21b1ded02d7b42618592187e287835a3
78c726c0af744ce0b72aeb59512d26d8,3.7476203,e52a528036014db0a7bd54b99a310fe8
ddfb9bf3e876482b994c7955230bcda9,3.743585,5a8cc5ff28fb4359afc7e9fcbf3bce55
757730e7c0414b47ba2a3a52768cdb3e,3.7397664,630edd9b8f754b5dbd36cfbbd03ccb51
2fd5284523f24eb1bae1d9e857c61d4a,3.727885,ff218cc7835d4b5ba0de22792319050a
662c1dace3274fb79254a1e59f299ccc,3.7259707,7a4c413f5c844796bd5ffed2b65f0336
f09f284b59c6475baacb67116020c617,3.7138867,9ff95d23c3284d31ba5e398afa520649
266d75addc654d52968c8c67300f73bb,3.7054296,e5692bd498004d32934fbaa05af2120d
30c2e203d4e74967b5166f3da78fbe36,3.6998386,f615619defc4402b82845090c238e597
4c0fd754fe344b9ba99a09a70be831df,3.6973112,f9fae977af2c4f35b29400f31267e170
5491a19984a643bca536cb015e65adbe,3.6884122,92229a391d0b418f87b32c86c42a292c
00bdb7919575484197d63d6dfc45bf9c,3.676033,66b0c8a58f444ea0aec34d9403b88a49
61353a38c7e14c49ad888ed8da7d282b,3.675591,ed9b10a2879742628fce003076ef9024
57c53927cc0942b7a012edd211993b5f,3.661627,27eee82d7fb94b9b8b60bd3101187496
ca6f0e18c75849428e7dbe14c1403841,3.638758,c26f5e7dcc8149f18f3d719bba9ae717
5cf8596279eb4fd1a30ceda96102ef99,3.6364727,80921378de2b4cd3a14d449688d8b079
654c2ffb9ccf4c1a9a3f865902e7b683,3.632696,fe6ace599de44aa19b1773dad3658fee
48aa588059cd4883bab6da96a75c16b9,3.6245956,aa2d7a3a535243189492d4ce8e79c049
e3ead164dcbf45f98cbf23bb77a3d989,3.6172302,64fa5ce839ef406b9bc8a1b2f05094c7
f913fbb165604ca09fa3b9c547ab4d04,3.6133392,5a73e0a5c757410eb0928feed7b151c8
70d4373544a8407086d520841c1eb504,3.6010396,7c1e02f3ab614e539ac901e5cd3c92d8
bfd311fb1c224274b98d99f84e3cf150,3.5926328,d42996c2b67443fd9b73bba7641d4f77
f1f565a6c118448aaf377cc5c5ec0abe,3.567506,1d47a696eae94bd29f215a4787b27d8a
4866602fe3094c6789fdc1956c616d93,3.5616446,b25fe3b79f714d38b3fc53e39fd84d36
1f314e6f401c4bcb95f97316f5aceb0a,3.559112,2425086d8eaf44d2a9519f0e4e6b289a
67cdfba89fae4e3896b9aebb4f52dae5,3.552185,cc21026ff0d541909df56c5618d28518
6770b085f8cf47ee9a162fa8fbac551b,3.5506723,369fe18b94f54c98b554fd22b4a3b50b
2d641fad427d4884b7624102a50d5edb,3.54988,5a68e05acea4434ba08e17e1fff00057
984975b63ccd4be48b7aa852bed6fc65,3.548776,c26f5e7dcc8149f18f3d719bba9ae717
b9a2d4a31cc74336b4c66e880ac51f1e,3.5424461,fe6ace599de44aa19b1773dad3658fee
1139d27eff6f4adcbf602ee48c269d3a,3.5377402,0ebc441d25664c91adad96b570270f07
f4e9b9fb265843768046ac7985c89f7a,3.5351796,a4cad92644614f78bded3ca6d6023473
fe866322e3f94718be3a75be3975a37a,3.5260668,9b22c5cdbff44bdabd48dba008e6a3b2
a286b690dbf845d9b5651b98f76845a7,3.5146039,5a68e05acea4434ba08e17e1fff00057
a5188ae3f8ef46e7848bf70945078768,3.5122464,21b1ded02d7b42618592187e287835a3
a40e1b69ce604c8198c2de59ad0c8b93,3.5115323,7c1e02f3ab614e539ac901e5cd3c92d8
6d60c813cd9640d0840e8567de817877,3.5076168,bade01bd83ec4b6786fd8c867ca7a090
dd86feab056c4c7daa68ee078e171302,3.5046062,8db9e204b8b841df8fd94eff0888cdf7
9267609a976547b19a2cc08683835f4e,3.4941483,257aed6ca7a44f1cb5c664beb1be527b
00bc1d895118471ea04c2ee6a3ef3f22,3.4937708,156f393f7ca046299e09d05464afa056
90f24532a2864b7aabfcb8e5d5dbce72,3.4826314,46ba0b979a664c7cb0c315c4cde6ac86
8c4f8ffe681a4951928e1444bf4947d6,3.4787576,fcc9863b07fc4bd5a01fab5b9160eafb
13964a2d472649b59d5126c24da8d4b1,3.4748757,23066f7964874fd39639dbf2cb2766df
1f487d592adc46f1ba935a923c34a9c6,3.4711242,7a4c413f5c844796bd5ffed2b65f0336
9126864790e8431db0440435469417cd,3.4621272,7ac9c94011924c09b47f9640211885a2
c3a842974e16433d9488c7df87df853b,3.4593403,92229a391d0b418f87b32c86c42a292c
90d603d31e104c02a43e18ee6dfe41d8,3.457263,e492ff7fecf046a4948c5ba5631cdefe
a5acc7bcf83741208d3d3d0cc9696fcb,3.444587,b7ef0a61de0e4adf9688b2c525c9ad09
c50c1d8eb4024bf080812d01310eb133,3.4362836,c8c201e25c0047a2ba9d9e8541ac0939
7faeecafea264aeba8271a5a540bee0b,3.4327216,1543a2f94aa74008914301874d98f0f5
c8505b52f0aa4beb8144837de094973d,3.4296792,2425086d8eaf44d2a9519f0e4e6b289a
8522edbe627049f0b00eabbb776399d3,3.4290462,aa2d7a3a535243189492d4ce8e79c049
f9a7d6299ae54cb8bc2e6ba1b878f8cf,3.4259868,e27d9425c912446e947fe53c4a757375
9d3df96b762f475baecfda5f306ccdc7,3.41382,b7ef0a61de0e4adf9688b2c525c9ad09
a95f568bf31846fd86a94ef5cc3a229e,3.4004588,ad289d5052264f9c8bd0aaf9faace92e
63c3f37ef5c1455db7914313f0e0be1c,3.3965445,64fa5ce839ef406b9bc8a1b2f05094c7
4c2fc2033f15495485965dbc18d3191d,3.3938375,e336d113184c4ebdbad7aa2b6ec64640
a35d09d1bfff474a8029dcb3bbbd32dc,3.3887954,e5692bd498004d32934fbaa05af2120d
c6754ce8bf4346258c03509140eece37,3.3776994,65664fb3aad341fab563409d91dddd2d
0a8f26e2ff5d462b97d23238e36ae72d,3.3674068,cc21026ff0d541909df56c5618d28518
58150298bebd4a7a81085018c220ca49,3.36379,ad289d5052264f9c8bd0aaf9faace92e
4c35694f60f94daa9e2cb35e66d8031f,3.3616624,f11f1682b5924181b047d757d3e20964
96c624bf03614499b399bfbb431f5b98,3.3601365,6c74bedaa406493a99988c5b8a47b704
06b6d2be43a64627b49fcfeafcec63dc,3.3593616,6b9b2c8f0a874bb8b6691aca6bc49565
ee1a685984d741a18ad44faaa3fc553f,3.3578863,ecdae9f36c6a437ea72739febbf1c89c
76d6bcc61c924186ac0c0cb384856e6e,3.3484373,ad2109663af04c549385cd2ab9b3283b
cb70763b642a49e48c7e66689f180efb,3.3456967,0ebc441d25664c91adad96b570270f07
b9500ef3747d4220b748183372d8c2cf,3.345593,f9fae977af2c4f35b29400f31267e170
ff0622832e0e48519d375778af4f60c3,3.3388863,7ab29c5e2f05481d8a69cc479a764ee8
1ba49dc7eaca42cc9df60f6a9a04f11a,3.330193,983940e0b12e4186a281c36de657406e
a5580bcfdae9468781349b4ca3ee101d,3.3222933,5831f5e280be4c02a09ce4588b56d7f3
43286efab53f465da28a9d31716d392a,3.3013682,09fc9f38fbbb4bfaa1c979ac9cc43f0b
a7065654ab41446abde84554b4442a5b,3.2920122,7cd1db4b50dd41e6b2f3dd15fcab3b89
7065ff8945cc45c2a4dfb58ac4955a94,3.2780478,d576e334105247369362b05a375e88cd
faf7544dd7fb43c5b63a56c55bcaafb6,3.2731152,4ad7e2502210436f9ca5735fdf7e50c3
c27914b906234330b9a6677788aab658,3.2584395,89597084b19c4902b073a2c6c6622456
0a18772678f04aad97501db427e8f725,3.254393,d9fbe02f04a4469dac855f69ea6ad02a
46d21d8ab5eb41a080233ba04192b3f6,3.2521524,d576e334105247369362b05a375e88cd
c6b7ad3591e84b359837e00aac91e82c,3.2512708,6a122ce1702646db918266228d48bd08
41d559a45180411298adc4fbea7618ca,3.2500782,de9328bdd1b34adda74a0363ff0a52b6
7e1f279ed0b04e478b3bd9dbc9e6a6c0,3.2437453,6a122ce1702646db918266228d48bd08
a48cffbae43148f292d3a78837fbd4ca,3.2431219,efdf40eee13d409c9955e5b84e4408f6
727185eb6c4b40c7826be433f5a5d627,3.2344913,23066f7964874fd39639dbf2cb2766df
5a3e95d6f7e84750a9b090dbfef91f61,3.2327025,bd2f91a9415049d980e453f94327e0ce
0e07a1ba34174816a6e96d6ffb215671,3.2235806,ad2b6fb945714e6792c17bd49a1066e0
167939f1c55740a5bd8d235691475fc4,3.2113123,11ec23965d2941d0817082107996ebbb
6365bc21f6084ccd8da4d5c6afb8b26a,3.2103808,2425086d8eaf44d2a9519f0e4e6b289a
9fb8c17411204358aa87dcf800bd36b4,3.2095923,bd35571850644321b86ce4fae286ce7d
f54fb64fd5a04f3ba5c065305856b3f5,3.2074704,d6fe6f8380464e21a27fd69de27f1f57
be9ab7f3be354f5c90bd15df7006776d,3.2041354,02cf82700b4f4773af3a14ad8eaa5270
c350ff1ea49c4547b89b09403669a4b0,3.196133,4430d47e30904eab969c1baebca184c0
b4aed3fb5b3f491b99ace5c051b75eab,3.193428,7ac9c94011924c09b47f9640211885a2
0d281c2568314e5eac84aab63872e81c,3.1933012,4430d47e30904eab969c1baebca184c0
dade1ac92c08448e93e20a96c20f9d0a,3.1927662,f036aaf4ab714c598a0b6da4ca604136
0f836960df064e7c96c2a78d865fd458,3.1859999,bab3bdc133384798b558f8fb6466a7fa
012773cf6c104fd8a7ded7f346c0a261,3.1728897,d981f2c67f764e0c84af125b563958e9
239190927a44453bb33c24a550d70b96,3.172114,c26f5e7dcc8149f18f3d719bba9ae717
7e29ec4675ab4e1cb521e69e6de49dfd,3.1671612,e45844e0215f4a1596a7f9ac41367c46
46f0f2692fe44c88963712d6f65f6dbb,3.1626267,678725f8b914453fbc1029b7c1bc0879
7dcdd31673a44edaa5df70306899ce60,3.16165,de9328bdd1b34adda74a0363ff0a52b6
6d86d0062e7c4ab1a1c263fe7418697f,3.1573951,e336d113184c4ebdbad7aa2b6ec64640
1d9521ba2b624c7aab43f311872c1d09,3.1478472,983940e0b12e4186a281c36de657406e
f560f83f452a48fc84973544fe676991,3.1454592,257aed6ca7a44f1cb5c664beb1be527b
d61fa8f9c09d4aef95f64f941a957c96,3.1304889,640f3bd184b7425fb22cc7773b8b2244
bc1026f31e374c13a6d40e36a58b4b4c,3.1281424,4430d47e30904eab969c1baebca184c0
567cb2c4e6b4417c89be6420cffff826,3.1203187,4aa3556b2aed469584c573868193a07a
6555bb324c1c434ba6f2beb761ab8f1f,3.1133275,80921378de2b4cd3a14d449688d8b079
292a36cd38ba43bf86a043e2de9d7bef,3.1072662,eaca056cec224a30aaaed30c39f644c2
745463c1ff2c43398a488057b94b7dd5,3.0984683,8f761e1117754656ac86a3a25f241cd7
17c07c3077cb479eaba075a5c7f99328,3.0775151,d42996c2b67443fd9b73bba7641d4f77
c44ae4a053bf47e5b9b2ee3ef8ae2b5b,3.0692492,ff715b4f228443e3b067c801250f3402
d826d2d9a30147d59c909ec8484bf8b6,3.0610344,ed9b10a2879742628fce003076ef9024
a5f7a2fd13b64df595ec85f5354fecde,3.0595253,3257035cc77946d98bdc09e2fdd5cdae
65985829f37342a3b2560fd757d02169,3.053834,19c9ac7b84df472c85ed6cf5a05fbbc6
936da7c6ee60477dab2d4d91e51a0931,3.0486486,526ab7eda50e4a239d03ad505832d61d
a3c8a08e370346b095ed986fc19f420d,3.0467613,89e43b092c844b5886a93091a22c894a
9d3679e8828845c6be8f7376e953d216,3.0461583,82b01998353e4141a7613fdc96d7b600
7b5270f3124740838e60c375f3003665,3.0391207,691acac4a54d450697afb2c2dc4fca09
b9e0a43c19a04981af4a6dbf15166196,3.0268748,aa2d7a3a535243189492d4ce8e79c049
0c915913c66d40f6b77e2491b30dfc9c,3.0254197,a0fe3cd34e474c3b90662ce8ef1fcac6
ddbc9d9a558041779711fd17e89ec33f,3.0237427,eaca056cec224a30aaaed30c39f644c2
911ee4e9eb0d4ed1add57e7a79dd71d6,3.0130942,eb513691b7a04d31ab1bc50bf343447b
362c00f2982342a8a518f57f7ec9a60e,3.0085158,2768d411cc374a018a898f9df0ca207d
7f23a0de3d6649fbaa67cb1b2dae2289,2.996257,ff715b4f228443e3b067c801250f3402
356335bb29d4424ab31c89c6931246f5,2.9907503,965598a17b624a0f9bb1cd58595458a6
ed96d522f1d74dcb9a41c80634f5abe0,2.9888425,d0a840820172465f83c8480d571e7b71
c81fde53a5804d74983247fb14718050,2.9807255,bade01bd83ec4b6786fd8c867ca7a090
8105d0f3a03d43f0ba0794fe967c3c61,2.9728935,64f1d63a671d441d9663a783f632f794
83959d6f09044431b64a06cc335f08eb,2.9680426,9014beae94cf4f648e1663c8d5ec6803
4cf647a905be45e5b1b81a0559d834d9,2.9618976,fcc9863b07fc4bd5a01fab5b9160eafb
a79ab69369744d3bb4d94f1ed2d8c781,2.9609194,c8b9a0ac7c214a449c434aabdf6ef770
fa54265caebc408591476e98de422b10,2.953092,31b69f9501c4415e929b6af28c83f6a6
551ec133b10e448a939d6f857cf1dc17,2.9450169,0ebc441d25664c91adad96b570270f07
b43316e2218e4fb390daa362fc8eadef,2.941032,c322b788813745e0aa7b592b4345d379
b2b15ac784564b17b414221232730701,2.9322317,4696c8192576454f8684954bc771aa23
7c4376eae79f4bb992d0bbb206eaebc1,2.9293766,c322b788813745e0aa7b592b4345d379
7118df93df274839b3c1c622ac4b53f0,2.9266324,f11f1682b5924181b047d757d3e20964
ad251b857ef3422398c3c3aa91f9c632,2.9259691,c26f5e7dcc8149f18f3d719bba9ae717
606a301239a6472ea371152fa2029fb6,2.92416,75b0bd2240a54f6fb45bf95ca43ab5e6
5c85caaeb0fe44b19a63bae94eb3c1b2,2.9195921,c8c201e25c0047a2ba9d9e8541ac0939
9f143dcef5ee44dd89610738332533b6,2.9112167,6a33c207c8b648f680dbd0e65639ef04
e2b879e36e484b0992165829229529ec,2.9102755,27eee82d7fb94b9b8b60bd3101187496
31d3239dbec34e65a0e239ffec9138ea,2.907076,257aed6ca7a44f1cb5c664beb1be527b
53ad9b6f270d43beaa19337b588c1e60,2.906554,1543a2f94aa74008914301874d98f0f5
7fea4bf4a0c24e2f84ca2e69e88529fe,2.9049437,e25b9d9944cb4d7197efb8ffc4ff57a1
d64dd5997016472488972a82c8d2148f,2.9047062,b25fe3b79f714d38b3fc53e39fd84d36
ed60600cbe5240f29132b4cda76d4960,2.9006352,faaac88748714ce8a99413b952a1dac8
b0cf2cbd50e3496996a7e649063dc127,2.8874683,8f761e1117754656ac86a3a25f241cd7
266024fef71d4c25a73f93db3af86fa7,2.8832526,46bfd7af0ed6491fa621350963d11e35
1dce77fb1e9e419d8977644f0d18fd1e,2.869462,f0695d7e59d64941b510a3d12f801d59
054f93d33d7e494d8ddd2e57a8e4dd62,2.8541856,46bfd7af0ed6491fa621350963d11e35
d13abb2f14514eafa77e5ef77ae45be2,2.841585,6c74bedaa406493a99988c5b8a47b704
ae244311f36c42c19709ec36d518171c,2.8412118,0472051dc57d43f8b9dd08df475fc4a3
b89108d9803648fab3137eb2d150c208,2.840961,d27cfea4da8f445fb4e3c55e53c6482c
42ce4e0d59764cd5a98455e34790c44c,2.8313992,a6a551a308b9442f947ea0608ae2c3fb
58556ab04cfc4acf9ea2865485923949,2.8284607,630edd9b8f754b5dbd36cfbbd03ccb51
184facf4be454b60a5fe9a953d771690,2.8268275,6b9b2c8f0a874bb8b6691aca6bc49565
96427260d7a740dc8e8abb4b879ac84d,2.825938,4d708e5878784386a42c2f436d2d60f0
a868fa08c4994234bd1947577c34c2f6,2.8239126,b050e9e1ef5946c297a34dda98d8f476
587a668f01694a1e847a97f47debb81c,2.8204417,37337ebec05640b890e4b9612776c32b
d1c94e11ba214e61b63f00da3fb00a09,2.814373,ad289d5052264f9c8bd0aaf9faace92e
74ee886c358c466b93e307e28af9d52e,2.803657,7cd1db4b50dd41e6b2f3dd15fcab3b89
474bd4189cb5456daf7a1df79784d4aa,2.7962832,e96aa0967ab94368b381354e03dc40ad
646d3b40f16d41d0952ee2bf74fff6b3,2.7848678,eb513691b7a04d31ab1bc50bf343447b
e08d644c0950461e843595f14ded4387,2.7814798,5a68e05acea4434ba08e17e1fff00057
aef3a265256d49af8433aac1b85fe097,2.7742438,5831f5e280be4c02a09ce4588b56d7f3
47bdbd87490b4698bcd3b038c2baf6d4,2.771148,4d708e5878784386a42c2f436d2d60f0
e152a0f89fe0446f998c519058feabc5,2.7705011,a0fe3cd34e474c3b90662ce8ef1fcac6
b324a5fe4a374e51a39d53b0b235ca94,2.7649665,c88be17376104f999b914a91aebf7220
e0be49d601a84ae1afc8a7ca92f58087,2.76335,7c1e02f3ab614e539ac901e5cd3c92d8
da88d4d5eaad4690bbe94a2165985050,2.760234,01e805bb5a1845a7addf86fe9bc8d814
0681f461c4ad4ee699a843df5ab30607,2.7593272,dc58564d0c8540bea4f3e2e3696deae8
074732e2729c421abe906cc4077f1eae,2.7536435,369fe18b94f54c98b554fd22b4a3b50b
1e9c95ee032147a2aa469f8482bf5f9c,2.7465634,678725f8b914453fbc1029b7c1bc0879
7fc16d6f92a847c29cf3367644e4e835,2.7455761,b8ca3b6144cd48208caae952e096e7ae
4dd9cf8a1b2348fd81e6ed73ea81c716,2.7439785,78b600dd53854b018f87267d268b7b1a
c5c5b71dc4ff4e8cb11769f0b2cd9907,2.7408812,1fde4c9a01f84c349461083b6d0ba9ed
06dc42ee4aa4438a91f2d88754ad84cb,2.7331173,650afb6a1d054e59904a1b796552eb04
545abc5f61374dd596a546e619a12ae8,2.7248678,5a73e0a5c757410eb0928feed7b151c8
cadfda09774f4983a79a1c20a77a7b6e,2.7117023,678725f8b914453fbc1029b7c1bc0879
844cc162c90c4ad0bf5be9750450f4f7,2.701127,89e43b092c844b5886a93091a22c894a
3df61db7681f47ecbe9f92df83b36e59,2.6964862,bd35571850644321b86ce4fae286ce7d
aea33ab76ea843ddb17f1196fa2875f1,2.6921227,f9fae977af2c4f35b29400f31267e170
c67274e9cb5b41b18336fa05f437c470,2.688339,9ff95d23c3284d31ba5e398afa520649
1e61632437f042c89075c565adee2ded,2.674366,dc58564d0c8540bea4f3e2e3696deae8
56fc3ec2992a4a609298efd89a7d3f59,2.6702776,e492ff7fecf046a4948c5ba5631cdefe
0a0d970d0884494391ed2a3bb2f00b54,2.659553,92229a391d0b418f87b32c86c42a292c
70aba94871d94cf5b2d7e950982cbb8f,2.6573672,e45844e0215f4a1596a7f9ac41367c46
d5491c8b5caa42bfbce7ed937032b28b,2.6564748,46ba0b979a664c7cb0c315c4cde6ac86
10edc8c73a904e63bc4317abfd0d7213,2.6497622,66b0c8a58f444ea0aec34d9403b88a49
321ad870fb8943ddb55d46439d2912e0,2.6486015,1fde4c9a01f84c349461083b6d0ba9ed
57be916f4b9f449e85faa3e690b60115,2.6439252,678725f8b914453fbc1029b7c1bc0879
8ef2aba44c3c4a85a7499fcc0cf28ff5,2.6395936,e52a528036014db0a7bd54b99a310fe8
2cd2c87b068749a492cdd369cb60ef9a,2.639191,fb695c097d5845c282f6b30c241e8cf2
8d93adac5fe7477a99015ec9ef32330a,2.63163,dc58564d0c8540bea4f3e2e3696deae8
11626770763040b882ab69e58caa67bb,2.6294243,903360099fb644b6b88c6edac88eecb2
187dd510c41a49f4af9d4c4371e98953,2.627152,b4150337314e40fb9e3ebb24514504a3
7d52dc1203ef4f9e9149a1557341406b,2.6237388,a1d8cb16dafd4126922f985021e93631
a1940599db974ded9752d1567b236c42,2.6059685,c8c201e25c0047a2ba9d9e8541ac0939
6b56add8c1e8488e9e85c4085e0cadc9,2.604105,d443e0c5017d48d1b3f86bf4da959ed5
f825d91f98ed4b9fbffdd2f5bcea698a,2.595884,d79afb377f5349a69830b2b4c7cfefcb
fa4b1640bbdb4f0bad2435be75a94586,2.595211,dc58564d0c8540bea4f3e2e3696deae8
bb1d29d38bf146d882c0237285e635b6,2.5892043,a4cad92644614f78bded3ca6d6023473
3cabf7db885244c3aef797eb94b75b3c,2.5884562,17cc6768c9d14388b7455fea0060b62c
2f01109a00d94d2ba4736fbea4522c20,2.588159,78b600dd53854b018f87267d268b7b1a
7138411c54ee4ddc9519ced57941eb3e,2.5808992,78b600dd53854b018f87267d268b7b1a
9c541c2079a0420298c16b25b87beee7,2.5780787,d42996c2b67443fd9b73bba7641d4f77
4bb46186bb5347c793ef12b4397ebcd6,2.5697622,6a33c207c8b648f680dbd0e65639ef04
a7c72b26df5e476a8a8efd1d597ead90,2.5608933,9ff95d23c3284d31ba5e398afa520649
2937b0fa761c4d3294bf68f522d9ab25,2.5374408,74e7db4222ca4a20811199afafa346a7
d8c0f66ffaf94373b23b46444c5acb4f,2.533235,156f393f7ca046299e09d05464afa056
5f5c72816fcd4fcc8f58aa66c02daac3,2.524833,eaca056cec224a30aaaed30c39f644c2
05074ae1d6a64faf8736a89264404087,2.5131693,e492ff7fecf046a4948c5ba5631cdefe
1aa2b5e2dcdf4c4c954c4af1b2112143,2.5124962,e02ad4f63c8444b79a7a56fb23a4e0f1
fd66e1095a8d4ed89af26eb4018a0c00,2.5057042,3b13d134762445cebcdbb02b484db77b
a18a19c2ef80495ea076e2ecc882c7e7,2.4994745,80948e17b5694599919e1502bfcc08f3
432fd48d8c1946838e62f7912527deae,2.4947197,7c1e02f3ab614e539ac901e5cd3c92d8
ff710f3510b24d89a54afab54c23edc6,2.491336,691acac4a54d450697afb2c2dc4fca09
a3693333d6ba432295feae73fcde2dce,2.4892967,bd35571850644321b86ce4fae286ce7d
3fa1b0de6d4c416189e62ee40264edd1,2.4818177,e27d9425c912446e947fe53c4a757375
07e166148b304b0b9c003c015628df76,2.4764285,31b69f9501c4415e929b6af28c83f6a6
0beb47a537e14562b509e395d77dc749,2.4748085,526ab7eda50e4a239d03ad505832d61d
6f19ee43f25e4a01adfde430ceb68864,2.467061,9303b9f7f4984b2dac8aeba8c8da8ef6
c1904c9ab6bc4ae5b4b364ea1f24b7d3,2.4660344,7a4c413f5c844796bd5ffed2b65f0336
7968aaf915264497a603da45beabd178,2.4648442,5a26ae7959494fef99542e9b2004fd11
d19e2961aa1846aea691337aa1f275e0,2.461732,faaac88748714ce8a99413b952a1dac8
05c94abeee1e4897a6b14e8c36542ab6,2.4612062,5a26ae7959494fef99542e9b2004fd11
fcd13888ea3d4c2cba9cdbf3a7d2bbdd,2.4607773,b2be859ca8f24cda86821d5383edbc18
78fff51240e14352b1fae67b59be4cc2,2.453204,58f53c379f7a4868a2ba6d91a06247d2
924c235415de407b8fe453ecc8aa95be,2.441211,ec281224f8ee419ebde676f291672aea
0077d17ffb254c86a11e301042f915e4,2.439391,0ebc441d25664c91adad96b570270f07
cb30b65c95af402290d013cc19a01632,2.4293993,0ebc441d25664c91adad96b570270f07
1252c75b04024238b04ae25eb65cf090,2.4204698,6a122ce1702646db918266228d48bd08
48ac74f9b05a4b4da78a5f6497555631,2.4158547,a0fe3cd34e474c3b90662ce8ef1fcac6
40d03471812c4f0398b4551b5f116068,2.414069,fb695c097d5845c282f6b30c241e8cf2
96a715a174b74274ad9ad1ca752169f8,2.4120913,6c8a24653ef04f559b88e0f27c0df63a
c2732f3b888345afb3c5116a10cd9896,2.4115214,e27d9425c912446e947fe53c4a757375
fdef09f89c644db89a91442b6889f7b0,2.4092531,f615619defc4402b82845090c238e597
58e273c754c742a5a7557cc56e24814f,2.4069166,b7ef0a61de0e4adf9688b2c525c9ad09
bbd851331a6a4da4b22326af57c9ea32,2.3987114,faaac88748714ce8a99413b952a1dac8
f7937418662b418b90963799279bc248,2.3971772,09fc9f38fbbb4bfaa1c979ac9cc43f0b
315bc88bb0aa4c8d8eb55bb22f811730,2.3948948,0302e7dde9074dddbbbdf85e9be57901
ac2d96b937b24483be886056bc0c2b67,2.3888268,23066f7964874fd39639dbf2cb2766df
6f5aba39f47a4d7b87f4b50122d8b660,2.3869448,7a4c413f5c844796bd5ffed2b65f0336
ef7e074ee0664115b08c5b98bc09f83e,2.386558,efdf40eee13d409c9955e5b84e4408f6
957566f2fe9f4406aa561e32617baa00,2.3820956,4aa3556b2aed469584c573868193a07a
7727fce048c74dfba9b871f0a6bb4504,2.371458,e27d9425c912446e947fe53c4a757375
b6406f4769234ae7828d1f1011448739,2.3704169,b25fe3b79f714d38b3fc53e39fd84d36
c294e4564fbd465e948be4cb38ab0f2d,2.3655074,d42996c2b67443fd9b73bba7641d4f77
136549c15f3f468ab2ced44ab70b0539,2.357712,d74f6e7abeb84eedb9923dadb62f45f0
fe175ac3af5446a582bc555f10723923,2.356587,691a538d2372403fad2b919b48ff5f85
9cda69694f9945cda4d98d01dfa6bc79,2.35353,7cd1db4b50dd41e6b2f3dd15fcab3b89
5b1ed8f4a5bb43b59f972b95a4346c9c,2.3326936,64f1d63a671d441d9663a783f632f794
14251437e9d7466c9909622c9fe454a4,2.331851,257aed6ca7a44f1cb5c664beb1be527b
dbb7cd57e11848d399a156605f0f11c4,2.32373,17cc6768c9d14388b7455fea0060b62c
0a0ac8e04384494aa6efad6605bee67c,2.3188043,cd56b9a044c24df8a7156f661cb3d9cf
7779e19852544c0a86ee54cbf58acb3c,2.3156366,e5692bd498004d32934fbaa05af2120d
b49ff629d01a47a284c14dc1d21a0d1a,2.293072,a585d23fe43f459ba86ac15645af77ff
a2cd26a2e3b1415bb6c861ab0368b73f,2.290854,89597084b19c4902b073a2c6c6622456
6de8d8e544ee4bc3b84a9aa3f56f4d30,2.2843294,64fa5ce839ef406b9bc8a1b2f05094c7
e95f49fcbcd542bf8815319116a39edd,2.2829943,0302e7dde9074dddbbbdf85e9be57901
ba2103e1cad442ec881f2b0d25c99bb9,2.277627,46ba0b979a664c7cb0c315c4cde6ac86
70a1cb72566e4c6fbe46c9b03b8a31d5,2.2774358,f9fae977af2c4f35b29400f31267e170
98b5731fc463498f9da6bf4beeaadc1c,2.2689238,8a77dc665d8b4d95a0b1113522f7e9c3
00bddd864f6b4c06bdae75aa6a690693,2.264518,ad2109663af04c549385cd2ab9b3283b
390ed716ee69427f85d1d9d4da45fd20,2.2633855,526ab7eda50e4a239d03ad505832d61d
18200ac0950d44d7af9f61b8b1f6467c,2.263022,ec281224f8ee419ebde676f291672aea
d067ca627837456bb0e6cc40a06d224f,2.2608078,64f1d63a671d441d9663a783f632f794
7e7b0eca4a964ddbba6f2fe892340895,2.2602038,c9628610053945f4a7998ae48cd70da3
8c5aff69d92e4556bbd5cfdb17a74109,2.2539558,5a73e0a5c757410eb0928feed7b151c8
19ba27a603c0492ba795fba0999e589e,2.252236,cd60a0fcac24465a880af7d8f921dd68
bacf4a682b8743f48776deb535f64eef,2.2521539,00f45d57fd3c448d8cfdf3185ebae894
38f66bccfc8b47afb357b8caa5a3f286,2.2304945,691a538d2372403fad2b919b48ff5f85
6cf7328bcc2c487e8e43953245e0f4af,2.22553,0302e7dde9074dddbbbdf85e9be57901
ae5e0ee1d17e4fb0839e3d41295a5479,2.2158732,903360099fb644b6b88c6edac88eecb2
93cfb01748a246528235d46e95b6b76d,2.205782,23066f7964874fd39639dbf2cb2766df
8766cab3c343406587942ee9f9888671,2.199291,74e7db4222ca4a20811199afafa346a7
16a030831ce1413fa733f24b6ff28501,2.179484,a585d23fe43f459ba86ac15645af77ff
7c890f402f38475d942c1190be3ab2a8,2.1537712,77a8b27acb0e4600bb6ff974eabc269c
d098bf81d2e34d868f274370a0a39716,2.149083,fb695c097d5845c282f6b30c241e8cf2
34e6f332d53646d38eb22993afc64a02,2.1451972,02cf82700b4f4773af3a14ad8eaa5270
56f20fa9e0904380b48d10ec3d81950e,2.124395,ff715b4f228443e3b067c801250f3402
d0c34b42e0ea475cbec6f473103ce609,2.119879,e039a00eae414ebbb2205b011ac127cf
735faaf6b07348a2a4d4cc31c8fbc021,2.1097517,640f3bd184b7425fb22cc7773b8b2244
f90990b791cf49ff9b92b9a49cd87f89,2.1079721,66b0c8a58f444ea0aec34d9403b88a49
9f6d414fa64347368d119235b14b5cbc,2.102065,fb709e29755b44988bb252c87a2ce2f3
9993c4c8576c4a6cbb5cd12592fe9e72,2.099553,11ec23965d2941d0817082107996ebbb
9e85ec108ce944f69e9225fd35831464,2.0987358,156f393f7ca046299e09d05464afa056
86339034705d41e685883013d2ef7d6a,2.0893373,9303b9f7f4984b2dac8aeba8c8da8ef6
bd346d134e9046b592df35bc13397ab2,2.0834346,0ebc441d25664c91adad96b570270f07
a5b36f9c26ec44639e19ecba64ad7063,2.0828657,8a77dc665d8b4d95a0b1113522f7e9c3
3f4f551ba9d74d6e8622c1da8b00180e,2.080645,c322b788813745e0aa7b592b4345d379
6f0406b6deea4302b4e44ece4eba9ef9,2.0800233,eb513691b7a04d31ab1bc50bf343447b
e3168a661d6e43b39980289c06b51f8b,2.0737696,aa2d7a3a535243189492d4ce8e79c049
8fbf0e065e2147b39508d482b6af3901,2.0691578,855b3971c4a147cfb9a7c281fa6b915e
613c069f276a48f2b4d203e4b49d44cb,2.0642319,fd51f3eef1a64d9a93652be481bde32e
559208bd6fe2488081a623b7a9d92f31,2.0628326,77ac5eb4b3054ca68e2b0dcbd5473fd1
187f475424d1406a8ea7e10ccd1f13ee,2.060607,85e7ea30890b456084b8e85c299c8649
0b887e10733b4259bd5c30a1c724ff50,2.048716,fb695c097d5845c282f6b30c241e8cf2
5a37cdd19ab741ca8f65dbc2e207ac65,2.0437245,650afb6a1d054e59904a1b796552eb04
b24046864bc341499137c0e4a5d92315,2.0416207,82b01998353e4141a7613fdc96d7b600
b4a8d87a40804af0ba2290010e25deb5,2.040018,21b1ded02d7b42618592187e287835a3
a22926b3ca894e6c80de0e172a46f36a,2.0395386,9170e0bb8fe44b309f83293808d871fe
55af16e0058942008349107e8a2e1845,2.0383654,d4cd0b56b6f54e08aec8ebfdb6122c5c
11cd11ee574a460989af01777e154c33,2.0365267,156f393f7ca046299e09d05464afa056
59faf734dccd49c39c471b705bbf90a2,2.0357523,cb85047b65f8468aa02744c28c075dbd
00ba0de9ca0245ab8489ffd199e84c92,2.0200806,7cd1db4b50dd41e6b2f3dd15fcab3b89
8819510944174ce28e7b0d3e9d8c9fe3,2.0131428,691acac4a54d450697afb2c2dc4fca09
18256c30bb5447d2bc0c5b2c56f67811,2.008301,bab3bdc133384798b558f8fb6466a7fa
bd2048721a484ac4925726f9a0df7499,2.0054605,e52a528036014db0a7bd54b99a310fe8
e30792faab17454587f51314a00ae69b,2.0028985,d74f6e7abeb84eedb9923dadb62f45f0
d1a53e6e1d6b423e8bc3fb6a7986a87e,2.002642,b2be859ca8f24cda86821d5383edbc18
38b738aa374d42a1b20afa63ccfcfd62,2.00247,01e805bb5a1845a7addf86fe9bc8d814
a57effbc5a3a4d369b53ac72791e1b82,2.0010633,7a2491a27f3c438a8549988f7a79e26e
6cfe829d301f463ba1bc66d1c8087b0c,2.0010512,e25b9d9944cb4d7197efb8ffc4ff57a1
06bf7c8951c64f95bec0eb20b232e5bd,1.9951311,e039a00eae414ebbb2205b011ac127cf
7fef3b2e0481482fb860ca2b3db02567,1.9949391,9b22c5cdbff44bdabd48dba008e6a3b2
366c800d775a48eeb3c735cde3a881ab,1.9928416,6b9b2c8f0a874bb8b6691aca6bc49565
7eab4332b2af45cd8ba6c4050d814b39,1.9912012,ad289d5052264f9c8bd0aaf9faace92e
9da0bc8ceec24ce7bac851ca1fc67b5f,1.9882255,d6fe6f8380464e21a27fd69de27f1f57
c0f3c55551da4b9fa0600e0d1b9181bb,1.9786905,0472051dc57d43f8b9dd08df475fc4a3
f2fe001a9caf435a9e440ed89e6b806e,1.9758735,f0695d7e59d64941b510a3d12f801d59
914e224085a24a7c87db637c208baac5,1.9750073,6c74bedaa406493a99988c5b8a47b704
5854ad482e74460797366e8eb405b2e7,1.9718597,b7ef0a61de0e4adf9688b2c525c9ad09
46328d405c424838a7c023c33af7ec2c,1.9660804,c88be17376104f999b914a91aebf7220
68f3223d477e4e1cbe3830412674f8f4,1.9652331,ad2b6fb945714e6792c17bd49a1066e0
9e769043a2f5480e8f0bde6e83caf70a,1.9647429,e02ad4f63c8444b79a7a56fb23a4e0f1
c11c77b1b50e475e8b0a0df774292211,1.956957,3257035cc77946d98bdc09e2fdd5cdae
b386bdd20171436f9c420013263490da,1.9525318,78b600dd53854b018f87267d268b7b1a
0499bd7b39be4304b273f17a516f2eaa,1.9511504,80921378de2b4cd3a14d449688d8b079
dcd4e8a77e0c47f4bfeaedc8b8dfc397,1.9495617,bade01bd83ec4b6786fd8c867ca7a090
c853cbd19ac0421eac6817429b6f8804,1.9444292,526ab7eda50e4a239d03ad505832d61d
0affea27dfd242bda2130ad14ef28bb9,1.9407594,903360099fb644b6b88c6edac88eecb2
f2210503df2e4ed297faefd9a1152e2c,1.9396384,8f761e1117754656ac86a3a25f241cd7
b36e14c403c746758111d5c51809e382,1.9316121,b2be859ca8f24cda86821d5383edbc18
7149705cc0f243f3877d976946fcba4e,1.9292083,cd60a0fcac24465a880af7d8f921dd68
a30d8464e03848a8b72421c107f22fd5,1.9225363,d9fbe02f04a4469dac855f69ea6ad02a
1fed8f37e5d44fa599aedccef449767a,1.9206595,bab3bdc133384798b558f8fb6466a7fa
356781d87d504d789e58fd87a987a67d,1.9110252,fe6ace599de44aa19b1773dad3658fee
f4a11d6e649f44be960bbfc9a5aab7c9,1.9105216,b25fe3b79f714d38b3fc53e39fd84d36
07c0659266c446b4b413362a241214b2,1.9093125,e7d6747e8c8b4ebcb665e232240daf17
3555001842e549e3b0aa8f30dcd11e0e,1.9083725,cd60a0fcac24465a880af7d8f921dd68
e5968b40a7054871b2ae79f18399b30f,1.9030806,6c74bedaa406493a99988c5b8a47b704
bf4c4007f57a4055bcb4d820c06d7ca8,1.8985245,d74f6e7abeb84eedb9923dadb62f45f0
1c5703785c574a4a86152b8e8ceaaab1,1.882023,4ad7e2502210436f9ca5735fdf7e50c3
3ce8d2e955bf406c8830f97658207859,1.8801073,8f761e1117754656ac86a3a25f241cd7
dc439e2feee54ac8a73f06f7ea3d8334,1.8724852,8f285540a9394706bd6ec6cda46c5058
aa580e725d534bcc967dbef0c65b141d,1.8711815,88dc23909eb4415aa39b96cc3a4c2926
7360c15d3abd4dd8a5af35cc13c48b1c,1.871081,89597084b19c4902b073a2c6c6622456
cde31d7f76684d62b17e619c0f1e98d1,1.8660266,b8ca3b6144cd48208caae952e096e7ae
e2b08fa4040643048867ee258a43c077,1.8636615,678725f8b914453fbc1029b7c1bc0879
8756c0e4eee54ca69baec75ff9c6f44c,1.8607073,17cc6768c9d14388b7455fea0060b62c
4aa10500630647f891ae1bf725a8f169,1.8598633,700f381f40ce4b039ce0df8b49fb199b
0f1bdf98cdc7472282cb0375b87b3ba4,1.8573737,6aaae524573f477f8fdef0b83787cbee
444cddd136524b8792db7fe1caeec69c,1.8557942,acee70abee2841c9b67b95e9ed079647
2de4480d7e534fbb8564efefe43623d1,1.8553996,37337ebec05640b890e4b9612776c32b
f161ed58877741ceaa5a6f014b69de49,1.8519987,e27d9425c912446e947fe53c4a757375
064ec184b18e48e18255745eb01a80f5,1.8483783,640f3bd184b7425fb22cc7773b8b2244
3427373bf8314ae5a87677132dc4874f,1.8402083,8a77dc665d8b4d95a0b1113522f7e9c3
d1fb54ad5cd34d8abd5ca9ee40b54dbd,1.8372533,b7ef0a61de0e4adf9688b2c525c9ad09
574b37b5f1374cd3b422354879e9f582,1.837002,6542f58c143446f280e88a6375ccf79a
3ce3c6c49a2b43c3b683ec91e9657341,1.83313,d0a840820172465f83c8480d571e7b71
132d0c20f3274e85bec13d5c38962750,1.820512,8a77dc665d8b4d95a0b1113522f7e9c3
a2c99cf18b24478a838bc5837a75721f,1.8172141,d4cd0b56b6f54e08aec8ebfdb6122c5c
8f46f1c9e7dc4f0184c02d6fef8f3708,1.8107123,b4150337314e40fb9e3ebb24514504a3
38407a6caf584c85afd497d9bcadcef7,1.8057377,75b0bd2240a54f6fb45bf95ca43ab5e6
6d9fe29b75544ce6b2e1c3329771cd32,1.8042161,64fa5ce839ef406b9bc8a1b2f05094c7
b8cb140987104f8db7456d8b3ad57ae7,1.8004918,e25b9d9944cb4d7197efb8ffc4ff57a1
898b757291e64b7b982221e0a86dea5d,1.7966881,e5692bd498004d32934fbaa05af2120d
d9826bec6e1c4be6a7152f89b950fee2,1.7937379,c3412c53e9ec4b6a9a1aa95cf7f0f1e4
17f9d21a0f2849cd89f1718c3052e82f,1.7922933,d79afb377f5349a69830b2b4c7cfefcb
ca9d736b288240819d620ec83c0b3f3d,1.791388,8f761e1117754656ac86a3a25f241cd7
9f4712695bb64f01a331632d4e83e318,1.7901828,cb85047b65f8468aa02744c28c075dbd
5c189d9231904498a16870be4936df4a,1.7790008,cc21026ff0d541909df56c5618d28518
11bb2992a06243158ef845965bbb79ec,1.771663,efdf40eee13d409c9955e5b84e4408f6
d4cf39f8ba7e4a92b4ced7faa1218229,1.7676744,e492ff7fecf046a4948c5ba5631cdefe
e18211bb1b9a4eb5b5679481523d0c23,1.7676691,d981f2c67f764e0c84af125b563958e9
3e730fdc177b48f293b58b68d7b54313,1.7665757,aa2d7a3a535243189492d4ce8e79c049
a8a7550acecf4436939c03b7e74ec8a6,1.7664647,cb85047b65f8468aa02744c28c075dbd
37cf2461e5cb4c8fa0b0751436bfa69c,1.7647607,92229a391d0b418f87b32c86c42a292c
9923a917ad644091bbc508d3ced20f75,1.7630914,369fe18b94f54c98b554fd22b4a3b50b
c896b42105de4a53836bb12899fe2cdf,1.7607028,19c9ac7b84df472c85ed6cf5a05fbbc6
ffe5e5fc7adf437bba769a5d9fff5c27,1.7418423,19c9ac7b84df472c85ed6cf5a05fbbc6
b615a0420b8b49d8a7153658ccbdd788,1.7386506,aa2d7a3a535243189492d4ce8e79c049
f93d08dd757f4cb9a593f27024c614ff,1.7332926,4aa3556b2aed469584c573868193a07a
0c2f43def73f4f3a89a64828f97dde43,1.7183254,a6a551a308b9442f947ea0608ae2c3fb
aa7a7a6a0bfe40619e55e8f0b07f04fe,1.7046138,1216ce1ef31e4643bb1222538c206342
3b065dc23322478a8128f0322c8d0678,1.7022712,8db9e204b8b841df8fd94eff0888cdf7
85d372a0f34b42109e467e07922756ae,1.7012112,82b01998353e4141a7613fdc96d7b600
d0dad3a420c744c3b2aaaa1604121d1f,1.6992363,e96aa0967ab94368b381354e03dc40ad
8b5c517e199245b2b9ffe9601e9c5fd8,1.6987039,92229a391d0b418f87b32c86c42a292c
a030121d60a04600bb73087739ac4044,1.6978599,d981f2c67f764e0c84af125b563958e9
234999d28bb04577a48d50f076a844a6,1.6934059,8aadcf7251724cc6858dc0db44abebe3
7a81a74f4b0e49839c3fbcfd7ad02560,1.691122,fb709e29755b44988bb252c87a2ce2f3
dff829b336b64da68408d78fc0580c38,1.6890533,e45844e0215f4a1596a7f9ac41367c46
1e5b95e7ca1a462588131ff25c545f32,1.6859641,80921378de2b4cd3a14d449688d8b079
e919ef1fffb2496894c9769d7ce9aacc,1.685374,8f285540a9394706bd6ec6cda46c5058
cde999f7973048f5bdccda367d1eef4c,1.681818,37337ebec05640b890e4b9612776c32b
e10cdddb573548c0bd3d9eb0cef37f37,1.676668,d0a840820172465f83c8480d571e7b71
72b24b9944aa43599173c03884689224,1.6750132,95fbc6ed8bfd43c1a6bcf676e26e7f8a
fc982cca5c594093a33406ccd0a2b83c,1.6746478,89597084b19c4902b073a2c6c6622456
3a53b02d11d74f9b84a71811f607d433,1.672013,8f285540a9394706bd6ec6cda46c5058
af1aeb26d52b41fea9c9af10f45c7bc3,1.6690669,7cd1db4b50dd41e6b2f3dd15fcab3b89
17b5e130e0444402bcedf9400cf07aca,1.6675196,e456afdf95e643dd926249fec4d68753
ef0d69bfdc4e49acb1978167c6edf80e,1.658756,19c9ac7b84df472c85ed6cf5a05fbbc6
6f2088d6c7bc418f90e6328cd345c77a,1.648236,00f45d57fd3c448d8cfdf3185ebae894
98d13339052248b0b3c45e976da3acf5,1.6410846,3257035cc77946d98bdc09e2fdd5cdae
0c472016621a42b2ace086642ed58917,1.6395576,92229a391d0b418f87b32c86c42a292c
1950440f5ca34d0bb2c737f896ec3b16,1.6381755,c322b788813745e0aa7b592b4345d379
1c0be8da9cdf4be8973e0cd18f5f8ebe,1.6358371,779d7c2bad1940c8a861451964e1ce01
4762d831f5884e25bb3eb6e73fd283fe,1.6326579,d79afb377f5349a69830b2b4c7cfefcb
49f4672f4be94535a516b1013cea2b54,1.6269095,c9e2e76e631c4d0a8013d90892350e06
c36813b8ca3e42de94bfb013ddb507ed,1.6231226,1543a2f94aa74008914301874d98f0f5
ade56895f4dd427b8c4477aa940dc716,1.6227822,e52a528036014db0a7bd54b99a310fe8
fbf3e9aa77924f2397522f3e54f91d54,1.618757,836ec4ef8df644328ac07b7803709323
69fc5af906524d06b5c47a8c984a7199,1.6154965,e27d9425c912446e947fe53c4a757375
e6f19de2daa24324b2c88100702126ac,1.6145434,691acac4a54d450697afb2c2dc4fca09
c75f0da05246416084af6447931742bb,1.6076009,650afb6a1d054e59904a1b796552eb04
c3d18896ee6e422680a3435f0ca9af84,1.60007,95fbc6ed8bfd43c1a6bcf676e26e7f8a
5f67168bea6646a69c49dec78942dfae,1.5930448,fd51f3eef1a64d9a93652be481bde32e
64e8bc2bd44d4328bac29a1ed2e655bd,1.5906391,8aadcf7251724cc6858dc0db44abebe3
3c400856520e456ebb8a1f9660e45cad,1.5767956,3b13d134762445cebcdbb02b484db77b
c1c018ca07df447caa530adc78d76736,1.5688326,6a33c207c8b648f680dbd0e65639ef04
a9a64390a549402a87d7334ff62aa560,1.5686252,73e7e41e8db447c09cb2363d76556c64
794516c691a54f63a105c96bf716febf,1.566907,1c97c72e076f40fcadb22b17e71beed1
703c375bffc346788123e8e9d957db42,1.5653569,bade01bd83ec4b6786fd8c867ca7a090
861d015f426f45d6bd869c91fb7aed57,1.5571414,eaca056cec224a30aaaed30c39f644c2
e938fc1d26e5456ba78f78d9f8514816,1.5562248,b25fe3b79f714d38b3fc53e39fd84d36
6a9e4d855e3944719a49f41d3f30b8d6,1.5537426,faaac88748714ce8a99413b952a1dac8
c0860e1ee41347ae81ca7fee69119dc2,1.5531248,3257035cc77946d98bdc09e2fdd5cdae
e248745a536e4547b843917beb8bc3ea,1.5430976,cc21026ff0d541909df56c5618d28518
130d36b77a584c7da24a4cfeb3a00f62,1.5383883,e25b9d9944cb4d7197efb8ffc4ff57a1
d7c4bf8f05fb4648a8778e884052db2c,1.534756,09fc9f38fbbb4bfaa1c979ac9cc43f0b
334dd9387233405cb0ba67a8ddd52c53,1.5347257,bab3bdc133384798b558f8fb6466a7fa
3741fd305b324ab4a29b14442af8f8ab,1.529634,d576e334105247369362b05a375e88cd
9ac0ff71215742d1bb1d294fd8b4e240,1.5243986,855b3971c4a147cfb9a7c281fa6b915e
8a53841d512741f5ac2d49f75a83780a,1.5238771,bab3bdc133384798b558f8fb6466a7fa
174196604f504ed29027427608904003,1.5151018,1216ce1ef31e4643bb1222538c206342
b116fe66d95d4c04beea8a4e5f347684,1.5111432,dc58564d0c8540bea4f3e2e3696deae8
3d62fd7345e249eca395731c94b53eba,1.5104381,d42996c2b67443fd9b73bba7641d4f77
722ce5c8bc4f4e07b309329bddf66d7e,1.50875,80921378de2b4cd3a14d449688d8b079
c8aebab05e9d4c7e8a5e4875c217263d,1.4925267,e7d6747e8c8b4ebcb665e232240daf17
5c24677a92364f97aada250f8acd8f3e,1.4906287,c8b9a0ac7c214a449c434aabdf6ef770
e0bbcc95980e4aee9f0b5f6976c5eaff,1.4897133,f5a6222612ef406b8f02aef87e08c476
ab6c85b8074c4edcb7f8d568b142ef98,1.4881887,1543a2f94aa74008914301874d98f0f5
51bb2642caaa4fdfa82051cea135a8ba,1.4850442,b4150337314e40fb9e3ebb24514504a3
f8e19b9e878142969c95441f15b0da57,1.4844232,89e43b092c844b5886a93091a22c894a
59ad0e42bca44e7c95b0aeb6bc5ca7dd,1.4762601,a585d23fe43f459ba86ac15645af77ff
3e3a44c2636246edb0f9c1d8f041d873,1.4711851,650afb6a1d054e59904a1b796552eb04
4dbe9a58e3cb490eab62a2bab47d13eb,1.4639176,e27d9425c912446e947fe53c4a757375
8dfd5233498c4be2b88b2b71cf67ed64,1.4587014,11ec23965d2941d0817082107996ebbb
518dcd746ac344f692cc34db6c714430,1.4456327,4ad7e2502210436f9ca5735fdf7e50c3
d8da57bead4f4bd8a90f916f7cd032ce,1.4431456,5a8cc5ff28fb4359afc7e9fcbf3bce55
91c0f6c693104690921ae87324e06692,1.442779,73e7e41e8db447c09cb2363d76556c64
2e9806470e994a85904d3521b5fddaa6,1.4424392,5a26ae7959494fef99542e9b2004fd11
eb1fe6fcc1154bfcbe523b6401451927,1.437227,1af4472b38cc4304841b2f1720075c9d
9938803be0884fc282a350a72835a9b9,1.4363102,4a4eb12a639346b5a00557d54b51fe51
a0720ed891c94750a6be596258ee3d43,1.4330944,678725f8b914453fbc1029b7c1bc0879
d0f798b90ad04da3a8a192e16d0b1743,1.421929,b2be859ca8f24cda86821d5383edbc18
fb7510f9799745e8bb2d730dafe50aa4,1.4201084,e25b9d9944cb4d7197efb8ffc4ff57a1
174e16d27164468ea679a619b853b1a6,1.4156244,e96aa0967ab94368b381354e03dc40ad
2ae3d79e1c8641a9892ed31117156c0e,1.4123021,bd2f91a9415049d980e453f94327e0ce
2ef6a38c8e514fb1b98b9cac832fdd14,1.410014,8aadcf7251724cc6858dc0db44abebe3
3b9a5aa10a7d4cc9b31122f2d4258ccc,1.4084022,b25fe3b79f714d38b3fc53e39fd84d36
c5693611e9044ffea24fede04ab1d9a5,1.4062688,6d3c42356e3b459c919e3129ff192ac4
7986e60543204582ac542d56eef7cda9,1.4014661,9303b9f7f4984b2dac8aeba8c8da8ef6
5a9a922465d14fc6b190a50e964695f5,1.3957998,6a33c207c8b648f680dbd0e65639ef04
9de5dee9dd8a425fbfb5e0c198e653be,1.3956794,e492ff7fecf046a4948c5ba5631cdefe
003d3f2fc0d74fc58746a9d38d310d8a,1.3944858,6b9b2c8f0a874bb8b6691aca6bc49565
7c9553e399964910b2eb9f1c94c913b1,1.3911543,7a4c413f5c844796bd5ffed2b65f0336
c4e88a88103749f08d034998e76b6a35,1.386856,a0fe3cd34e474c3b90662ce8ef1fcac6
374f3a07f645432ca97d2116e61d6fc6,1.3830547,0472051dc57d43f8b9dd08df475fc4a3
d404db290f094f2f9dc6ffe54216308f,1.3796684,564a84b1b830407e811bcfc7fd086a6f
839527c5eff74e27a3dd2e5a9336cc57,1.3679475,c9628610053945f4a7998ae48cd70da3
88769fc17b0e4f3a9736d45e131659d9,1.3675587,ad289d5052264f9c8bd0aaf9faace92e
061948a87df34fb3b077070194c1119c,1.3657856,1f8c0f02984e4139bf8043e57497fdb2
ba6e6bd633084e56bb1f91c62afff197,1.3629651,77ac5eb4b3054ca68e2b0dcbd5473fd1
8ffbcfeb411843b2bd6e513ae284b232,1.3621017,00f45d57fd3c448d8cfdf3185ebae894
b74ab07a7c004219aee7bd6d643ebfb1,1.3604832,64f1d63a671d441d9663a783f632f794
6bc08caeb482448c85c44c89c5fee7b8,1.3523643,4aa3556b2aed469584c573868193a07a
c8cf5bb63c7849c79141e48f0b609996,1.3433617,85e7ea30890b456084b8e85c299c8649
63cf218e957a465696c4482a9d4b226b,1.3417445,aa2d7a3a535243189492d4ce8e79c049
500d964011eb4cd19e61ff976d9d808f,1.341207,46ba0b979a664c7cb0c315c4cde6ac86
79ac90f7c3254209afc09b44172a29d3,1.3374751,c8c201e25c0047a2ba9d9e8541ac0939
2a8517391a58458c8b4054fc225e976d,1.3329146,bd2f91a9415049d980e453f94327e0ce
600602c8b38d4fe293a8b89ca3c4b7a6,1.3328089,d0a840820172465f83c8480d571e7b71
4ec7a9ba5579479e8eb75b6a39172728,1.3314198,5831f5e280be4c02a09ce4588b56d7f3
b44be1c1621b40e1a7c06c02b225c470,1.3307563,17cc6768c9d14388b7455fea0060b62c
cfbebb0b8d25424bad46127adbe59343,1.3306968,3257035cc77946d98bdc09e2fdd5cdae
1068628f10b7400aa4e87b04d24fd803,1.3298125,3257035cc77946d98bdc09e2fdd5cdae
662a6fe9ae1b47f5b598c9d0ff7ad784,1.3289856,640f3bd184b7425fb22cc7773b8b2244
abc9ab04fed74e638625e3e6f26de13d,1.3288186,a0fe3cd34e474c3b90662ce8ef1fcac6
a4f6bb74f2654c17b04bb3fe4c05fd91,1.3230627,d74f6e7abeb84eedb9923dadb62f45f0
a9b2741eb1ab4c8bab6bec840430968c,1.3214824,02cf82700b4f4773af3a14ad8eaa5270
e327090a663242caa64ea6482dabfd29,1.3063213,5a8cc5ff28fb4359afc7e9fcbf3bce55
7d741d7645a848d086367003b1d9a767,1.3034781,d27cfea4da8f445fb4e3c55e53c6482c
23dfaadbd50c422b9ff80be549a47391,1.2961769,cc21026ff0d541909df56c5618d28518
ea4bf9d0ec3d4bb9a4d910eb2ab70eb3,1.2917962,8f761e1117754656ac86a3a25f241cd7
901288a03fde4b628e2efc51f9ec6f0e,1.2911544,257aed6ca7a44f1cb5c664beb1be527b
51e58e676c6d4b22ac3950bcd82a8417,1.2862535,fcc9863b07fc4bd5a01fab5b9160eafb
f9858ec6cc4e424aacd697295e8cabbb,1.2843987,ff715b4f228443e3b067c801250f3402
41f9870b0da34d88a3e68dd195a3e474,1.2739701,27eee82d7fb94b9b8b60bd3101187496
a22b7bc93cbe40cba26f5e4456762f6e,1.2714353,f615619defc4402b82845090c238e597
8058d1c206ab4268a15994fd69f5d5d0,1.2674097,1c97c72e076f40fcadb22b17e71beed1
0001880401724f72b4b0f8fafabbd872,1.2546887,4a4eb12a639346b5a00557d54b51fe51
04457b683e1d4eaf8e6a37b15f5d8aa8,1.2525301,700f381f40ce4b039ce0df8b49fb199b
afb3f7ad74ad422c8162326a9647de92,1.2495455,73e7e41e8db447c09cb2363d76556c64
7bccbe2abf334b329b400531be6a3be7,1.2438687,d443e0c5017d48d1b3f86bf4da959ed5
a1a22d5f63af4418a3f33283a6013d2d,1.2347507,8f285540a9394706bd6ec6cda46c5058
2e7dec015d344fb58ce0988844becd9b,1.2273041,f5a6222612ef406b8f02aef87e08c476
b1c2cf26538045169885251ae1a1100c,1.2235837,7ac9c94011924c09b47f9640211885a2
9e2872646e314b1f97e9cb135dccd315,1.2199945,92d5da561f5a41bf929f3555a74cd653
9ecd5b6acb6a4d10899c3464d4929105,1.2196524,8f285540a9394706bd6ec6cda46c5058
8e57d7771c084620b4bc95981a394b34,1.2193894,4aa3556b2aed469584c573868193a07a
47605d3a13c9403597c879e6825e3f45,1.2175589,77a8b27acb0e4600bb6ff974eabc269c
6ad7781d238a4ed28cba7dda16397459,1.208387,1c97c72e076f40fcadb22b17e71beed1
af733079cdf649cd95e030d070b603da,1.2080969,903360099fb644b6b88c6edac88eecb2
96a221031ce64e98ba5fcdb2fb45c9f2,1.2073828,7ce06191f1114b4c8a00609f6867761f
8278ffeb4f7e4854a015f434887473a4,1.2067204,700f381f40ce4b039ce0df8b49fb199b
a3641dd6dafd40d5b8f8077b9dc3e850,1.2024293,99142f1c07cd4782814f8c970eaaa40a
fdaaf6e004b04cb18e798331b9d9ebc6,1.2017212,99142f1c07cd4782814f8c970eaaa40a
c46143f6691f4af38d4779e21a33f827,1.1998923,01690d9b08164fcabd5bf0819754f71f
55e30898427a472799115a2e014580a6,1.1988211,d74f6e7abeb84eedb9923dadb62f45f0
253d404216244e3e8c298eef54b7424a,1.1980785,d74f6e7abeb84eedb9923dadb62f45f0
ad13a71eb5594e529ad80ed59082fe17,1.1938195,9303b9f7f4984b2dac8aeba8c8da8ef6
bfc3042d6d684128b937f9d9878d4eaf,1.192018,f036aaf4ab714c598a0b6da4ca604136
65c8efd2131b447d90bed385eeeb91a0,1.1919565,a25b08e008114c9ca0266ce3e55d82bb
d7af13217f9446bc8d46c21e5d91114a,1.191332,836ec4ef8df644328ac07b7803709323
d87ab9d9a67547ccada7b9ea3d22154e,1.1888148,bade01bd83ec4b6786fd8c867ca7a090
454132982ecd4d5e9e6ed9c9e33f3433,1.180898,257aed6ca7a44f1cb5c664beb1be527b
e212caf6ce0045358ab77835c78ae98a,1.1768501,7ce06191f1114b4c8a00609f6867761f
7e41c6ad9fe846239eb8cdf3a0a3569e,1.1758482,9303b9f7f4984b2dac8aeba8c8da8ef6
6ec94917d60e4edbb8db99b5f7c18612,1.1743109,00f45d57fd3c448d8cfdf3185ebae894
82e2ae3e0d3c4ccab9093974f974e854,1.1725028,a6a551a308b9442f947ea0608ae2c3fb
405e667675254ffdb3e8cb25813e586a,1.1716485,e456afdf95e643dd926249fec4d68753
4afd31c733874e938dea46b7c0843f2f,1.1639363,e52a528036014db0a7bd54b99a310fe8
006744853c1a4bfd9d39aea6556c7be3,1.1610494,c0cb721b56f240dabf7f464e453ef72e
da809b1c982e47e48ea951dff1120841,1.1576082,369fe18b94f54c98b554fd22b4a3b50b
5b578482d6cc41b9a12382c724e9e19d,1.1545417,d981f2c67f764e0c84af125b563958e9
7dda222413534a90ab8e3d686a1ba461,1.1528897,d27cfea4da8f445fb4e3c55e53c6482c
65b7a423fc92497086fe55ce3a85dd55,1.1487529,99142f1c07cd4782814f8c970eaaa40a
e89166577a8e4c1d9c4025a06e1d5a24,1.1455343,a0fe3cd34e474c3b90662ce8ef1fcac6
775b2092579349f6877cebb751ba7f11,1.144826,9b22c5cdbff44bdabd48dba008e6a3b2
aede09058c264aa399a460be910cf10e,1.1439139,02cf82700b4f4773af3a14ad8eaa5270
eb5fe491e3474e81865751ec9f52b3ce,1.1399331,1af4472b38cc4304841b2f1720075c9d
daaf43ca009348bfa676ca06cddcdf61,1.1360524,a1d8cb16dafd4126922f985021e93631
915d79767ad746c99ea804f4b5dbf60d,1.1276138,d981f2c67f764e0c84af125b563958e9
c0e4b6d0b4ac4f978868636d7675e345,1.1259483,e456afdf95e643dd926249fec4d68753
8b1f6fd1fabc4cb7abbd5a7a2ed0cac9,1.122659,156f393f7ca046299e09d05464afa056
00a23ea3107f484f84ca76a6fb313ceb,1.1222587,e9f055a212cd4e5e8601228c37713f35
0d0b25a05a4148d2b15c4f2ac11010e6,1.1201583,b050e9e1ef5946c297a34dda98d8f476
3cb482f381eb449b99a6b9b7707078b2,1.1195714,9303b9f7f4984b2dac8aeba8c8da8ef6
701ea34d0faf4b558956b1af3863b503,1.1168061,acee70abee2841c9b67b95e9ed079647
1413507f5f8f46109e5caee2e853eae9,1.1150898,700f381f40ce4b039ce0df8b49fb199b
01f344e8e895424eaa3251d134512cf7,1.1132164,f036aaf4ab714c598a0b6da4ca604136
8f2e335cd3c54f569c74283b0078f908,1.1064814,f036aaf4ab714c598a0b6da4ca604136
05fadc86cab04c70ba18949f1163cea1,1.1039857,0302e7dde9074dddbbbdf85e9be57901
e35fef892ba84f8cbeb63132b6f7f094,1.1024139,4a4eb12a639346b5a00557d54b51fe51
369716c45312435faf4f35f7fa3ecebf,1.0890932,3257035cc77946d98bdc09e2fdd5cdae
b0535812250c45b497a6bad12645aca1,1.0886188,2a9658410614443d8a27ef174f61d6e8
6e50350fd3c745e6be8f38c45f9b9148,1.0786674,fe6ace599de44aa19b1773dad3658fee
9f68e2380d2a40eda419370717d328b2,1.0660388,ad289d5052264f9c8bd0aaf9faace92e
7522f624f59c4d74a8703781e00414c0,1.0635164,5a8cc5ff28fb4359afc7e9fcbf3bce55
d15af016ef394763b0f876df474531e4,1.0618405,057164cf4aab45ebbefef3409359cfb1
c8e075e8f30e4586ac075d59d5be938d,1.0554514,fb709e29755b44988bb252c87a2ce2f3
5be3fd711b704af39312fd1561b95353,1.0541469,9170e0bb8fe44b309f83293808d871fe
b453e70a75224981b0a892bee09f9b9d,1.0450351,c9628610053945f4a7998ae48cd70da3
5a7c0160ff224dc08e280c9d93a87c66,1.0406173,1c97c72e076f40fcadb22b17e71beed1
e5b86e97430f434591a4da778f69dcf9,1.037215,855b3971c4a147cfb9a7c281fa6b915e
83be35bfce854dc48152629a9841375d,1.0249,c88be17376104f999b914a91aebf7220
73cc10e747ca46bba886d9939cc3b768,1.0246776,691a538d2372403fad2b919b48ff5f85
00aac7746e164d80a6a257d31925297c,1.0245827,1b4e143cfc1648a5b877d7445446366a
2c477c4f58dc4ca1975569a1f34923fc,1.0239582,77ac5eb4b3054ca68e2b0dcbd5473fd1
9ddc0583ec0e4cc0bbaa79c812c97afa,1.0201507,73e7e41e8db447c09cb2363d76556c64
c2da5a4eff03435c8c936f9c5f4cf43f,1.0184425,1d47a696eae94bd29f215a4787b27d8a
a082e18320bf47fe8c3c9506d626862a,1.017751,b4150337314e40fb9e3ebb24514504a3
22831856b4ef4ecda0ee60656417b904,1.0152545,0f9cc12519eb4872af7be7fe49e19f59
24156e9d41404d568c7e22931d2631a3,1.0138685,d79afb377f5349a69830b2b4c7cfefcb
e30148a8fe434f3eafce6f2cce757060,1.011796,9170e0bb8fe44b309f83293808d871fe
b982c8da93db48ddbd69de9c207f2187,1.0106264,ff218cc7835d4b5ba0de22792319050a
537772e1a2c849b2bcc68c362d5c2c16,1.0093864,d0a840820172465f83c8480d571e7b71
0c6306c2d9c64af7a28d5fd434ba9b19,1.008931,6b9b2c8f0a874bb8b6691aca6bc49565
748b2df793c94a6fa92094994cbc50c7,1.0080131,89e43b092c844b5886a93091a22c894a
014b077427a84137a08055cd6ba1057f,1.0015726,fd51f3eef1a64d9a93652be481bde32e
8d0f508b17b140db934bc95a70c06411,0.9999362,78b600dd53854b018f87267d268b7b1a
4bb93a70efe949939c13ce6a18678093,0.9965068,77a8b27acb0e4600bb6ff974eabc269c
3a48941fe58c4afdb3ca7520eb9bd36e,0.9955032,a4cad92644614f78bded3ca6d6023473
52f16fa757624404b9d43dfe2885697b,0.9940083,09fc9f38fbbb4bfaa1c979ac9cc43f0b
0ff31fb63a044ecba52ee62968e78be6,0.99386084,65664fb3aad341fab563409d91dddd2d
53487bcf5c684dd2ba470bf89947f7d2,0.97831774,5971501b0e8b4ef5b203c3985d7f5e88
6fe5e86e29684922a7b66985a0abbe4d,0.9530934,c8b9a0ac7c214a449c434aabdf6ef770
20256e6cd14e4624979db79d84582573,0.94399816,fe6ace599de44aa19b1773dad3658fee
503e869546cf415ab60324f38dc8f73f,0.9390396,eaca056cec224a30aaaed30c39f644c2
d30d31b8272b4fd0ad8156bc69d4ddf5,0.93477297,d42996c2b67443fd9b73bba7641d4f77
75bceb302d644b309181d454dbd2b59f,0.93197364,678725f8b914453fbc1029b7c1bc0879
1f2e192e12674543860d4dfb5ccbf818,0.9313513,d6fe6f8380464e21a27fd69de27f1f57
8058721caad34d58a7ddae70e71c3f9e,0.93130505,c9e2e76e631c4d0a8013d90892350e06
f8dc989408ab412199e89745baedbb50,0.9273994,8f285540a9394706bd6ec6cda46c5058
dcaf50ce32524dee92c4fe00de88a3ab,0.9227195,a585d23fe43f459ba86ac15645af77ff
b0428ae75a7d474bbf2e2f440fab50e9,0.92117673,e492ff7fecf046a4948c5ba5631cdefe
e980c76243164587a41b4adacf1c6b50,0.92019546,58db4c3a26c84fa68d81235d078208bc
9ae0dc25880a4b1ca67998ae29c63cd9,0.909546,eaca056cec224a30aaaed30c39f644c2
ac23b811505944319414d3f59b4b90ef,0.9074307,01690d9b08164fcabd5bf0819754f71f
6e11fad70c424277a969434bd2dbd8b9,0.9052863,09fc9f38fbbb4bfaa1c979ac9cc43f0b
180f987f287248c487b83fbddc87ee09,0.90400875,17cc6768c9d14388b7455fea0060b62c
f3f6ec5a1f4a455297eaeeb1145a0d7d,0.9001844,6b9b2c8f0a874bb8b6691aca6bc49565
c6654e244a00404a84d2f9314a7c6bd6,0.895188,6aaae524573f477f8fdef0b83787cbee
d89a3137737e42bc94b53fd641bd17a4,0.8873355,2768d411cc374a018a898f9df0ca207d
d060627e97d244e99da1e44ccf7d4a91,0.8833287,5a26ae7959494fef99542e9b2004fd11
81506e59f5b54c66a3459e47c2bad700,0.8813126,d6fe6f8380464e21a27fd69de27f1f57
e862a12dcbc4446cb1bfe03570cc7b44,0.87897193,7ce06191f1114b4c8a00609f6867761f
b5ac47314a344318be396fd6fdef8239,0.87795657,6aba5a04ef8742a39d3a61644a5f0729
8887992f6e314e5bb22217a98a5dc1d2,0.8764323,46bfd7af0ed6491fa621350963d11e35
803051539d144fdeb70807a70a667f4a,0.8752022,11ec23965d2941d0817082107996ebbb
5dd11b299b1e4c9fa5e4d0683b4d02ad,0.87402284,cd56b9a044c24df8a7156f661cb3d9cf
1fa5b671cd0d4cb39567f651ef001e97,0.87208235,7cd1db4b50dd41e6b2f3dd15fcab3b89
924127ab124d40edaac3616675e82655,0.8638139,bd35571850644321b86ce4fae286ce7d
e90176ac18954403abf1a65c40838e23,0.86051106,bf59502a233e4b5eaff9cfa3a992c387
ad5f2cd68d6c448ba9532ff7665af2c1,0.85914546,1b4e143cfc1648a5b877d7445446366a
58c7b41f2b3b4984aa23beaa1382b4f3,0.85876304,e7d6747e8c8b4ebcb665e232240daf17
1a28f3dacbd74510b8f8f45e80348e68,0.8568194,0472051dc57d43f8b9dd08df475fc4a3
067c039494914485ad6e06b72bbb8e13,0.8462992,58db4c3a26c84fa68d81235d078208bc
0237bcef8eb845aaa48b53436a3ea75d,0.84494835,eb513691b7a04d31ab1bc50bf343447b
6b5d194c37f14e5d89385ae747199cc1,0.84226876,700f381f40ce4b039ce0df8b49fb199b
0ea4c68a804648959f67957d17d5a323,0.8350116,ff715b4f228443e3b067c801250f3402
0478a4dd439f4218a9194cd283b15aca,0.833259,ed9b10a2879742628fce003076ef9024
43bd347a4d5e4c8c82b41970f2ddfc02,0.8264769,37337ebec05640b890e4b9612776c32b
74f1eb9bb1ba4fe5a565558b1ebc7a72,0.81908834,1b4e143cfc1648a5b877d7445446366a
de7e2ebef31a43768b57de371f2631aa,0.8160776,057164cf4aab45ebbefef3409359cfb1
b513c98d376b4102a9119d959aa7ebfd,0.8152605,d6fe6f8380464e21a27fd69de27f1f57
1f8623bf930a4fcfbd914e784354ca2a,0.8147905,f615619defc4402b82845090c238e597
7ee89cd6d6774885a024ad9e8abfda35,0.80502546,3257035cc77946d98bdc09e2fdd5cdae
953a07c9b67d487f9d6ac9b71b85dff7,0.8004532,e9f055a212cd4e5e8601228c37713f35
f36820bbc65b4c6486f479be532b159c,0.79415715,cd56b9a044c24df8a7156f661cb3d9cf
af5d2c39e4a54d8295b3a933c8bc7b43,0.79170287,bab3bdc133384798b558f8fb6466a7fa
468609586ccd417ca9487c3c35ade3b3,0.7901883,057164cf4aab45ebbefef3409359cfb1
0b35c0eab3ef4062bc3e184951a22fa9,0.78900254,80921378de2b4cd3a14d449688d8b079
b6564d12e54b4e09a41d57e66159df56,0.78752255,a6a551a308b9442f947ea0608ae2c3fb
413423a32eba46c2b7def04c66e6f9f2,0.7844753,19c9ac7b84df472c85ed6cf5a05fbbc6
0440c322e82547b787d5f173806bb341,0.77656776,e039a00eae414ebbb2205b011ac127cf
1cfa0ddd81a04ee1bcbf754e6c92c5d8,0.7726735,f5a6222612ef406b8f02aef87e08c476
7901d858c6e44dea8acd99a79e378956,0.77096677,fcc9863b07fc4bd5a01fab5b9160eafb
4593972edeb84fe49e5ad1058e0d8d35,0.7635782,bf59502a233e4b5eaff9cfa3a992c387
73bf5efa54504a0186bd7a13def281d6,0.7589206,bab3bdc133384798b558f8fb6466a7fa
08fe7d5213ea41ebafdb17d60eb36a97,0.7566654,c9e2e76e631c4d0a8013d90892350e06
477b5f953efb42e6a18e9428c69b0fa6,0.75600207,ad2b6fb945714e6792c17bd49a1066e0
569c47730fc949f7a3971473e07d0f6a,0.74929285,678725f8b914453fbc1029b7c1bc0879
840de6fde47e4e64916bdd5277bcd173,0.74652594,8f761e1117754656ac86a3a25f241cd7
a476d6cbc62045dc948a30c9c18327a2,0.7461887,691acac4a54d450697afb2c2dc4fca09
2613b590d7c94de09bd3bc1e4aeebb1d,0.74353063,fb709e29755b44988bb252c87a2ce2f3
65654ba4d0d241cea5f12740d725d0ad,0.74128413,77a8b27acb0e4600bb6ff974eabc269c
b32a35611f6b4eef9cfd102e5e72766a,0.74028563,b2be859ca8f24cda86821d5383edbc18
1db04d4304ab44b5a063f18b9037c0da,0.7276797,02cf82700b4f4773af3a14ad8eaa5270
cbb7beb8042e48aa868c13a6e2ee8a6c,0.72657394,27eee82d7fb94b9b8b60bd3101187496
13260f69234944ae8feb384dae6510ab,0.7260834,eaca056cec224a30aaaed30c39f644c2
0ff2646f55f04a5a93328204b6fa099c,0.72123706,31b69f9501c4415e929b6af28c83f6a6
b904ff33d535410cb0791f1e1227e8c2,0.71139896,c88be17376104f999b914a91aebf7220
915862b474ab4f229d4311709b20bd58,0.70928794,6d3c42356e3b459c919e3129ff192ac4
9c5692d8cfcc49f5ae1d1eb4577cee70,0.70477355,acee70abee2841c9b67b95e9ed079647
525962b8d45849bf83483c6f246cf7b4,0.70121205,e039a00eae414ebbb2205b011ac127cf
903552e550a14d61b7dafdda426e7596,0.69913036,7c1e02f3ab614e539ac901e5cd3c92d8
34bd7137776446a3b70fb89720492e73,0.6957953,58f53c379f7a4868a2ba6d91a06247d2
312939eb59d541dfa7df51991a32d5f6,0.6865939,f615619defc4402b82845090c238e597
d1cbea7387cd4d1bab69dbd0238bd135,0.68623567,6a33c207c8b648f680dbd0e65639ef04
67807253c7c94312952c818472d4888b,0.68541664,6c8a24653ef04f559b88e0f27c0df63a
b34eaaea52614dfe82c2df09e4121948,0.6852243,8a77dc665d8b4d95a0b1113522f7e9c3
34bf626d6a87427281f80c0938fe0278,0.682196,7ce06191f1114b4c8a00609f6867761f
bf4e8bc83a74425e8657c603c0004113,0.681807,b25fe3b79f714d38b3fc53e39fd84d36
1ca503912b5b4d3c84d0c34c0ec3f38a,0.6763605,4d708e5878784386a42c2f436d2d60f0
28ff28dc16ac43ad9110f26f13aa339e,0.67390025,c9628610053945f4a7998ae48cd70da3
0effebf3021a4263bb46281f2fb33987,0.6715313,dc58564d0c8540bea4f3e2e3696deae8
99370de3bbb74c12a92ca24b995d92b1,0.6672467,4430d47e30904eab969c1baebca184c0
c0278f41c00f4876a3c2c551dc74e70b,0.6632999,d0a840820172465f83c8480d571e7b71
49ed92caa29841ae9341d53497cb8124,0.65899897,1216ce1ef31e4643bb1222538c206342
95efaf80178b4a519dbf8769d415c000,0.65574753,e492ff7fecf046a4948c5ba5631cdefe
587c1d4811034d7d8e3ccdb4af7ddbe1,0.65546215,e25b9d9944cb4d7197efb8ffc4ff57a1
d8abdab9cd7145c19d33fe76e47d0c1e,0.6543664,31b69f9501c4415e929b6af28c83f6a6
1c4b7fec0bd14f4d832d26dd643c4045,0.64183515,92229a391d0b418f87b32c86c42a292c
0ff74b4b29e044ffb307f3598dbbd1b7,0.6405751,e52a528036014db0a7bd54b99a310fe8
6fb6a2666474414e950f94d5b467b229,0.63668126,bab3bdc133384798b558f8fb6466a7fa
d940c859c01449d2acaaa7b3fdf1fbe9,0.6365418,01690d9b08164fcabd5bf0819754f71f
af18a5f9a5aa45a191a99b4792b127c5,0.6359581,78b600dd53854b018f87267d268b7b1a
54d65ec837ed478986a344f4bba2e423,0.6261286,64fa5ce839ef406b9bc8a1b2f05094c7
bd9ad9e73d3d47e6bc36d0072d5d99bf,0.6236023,3be388c9ab614bceb086c19f70df23c2
5df786def0874c84a4a9878f379009d0,0.62351006,92d5da561f5a41bf929f3555a74cd653
b894792524d841b3b24c566aa9c41b8d,0.62151116,cd56b9a044c24df8a7156f661cb3d9cf
a34c38121a3948f8949f49df67186c78,0.6193284,92229a391d0b418f87b32c86c42a292c
a10fa0e95314472f9c5d9f4695a8391c,0.6150647,74e7db4222ca4a20811199afafa346a7
be220fecc0fe4c75a466c1f760eed397,0.60874194,3be388c9ab614bceb086c19f70df23c2
4bd7c89c496144089a9b340c20c1a8bf,0.6077655,ad2b6fb945714e6792c17bd49a1066e0
30bedeca60dd40b78dc5e6d52d6af8a8,0.6050415,acee70abee2841c9b67b95e9ed079647
2b1ae0f0956e475c80e1ba5ca01abe84,0.6006032,b4150337314e40fb9e3ebb24514504a3
95eb2760eddb42a799eed009f1907025,0.5989863,0ebc441d25664c91adad96b570270f07
2a15a6ed7e29403295f571a40fbf5895,0.5933838,e492ff7fecf046a4948c5ba5631cdefe
2c2bd31efb4543d08c60180fb6fa21a2,0.5923127,1d47a696eae94bd29f215a4787b27d8a
68a1587934b74c2aac31a790843f3b56,0.5904889,e5692bd498004d32934fbaa05af2120d
d9956ba9a7e94d0ca7496d6df99555d8,0.58813536,efdf40eee13d409c9955e5b84e4408f6
af017ad1aa9c48c490bae2aaba2f1029,0.58767945,ec281224f8ee419ebde676f291672aea
c2ed9246a86b4c0f93db5a4cdfa7f06c,0.5862762,d443e0c5017d48d1b3f86bf4da959ed5
a7e8389d66b049749ff42ecf8384fc99,0.5685348,ed9b10a2879742628fce003076ef9024
3477cf6029bd4abb97d2bbcc6c11509b,0.5668534,1216ce1ef31e4643bb1222538c206342
299ada2bc5ef4534ad5e0b1b7d10e457,0.5666272,e02ad4f63c8444b79a7a56fb23a4e0f1
93879e26ebe547db997c77791c3d7fc1,0.56553626,21b1ded02d7b42618592187e287835a3
e1c498af40d54c85bcea4f0ce236b966,0.56113744,d9fbe02f04a4469dac855f69ea6ad02a
e84532113530478c84db1abdcae9a6d6,0.55949616,95fbc6ed8bfd43c1a6bcf676e26e7f8a
1742e7fa8f8a48728fe37d75ce11b9c4,0.5578819,1d47a696eae94bd29f215a4787b27d8a
bc74f6e0e01940f8b0e150ba65e72d34,0.5518825,74e7db4222ca4a20811199afafa346a7
e99926e33dcd4f4082308eff2e38da35,0.54921085,88dc23909eb4415aa39b96cc3a4c2926
26b564b6bf114f2bbe987a9490e74e89,0.54858,d74f6e7abeb84eedb9923dadb62f45f0
b1d8d95b89ff4347aa88a86b33c0e524,0.5357623,c322b788813745e0aa7b592b4345d379
87097861fe6e492abd016be0dba27ec9,0.5322091,9e304a9bbc7b4c22af8025fc93757357
f2b48599b4e942a098c9a2fb280c2525,0.52840316,7ac9c94011924c09b47f9640211885a2
f119f6dc27c64e5c8485b001368d839e,0.5227909,7cd1db4b50dd41e6b2f3dd15fcab3b89
2a4b8f6f2f1948e587b2de1effffc8c6,0.5199752,23066f7964874fd39639dbf2cb2766df
6b4034f8415244f88296cacd28edca37,0.5186303,8a77dc665d8b4d95a0b1113522f7e9c3
44ed303d7bde4629ae56239936f499ec,0.51728624,1af4472b38cc4304841b2f1720075c9d
c674a30eca94429c91ef5e7bfd2d9f24,0.5169517,c322b788813745e0aa7b592b4345d379
1e579d7ae9414003b1ba23d9839d8031,0.5085504,faaac88748714ce8a99413b952a1dac8
3cbe7ad4fbe64e83876d9c85f91a8237,0.5073726,d4cd0b56b6f54e08aec8ebfdb6122c5c
c8d0d1f2df5c4b2a8eecdd2acc610a85,0.49954832,e25b9d9944cb4d7197efb8ffc4ff57a1
41e25db024634f619358f3093d8df1e8,0.48409605,3257035cc77946d98bdc09e2fdd5cdae
59f932ea796043fdba3c19bd87389e96,0.4821458,58f53c379f7a4868a2ba6d91a06247d2
4aeb82ff294e4be9be97a1aee9698fef,0.48088032,e456afdf95e643dd926249fec4d68753
d4560ab76d914af184a3cafa8ec46abc,0.47560197,983940e0b12e4186a281c36de657406e
75c4589bd9604a0ea1651453f58495b2,0.4731133,ecdae9f36c6a437ea72739febbf1c89c
26b721f1caa14c70b7aa9e5a8898e76a,0.47161633,34b71675a1ae442395b6eb1f3eda23df
24e177e9075a4c7ebd2cf154bcbf7b78,0.47081935,c9628610053945f4a7998ae48cd70da3
112c929868df4d8fa0428f2c3cf17e3d,0.4684732,ad289d5052264f9c8bd0aaf9faace92e
aaba5fcdec244fc79439dd67ba8a495d,0.46591622,e02ad4f63c8444b79a7a56fb23a4e0f1
70eae43486ba469e9dcabff502a498ba,0.46150428,11ec23965d2941d0817082107996ebbb
7b51de0f71b142e7ba4820c5972d711f,0.45566726,b050e9e1ef5946c297a34dda98d8f476
43d1998f5950428d94f74e0f6227fc3b,0.4531685,92d5da561f5a41bf929f3555a74cd653
e8dea0d3ff7b4340b7e4863d401e1a4c,0.4491519,95fbc6ed8bfd43c1a6bcf676e26e7f8a
66c69be4b87942098f652198c91df0bd,0.44240552,77ac5eb4b3054ca68e2b0dcbd5473fd1
ba4441ee87f14d4ab951a01cf5035eb9,0.43521622,7ce06191f1114b4c8a00609f6867761f
c189a309da7a472e88194571c3354d34,0.42288053,6b9b2c8f0a874bb8b6691aca6bc49565
15af8d3a801645799a0656e8ff3c729f,0.41874945,691acac4a54d450697afb2c2dc4fca09
4b39ba0bb2e54f72bf6cc4c7832b3841,0.41192257,fb709e29755b44988bb252c87a2ce2f3
ba50600bf9f046bf97bbe28dc09a3ff4,0.40972,92229a391d0b418f87b32c86c42a292c
eccc933299ba48deadc3fbeb6ca6ffea,0.40707326,37337ebec05640b890e4b9612776c32b
f503f17338d443e6a873dd091898a5b6,0.40345198,855b3971c4a147cfb9a7c281fa6b915e
4d8700f8f8b3476899b9e140d2b572ea,0.3961153,e492ff7fecf046a4948c5ba5631cdefe
32b7043aedf94f65af81490dfccc8b7a,0.39537275,7ac9c94011924c09b47f9640211885a2
ef4b6d47c51c4527a80e52519f3c872b,0.3912168,691a538d2372403fad2b919b48ff5f85
1d6f4b84093244e6915c8d2b03d11912,0.3909961,bade01bd83ec4b6786fd8c867ca7a090
b0eebd77fb114ff388e46e4f3d284b4d,0.38846833,e25b9d9944cb4d7197efb8ffc4ff57a1
d989c36a82a14c81ab2fe8b49f3c94f4,0.38568825,a1d8cb16dafd4126922f985021e93631
4d2df900c0ef4261878a1ee108ac520d,0.3845923,ec281224f8ee419ebde676f291672aea
6abbc2ba6e8241f5b7132c7bb338f92e,0.37964362,37337ebec05640b890e4b9612776c32b
b4d2f62738d84adba1b5809481bab602,0.37412357,fe6ace599de44aa19b1773dad3658fee
020f53a16c0047f9a592ac5126da2ccd,0.370472,4696c8192576454f8684954bc771aa23
64c90aaee7904b2ab8098f0dfe8cd516,0.36848342,d576e334105247369362b05a375e88cd
b0cc005e94e04a1da113c12dded0a882,0.36650562,691a538d2372403fad2b919b48ff5f85
bc4671732d9843eaabd57d23d84f259d,0.36535287,bd35571850644321b86ce4fae286ce7d
ae8dce8e4fd84a42916e2a2ea4ab7c38,0.35982847,fb709e29755b44988bb252c87a2ce2f3
a66dab00c6184b79866a0fe90c090db0,0.35758412,65664fb3aad341fab563409d91dddd2d
0aa6a9108b584bbf8d7c94f8d1ba84e3,0.35302424,691a538d2372403fad2b919b48ff5f85
0cee0f740cfa4b118595c4e921220588,0.3516139,92d5da561f5a41bf929f3555a74cd653
1c8f15d98ac3471fb966536a1bc8e9e6,0.34527826,f036aaf4ab714c598a0b6da4ca604136
2b4fda504eff4531832d7897265ba39f,0.3415264,d79afb377f5349a69830b2b4c7cfefcb
580c0c6a3cd6416cb6654f177ff2498a,0.33998865,9b22c5cdbff44bdabd48dba008e6a3b2
93ff73f78f7c4aac9aa13de5f64205cd,0.32973766,00f45d57fd3c448d8cfdf3185ebae894
f83685b1d7eb4bb2912f5e7358584feb,0.3296249,691a538d2372403fad2b919b48ff5f85
7bdcbc60a1354e079289b50702cced90,0.3294785,5971501b0e8b4ef5b203c3985d7f5e88
57cb6a69463a4f248087b39af146fdc7,0.32851434,0f9cc12519eb4872af7be7fe49e19f59
88de1634c729442aa72060868b167abd,0.32789707,82b01998353e4141a7613fdc96d7b600
278a6d1334d949ac865e60b6199bf59d,0.3243175,a926df6d7fcf4b17b68dae6f41fbce66
05695e1694384bd79b37246fbab26b35,0.32336384,965598a17b624a0f9bb1cd58595458a6
492d363c9d8b450da859bd06f06cf687,0.32279515,ff218cc7835d4b5ba0de22792319050a
d18685a2ca8c4ab48ac9d9b824ce3bc7,0.3218934,983940e0b12e4186a281c36de657406e
9c3a88f966094359839f8ebc3263a6ae,0.32007575,ad289d5052264f9c8bd0aaf9faace92e
0f4e625476a041c88fade20efb2eabcb,0.31823632,64f1d63a671d441d9663a783f632f794
0d4e1854d2f24a18acc550c6afc2fda2,0.3169763,0f9cc12519eb4872af7be7fe49e19f59
b7734f7f37a349c491b96e42059f61dd,0.31079698,bab3bdc133384798b558f8fb6466a7fa
ddb77e0838c941d9acdd2f02496195e2,0.30936837,e9f055a212cd4e5e8601228c37713f35
7e1df8a5aabd4ab88cff299bb27c308d,0.30460525,0472051dc57d43f8b9dd08df475fc4a3
c81dd22a150c47b8b83d8439c0024f01,0.29810822,a585d23fe43f459ba86ac15645af77ff
7f1f5ddc758b4e929452c112c70911ba,0.2969612,7a4c413f5c844796bd5ffed2b65f0336
e4c05db0326140dd9c48a8179a3fb6ba,0.28990984,02cf82700b4f4773af3a14ad8eaa5270
6fa6aa705e9a479b9435e2367955056b,0.28072274,d6fe6f8380464e21a27fd69de27f1f57
47b8aa81feb6443088dc32ba9aaeca66,0.27060515,3257035cc77946d98bdc09e2fdd5cdae
192ea3bc5bf1479bb3255c41ff2fa9e8,0.26613128,bd2f91a9415049d980e453f94327e0ce
95cfdf88f92e45f9b81a755fb1718759,0.26480266,58db4c3a26c84fa68d81235d078208bc
a1ea6d619e4045668556cef7645bb76b,0.25993687,9ff95d23c3284d31ba5e398afa520649
d8b0fd7f373b467f8a214ebf710b5469,0.25827575,89e43b092c844b5886a93091a22c894a
c873b341cab549d6be3c38ca79441d7f,0.2579825,b25fe3b79f714d38b3fc53e39fd84d36
335322101aa0491c89fbabfb87c21ad8,0.2574432,9ff95d23c3284d31ba5e398afa520649
93945027f4fc4a43aedd7dc6affd5621,0.25645196,d74f6e7abeb84eedb9923dadb62f45f0
e20a7ed561e1414ba269129124fa8186,0.25640732,f5a6222612ef406b8f02aef87e08c476
fbbfaaf2bc764120a3356650c7d62219,0.254578,2768d411cc374a018a898f9df0ca207d
d8fd098382264e93a362843242d58e0a,0.25382638,8f761e1117754656ac86a3a25f241cd7
554e702a075743a499899b99b73eea46,0.25214887,66b0c8a58f444ea0aec34d9403b88a49
5b204de5b2be4f0cad1271ad9c6b1f51,0.2507335,82b01998353e4141a7613fdc96d7b600
5ebfa573972845a5842bf96fbf02053a,0.24270636,5a68e05acea4434ba08e17e1fff00057
091380ee73214c408bde7f510f136c4f,0.24190676,c8c201e25c0047a2ba9d9e8541ac0939
173d05df5b374e3ea0eeb958b8854299,0.23939449,27eee82d7fb94b9b8b60bd3101187496
75bd7834bfba42a0824a1918cd04b829,0.23767793,c8b9a0ac7c214a449c434aabdf6ef770
6ede534375a14c609d02c3f94a41907e,0.237153,de9328bdd1b34adda74a0363ff0a52b6
41fab89a8af342e5835f50c62da3910a,0.23146036,1af4472b38cc4304841b2f1720075c9d
2fd2926eef6c41939266c5d6a5803999,0.22852145,eaca056cec224a30aaaed30c39f644c2
d6db57dd12dd48adae78eb66e24cd991,0.22614133,cb85047b65f8468aa02744c28c075dbd
0f7f319e6bfb4438a4746cfecb70a08e,0.22479445,855b3971c4a147cfb9a7c281fa6b915e
69705e3d3da0436881b25f42d2a6f102,0.21911712,4d708e5878784386a42c2f436d2d60f0
6c8cdd6141244ba1b62fee70292cc68a,0.216144,b4150337314e40fb9e3ebb24514504a3
25f901ba444c47eab6b03184191a3151,0.21508288,4b748d6624144214b3d8a80b37aabde6
8dc57aa25917490abcf294b3f73bedd6,0.21396199,ad289d5052264f9c8bd0aaf9faace92e
a8117ce7b13549fc829e0bf1a9330dc9,0.2099317,fe6ace599de44aa19b1773dad3658fee
7409ac4ac3c944aca7a9965f2568766e,0.19853358,5971501b0e8b4ef5b203c3985d7f5e88
e8d0fd5309724c1cbb4da8f5c55ac9f4,0.1886698,4696c8192576454f8684954bc771aa23
e824774b41174da8a1c495885b348626,0.18835044,e492ff7fecf046a4948c5ba5631cdefe
18eaa3f481614cfc945c16f2cbb757fe,0.18554613,6542f58c143446f280e88a6375ccf79a
a02994faca0a4c088e226d856518737f,0.18517923,630edd9b8f754b5dbd36cfbbd03ccb51
5302778a501c4de9bbc6c6fc6f7cd8b1,0.183132,92d5da561f5a41bf929f3555a74cd653
71f93aa94339483884743fd218725216,0.17950058,9b22c5cdbff44bdabd48dba008e6a3b2
be7a669164c1423c8ebd0ba23ce48329,0.17626405,e52a528036014db0a7bd54b99a310fe8
2f2c1d07f46c48cc9afd407c79405b1a,0.17325234,7c1e02f3ab614e539ac901e5cd3c92d8
7f8ae3801f3441f696f05e6cdd70c2fb,0.16944158,156f393f7ca046299e09d05464afa056
3e5dd993b40a449fa94dcff02439d160,0.16810861,9ff95d23c3284d31ba5e398afa520649
e750dd4744fd4421bd2387f0ec80c5aa,0.16550821,f5a6222612ef406b8f02aef87e08c476
4a2b5888e21b471bb770cd3b5b496ae4,0.1617279,4d708e5878784386a42c2f436d2d60f0
590ea703d6da42979db4f6cf3ec882f4,0.1607709,1c97c72e076f40fcadb22b17e71beed1
8a96af0f20f74b209326dd750c56a2f3,0.15663242,0ebc441d25664c91adad96b570270f07
98a56450793d4447a21350dcb38b80eb,0.15133488,efdf40eee13d409c9955e5b84e4408f6
96cfa510415b439da48aa661aff3500b,0.1333785,1d47a696eae94bd29f215a4787b27d8a
8195fb97514a48a7a6eddc58be5d8f37,0.13166505,691acac4a54d450697afb2c2dc4fca09
a3b9cd8b03da4791964406ffeee48526,0.13052034,6542f58c143446f280e88a6375ccf79a
9b8afef332b0478a954974c9be4b010f,0.12672454,2a9658410614443d8a27ef174f61d6e8
3b01fad04aad4fba95d40be77808d716,0.12641078,cd60a0fcac24465a880af7d8f921dd68
9123b9ef4c9d4fde932408d0244495f7,0.12574506,6d3c42356e3b459c919e3129ff192ac4
84e237a5da704cc28748ceb897b709a3,0.118210316,11ec23965d2941d0817082107996ebbb
3b54cc7ced814b6cbc6dea86f09aa770,0.11587238,ed9b10a2879742628fce003076ef9024
146864f4715c4e438e2c3294df06d9b8,0.11358042,691acac4a54d450697afb2c2dc4fca09
3e1186b551804ac0880d688f4ad41f5d,0.11166656,17cc6768c9d14388b7455fea0060b62c
707f6646366145df8e5402888ac28325,0.10896851,779d7c2bad1940c8a861451964e1ce01
fa6d529498794d1f98deb51ebbb48d55,0.10879152,89597084b19c4902b073a2c6c6622456
07e594806c6c4bdf8d98e2995979eae1,0.10852812,0472051dc57d43f8b9dd08df475fc4a3
d3b5dd91af4f4e17a5b26bd5058f3dd5,0.10173488,c26f5e7dcc8149f18f3d719bba9ae717
398dcfd9b9434e5aae4fbf7f5752d33e,0.09999208,ff715b4f228443e3b067c801250f3402
49b80615188d4680a95923cff4718e3d,0.09726933,8f761e1117754656ac86a3a25f241cd7
bf264d2d70b7477da4cae8ac6203a5a9,0.09656018,cc21026ff0d541909df56c5618d28518
37a17e9368a0458aad652a8b0602892a,0.08311376,630edd9b8f754b5dbd36cfbbd03ccb51
eb00bd2670c84bb588d8454baa453007,0.074849516,a0fe3cd34e474c3b90662ce8ef1fcac6
7cb1eb87f58f48c88b0b1f3205d9a6e5,0.0740774,d27cfea4da8f445fb4e3c55e53c6482c
17176251386d48d798eb18eee7208273,0.07277445,46ba0b979a664c7cb0c315c4cde6ac86
a16486024d12452a9c7a4d88c7fc5efa,0.07087523,6c74bedaa406493a99988c5b8a47b704
20c77ed7406f451bac8e8bcd18b5187b,0.06864905,9e304a9bbc7b4c22af8025fc93757357
b615eb75fd0545b397a63d7c6a86c4eb,0.065736055,ad2109663af04c549385cd2ab9b3283b
211c5c1ee1d042d391296b95c6c95c66,0.06284326,cc21026ff0d541909df56c5618d28518
963dcd06789246059d5a6ecdb28e6321,0.06217903,77ac5eb4b3054ca68e2b0dcbd5473fd1
128de5daa04242e7b0c9eca5277071bd,0.061315656,85e7ea30890b456084b8e85c299c8649
c9d40d7967754291b6d16c34879f008c,0.05793512,73e7e41e8db447c09cb2363d76556c64
b717169ea8804058961095ae61a7b5fd,0.057098627,64fa5ce839ef406b9bc8a1b2f05094c7
7975ca7b6008414e8bab9d135c53eb59,0.05056113,a926df6d7fcf4b17b68dae6f41fbce66
211bbe2f818640a39e55304483f7aee1,0.049161077,691a538d2372403fad2b919b48ff5f85
390b32b86ff0424dbb5e9e0d988dd09c,0.04760748,9303b9f7f4984b2dac8aeba8c8da8ef6
e263f6646da54395823572d53a7be6e9,0.046602726,58db4c3a26c84fa68d81235d078208bc
d3b55aa1a6b041cbadb5fc0139fd8cac,0.04529333,e456afdf95e643dd926249fec4d68753
45f269eb7e1044bfbd012ba2df2be6ad,0.04057628,4a4eb12a639346b5a00557d54b51fe51
1b136bc276a84642874e1a5427cac81f,0.03805697,e7d6747e8c8b4ebcb665e232240daf17
d23da11a51a94f54a9acb157cbe7056b,0.03713265,27eee82d7fb94b9b8b60bd3101187496
972aaaac6728431b983362d505543fa0,0.027330399,80948e17b5694599919e1502bfcc08f3
78806c5668cd4a01a34eaa549dbc4021,0.026871845,d79afb377f5349a69830b2b4c7cfefcb
fc06ca8216b146f1811dbd89c4518c42,0.024843454,6a122ce1702646db918266228d48bd08
22fbef34478f40bbbd083e12595903b4,0.023497343,de9328bdd1b34adda74a0363ff0a52b6
e746e83fb0634ed3b81c10391e2d74e8,0.019031882,ff218cc7835d4b5ba0de22792319050a
1a3959ec40e24329b5c36ae3d8bd148b,0.013171762,d443e0c5017d48d1b3f86bf4da959ed5
932fad47da6c474ebd763a0249ad22cd,0.008477509,f9fae977af2c4f35b29400f31267e170
a72d6ed397c64fa7ad1aeb46a417fa4e,0.008298755,8a77dc665d8b4d95a0b1113522f7e9c3
599db2cba5134f72b9cd514e41aa34ba,0.0020226836,e5692bd498004d32934fbaa05af2120d
