16242654caa64a669f249360ac629e5a,6.3880167,3be388c9ab614bceb086c19f70df23c2
c3758e6612fe4a54ae862d91d26d805f,6.0243373,d331012ecf0c40888e0ac290184f0883
71938515de5a4c74929e6fa8edb97420,5.767045,c9e2e76e631c4d0a8013d90892350e06
726d313084b349baaffae4f209998766,5.262856,b050e9e1ef5946c297a34dda98d8f476
f99339dff24a46dea0ac6862299d7024,5.2539735,1cbfb22f84454b1fb821b602e3ad11f8
d26040150be642cfa0310e083cc0d204,5.2476034,bf59502a233e4b5eaff9cfa3a992c387
a95afea2e8ff4cedb3e0f1aedf6efb9f,5.069442,e02ad4f63c8444b79a7a56fb23a4e0f1
b98768914d8d4eaebb4632fefbad06aa,5.0600505,89e43b092c844b5886a93091a22c894a
29d39b14f72c45cebe5afd433c98dd23,5.0431232,b2be859ca8f24cda86821d5383edbc18
850ffbbf78224a1b910a45c2ad3ab6cd,5.0236654,19c9ac7b84df472c85ed6cf5a05fbbc6
4b3202343ccc4337aa099b8a9e046db5,4.9810324,e25b9d9944cb4d7197efb8ffc4ff57a1
4a2be481c29745e6be4e4b6a6d39ff64,4.973103,6a122ce1702646db918266228d48bd08
a2efdf5f804f446e917399345898167f,4.920903,80948e17b5694599919e1502bfcc08f3
451c5024a60b4f45afcd2f388601c16b,4.879552,640f3bd184b7425fb22cc7773b8b2244
84350503e37143fc8548ffcbd24070b0,4.8138885,c26f5e7dcc8149f18f3d719bba9ae717
52acdc11a8df4558867635630b69348c,4.75969,74e7db4222ca4a20811199afafa346a7
de06cda8b2974e1faea48a81f0d71342,4.726318,6b9b2c8f0a874bb8b6691aca6bc49565
512d51a776a240e1b495922587e2bbba,4.7107596,a926df6d7fcf4b17b68dae6f41fbce66
f3c6b6b18ad14537b64fde19aca70992,4.651203,bd35571850644321b86ce4fae286ce7d
237d880c4172486781ba355b82ab8600,4.649869,e96aa0967ab94368b381354e03dc40ad
8c85184de9ce46bdbd65f38bd49612b6,4.633135,9b22c5cdbff44bdabd48dba008e6a3b2
b5f4e559a70849b2943f3967cc08b56e,4.544763,3be388c9ab614bceb086c19f70df23c2
ec947b46f577485bacac003c668ee2b8,4.540953,d74f6e7abeb84eedb9923dadb62f45f0
484bed1b612b48f3a0b37b91bf626f39,4.5337524,057164cf4aab45ebbefef3409359cfb1
523ac70af19e4d6988870738be0827dc,4.5197783,1fde4c9a01f84c349461083b6d0ba9ed
6283b7ae96e24cb789de54f62817a522,4.5055923,e25b9d9944cb4d7197efb8ffc4ff57a1
44ed303d7bde4629ae56239936f499ec,4.4460754,1af4472b38cc4304841b2f1720075c9d
c7d1e88369c14b5bbfe40bbbe31311ae,4.4165444,cd60a0fcac24465a880af7d8f921dd68
54371d2d71dc41b99b9d79ae757b5dbf,4.4131703,4a4eb12a639346b5a00557d54b51fe51
722ce5c8bc4f4e07b309329bddf66d7e,4.408082,80921378de2b4cd3a14d449688d8b079
bc74f6e0e01940f8b0e150ba65e72d34,4.394325,74e7db4222ca4a20811199afafa346a7
d279eb260acc48558e34415c5c588926,4.3876905,7cd1db4b50dd41e6b2f3dd15fcab3b89
5d880a342d1a4ff987be8c9023fe6275,4.364204,c0cb721b56f240dabf7f464e453ef72e
3ff3a9f9ebdf41968cac02ff122f56eb,4.358873,c88be17376104f999b914a91aebf7220
f023a1ec2a5e4947a0c66be38c5f67b2,4.350553,7ac9c94011924c09b47f9640211885a2
1c5c1558517e409b9358d9a48811062a,4.2924013,fd51f3eef1a64d9a93652be481bde32e
5ad95d0217fa4cccb9c2c7428bffd1f7,4.269315,8aadcf7251724cc6858dc0db44abebe3
73816ea484544387b7c1014e6b97b187,4.2676067,0f9cc12519eb4872af7be7fe49e19f59
e163e00abbda4bc5adec2f85871b7c88,4.2658777,5a73e0a5c757410eb0928feed7b151c8
0f51f0e1827243a380a392150248b877,4.2623644,bd35571850644321b86ce4fae286ce7d
632f27bc9e4b4d3b84108ebd02d27c77,4.256559,19c9ac7b84df472c85ed6cf5a05fbbc6
8ec020ab1bfe43a58c104ac0eaa95bf7,4.2359805,0ebc441d25664c91adad96b570270f07
f74645ebd6e74b0a8ca70c4a1a983295,4.2226906,46bfd7af0ed6491fa621350963d11e35
0c553973fbe042a7af2110e0a2fcdddd,4.218991,bd35571850644321b86ce4fae286ce7d
5eb93e49e2204dc9b7b5147e35d7cf84,4.2098746,7c1e02f3ab614e539ac901e5cd3c92d8
eedf84d8949845939452e2cf59d2cc6a,4.2082686,a0fe3cd34e474c3b90662ce8ef1fcac6
cf4d7289a12b4ebcb7b17e8b76d82342,4.1902924,ad2109663af04c549385cd2ab9b3283b
1008087cab8f407eb2cd44e6c79658c7,4.120053,d576e334105247369362b05a375e88cd
c8edf9162b024bcbbab1b1a81987a40b,4.101061,1cbfb22f84454b1fb821b602e3ad11f8
2582ce6fc7d14ce6bd50980959cd305c,4.0528464,cd60a0fcac24465a880af7d8f921dd68
3f44a924107f4ecabdb619dac62a5931,4.0188518,5a68e05acea4434ba08e17e1fff00057
d723c3032ecb44e187744c460cd06e8b,4.0178757,00f45d57fd3c448d8cfdf3185ebae894
c57df4a5798042df90a71b4c979df11f,4.007486,c8c201e25c0047a2ba9d9e8541ac0939
b8052a41b1ca486aa8d1d4fd870dda88,3.966994,64fa5ce839ef406b9bc8a1b2f05094c7
36b74b7a585a45e796fd8ff39bc60f3b,3.930568,e5692bd498004d32934fbaa05af2120d
a56141d36b5f4520aef20a35398d8265,3.9171095,9303b9f7f4984b2dac8aeba8c8da8ef6
7f38510693a9428bbcd86009bb013321,3.901919,6c8a24653ef04f559b88e0f27c0df63a
81c6d98619c8406bb519ea26c477b3b7,3.876801,d9fbe02f04a4469dac855f69ea6ad02a
980e4d1c5fe143498514e41d3c6501b3,3.874579,eb513691b7a04d31ab1bc50bf343447b
4a5a47f40e9b42f5af28b197d3e59ef7,3.8676047,3be388c9ab614bceb086c19f70df23c2
b1574b190fd242e9a0cf3b489caa91e4,3.8660269,75b0bd2240a54f6fb45bf95ca43ab5e6
8f2691e2160d4c95b5b1ec99938ea931,3.8601675,23066f7964874fd39639dbf2cb2766df
b707dfaa86a540dd9c3fa75fed4a43af,3.859217,b8ca3b6144cd48208caae952e096e7ae
bb58d88db2894bbe8d84b210cc4f26ab,3.843279,99142f1c07cd4782814f8c970eaaa40a
396e243238ef431aa015a783dd23ef83,3.8316107,f5a6222612ef406b8f02aef87e08c476
eccc933299ba48deadc3fbeb6ca6ffea,3.7921054,37337ebec05640b890e4b9612776c32b
0f94bc21c14143a9aa839de2e99bdecd,3.7826614,7ce06191f1114b4c8a00609f6867761f
ced8e3adb0484f249ac865052953d5b6,3.7750306,58db4c3a26c84fa68d81235d078208bc
c0701f4c6a8e41a8a7df573b4abbe04f,3.7574794,b4150337314e40fb9e3ebb24514504a3
e20a7ed561e1414ba269129124fa8186,3.7321694,f5a6222612ef406b8f02aef87e08c476
242f18b8efb7402a9e394515b5294eb5,3.7187073,d79afb377f5349a69830b2b4c7cfefcb
062dc7df9c4f430f87502fe7eadd5d7e,3.7073226,89597084b19c4902b073a2c6c6622456
705398996d6440bd986d3dfa47bb583a,3.7027836,3be388c9ab614bceb086c19f70df23c2
b4aee6c48c214408b310c9c345695420,3.695586,5a73e0a5c757410eb0928feed7b151c8
b2e0675fdf93468a8fe7f4992e5ac02e,3.6938498,a1d8cb16dafd4126922f985021e93631
13c651889f50420d9c7adaeac0c211d8,3.6934133,d42996c2b67443fd9b73bba7641d4f77
4cf68d2768954335a7f7c61a045babf9,3.6731253,e7d6747e8c8b4ebcb665e232240daf17
0de5d39510de4443a35bdbb6b6b2c2fd,3.6674109,7ce06191f1114b4c8a00609f6867761f
b7e96cbc27284100ad9f3ea6005e3af7,3.649033,34b71675a1ae442395b6eb1f3eda23df
b344c4448c13473197e3c11682c4096e,3.6414404,3257035cc77946d98bdc09e2fdd5cdae
80a892b08d854ed7ba82af259da76154,3.6152735,156f393f7ca046299e09d05464afa056
fa4aad3a76ce4c019895b7d73d8b496d,3.611691,e5692bd498004d32934fbaa05af2120d
54189dfe90d2466b990b9dd0c5484606,3.608915,89e43b092c844b5886a93091a22c894a
77f470031d7a4d3aa691e074e7215cb5,3.5823863,e96aa0967ab94368b381354e03dc40ad
db9abde406b849d59dadd9330fa873dd,3.566127,d0a840820172465f83c8480d571e7b71
3e7d386674184d34bfa0757dab4b3681,3.5582051,700f381f40ce4b039ce0df8b49fb199b
4a1eda64c5a74dc59c1ca7cc15a429dc,3.5466847,7ce06191f1114b4c8a00609f6867761f
acedb352e247418e9c82dcd73b857c82,3.543195,eaca056cec224a30aaaed30c39f644c2
b2f096bfd95f437395470a39b9b6ada7,3.5424137,f5a6222612ef406b8f02aef87e08c476
ab85f0b004fe481ebacaefa2d94bb656,3.5355036,e52a528036014db0a7bd54b99a310fe8
1946e52260f34a0695c378112d6020fa,3.5351253,1af4472b38cc4304841b2f1720075c9d
6ef8ff7c77a84500af8da2548cb4bcd1,3.530716,855b3971c4a147cfb9a7c281fa6b915e
7e4c2a881ad24760b9775870c8ec426a,3.5218477,f036aaf4ab714c598a0b6da4ca604136
180f987f287248c487b83fbddc87ee09,3.5143926,17cc6768c9d14388b7455fea0060b62c
2c689d06459b496798e7fc1e4ce8b03e,3.5074263,6c8a24653ef04f559b88e0f27c0df63a
1e3ef31d6bdc469a89c1eaf71cbead2a,3.5026479,e5692bd498004d32934fbaa05af2120d
6c106f8a15e949a69472df18c370d213,3.4924254,75b0bd2240a54f6fb45bf95ca43ab5e6
9526a184d9234981861f184f41d509b6,3.469719,77a8b27acb0e4600bb6ff974eabc269c
744af08539fd44678fb92fe2cd3adfbd,3.4667735,acee70abee2841c9b67b95e9ed079647
06706b7f76a3492e8e814546d9bcefab,3.4467227,d981f2c67f764e0c84af125b563958e9
729eb469bdc343e6b5c2628e9be83fd1,3.4208012,903360099fb644b6b88c6edac88eecb2
15171a501992488a97cd9f1f44475978,3.407249,a1d8cb16dafd4126922f985021e93631
7771343be99843f58171d62a3f040005,3.3659012,e52a528036014db0a7bd54b99a310fe8
bc216861a2124a6b9cd42cda34629f7a,3.3479474,257aed6ca7a44f1cb5c664beb1be527b
410190593a7f4b7e8ed63596f20c37e8,3.329298,e5692bd498004d32934fbaa05af2120d
6f19ee43f25e4a01adfde430ceb68864,3.3282387,9303b9f7f4984b2dac8aeba8c8da8ef6
e89166577a8e4c1d9c4025a06e1d5a24,3.3263762,a0fe3cd34e474c3b90662ce8ef1fcac6
00384c60922647c68bbbf144d4c751c6,3.3226597,d443e0c5017d48d1b3f86bf4da959ed5
fba9b7d7ae944ed889c1f11ceefd238f,3.297092,cd60a0fcac24465a880af7d8f921dd68
d2e23fe1095249c4a12577fd6efe8a65,3.2961392,700f381f40ce4b039ce0df8b49fb199b
e2b6403a2141451a9febd997a026ed2d,3.279541,8a77dc665d8b4d95a0b1113522f7e9c3
3d87a00da06642ab94224dffed6c2ef5,3.2748423,c9e2e76e631c4d0a8013d90892350e06
50d0942bfc7540f2b61af337707d303b,3.2704396,4430d47e30904eab969c1baebca184c0
a1e176f474f04640aedebc0ece81583e,3.2669234,965598a17b624a0f9bb1cd58595458a6
b30b809bfd8141fb9aab99fe056092d2,3.2415202,65664fb3aad341fab563409d91dddd2d
4d211e99c4d0455980e9ab87c212c2d5,3.2255535,2a9658410614443d8a27ef174f61d6e8
d335f8b8c90c47229c445bda59c63cab,3.2179434,d981f2c67f764e0c84af125b563958e9
d2b5f8ef9a8a42058f879a4e41d8d02c,3.2087405,b050e9e1ef5946c297a34dda98d8f476
780486c1076b4c48a2e7b01053d328cf,3.199711,46bfd7af0ed6491fa621350963d11e35
a4e40c85d10248bd9a34d6c44e22b010,3.1924872,c9628610053945f4a7998ae48cd70da3
f854f94037cd4d678dad33c5ee4d0dae,3.1868591,5a68e05acea4434ba08e17e1fff00057
c299003ba5bb48b3bd7eab31321b539b,3.1793895,f615619defc4402b82845090c238e597
700d97396d164429817cb71d0e1b313f,3.1655817,f9fae977af2c4f35b29400f31267e170
175670fdd73e4fbc967ac1f61eeb9bec,3.15947,9014beae94cf4f648e1663c8d5ec6803
ce7e02187e74451f8fe2511db0fed0fb,3.1593032,779d7c2bad1940c8a861451964e1ce01
c8bddc0d410d4f759537fd2e4bff533f,3.1469977,1af4472b38cc4304841b2f1720075c9d
5ab1cd14b5304690a8f45e2bb5a92dc4,3.1399798,19c9ac7b84df472c85ed6cf5a05fbbc6
2c5bf4d606bc4435af0045f6c269d043,3.1239214,7ab29c5e2f05481d8a69cc479a764ee8
9b8afef332b0478a954974c9be4b010f,3.1209304,2a9658410614443d8a27ef174f61d6e8
5d204449172f48b1b51ca2ed9308b6d6,3.1115146,11ec23965d2941d0817082107996ebbb
27074d8daee940d0ad71d8c9e50c854d,3.1011965,d74f6e7abeb84eedb9923dadb62f45f0
95d68b07aaac48c4a61e5fd5175885da,3.0997593,bf59502a233e4b5eaff9cfa3a992c387
38407a6caf584c85afd497d9bcadcef7,3.0917206,75b0bd2240a54f6fb45bf95ca43ab5e6
126cac1063d947f1b6b54ce7d54f2c68,3.0855908,e96aa0967ab94368b381354e03dc40ad
da58e0684cc34833a768589a2ab19e46,3.0845318,b8ca3b6144cd48208caae952e096e7ae
861d015f426f45d6bd869c91fb7aed57,3.0660727,eaca056cec224a30aaaed30c39f644c2
2e9806470e994a85904d3521b5fddaa6,3.0659153,5a26ae7959494fef99542e9b2004fd11
04fa52d782e34f0698238fc47401ee94,3.065295,965598a17b624a0f9bb1cd58595458a6
9c33f1dbb3ce4d8f9a3262e5fbb55cda,3.064306,779d7c2bad1940c8a861451964e1ce01
132d0c20f3274e85bec13d5c38962750,3.0575502,8a77dc665d8b4d95a0b1113522f7e9c3
15f76b93b94f4dfaa2c8b03a95b771e2,3.0523098,99142f1c07cd4782814f8c970eaaa40a
21aae632c1bf454196e14809b781c9e2,3.0452461,6b9b2c8f0a874bb8b6691aca6bc49565
0f23167585384e62970cf34d4092c7a7,3.0427363,e52a528036014db0a7bd54b99a310fe8
be7a669164c1423c8ebd0ba23ce48329,3.04076,e52a528036014db0a7bd54b99a310fe8
25bc48c919b24aac818d3ddc47d461c3,3.0384321,19c9ac7b84df472c85ed6cf5a05fbbc6
f7b6d1525412435fbc5af750fb1d4dfb,3.0374398,1cbfb22f84454b1fb821b602e3ad11f8
67807253c7c94312952c818472d4888b,3.03153,6c8a24653ef04f559b88e0f27c0df63a
4ef4c104173e4986b5ea7a85d28d9330,3.0300627,983940e0b12e4186a281c36de657406e
743660b5e64e440a8607fdc79aa05544,3.023264,bd35571850644321b86ce4fae286ce7d
71134a9c69f44b489217b6a7661eeb5d,3.018112,ed9b10a2879742628fce003076ef9024
f745ccee7e2340918079fa1ec6e0e29a,3.014626,7ab29c5e2f05481d8a69cc479a764ee8
acc8825aa2cb4d06bd3574a6b36e6a40,3.013246,c0cb721b56f240dabf7f464e453ef72e
b7734f7f37a349c491b96e42059f61dd,3.0079463,bab3bdc133384798b558f8fb6466a7fa
8ece6e92c7c541a2b5f597b12b7e0f92,2.9937377,82b01998353e4141a7613fdc96d7b600
173d2968abb140d2bd3ad182500686c2,2.9935892,d443e0c5017d48d1b3f86bf4da959ed5
fa644cc0807d4d278be005d3e2f849b3,2.9749045,5a26ae7959494fef99542e9b2004fd11
8f66f54b48f64293bbb1f369f41ee3c2,2.969112,6c8a24653ef04f559b88e0f27c0df63a
d2d96f2a42674dfbab3101abbce904dd,2.9680953,a0fe3cd34e474c3b90662ce8ef1fcac6
50eff679bc384b72918eba1cd77a5597,2.9616985,46bfd7af0ed6491fa621350963d11e35
5df786def0874c84a4a9878f379009d0,2.957113,92d5da561f5a41bf929f3555a74cd653
0b0ee45e830245ffa3ce101af6a1a750,2.9509006,855b3971c4a147cfb9a7c281fa6b915e
7736e2c1dbab4b4c904c42e51fd17759,2.9298475,640f3bd184b7425fb22cc7773b8b2244
d37d23786d3f4e90977fbe2a3e5be556,2.9234722,85e7ea30890b456084b8e85c299c8649
1c5703785c574a4a86152b8e8ceaaab1,2.9227123,4ad7e2502210436f9ca5735fdf7e50c3
7f50b6b5321c44e191bc82be785455b3,2.8901076,7ce06191f1114b4c8a00609f6867761f
b26293f2e7f54384a164fb685236aa8f,2.88526,58f53c379f7a4868a2ba6d91a06247d2
429c0e9f5199454590fcd1e2560a42a7,2.8837662,1af4472b38cc4304841b2f1720075c9d
63b43033779f4fd5ba6309fb8f1fb41e,2.8674443,7ce06191f1114b4c8a00609f6867761f
590ea703d6da42979db4f6cf3ec882f4,2.857303,1c97c72e076f40fcadb22b17e71beed1
35129a42bebe41de95138c15b348926d,2.8555753,7ac9c94011924c09b47f9640211885a2
55c82489e50948b39c0f1bfe5fbf408e,2.848591,89597084b19c4902b073a2c6c6622456
e0bbcc95980e4aee9f0b5f6976c5eaff,2.8454905,f5a6222612ef406b8f02aef87e08c476
ba6e6bd633084e56bb1f91c62afff197,2.8404117,77ac5eb4b3054ca68e2b0dcbd5473fd1
b5712ebb3754407989fd548033fcc3d3,2.8326278,e492ff7fecf046a4948c5ba5631cdefe
e1e6878707524a03864e9b83fb89345d,2.832224,74e7db4222ca4a20811199afafa346a7
e18c0d2a5ea54d0dae0481083fc0db46,2.8235924,3257035cc77946d98bdc09e2fdd5cdae
d7cad8025bcb4868a7196c152770ab3d,2.8226311,fd51f3eef1a64d9a93652be481bde32e
9557a396825b49eb93cedbab96019843,2.8138483,23066f7964874fd39639dbf2cb2766df
58c7b41f2b3b4984aa23beaa1382b4f3,2.811666,e7d6747e8c8b4ebcb665e232240daf17
7d866819a8df47fe89b41b4cbbe0ecdd,2.7989697,ecdae9f36c6a437ea72739febbf1c89c
4b82d1239c3f47488e057d0f3898204e,2.7931042,95fbc6ed8bfd43c1a6bcf676e26e7f8a
dd7aef966c97433eaa394c033bd3ed81,2.7847712,e27d9425c912446e947fe53c4a757375
d5f31f9998f5477abd572904835fad50,2.7827706,9170e0bb8fe44b309f83293808d871fe
d31e037b260346c3baa01f229c4aab45,2.7821562,c26f5e7dcc8149f18f3d719bba9ae717
eb00bd2670c84bb588d8454baa453007,2.7791092,a0fe3cd34e474c3b90662ce8ef1fcac6
5bf9e6f5654045d28dd2225231386807,2.7692442,23066f7964874fd39639dbf2cb2766df
6b5d194c37f14e5d89385ae747199cc1,2.765145,700f381f40ce4b039ce0df8b49fb199b
50be6a3978ef4b168a8256cb53fa7afb,2.7589614,1f8c0f02984e4139bf8043e57497fdb2
3723741c22a347c7a622bec61ab94d3f,2.7556765,64f1d63a671d441d9663a783f632f794
455cb638bfe54346b07d85d63df40847,2.7492752,92d5da561f5a41bf929f3555a74cd653
eeb6b27942084fa6a8e663ec3a3dad56,2.7410874,a0fe3cd34e474c3b90662ce8ef1fcac6
b9927fff8eac41ac99d787e84af9c3da,2.736631,95fbc6ed8bfd43c1a6bcf676e26e7f8a
7a18d92954ca495a937856ac7ea4d263,2.7239385,564a84b1b830407e811bcfc7fd086a6f
6983a79417f9490ca7534cc0b9e72978,2.7235904,4b748d6624144214b3d8a80b37aabde6
932fad47da6c474ebd763a0249ad22cd,2.714079,f9fae977af2c4f35b29400f31267e170
7e7b0eca4a964ddbba6f2fe892340895,2.708563,c9628610053945f4a7998ae48cd70da3
425fbf4deffd4fa183bfa210c296d087,2.7081223,d42996c2b67443fd9b73bba7641d4f77
0efa7128e7d54bb098c98a8d23fa4d55,2.696848,aa2d7a3a535243189492d4ce8e79c049
9a941b16ff4840eda21ad2f9e0c81f3f,2.6935968,9b22c5cdbff44bdabd48dba008e6a3b2
6f6fd5b2a152493e8afcb221b1b198bd,2.691986,cc21026ff0d541909df56c5618d28518
73d822e81eff46d9947b9854da4db52c,2.6903563,95fbc6ed8bfd43c1a6bcf676e26e7f8a
1d6f4b84093244e6915c8d2b03d11912,2.683105,bade01bd83ec4b6786fd8c867ca7a090
6ec94917d60e4edbb8db99b5f7c18612,2.6741996,00f45d57fd3c448d8cfdf3185ebae894
dbf2f20d05034e77a9be456ee8d44377,2.673014,564a84b1b830407e811bcfc7fd086a6f
4d11f7b70f1b430697bde44deb6f6e8d,2.6655426,f5a6222612ef406b8f02aef87e08c476
b4e255878aac412187c87d835597242f,2.6602101,983940e0b12e4186a281c36de657406e
b34eaaea52614dfe82c2df09e4121948,2.6498313,8a77dc665d8b4d95a0b1113522f7e9c3
58f93c38cc65487492ae04fd498f436b,2.6435578,fb709e29755b44988bb252c87a2ce2f3
53487bcf5c684dd2ba470bf89947f7d2,2.6411774,5971501b0e8b4ef5b203c3985d7f5e88
e68a3201b5e74913bc61894aae617101,2.6297226,b050e9e1ef5946c297a34dda98d8f476
ba4278aa214b4c66a8da0220e99b2014,2.6280718,fcc9863b07fc4bd5a01fab5b9160eafb
1b6f4307fa4e42cda9018c5085947b48,2.6241112,66b0c8a58f444ea0aec34d9403b88a49
4a79ee95c2f94e6fb182632a2357e449,2.6222339,a0fe3cd34e474c3b90662ce8ef1fcac6
5df9b0803cc442b68e59b21fe5955092,2.6175878,e25b9d9944cb4d7197efb8ffc4ff57a1
eed22afb847c47abb46b07ec48d1b679,2.6173615,c26f5e7dcc8149f18f3d719bba9ae717
73ef58ddfcb54d09ac1737fdccd62d07,2.6128447,9e304a9bbc7b4c22af8025fc93757357
b0f8acbb976643b7b4c8736a8d7305ef,2.6015055,0ebc441d25664c91adad96b570270f07
1d79bd154afd47138f529dd6f1d52902,2.600983,c8b9a0ac7c214a449c434aabdf6ef770
1a12b7978d8e4dd5b563cf97606bfa9b,2.5995648,1216ce1ef31e4643bb1222538c206342
86584226e35e4eda9eaba4e5fe495984,2.587223,6a33c207c8b648f680dbd0e65639ef04
0effebf3021a4263bb46281f2fb33987,2.5720825,dc58564d0c8540bea4f3e2e3696deae8
daec8c9bb81142a98349b34affefed91,2.566128,630edd9b8f754b5dbd36cfbbd03ccb51
2ae6d89874964a38a8d1dadc9efeded3,2.564407,89e43b092c844b5886a93091a22c894a
f6577f16e3764b67b1b06fc24d9379bb,2.5553713,e96aa0967ab94368b381354e03dc40ad
5a1096197b8648d882cdd33875519404,2.5476713,ecdae9f36c6a437ea72739febbf1c89c
2a15a6ed7e29403295f571a40fbf5895,2.5379233,e492ff7fecf046a4948c5ba5631cdefe
71f93aa94339483884743fd218725216,2.5225503,9b22c5cdbff44bdabd48dba008e6a3b2
04cde55231e04394a675268411aee01c,2.514172,1af4472b38cc4304841b2f1720075c9d
d51de57d4ced4566bed6fef2db5c099f,2.5141287,d42996c2b67443fd9b73bba7641d4f77
117ba0c13f714eadbb3a6a9d0f6f3702,2.5101895,9e304a9bbc7b4c22af8025fc93757357
4483d9ae441d4fe1889099eb3acf1676,2.5063953,c8c201e25c0047a2ba9d9e8541ac0939
a5d13a0d598241769730951b2e94e7ba,2.4990962,23066f7964874fd39639dbf2cb2766df
7510f4f5df754961a921d50523718ff7,2.4897943,1af4472b38cc4304841b2f1720075c9d
aaba5fcdec244fc79439dd67ba8a495d,2.4793043,e02ad4f63c8444b79a7a56fb23a4e0f1
47b8aa81feb6443088dc32ba9aaeca66,2.4784086,3257035cc77946d98bdc09e2fdd5cdae
d89a3137737e42bc94b53fd641bd17a4,2.462092,2768d411cc374a018a898f9df0ca207d
29fdc29e4b23460088e7060422eb8582,2.4603307,f5a6222612ef406b8f02aef87e08c476
3cb482f381eb449b99a6b9b7707078b2,2.448387,9303b9f7f4984b2dac8aeba8c8da8ef6
9e428df718b04a159edebe604bf4ab3f,2.44006,c8b9a0ac7c214a449c434aabdf6ef770
2952ebe55f624860922615014214deb1,2.4395926,88dc23909eb4415aa39b96cc3a4c2926
f5abb68eab244fe38e79be186719a8d8,2.4333842,369fe18b94f54c98b554fd22b4a3b50b
a3b8ab612b544a76bfa18fd8d3c06621,2.4316335,d79afb377f5349a69830b2b4c7cfefcb
8505b6622aed4fb0aeece7e02c0fa748,2.4315891,4aa3556b2aed469584c573868193a07a
74b25851047d4c08840debaa0bcd9e2e,2.4281235,80948e17b5694599919e1502bfcc08f3
17bcb53a4aac4e2d81bba1fca7bcc69f,2.426066,fcc9863b07fc4bd5a01fab5b9160eafb
4440ec412a204073bc44b4890ee24ee9,2.4143991,d443e0c5017d48d1b3f86bf4da959ed5
d404db290f094f2f9dc6ffe54216308f,2.4083982,564a84b1b830407e811bcfc7fd086a6f
3e8ebff2d8524f5aa87e3d2117dcb463,2.391274,e7d6747e8c8b4ebcb665e232240daf17
d02c0b31ac9a428fb46248742eb502fa,2.3903253,e7d6747e8c8b4ebcb665e232240daf17
85fe4ea28be0476fb41585de18435d94,2.3824625,8a77dc665d8b4d95a0b1113522f7e9c3
fbbfaaf2bc764120a3356650c7d62219,2.3797657,2768d411cc374a018a898f9df0ca207d
da365c80b3ac47ccb8a01a48820437a2,2.3762155,37337ebec05640b890e4b9612776c32b
08ce7eedbe124ee79566c776303ee9e5,2.3654153,c26f5e7dcc8149f18f3d719bba9ae717
05695e1694384bd79b37246fbab26b35,2.359792,965598a17b624a0f9bb1cd58595458a6
34a4ab8c365d469e9f634993d0a5b61a,2.358589,fcc9863b07fc4bd5a01fab5b9160eafb
3295b23d76ab4661b9a92952160eb966,2.348304,1c97c72e076f40fcadb22b17e71beed1
24f0ffec89c94e20bd898e051adcbf79,2.3454847,d27cfea4da8f445fb4e3c55e53c6482c
f0808f396f44491a8fb26af7a42dab06,2.3415341,09fc9f38fbbb4bfaa1c979ac9cc43f0b
4c8ffe2f47284e42af52b98aeea87fb4,2.3414507,89e43b092c844b5886a93091a22c894a
477b5f953efb42e6a18e9428c69b0fa6,2.3349605,ad2b6fb945714e6792c17bd49a1066e0
4810807024104aebb9028b6d53c9ed44,2.3302329,77ac5eb4b3054ca68e2b0dcbd5473fd1
3710bf2a11584bf098b45d14f2308ef2,2.3294573,ed9b10a2879742628fce003076ef9024
3d76459228604351a61361bb4e50f836,2.3255322,faaac88748714ce8a99413b952a1dac8
8a58d56cfe3a46549a16ce3a0f3daf0e,2.3249552,bd35571850644321b86ce4fae286ce7d
21160fabb87f4b0fb849c04438771115,2.3192935,1af4472b38cc4304841b2f1720075c9d
b2bfb37b3dd54bf0b7653b3c280b2b08,2.3186557,c8b9a0ac7c214a449c434aabdf6ef770
20c77ed7406f451bac8e8bcd18b5187b,2.3151531,9e304a9bbc7b4c22af8025fc93757357
410b8957bc6b4370ac432ae7bddc2cd8,2.3107047,b050e9e1ef5946c297a34dda98d8f476
0a6d5cd06af2452ca1b3a4657d9e0767,2.2993138,d331012ecf0c40888e0ac290184f0883
040e8b18e27848cb8d0850a0dcb7a77b,2.2915466,e039a00eae414ebbb2205b011ac127cf
35280441301148638fc4b59eb169c802,2.290216,aa2d7a3a535243189492d4ce8e79c049
a5e2a560340b491299c037bccbbf6d9f,2.284454,3be388c9ab614bceb086c19f70df23c2
cc88f1f679b3441cbdad8db36097e960,2.282466,e25b9d9944cb4d7197efb8ffc4ff57a1
335322101aa0491c89fbabfb87c21ad8,2.2657704,9ff95d23c3284d31ba5e398afa520649
64310259af8e430b8a9577093b411ada,2.2602067,6a122ce1702646db918266228d48bd08
8dc57aa25917490abcf294b3f73bedd6,2.2488143,ad289d5052264f9c8bd0aaf9faace92e
78f98ba4d60845a481387741d684c46f,2.2465844,e02ad4f63c8444b79a7a56fb23a4e0f1
1a0cefb6898c48e7a91f6448d967d1ba,2.2382975,19c9ac7b84df472c85ed6cf5a05fbbc6
0aabe8051b1e48dc8df2680281f96731,2.2337198,89e43b092c844b5886a93091a22c894a
4cfe5514dcd64af29dbb1012e6e35f81,2.2324119,bab3bdc133384798b558f8fb6466a7fa
1f51f549ad514b1c98445416e5acfe66,2.2160466,5831f5e280be4c02a09ce4588b56d7f3
567cb2c4e6b4417c89be6420cffff826,2.2125325,4aa3556b2aed469584c573868193a07a
1ca503912b5b4d3c84d0c34c0ec3f38a,2.2121058,4d708e5878784386a42c2f436d2d60f0
3fa1b0de6d4c416189e62ee40264edd1,2.1992817,e27d9425c912446e947fe53c4a757375
469ca74fcdf244ba896fd018680b3201,2.198449,4ad7e2502210436f9ca5735fdf7e50c3
bd11eda8c59c41a383c769c428ce6d6a,2.1978912,a1d8cb16dafd4126922f985021e93631
0727ac84c4494b248aa13d6c8ffe7225,2.1907072,4d708e5878784386a42c2f436d2d60f0
edf32c81fa8c41f4ba76d882cc8f88c7,2.1898346,fd51f3eef1a64d9a93652be481bde32e
824e34ffddf447618c176cfb2577eb45,2.1800957,965598a17b624a0f9bb1cd58595458a6
28cae44de1fa4e56a10eb13b57a78668,2.171697,c0cb721b56f240dabf7f464e453ef72e
299011ed1f504bc0ac2d31f2876162d4,2.1712556,4b748d6624144214b3d8a80b37aabde6
55cd7fb3f7fa410b973c972dc5f4b757,2.1642876,c88be17376104f999b914a91aebf7220
d65ec9584a074f8494467734378fc499,2.1600316,d0a840820172465f83c8480d571e7b71
46a274267ab54ead8270c0e79ff16753,2.1587148,5a26ae7959494fef99542e9b2004fd11
790595e600c949459cfe2629a30f5371,2.1560237,4430d47e30904eab969c1baebca184c0
0428fe3094fc415e8fa4599480d6b434,2.1546557,17cc6768c9d14388b7455fea0060b62c
c5693611e9044ffea24fede04ab1d9a5,2.1523366,6d3c42356e3b459c919e3129ff192ac4
468609586ccd417ca9487c3c35ade3b3,2.14741,057164cf4aab45ebbefef3409359cfb1
07d706541ba64a5a860673ea0aff78bb,2.1436846,3b13d134762445cebcdbb02b484db77b
b50583d5d6494691a33b4cc22373d8b5,2.1406121,e02ad4f63c8444b79a7a56fb23a4e0f1
183908f894694011b40f78d80cbeb742,2.1364655,f5a6222612ef406b8f02aef87e08c476
fe175ac3af5446a582bc555f10723923,2.1344235,691a538d2372403fad2b919b48ff5f85
6fdbbc8445214d81aef5fc22b3f4e9bc,2.1312237,c26f5e7dcc8149f18f3d719bba9ae717
a3c58d5d2da942aab6283a42db2a14f7,2.13065,37337ebec05640b890e4b9612776c32b
27b747520a594968b11704d54233d20e,2.1294591,e7d6747e8c8b4ebcb665e232240daf17
f503f17338d443e6a873dd091898a5b6,2.1264124,855b3971c4a147cfb9a7c281fa6b915e
9f68e2380d2a40eda419370717d328b2,2.1230426,ad289d5052264f9c8bd0aaf9faace92e
7fea4bf4a0c24e2f84ca2e69e88529fe,2.1174893,e25b9d9944cb4d7197efb8ffc4ff57a1
c40beffa8f0d4679bafb1eac1d38bd5b,2.1144722,75b0bd2240a54f6fb45bf95ca43ab5e6
72b24b9944aa43599173c03884689224,2.1139653,95fbc6ed8bfd43c1a6bcf676e26e7f8a
98f802980f7641f39a841cd8697c5ea8,2.106215,9170e0bb8fe44b309f83293808d871fe
66c69be4b87942098f652198c91df0bd,2.0886896,77ac5eb4b3054ca68e2b0dcbd5473fd1
37f240104b2040c4a8bedd933b90684e,2.0839717,d4cd0b56b6f54e08aec8ebfdb6122c5c
6bfef081f7a9453399f6d98d6cd01f60,2.081069,1f8c0f02984e4139bf8043e57497fdb2
249dee8be73c4f019ebfc02f74d02ad8,2.073312,640f3bd184b7425fb22cc7773b8b2244
28f694942751431c839fe1d22e753e1c,2.0697076,7cd1db4b50dd41e6b2f3dd15fcab3b89
8f8c730f26cb483da414fce61eb1b47b,2.0696576,a926df6d7fcf4b17b68dae6f41fbce66
e578d2ca90a241bcb241e65a62648a66,2.0673223,f5a6222612ef406b8f02aef87e08c476
50b607a9b5e540148f9155693795e5d8,2.0653431,3257035cc77946d98bdc09e2fdd5cdae
2ab29c6bc859481988c1133ecd494a65,2.0610933,1f8c0f02984e4139bf8043e57497fdb2
3cabf7db885244c3aef797eb94b75b3c,2.0517387,17cc6768c9d14388b7455fea0060b62c
e90176ac18954403abf1a65c40838e23,2.041625,bf59502a233e4b5eaff9cfa3a992c387
5ccfffd900a1434dae33727030983cc8,2.0388064,75b0bd2240a54f6fb45bf95ca43ab5e6
b19ea3eefb454edd861821b7164f50e0,2.0377586,ad2b6fb945714e6792c17bd49a1066e0
ee3555240e534ffc880818cf7f848c8b,2.0370584,b8ca3b6144cd48208caae952e096e7ae
1f2e192e12674543860d4dfb5ccbf818,2.026198,d6fe6f8380464e21a27fd69de27f1f57
a3d947b7e3e3451bb473b1b5e22cca51,2.0251153,ad2b6fb945714e6792c17bd49a1066e0
32b499158c154bc2991b5799962d9b5a,2.0239265,2425086d8eaf44d2a9519f0e4e6b289a
c60349b6f8454e529aa85264c412eb2c,2.0209491,77ac5eb4b3054ca68e2b0dcbd5473fd1
b4606932b1e94119b460652c11647413,2.0196953,1d47a696eae94bd29f215a4787b27d8a
22831856b4ef4ecda0ee60656417b904,2.019309,0f9cc12519eb4872af7be7fe49e19f59
2de4480d7e534fbb8564efefe43623d1,2.0183344,37337ebec05640b890e4b9612776c32b
1e239dcb58ac4c869ed3fc6c4c4a06bb,2.0170834,f0695d7e59d64941b510a3d12f801d59
8c55cc4f7bc44ef7b9210ff7b7595435,2.0168183,75b0bd2240a54f6fb45bf95ca43ab5e6
56db49f870bb49eaac223bc725d79f26,2.0164132,17cc6768c9d14388b7455fea0060b62c
886b1cde3d0e4f1db12bcb160b6f357a,2.0142949,0302e7dde9074dddbbbdf85e9be57901
312939eb59d541dfa7df51991a32d5f6,2.0127506,f615619defc4402b82845090c238e597
9b5cafae0dc14e9ba24b5c6db5381eae,2.0112507,23066f7964874fd39639dbf2cb2766df
ac99786a858b4fa2a4aab5dcdd49d652,2.0107257,6a122ce1702646db918266228d48bd08
b256661e96a042c28b299514e4e6e4cf,2.0031304,5831f5e280be4c02a09ce4588b56d7f3
3787d8d226fe43acab22bb2c72e2b1dd,2.000227,cb85047b65f8468aa02744c28c075dbd
ca143ca992a648ca9b004f3be8a53a61,1.9974505,4696c8192576454f8684954bc771aa23
2b87269c561444308fce933186cf6042,1.9950095,0ebc441d25664c91adad96b570270f07
8085782f7d76421b8468fb1e61d4fd61,1.9874686,369fe18b94f54c98b554fd22b4a3b50b
19e32ddf92c24f32a65a82f858c5c148,1.9804947,0ebc441d25664c91adad96b570270f07
4710bc4b3f9547e4a1b836e957787a46,1.9796965,a1d8cb16dafd4126922f985021e93631
fae3e9acdc1c4860bb50119b70effcf1,1.9751225,ecdae9f36c6a437ea72739febbf1c89c
65fdb46393a34ac699da17059ebaa6cc,1.9713541,f9fae977af2c4f35b29400f31267e170
1ee540e56f46476f8d452e04f0490075,1.9686279,2768d411cc374a018a898f9df0ca207d
565907298304458f80b2f4504ee3473f,1.9653373,82b01998353e4141a7613fdc96d7b600
2c5c1b245a194f81a943ef372c580853,1.9619403,01690d9b08164fcabd5bf0819754f71f
ca5e7f899c944d258e0fe020c844ccb2,1.9588591,e52a528036014db0a7bd54b99a310fe8
61bbbca9959242abaabb21b01f9f40b6,1.9559478,526ab7eda50e4a239d03ad505832d61d
4866602fe3094c6789fdc1956c616d93,1.955559,b25fe3b79f714d38b3fc53e39fd84d36
411837e42b564c399e9444d5403a3734,1.9454437,e52a528036014db0a7bd54b99a310fe8
1debf605469f435a817fe50539698246,1.9352444,34b71675a1ae442395b6eb1f3eda23df
3bfce2ad291d4b7780e0e8b06d4283c7,1.9352237,6aba5a04ef8742a39d3a61644a5f0729
3407ed3eb6d4426bb50ced20b862de96,1.916504,8f285540a9394706bd6ec6cda46c5058
77e2cfc79eee4e1b91f93386b436bd31,1.9019704,5a8cc5ff28fb4359afc7e9fcbf3bce55
b2bd065cdfc748af858a6b41f0be933c,1.9012014,31b69f9501c4415e929b6af28c83f6a6
9c74b02f802b41bab45bd626251e1d88,1.8996793,4b748d6624144214b3d8a80b37aabde6
9126864790e8431db0440435469417cd,1.8986841,7ac9c94011924c09b47f9640211885a2
0a0ac8e04384494aa6efad6605bee67c,1.8980817,cd56b9a044c24df8a7156f661cb3d9cf
b0428ae75a7d474bbf2e2f440fab50e9,1.8976078,e492ff7fecf046a4948c5ba5631cdefe
d19e2961aa1846aea691337aa1f275e0,1.8910004,faaac88748714ce8a99413b952a1dac8
669388a30d174fa48b59092d2b8770cc,1.8847401,a25b08e008114c9ca0266ce3e55d82bb
5f9f73f06c024e65a85b3c9298c426cd,1.8779316,d4cd0b56b6f54e08aec8ebfdb6122c5c
b3cc119ea5494c5d93fbf4b7d29ec6e6,1.8759394,19c9ac7b84df472c85ed6cf5a05fbbc6
e7477d785b474565a0c4aea10f9060f1,1.8740139,64f1d63a671d441d9663a783f632f794
474bd4189cb5456daf7a1df79784d4aa,1.8705465,e96aa0967ab94368b381354e03dc40ad
cb30b65c95af402290d013cc19a01632,1.8661605,0ebc441d25664c91adad96b570270f07
3111ca7c585243e4aff0fad54c82a69b,1.864641,836ec4ef8df644328ac07b7803709323
dd9bd5320911433f9d855d754095534b,1.8627915,4696c8192576454f8684954bc771aa23
6a057932e0f440299b46bf70039cf9d7,1.8560114,e492ff7fecf046a4948c5ba5631cdefe
54cad1d39001470bae1e14fe0e58f061,1.849726,cc21026ff0d541909df56c5618d28518
fc20e7b4bfc243ef82918b7c93591747,1.8477278,a4cad92644614f78bded3ca6d6023473
21b8e136ec834f4cb7c6232d8a8ebb52,1.8391943,e7d6747e8c8b4ebcb665e232240daf17
d9b3a26c8de14ab4ad2a779d31b4f01a,1.8378155,a585d23fe43f459ba86ac15645af77ff
211bbe2f818640a39e55304483f7aee1,1.8360581,691a538d2372403fad2b919b48ff5f85
a8117ce7b13549fc829e0bf1a9330dc9,1.8328629,fe6ace599de44aa19b1773dad3658fee
7c79c3280c0f45a693fefbeb30bb648d,1.8232236,3be388c9ab614bceb086c19f70df23c2
c0db9a38259c4b429eb66ba537ac8730,1.8222477,19c9ac7b84df472c85ed6cf5a05fbbc6
63e22c9413454acc8c86fb1ec33284b7,1.821702,a25b08e008114c9ca0266ce3e55d82bb
9dd0c24c21ab4b5586c29d90237b3840,1.8189018,3b13d134762445cebcdbb02b484db77b
fa6d529498794d1f98deb51ebbb48d55,1.816841,89597084b19c4902b073a2c6c6622456
da098162d0924c6eaf6699ca87326527,1.8152812,ad2b6fb945714e6792c17bd49a1066e0
8b1eb206468046df8b8c19637b250996,1.8007243,89e43b092c844b5886a93091a22c894a
27ac7ea2481844079ce6ab849edc3901,1.7977448,526ab7eda50e4a239d03ad505832d61d
24a298b1f7cd4f74bdd60b6e1adaac53,1.7960104,d0a840820172465f83c8480d571e7b71
41e25db024634f619358f3093d8df1e8,1.7937288,3257035cc77946d98bdc09e2fdd5cdae
6cc7c613b8ca402b81fb2976f7a8d07e,1.792532,e7d6747e8c8b4ebcb665e232240daf17
c12ab02c4bac4b91877f10f42eb704dc,1.7853953,3b13d134762445cebcdbb02b484db77b
387e43ce9c334938bbfe0ae8c0419ead,1.7794193,bade01bd83ec4b6786fd8c867ca7a090
6fb94e9ac58f4d9694f15b78affe4f02,1.7699755,34b71675a1ae442395b6eb1f3eda23df
b0f8d38771464874a4c57aa453d842ab,1.7681192,4aa3556b2aed469584c573868193a07a
bf4e8bc83a74425e8657c603c0004113,1.7621905,b25fe3b79f714d38b3fc53e39fd84d36
69669e9f88dc43b68dda6126c27675ca,1.7589521,e039a00eae414ebbb2205b011ac127cf
546369a62bd740beadc07cd40b6e758e,1.7573361,a926df6d7fcf4b17b68dae6f41fbce66
45f6671f9fb64495bc585555e3b8e55c,1.7531133,257aed6ca7a44f1cb5c664beb1be527b
73cc10e747ca46bba886d9939cc3b768,1.7485883,691a538d2372403fad2b919b48ff5f85
08b73196f2c24757b7a87419ad378a36,1.7469361,8aadcf7251724cc6858dc0db44abebe3
e8d0fd5309724c1cbb4da8f5c55ac9f4,1.7453339,4696c8192576454f8684954bc771aa23
91a9ce617c5b458284f2fab317b423cd,1.7450991,1216ce1ef31e4643bb1222538c206342
bf4c4007f57a4055bcb4d820c06d7ca8,1.7416499,d74f6e7abeb84eedb9923dadb62f45f0
3555001842e549e3b0aa8f30dcd11e0e,1.7407072,cd60a0fcac24465a880af7d8f921dd68
583a781c0b984086a93f2f1c7c5f98b9,1.7346934,f0695d7e59d64941b510a3d12f801d59
385af4460b5a436baece6ce3fa1cd423,1.7313879,6a122ce1702646db918266228d48bd08
006744853c1a4bfd9d39aea6556c7be3,1.728964,c0cb721b56f240dabf7f464e453ef72e
dd72a1cbe29f432bb51ae6342e0382e6,1.720783,2768d411cc374a018a898f9df0ca207d
1c8f15d98ac3471fb966536a1bc8e9e6,1.7206204,f036aaf4ab714c598a0b6da4ca604136
e5968b40a7054871b2ae79f18399b30f,1.7196217,6c74bedaa406493a99988c5b8a47b704
d0dad3a420c744c3b2aaaa1604121d1f,1.7180673,e96aa0967ab94368b381354e03dc40ad
a9b2741eb1ab4c8bab6bec840430968c,1.7118887,02cf82700b4f4773af3a14ad8eaa5270
c61e43ceb2744ddda2e531aa77f3c6b2,1.7114913,c322b788813745e0aa7b592b4345d379
252a2a3078134eb8876626820c9ca8aa,1.7031071,1fde4c9a01f84c349461083b6d0ba9ed
383e7cf30f234aaf852e3f30de7879ed,1.7020091,4a4eb12a639346b5a00557d54b51fe51
919a7551269b4f86ad471c424ce96b2a,1.6973089,fcc9863b07fc4bd5a01fab5b9160eafb
6193d950669f47f9a2268d0f3a41b2fd,1.6945446,faaac88748714ce8a99413b952a1dac8
3741fd305b324ab4a29b14442af8f8ab,1.6907175,d576e334105247369362b05a375e88cd
3b038bed6122476bba5c73f7188efdcb,1.6871257,1d47a696eae94bd29f215a4787b27d8a
9ebe890cdbad44f1936503311aa8efac,1.6864536,d79afb377f5349a69830b2b4c7cfefcb
eb012357f09945268a134e8461cb8cd2,1.6848752,d74f6e7abeb84eedb9923dadb62f45f0
735faaf6b07348a2a4d4cc31c8fbc021,1.6847119,640f3bd184b7425fb22cc7773b8b2244
6823a93202f146b282eb66b620ae592b,1.6807545,6b9b2c8f0a874bb8b6691aca6bc49565
a2e363e09aed44868c4e51d9cce19eb3,1.6803037,c0cb721b56f240dabf7f464e453ef72e
4cdd959af2f14b51bed3c4107c2f0405,1.6795546,80921378de2b4cd3a14d449688d8b079
43de32fcef1548dbb9d856b138ecf429,1.6752918,7a4c413f5c844796bd5ffed2b65f0336
db4153df6e94413dada442eb6e6a8fee,1.6715066,2768d411cc374a018a898f9df0ca207d
7320e14823a54b30b0a3fa3f42a01ffd,1.6672716,1f8c0f02984e4139bf8043e57497fdb2
e99926e33dcd4f4082308eff2e38da35,1.6668752,88dc23909eb4415aa39b96cc3a4c2926
ec6e7c2e584c4bd09dc91d1729c2c90a,1.6649307,89597084b19c4902b073a2c6c6622456
68f3223d477e4e1cbe3830412674f8f4,1.6644199,ad2b6fb945714e6792c17bd49a1066e0
0785e71626c6454dadadc8359e1f696a,1.6640177,640f3bd184b7425fb22cc7773b8b2244
659ae42d80174d04b5c0e2295c83e1cf,1.657391,e7d6747e8c8b4ebcb665e232240daf17
8ffbcfeb411843b2bd6e513ae284b232,1.6514882,00f45d57fd3c448d8cfdf3185ebae894
7522f624f59c4d74a8703781e00414c0,1.6473697,5a8cc5ff28fb4359afc7e9fcbf3bce55
d51b249d11a44ae699cd4e2854b00d4a,1.6454668,4a4eb12a639346b5a00557d54b51fe51
e2b879e36e484b0992165829229529ec,1.6400054,27eee82d7fb94b9b8b60bd3101187496
4b6eb18ba8244091a7dab36a9dd58d87,1.639565,f5a6222612ef406b8f02aef87e08c476
553209cfbadf463eb60df32bfa7da770,1.6322503,65664fb3aad341fab563409d91dddd2d
7c44128ff20b427f8ee22047fba9882b,1.6289061,1f8c0f02984e4139bf8043e57497fdb2
5a9a908d748e4c2eb30cdf4a450e189a,1.6240336,cb85047b65f8468aa02744c28c075dbd
29add4c6302d4386b285a8fe68153479,1.6228766,c8b9a0ac7c214a449c434aabdf6ef770
7ee89cd6d6774885a024ad9e8abfda35,1.618003,3257035cc77946d98bdc09e2fdd5cdae
c67c378aa42248cfab4b61e502027a8c,1.6179911,9e304a9bbc7b4c22af8025fc93757357
c1c018ca07df447caa530adc78d76736,1.6169798,6a33c207c8b648f680dbd0e65639ef04
1b136bc276a84642874e1a5427cac81f,1.6117208,e7d6747e8c8b4ebcb665e232240daf17
c4e88a88103749f08d034998e76b6a35,1.6062672,a0fe3cd34e474c3b90662ce8ef1fcac6
6e651760ac2e4377abd5ff9ac4b8c9f0,1.6021814,d9fbe02f04a4469dac855f69ea6ad02a
a4c088804f1a458e849f356cef8bfa22,1.6000574,e336d113184c4ebdbad7aa2b6ec64640
9e1261d3e89b47a78e1590fa544c3df0,1.5991417,02cf82700b4f4773af3a14ad8eaa5270
fc06ca8216b146f1811dbd89c4518c42,1.5970991,6a122ce1702646db918266228d48bd08
9ac0ff71215742d1bb1d294fd8b4e240,1.5966469,855b3971c4a147cfb9a7c281fa6b915e
662a6fe9ae1b47f5b598c9d0ff7ad784,1.5835494,640f3bd184b7425fb22cc7773b8b2244
587c1d4811034d7d8e3ccdb4af7ddbe1,1.5757862,e25b9d9944cb4d7197efb8ffc4ff57a1
9b0790e53e7c487885af42388d8f681a,1.5656139,1543a2f94aa74008914301874d98f0f5
d49f6a76fe334b5ebf72758df0f42d07,1.564941,c26f5e7dcc8149f18f3d719bba9ae717
7f2876c8100e4b68a311343853ebb177,1.5597663,19c9ac7b84df472c85ed6cf5a05fbbc6
cea01bc4a1554d61a6b1a564073b4fc6,1.5471553,564a84b1b830407e811bcfc7fd086a6f
1c72a6a5b70a4bf08702aba29a63ead5,1.5369784,650afb6a1d054e59904a1b796552eb04
3321422a798047078d258d49e7912855,1.5361569,6d3c42356e3b459c919e3129ff192ac4
28d967465fcb488eaab515b23282c0d7,1.5347967,fe6ace599de44aa19b1773dad3658fee
ee4ccba3df1844ce82f9731a2c019234,1.5325423,a25b08e008114c9ca0266ce3e55d82bb
0f3dc35d3b4a40e79c0af54b9b3d1f66,1.5323027,fb709e29755b44988bb252c87a2ce2f3
bf3d001275754cb9b2c48df805901d9d,1.5320781,f615619defc4402b82845090c238e597
d0fb524183bb44a9a854de124a8becb5,1.5304812,640f3bd184b7425fb22cc7773b8b2244
5b1ed8f4a5bb43b59f972b95a4346c9c,1.5290945,64f1d63a671d441d9663a783f632f794
49929ef41ac3470388566de204f75fff,1.5290351,e25b9d9944cb4d7197efb8ffc4ff57a1
c8aebab05e9d4c7e8a5e4875c217263d,1.5274477,e7d6747e8c8b4ebcb665e232240daf17
e3fce4db03644ebaa6d2618e06092fe7,1.5256943,1cbfb22f84454b1fb821b602e3ad11f8
1e61632437f042c89075c565adee2ded,1.516828,dc58564d0c8540bea4f3e2e3696deae8
acf1a040f09440e7b67e2b901b3b1583,1.5157775,cd56b9a044c24df8a7156f661cb3d9cf
4d2df900c0ef4261878a1ee108ac520d,1.5150177,ec281224f8ee419ebde676f291672aea
15d3499d1d4a4168b863a75b7e0b7e8f,1.5147911,e456afdf95e643dd926249fec4d68753
a7696e4b2a7b4a87a64c7bf5ced3a129,1.5091913,efdf40eee13d409c9955e5b84e4408f6
f33800b2fc5d43febcbee5156e729a2c,1.5088832,ff218cc7835d4b5ba0de22792319050a
a30d8464e03848a8b72421c107f22fd5,1.5000651,d9fbe02f04a4469dac855f69ea6ad02a
dd893f1f0cc94ae188e1501db4638010,1.4988039,b4150337314e40fb9e3ebb24514504a3
ac23b811505944319414d3f59b4b90ef,1.4961168,01690d9b08164fcabd5bf0819754f71f
211c5c1ee1d042d391296b95c6c95c66,1.4943377,cc21026ff0d541909df56c5618d28518
a290060554d143b285db3be94eac099f,1.4940975,a1d8cb16dafd4126922f985021e93631
de6f18bac6e4441f8dd17e252f1d993a,1.4921288,0ebc441d25664c91adad96b570270f07
0f7f319e6bfb4438a4746cfecb70a08e,1.4912281,855b3971c4a147cfb9a7c281fa6b915e
e35fef892ba84f8cbeb63132b6f7f094,1.4838338,4a4eb12a639346b5a00557d54b51fe51
19a8e983eaac433fb6e4dccab0c03fcc,1.4779952,d576e334105247369362b05a375e88cd
4eae669b05f642a98f2ee1b828c4807d,1.4754711,fb709e29755b44988bb252c87a2ce2f3
c5c5b71dc4ff4e8cb11769f0b2cd9907,1.4718293,1fde4c9a01f84c349461083b6d0ba9ed
abf8b91082294675ba25ab35c659daa7,1.4701111,09fc9f38fbbb4bfaa1c979ac9cc43f0b
cadfda09774f4983a79a1c20a77a7b6e,1.4692581,678725f8b914453fbc1029b7c1bc0879
5880fbce1031460b8097717c0e258b33,1.4633715,e336d113184c4ebdbad7aa2b6ec64640
e707e5790c554edeb5ab0f070fb36720,1.4617002,7c1e02f3ab614e539ac901e5cd3c92d8
e63f3979515d466faa902d724344014e,1.4594803,b050e9e1ef5946c297a34dda98d8f476
24156e9d41404d568c7e22931d2631a3,1.4578706,d79afb377f5349a69830b2b4c7cfefcb
b615eb75fd0545b397a63d7c6a86c4eb,1.4556706,ad2109663af04c549385cd2ab9b3283b
7798dea58b5a4389aca581f8efc4b17d,1.4515622,c322b788813745e0aa7b592b4345d379
5dce93cb07464f0db845af41bf878604,1.4447548,acee70abee2841c9b67b95e9ed079647
d480f925a4b94f518e72ad64b3ed439a,1.4401263,9303b9f7f4984b2dac8aeba8c8da8ef6
df8769c84f5b4a8f9811c4537faa576f,1.4386905,73e7e41e8db447c09cb2363d76556c64
6de8d8e544ee4bc3b84a9aa3f56f4d30,1.4375926,64fa5ce839ef406b9bc8a1b2f05094c7
7119bcd6ffec46a3b428819c202e431e,1.4354959,257aed6ca7a44f1cb5c664beb1be527b
daaf43ca009348bfa676ca06cddcdf61,1.4353894,a1d8cb16dafd4126922f985021e93631
7360c15d3abd4dd8a5af35cc13c48b1c,1.432618,89597084b19c4902b073a2c6c6622456
0d995ee72a0b43739f37e5962dd6c907,1.4292316,0302e7dde9074dddbbbdf85e9be57901
071079b5a0494fe2b01b0dc5399d8089,1.4284033,eb513691b7a04d31ab1bc50bf343447b
a0f623aff0d34804a39f4b55a08898ca,1.4275298,903360099fb644b6b88c6edac88eecb2
f9f15f3fa87e4ecb852682898d5c2044,1.4267436,9b22c5cdbff44bdabd48dba008e6a3b2
efd4bc5be92d4f7abb7c4bd8c19423a2,1.424305,74e7db4222ca4a20811199afafa346a7
6c8cdd6141244ba1b62fee70292cc68a,1.4232196,b4150337314e40fb9e3ebb24514504a3
99370de3bbb74c12a92ca24b995d92b1,1.4190733,4430d47e30904eab969c1baebca184c0
d3b5dd91af4f4e17a5b26bd5058f3dd5,1.402348,c26f5e7dcc8149f18f3d719bba9ae717
da548115b6564ca69d846f3ea8615b6e,1.4021463,e96aa0967ab94368b381354e03dc40ad
b92da6fa48d248779bf06eaba1e7a2a9,1.4020376,f615619defc4402b82845090c238e597
88769fc17b0e4f3a9736d45e131659d9,1.3902636,ad289d5052264f9c8bd0aaf9faace92e
7347c822edd443ed856998a70357afd0,1.3897467,8a77dc665d8b4d95a0b1113522f7e9c3
78c3087265224b479cfa12716bcf1599,1.3876774,27eee82d7fb94b9b8b60bd3101187496
91a077bae982429595e548a2859976ab,1.382531,7ab29c5e2f05481d8a69cc479a764ee8
69705e3d3da0436881b25f42d2a6f102,1.3818597,4d708e5878784386a42c2f436d2d60f0
09a86f7239984e8faf484dba2109244d,1.3800766,4a4eb12a639346b5a00557d54b51fe51
c81fde53a5804d74983247fb14718050,1.3799607,bade01bd83ec4b6786fd8c867ca7a090
9aca4f5f45944250973b5a08c3fa9547,1.378479,58db4c3a26c84fa68d81235d078208bc
803ab31024764a56a2ac0cda5c79c69c,1.3646141,11ec23965d2941d0817082107996ebbb
f17e080b2680401da91c350fa7e9cfa1,1.3645201,fb695c097d5845c282f6b30c241e8cf2
5ea4394d43e44b219a8390a0b54d2982,1.36114,46ba0b979a664c7cb0c315c4cde6ac86
7dda222413534a90ab8e3d686a1ba461,1.3592029,d27cfea4da8f445fb4e3c55e53c6482c
839527c5eff74e27a3dd2e5a9336cc57,1.3584361,c9628610053945f4a7998ae48cd70da3
59ad0e42bca44e7c95b0aeb6bc5ca7dd,1.3562784,a585d23fe43f459ba86ac15645af77ff
7b844c15f35e4db9b884e79c271e87f9,1.354359,a585d23fe43f459ba86ac15645af77ff
e95715a92c0a4c8292d8599a0c1a7dec,1.352437,1543a2f94aa74008914301874d98f0f5
84e4c1bdea914f529a194f767629d1b7,1.3518794,2a9658410614443d8a27ef174f61d6e8
d4b67d4bedeb47018a353598e2262d9e,1.3440738,c3412c53e9ec4b6a9a1aa95cf7f0f1e4
ec9e443ba4a94ce1b32501a817565a6b,1.3436625,c26f5e7dcc8149f18f3d719bba9ae717
3b065dc23322478a8128f0322c8d0678,1.3391213,8db9e204b8b841df8fd94eff0888cdf7
bfa67f429e414493a7306f4ad2e21550,1.3381104,1f8c0f02984e4139bf8043e57497fdb2
ab90f505d58d4d94afa71bd0811469b1,1.3355689,80948e17b5694599919e1502bfcc08f3
7243a107cca54629976980cef4591fb0,1.3339198,1b4e143cfc1648a5b877d7445446366a
14169e1048564c4689c2584a790d6696,1.3334424,1af4472b38cc4304841b2f1720075c9d
999fb1ffa3824b0691a5dcd65625f30f,1.3331733,2a9658410614443d8a27ef174f61d6e8
0b185da1334244d1b2c7ba6695d75f1c,1.3325922,bade01bd83ec4b6786fd8c867ca7a090
ddfb9bf3e876482b994c7955230bcda9,1.3257526,5a8cc5ff28fb4359afc7e9fcbf3bce55
93ff73f78f7c4aac9aa13de5f64205cd,1.3252927,00f45d57fd3c448d8cfdf3185ebae894
d142f9dac4904fd9a93e4b68197a4fa9,1.3217297,ecdae9f36c6a437ea72739febbf1c89c
503e869546cf415ab60324f38dc8f73f,1.3119938,eaca056cec224a30aaaed30c39f644c2
b3d1c6603e6a4f05bfe265607ea252ba,1.3099153,e02ad4f63c8444b79a7a56fb23a4e0f1
f5a036940f0b4b219a4903d8efd2cac0,1.3098836,5831f5e280be4c02a09ce4588b56d7f3
7e14c6fa40384f39be08ef7ac6b7deba,1.3092294,4b748d6624144214b3d8a80b37aabde6
94c480de369e4fcab0aee54d6543f90b,1.3091023,630edd9b8f754b5dbd36cfbbd03ccb51
3127238ca74643c3bd2e042605dc5e25,1.3073025,983940e0b12e4186a281c36de657406e
0c3b7a4e78f94de7ab1a415503097c9c,1.3023462,ecdae9f36c6a437ea72739febbf1c89c
1ab3ed9b9a4d45cc81fcf7e200bdee0f,1.2998953,ff715b4f228443e3b067c801250f3402
ee6a2cd2075841c6816e41a54637aa9b,1.295553,ad289d5052264f9c8bd0aaf9faace92e
f505e4ddc7604ec896a2bc461f2bb86f,1.2920637,d0a840820172465f83c8480d571e7b71
1950440f5ca34d0bb2c737f896ec3b16,1.2892303,c322b788813745e0aa7b592b4345d379
bb53d0593f034d19b5b20210035e1058,1.287576,f11f1682b5924181b047d757d3e20964
e2543c3614294b10b21429f6a412dd3d,1.2870624,ff715b4f228443e3b067c801250f3402
9146bc8522804996b5984ed63944edb7,1.2825346,01690d9b08164fcabd5bf0819754f71f
6fa96236f4904758aed745bb8a495f66,1.2800553,e9f055a212cd4e5e8601228c37713f35
af33a412aeb947a8b8c53cfc9e78a69d,1.2729349,983940e0b12e4186a281c36de657406e
d2bf482573ea4097b41b6bc649bece51,1.272651,01690d9b08164fcabd5bf0819754f71f
94aeafd28e6749c09c57cbaecef9df80,1.2673922,6c8a24653ef04f559b88e0f27c0df63a
34bf626d6a87427281f80c0938fe0278,1.2663682,7ce06191f1114b4c8a00609f6867761f
046c13f855904119983f73a0bdc77a34,1.2622566,9014beae94cf4f648e1663c8d5ec6803
0ac5a5f9477a43b2b222bfec1888b8f0,1.2583978,19c9ac7b84df472c85ed6cf5a05fbbc6
6e50350fd3c745e6be8f38c45f9b9148,1.2547675,fe6ace599de44aa19b1773dad3658fee
7e4f7e1030bd4e0d9be72f6761ea3def,1.2528906,77a8b27acb0e4600bb6ff974eabc269c
19c57283f04a4c338b9625f43642f886,1.2524045,d576e334105247369362b05a375e88cd
7e808bd74e2447d79f7d266c88de6410,1.2498742,95fbc6ed8bfd43c1a6bcf676e26e7f8a
8159d92e267d438e9012e936aa5fb15d,1.2477734,95fbc6ed8bfd43c1a6bcf676e26e7f8a
9f44eb98cc5c4143a57358e733c1cb23,1.2445921,650afb6a1d054e59904a1b796552eb04
d783d92ce7464edd930cf3e6a5a3ec9e,1.2325886,5a26ae7959494fef99542e9b2004fd11
984301327f964e12a088fd8ee2361fdc,1.2242297,ecdae9f36c6a437ea72739febbf1c89c
d7d1062b83d0482889557ef5578d6c18,1.2235103,836ec4ef8df644328ac07b7803709323
a5d2be317fc24e528df576140c0a3849,1.2230871,1543a2f94aa74008914301874d98f0f5
9b18e72d85384d73bf3bc666ebd18aa9,1.2130755,f036aaf4ab714c598a0b6da4ca604136
3e3a44c2636246edb0f9c1d8f041d873,1.2106051,650afb6a1d054e59904a1b796552eb04
edb1a0a557354729b75b63862940d133,1.2077132,01e805bb5a1845a7addf86fe9bc8d814
45fc0cc071f44aa5a4f55b6521959f82,1.2049637,7a4c413f5c844796bd5ffed2b65f0336
25f901ba444c47eab6b03184191a3151,1.2041197,4b748d6624144214b3d8a80b37aabde6
baa0f8290544453cb52c2a41cc0eee30,1.1989958,d79afb377f5349a69830b2b4c7cfefcb
2662ae81f6a6414cae732c72ef71a9a1,1.1893688,efdf40eee13d409c9955e5b84e4408f6
3cbe7ad4fbe64e83876d9c85f91a8237,1.1877865,d4cd0b56b6f54e08aec8ebfdb6122c5c
d02300771c8742a688cdc05ccd13d2a0,1.1876533,6c8a24653ef04f559b88e0f27c0df63a
7fef3b2e0481482fb860ca2b3db02567,1.1856362,9b22c5cdbff44bdabd48dba008e6a3b2
94e15698eca449a99528bcd1d437335a,1.1853178,00f45d57fd3c448d8cfdf3185ebae894
27a9489cf5724d47bbcc508684389f2a,1.1835885,3257035cc77946d98bdc09e2fdd5cdae
b7e671bfae63423bab3fb47c46a0b0b9,1.182973,8a77dc665d8b4d95a0b1113522f7e9c3
a5d7fc13c59d4aef8d24e5d15dfc363d,1.1828276,4d708e5878784386a42c2f436d2d60f0
b717169ea8804058961095ae61a7b5fd,1.1817077,64fa5ce839ef406b9bc8a1b2f05094c7
70d4373544a8407086d520841c1eb504,1.1763132,7c1e02f3ab614e539ac901e5cd3c92d8
b2a24b751645419cb6e060319b510e79,1.1639789,cd56b9a044c24df8a7156f661cb3d9cf
6cfe829d301f463ba1bc66d1c8087b0c,1.1628047,e25b9d9944cb4d7197efb8ffc4ff57a1
43584afca09c4071adba01dad786c329,1.1617378,e492ff7fecf046a4948c5ba5631cdefe
3cb97459e3f74194b27d06def0becea3,1.1609538,c322b788813745e0aa7b592b4345d379
010b4030f3e24d059d9e4d37cbd1963a,1.1547368,66b0c8a58f444ea0aec34d9403b88a49
4a5ee7ff69a445f48974483a915d4d84,1.1498756,1543a2f94aa74008914301874d98f0f5
7dc9553f77c842f1848c9fe066681b67,1.1485907,bf59502a233e4b5eaff9cfa3a992c387
c20164d6b8844f428057133e0ab47347,1.1481273,78b600dd53854b018f87267d268b7b1a
6991375b95ab4bb0b14b5ad68edc0a36,1.1370847,01e805bb5a1845a7addf86fe9bc8d814
9993c4c8576c4a6cbb5cd12592fe9e72,1.1349859,11ec23965d2941d0817082107996ebbb
a7065654ab41446abde84554b4442a5b,1.1309438,7cd1db4b50dd41e6b2f3dd15fcab3b89
45134c6dd42d4814b2fba3d713c1b3a5,1.1263793,1cbfb22f84454b1fb821b602e3ad11f8
12b45c8ab28a4361a016608db99cc91a,1.1254828,01e805bb5a1845a7addf86fe9bc8d814
12274ca89ccf49bdb0903f80560e3d7f,1.1218859,c9628610053945f4a7998ae48cd70da3
8058721caad34d58a7ddae70e71c3f9e,1.1210692,c9e2e76e631c4d0a8013d90892350e06
c2732f3b888345afb3c5116a10cd9896,1.1181498,e27d9425c912446e947fe53c4a757375
3477cf6029bd4abb97d2bbcc6c11509b,1.1142626,1216ce1ef31e4643bb1222538c206342
57a0a47943824bb28d5faf9fe31ee787,1.1094618,9e304a9bbc7b4c22af8025fc93757357
34dd2bcde19344c69a51099dd39f23de,1.108172,5a68e05acea4434ba08e17e1fff00057
71466cbf526f4ad890c742b6e4fe7449,1.1080256,6542f58c143446f280e88a6375ccf79a
9abbecd3581246798ab524e018f95ab7,1.1058087,31b69f9501c4415e929b6af28c83f6a6
bee778e5989a42b98f01c3f28373b730,1.1041403,ec281224f8ee419ebde676f291672aea
9c0fbba28fa24de2a7d3b5fff53b8ef6,1.1022991,34b71675a1ae442395b6eb1f3eda23df
6fe5e86e29684922a7b66985a0abbe4d,1.1011963,c8b9a0ac7c214a449c434aabdf6ef770
6eeb265798ed440e9feda4d09e043bf5,1.0941468,156f393f7ca046299e09d05464afa056
58150298bebd4a7a81085018c220ca49,1.0888104,ad289d5052264f9c8bd0aaf9faace92e
ff2339e06523437eb464f18a90d5f80d,1.0878977,ff715b4f228443e3b067c801250f3402
52bcb0a99aff4ed18c8fd7fc24e687f6,1.0864203,7cd1db4b50dd41e6b2f3dd15fcab3b89
49b80615188d4680a95923cff4718e3d,1.0793588,8f761e1117754656ac86a3a25f241cd7
840915e1243641c0b502a35bfa1a9aa4,1.0754569,e456afdf95e643dd926249fec4d68753
d8abdab9cd7145c19d33fe76e47d0c1e,1.0750793,31b69f9501c4415e929b6af28c83f6a6
3d4e582564564c72b47184e7b5c0717d,1.0732255,5971501b0e8b4ef5b203c3985d7f5e88
e42fa7d6b7134c18be1ea6c41a504057,1.0720025,650afb6a1d054e59904a1b796552eb04
dd0e1c93929b4f4d8ade4c3f39aa91e2,1.0719748,e02ad4f63c8444b79a7a56fb23a4e0f1
f7d52b90e2e24549bfaa50d46ded3176,1.0715272,9303b9f7f4984b2dac8aeba8c8da8ef6
38f1d87fba9e41ce91c3db2733f683f5,1.069645,a0fe3cd34e474c3b90662ce8ef1fcac6
75c4589bd9604a0ea1651453f58495b2,1.0649381,ecdae9f36c6a437ea72739febbf1c89c
6475f4fbc11942b8814094002d1133b9,1.0559273,a6a551a308b9442f947ea0608ae2c3fb
9aa12e538d0c4d89ab849afde0b92d65,1.0554773,c88be17376104f999b914a91aebf7220
7d4bb63bd91a4617a40be8165b7fc9a6,1.0546081,7ac9c94011924c09b47f9640211885a2
96bcfa53901a41dfa438964a0688e82d,1.043508,88dc23909eb4415aa39b96cc3a4c2926
e96f7d9a6eb04d7e9b3a01744c7f210e,1.0411615,836ec4ef8df644328ac07b7803709323
41fab89a8af342e5835f50c62da3910a,1.0325634,1af4472b38cc4304841b2f1720075c9d
d940c859c01449d2acaaa7b3fdf1fbe9,1.0163968,01690d9b08164fcabd5bf0819754f71f
3c6017018cff435f8a15557ec2740321,1.0120311,85e7ea30890b456084b8e85c299c8649
90f24532a2864b7aabfcb8e5d5dbce72,1.0109833,46ba0b979a664c7cb0c315c4cde6ac86
da809b1c982e47e48ea951dff1120841,1.0094807,369fe18b94f54c98b554fd22b4a3b50b
2fe38ce318ec41e091618386a291f79b,1.0093845,e96aa0967ab94368b381354e03dc40ad
13efb9d3d8904edb87940273047233f6,1.0059972,eaca056cec224a30aaaed30c39f644c2
de34f2e7e9ae4380a242b0f09f1716e6,1.0029557,6aaae524573f477f8fdef0b83787cbee
75bd7834bfba42a0824a1918cd04b829,1.001483,c8b9a0ac7c214a449c434aabdf6ef770
0440c322e82547b787d5f173806bb341,0.9965595,e039a00eae414ebbb2205b011ac127cf
3391f84c6c544d63a18f7c2e8431fbe4,0.99578816,bd2f91a9415049d980e453f94327e0ce
86339034705d41e685883013d2ef7d6a,0.9930948,9303b9f7f4984b2dac8aeba8c8da8ef6
a16486024d12452a9c7a4d88c7fc5efa,0.9878375,6c74bedaa406493a99988c5b8a47b704
91467c6be29e4dd4bf681cc05803d081,0.9865346,c88be17376104f999b914a91aebf7220
9d68d4254983475b9feb48e30494c9ae,0.9763097,66b0c8a58f444ea0aec34d9403b88a49
9f893eb3a0eb4ad399f1eb64251cb4fa,0.9756156,d74f6e7abeb84eedb9923dadb62f45f0
48ac74f9b05a4b4da78a5f6497555631,0.9666446,a0fe3cd34e474c3b90662ce8ef1fcac6
6e4efb567c284833b93c09713f4af1df,0.9626331,0472051dc57d43f8b9dd08df475fc4a3
0c6306c2d9c64af7a28d5fd434ba9b19,0.9626244,6b9b2c8f0a874bb8b6691aca6bc49565
e15d2b4a689545309a64bd4d54621cbb,0.95824814,89e43b092c844b5886a93091a22c894a
963dcd06789246059d5a6ecdb28e6321,0.9543466,77ac5eb4b3054ca68e2b0dcbd5473fd1
18200ac0950d44d7af9f61b8b1f6467c,0.95355797,ec281224f8ee419ebde676f291672aea
6339e9726a4b4ebaaf1b22a56c33b779,0.95263433,564a84b1b830407e811bcfc7fd086a6f
a1ea6d619e4045668556cef7645bb76b,0.95015687,9ff95d23c3284d31ba5e398afa520649
01651322a4034bdba60434218dfeb79f,0.94933003,d6fe6f8380464e21a27fd69de27f1f57
1f92b7ff3de8413bb81c7346203bec40,0.9484375,630edd9b8f754b5dbd36cfbbd03ccb51
748b2df793c94a6fa92094994cbc50c7,0.9460528,89e43b092c844b5886a93091a22c894a
559208bd6fe2488081a623b7a9d92f31,0.94529545,77ac5eb4b3054ca68e2b0dcbd5473fd1
8868c5482f844182914477066c6e3287,0.9415523,b7ef0a61de0e4adf9688b2c525c9ad09
7919001f5a3f4b7ca384f7a6ade1783e,0.94056654,7cd1db4b50dd41e6b2f3dd15fcab3b89
d6db57dd12dd48adae78eb66e24cd991,0.9343308,cb85047b65f8468aa02744c28c075dbd
99a4beb62cd744e5842541fd8cc9f61d,0.93307936,678725f8b914453fbc1029b7c1bc0879
187dd510c41a49f4af9d4c4371e98953,0.9288883,b4150337314e40fb9e3ebb24514504a3
39ce9102f2044852bd09b544df5b8092,0.92399365,7ac9c94011924c09b47f9640211885a2
7831dfb1e07e43dbac524b0df5c28053,0.92322344,d443e0c5017d48d1b3f86bf4da959ed5
55af16e0058942008349107e8a2e1845,0.92180187,d4cd0b56b6f54e08aec8ebfdb6122c5c
7d72deccbd444c5bb9b43e3a6c75f5a5,0.91547996,e52a528036014db0a7bd54b99a310fe8
cf020a2f14884c16bc73b159ead104b8,0.9085113,5a73e0a5c757410eb0928feed7b151c8
f3f6ec5a1f4a455297eaeeb1145a0d7d,0.90663147,6b9b2c8f0a874bb8b6691aca6bc49565
dace4a83a81f42048efb60a217370134,0.9048579,cb85047b65f8468aa02744c28c075dbd
44b833375c854450a60b5f4819e94466,0.9024346,d0a840820172465f83c8480d571e7b71
8766cab3c343406587942ee9f9888671,0.9020002,74e7db4222ca4a20811199afafa346a7
247daf33fb4d4fa993fd572025cb5166,0.89629585,d331012ecf0c40888e0ac290184f0883
4d8700f8f8b3476899b9e140d2b572ea,0.88982743,e492ff7fecf046a4948c5ba5631cdefe
ade56895f4dd427b8c4477aa940dc716,0.8886974,e52a528036014db0a7bd54b99a310fe8
5c85caaeb0fe44b19a63bae94eb3c1b2,0.88803,c8c201e25c0047a2ba9d9e8541ac0939
af56dd5a3d1a403c910f7ccd67f42dd5,0.8872054,23066f7964874fd39639dbf2cb2766df
bd9ad9e73d3d47e6bc36d0072d5d99bf,0.88144654,3be388c9ab614bceb086c19f70df23c2
3cfa920b06e64cb8a5dba56671ab5d59,0.88103634,3b13d134762445cebcdbb02b484db77b
128de5daa04242e7b0c9eca5277071bd,0.87922525,85e7ea30890b456084b8e85c299c8649
174196604f504ed29027427608904003,0.87561136,1216ce1ef31e4643bb1222538c206342
9280a530ada64a8f829e0ec528712cbe,0.8697599,65664fb3aad341fab563409d91dddd2d
5721ca5ad6544bb8b6995ab82d1f5fac,0.8680898,80948e17b5694599919e1502bfcc08f3
eb1fe6fcc1154bfcbe523b6401451927,0.86786413,1af4472b38cc4304841b2f1720075c9d
020f53a16c0047f9a592ac5126da2ccd,0.8657996,4696c8192576454f8684954bc771aa23
9923a917ad644091bbc508d3ced20f75,0.8656821,369fe18b94f54c98b554fd22b4a3b50b
8b5c517e199245b2b9ffe9601e9c5fd8,0.8642915,92229a391d0b418f87b32c86c42a292c
ba4441ee87f14d4ab951a01cf5035eb9,0.8613225,7ce06191f1114b4c8a00609f6867761f
a2be1094a2d64ff78445a42b82c28a63,0.85885847,d74f6e7abeb84eedb9923dadb62f45f0
266d75addc654d52968c8c67300f73bb,0.8558726,e5692bd498004d32934fbaa05af2120d
7342516c90ad4776bc0f64a3358d530c,0.85366225,02cf82700b4f4773af3a14ad8eaa5270
1ba49dc7eaca42cc9df60f6a9a04f11a,0.851852,983940e0b12e4186a281c36de657406e
57dfde028e58407980d373eb21be8e36,0.84921765,965598a17b624a0f9bb1cd58595458a6
96c624bf03614499b399bfbb431f5b98,0.8473097,6c74bedaa406493a99988c5b8a47b704
f7c0f796a492492095abeb8469b68eeb,0.846243,9ff95d23c3284d31ba5e398afa520649
4593972edeb84fe49e5ad1058e0d8d35,0.8277104,bf59502a233e4b5eaff9cfa3a992c387
a7fe5588b97f435caa29a3b507cd51f1,0.82574433,0ebc441d25664c91adad96b570270f07
8a96af0f20f74b209326dd750c56a2f3,0.81703895,0ebc441d25664c91adad96b570270f07
89b0d50305744a53bf5c6cabc6f94b08,0.81322473,d27cfea4da8f445fb4e3c55e53c6482c
d2ed407fe4db4fa69c57cfa4bd7d002b,0.809645,8f761e1117754656ac86a3a25f241cd7
0f4e625476a041c88fade20efb2eabcb,0.8082717,64f1d63a671d441d9663a783f632f794
ad13a71eb5594e529ad80ed59082fe17,0.804849,9303b9f7f4984b2dac8aeba8c8da8ef6
2b4fda504eff4531832d7897265ba39f,0.80094767,d79afb377f5349a69830b2b4c7cfefcb
b260e27f99814dfc9434f7e4b50702ac,0.7992453,057164cf4aab45ebbefef3409359cfb1
1ca76b297f0e46b1ab22a8cd94230582,0.798035,27eee82d7fb94b9b8b60bd3101187496
8585971b042846729be0531195bb8d5c,0.7978805,3b13d134762445cebcdbb02b484db77b
83be35bfce854dc48152629a9841375d,0.79723644,c88be17376104f999b914a91aebf7220
8baed775825049a7a98ba659c3139582,0.7957578,6c8a24653ef04f559b88e0f27c0df63a
64c90aaee7904b2ab8098f0dfe8cd516,0.79509735,d576e334105247369362b05a375e88cd
17ef3923d27b4a0d99dbc74302d79924,0.79432034,e25b9d9944cb4d7197efb8ffc4ff57a1
a89278348142457886434482fa366f57,0.7902119,e25b9d9944cb4d7197efb8ffc4ff57a1
493a9c5f51a84accb411c3f643d0fba3,0.7857791,21b1ded02d7b42618592187e287835a3
af733079cdf649cd95e030d070b603da,0.7799752,903360099fb644b6b88c6edac88eecb2
96a221031ce64e98ba5fcdb2fb45c9f2,0.7767037,7ce06191f1114b4c8a00609f6867761f
c63b9549ac384d1092aa0770e0290785,0.7763126,92d5da561f5a41bf929f3555a74cd653
a879a1da30c4407aa84b5fea90b60f32,0.7716539,6c74bedaa406493a99988c5b8a47b704
6ef20b2327be456ebe9d47d6c015c659,0.76978827,77a8b27acb0e4600bb6ff974eabc269c
500d964011eb4cd19e61ff976d9d808f,0.765154,46ba0b979a664c7cb0c315c4cde6ac86
865e99466009410e82a3a9daa7d34d29,0.76298463,dc58564d0c8540bea4f3e2e3696deae8
11626770763040b882ab69e58caa67bb,0.76052076,903360099fb644b6b88c6edac88eecb2
d41cd804abf94f759a1f7e6da3cc6758,0.75969005,e456afdf95e643dd926249fec4d68753
366c800d775a48eeb3c735cde3a881ab,0.756612,6b9b2c8f0a874bb8b6691aca6bc49565
8e80b474643e48ac86e6d8e4a23c507d,0.75623775,77ac5eb4b3054ca68e2b0dcbd5473fd1
b7076c9ed4f545c48deaab51abdc4a6b,0.7505452,ff218cc7835d4b5ba0de22792319050a
b4d2f62738d84adba1b5809481bab602,0.74696267,fe6ace599de44aa19b1773dad3658fee
e98cad653d89476483782ae1a239135b,0.746184,5a8cc5ff28fb4359afc7e9fcbf3bce55
75bceb302d644b309181d454dbd2b59f,0.74455655,678725f8b914453fbc1029b7c1bc0879
c75f0da05246416084af6447931742bb,0.7426169,650afb6a1d054e59904a1b796552eb04
d1c94e11ba214e61b63f00da3fb00a09,0.74095136,ad289d5052264f9c8bd0aaf9faace92e
5b204de5b2be4f0cad1271ad9c6b1f51,0.7394039,82b01998353e4141a7613fdc96d7b600
041c8b8571254958916a2b21a2e98516,0.7385129,3257035cc77946d98bdc09e2fdd5cdae
d832897254e74ba4a5515e22654b2d04,0.73654824,9303b9f7f4984b2dac8aeba8c8da8ef6
371437b76fbc4eeaa709683744e7ee08,0.73319167,e45844e0215f4a1596a7f9ac41367c46
fccd86bf84054e46a65b37bb8808da7c,0.7326609,e492ff7fecf046a4948c5ba5631cdefe
c0860e1ee41347ae81ca7fee69119dc2,0.7271068,3257035cc77946d98bdc09e2fdd5cdae
3427373bf8314ae5a87677132dc4874f,0.72650135,8a77dc665d8b4d95a0b1113522f7e9c3
af1aeb26d52b41fea9c9af10f45c7bc3,0.7176695,7cd1db4b50dd41e6b2f3dd15fcab3b89
a90f7233ac774c298df91a6eeab11626,0.71622086,d42996c2b67443fd9b73bba7641d4f77
41d559a45180411298adc4fbea7618ca,0.7128736,de9328bdd1b34adda74a0363ff0a52b6
dc31ba78cf194fa59ae6ae94413ba0c0,0.712758,23066f7964874fd39639dbf2cb2766df
68a1587934b74c2aac31a790843f3b56,0.71060956,e5692bd498004d32934fbaa05af2120d
63d32d729061451cbc920b4066c15339,0.7060333,6c74bedaa406493a99988c5b8a47b704
6bfc7764438f4a6caffc2e8225f5545a,0.70377547,d331012ecf0c40888e0ac290184f0883
a3b9cd8b03da4791964406ffeee48526,0.7026184,6542f58c143446f280e88a6375ccf79a
302f7c4fe5f346b7b6f4c5850ccea290,0.70197713,d576e334105247369362b05a375e88cd
863e6e460e12403393c97a12e6ce92f1,0.6975411,d0a840820172465f83c8480d571e7b71
bb1d29d38bf146d882c0237285e635b6,0.69181776,a4cad92644614f78bded3ca6d6023473
4aeb82ff294e4be9be97a1aee9698fef,0.68806523,e456afdf95e643dd926249fec4d68753
9d2b582dd0f84326a537a91a57caab4c,0.68489033,d79afb377f5349a69830b2b4c7cfefcb
206c38136fda4bdb97f8087fab551d1a,0.68344307,e27d9425c912446e947fe53c4a757375
fcd022d73a35405ab8a38d11dd06ff4e,0.6829143,c88be17376104f999b914a91aebf7220
31d3239dbec34e65a0e239ffec9138ea,0.6806555,257aed6ca7a44f1cb5c664beb1be527b
277c71d0965642b2b592f9a48534fee7,0.6766279,c8c201e25c0047a2ba9d9e8541ac0939
12b4b13d49b64b55ae65fe00960c4711,0.6684558,6a33c207c8b648f680dbd0e65639ef04
112c929868df4d8fa0428f2c3cf17e3d,0.66588765,ad289d5052264f9c8bd0aaf9faace92e
78c726c0af744ce0b72aeb59512d26d8,0.66227543,e52a528036014db0a7bd54b99a310fe8
e553e8ada4e4446ebe9a909822fb1cfa,0.65808666,f5a6222612ef406b8f02aef87e08c476
7b5adbd82a584ff6b6e23b89956dd6f2,0.6569695,bd35571850644321b86ce4fae286ce7d
d56e8f69077e42b1aca7c99f6675c5af,0.65633005,1c97c72e076f40fcadb22b17e71beed1
ed7174d9684e4c1ab43b255543d62f86,0.6547226,b25fe3b79f714d38b3fc53e39fd84d36
4271098208074e6ea1a9497085061483,0.64874256,6542f58c143446f280e88a6375ccf79a
c492188137ee4adab179d07e9473fc40,0.646567,eaca056cec224a30aaaed30c39f644c2
e212caf6ce0045358ab77835c78ae98a,0.64286566,7ce06191f1114b4c8a00609f6867761f
2ca1d4b5568b484d92ce254f17374b6f,0.6426207,d79afb377f5349a69830b2b4c7cfefcb
9addae0c40c248d4ab8fd02fb3861e99,0.64211416,9170e0bb8fe44b309f83293808d871fe
20256e6cd14e4624979db79d84582573,0.6364093,fe6ace599de44aa19b1773dad3658fee
5466e5423228429ca4afb7578e83a4f3,0.6352186,fe6ace599de44aa19b1773dad3658fee
8315c41aab974f618fe59e445d7e6543,0.62768537,b2be859ca8f24cda86821d5383edbc18
f46543478e9f4f0bbb721b47a528562f,0.6246445,f036aaf4ab714c598a0b6da4ca604136
278a6d1334d949ac865e60b6199bf59d,0.6228792,a926df6d7fcf4b17b68dae6f41fbce66
dc439e2feee54ac8a73f06f7ea3d8334,0.6202083,8f285540a9394706bd6ec6cda46c5058
1930e2b037404eb3b7a991849e81320f,0.61669904,21b1ded02d7b42618592187e287835a3
8195fb97514a48a7a6eddc58be5d8f37,0.611384,691acac4a54d450697afb2c2dc4fca09
91c1e818e83d4b929c7b35f910b68663,0.6088197,a25b08e008114c9ca0266ce3e55d82bb
e4c05db0326140dd9c48a8179a3fb6ba,0.6074276,02cf82700b4f4773af3a14ad8eaa5270
4c0fd754fe344b9ba99a09a70be831df,0.60482484,f9fae977af2c4f35b29400f31267e170
6febefdfecdd4d6dbe493b2dab3579b0,0.60078895,156f393f7ca046299e09d05464afa056
360cbc8189604ca7bed1d03379488753,0.59780765,eaca056cec224a30aaaed30c39f644c2
be220fecc0fe4c75a466c1f760eed397,0.59515417,3be388c9ab614bceb086c19f70df23c2
fcd13888ea3d4c2cba9cdbf3a7d2bbdd,0.59457314,b2be859ca8f24cda86821d5383edbc18
51ece51608b24f22b0e8d026f5e403b3,0.592309,983940e0b12e4186a281c36de657406e
e84532113530478c84db1abdcae9a6d6,0.5907566,95fbc6ed8bfd43c1a6bcf676e26e7f8a
4fb27ec50c5a44b9a81d230f845e3047,0.58494765,75b0bd2240a54f6fb45bf95ca43ab5e6
5f5d6306678c4a0cbeb65f8580c9cdbb,0.56846595,89597084b19c4902b073a2c6c6622456
c8a6cf1a44fb449b9f338991907da389,0.56610644,89597084b19c4902b073a2c6c6622456
74ee886c358c466b93e307e28af9d52e,0.56056356,7cd1db4b50dd41e6b2f3dd15fcab3b89
5fa7699fd07e48f29a259e9b1044fab6,0.55599195,d4cd0b56b6f54e08aec8ebfdb6122c5c
cb3423afcfba4d688aa9cd2c23cf0c69,0.5521728,46bfd7af0ed6491fa621350963d11e35
89d4dbe124c14550a38f6790a02abf01,0.5511827,1fde4c9a01f84c349461083b6d0ba9ed
98d13339052248b0b3c45e976da3acf5,0.5491712,3257035cc77946d98bdc09e2fdd5cdae
1bcadb1e071c4e6d82323f31e960901e,0.5481239,836ec4ef8df644328ac07b7803709323
6e6870a557a147a9acc900ab380040fb,0.5479254,e25b9d9944cb4d7197efb8ffc4ff57a1
af017ad1aa9c48c490bae2aaba2f1029,0.5436685,ec281224f8ee419ebde676f291672aea
387cfff049b44a62ad0215e9bcd6f912,0.5414214,ecdae9f36c6a437ea72739febbf1c89c
10ec284856b64b33a3f1095d708227c6,0.5409798,f5a6222612ef406b8f02aef87e08c476
4443770debc447b1b3f8c9dbb46160cd,0.5386257,e456afdf95e643dd926249fec4d68753
ee6aeba966504751952213ca4d85796e,0.53664696,3b13d134762445cebcdbb02b484db77b
2246c7640ba74a0d8caef1ca9f9d44dc,0.53139305,564a84b1b830407e811bcfc7fd086a6f
9938803be0884fc282a350a72835a9b9,0.53069925,4a4eb12a639346b5a00557d54b51fe51
503e10935d8945e8b7552e9f83309667,0.5293796,efdf40eee13d409c9955e5b84e4408f6
e08d644c0950461e843595f14ded4387,0.52825683,5a68e05acea4434ba08e17e1fff00057
7cb7428e7e774e2ca33b6d9a12926311,0.5266342,23066f7964874fd39639dbf2cb2766df
f8a46af09cee4fd4a9c2ffe00e109f28,0.5228559,6aaae524573f477f8fdef0b83787cbee
936da7c6ee60477dab2d4d91e51a0931,0.5184325,526ab7eda50e4a239d03ad505832d61d
b074150ff8a24cc9b889876ee8b52d9d,0.5173734,a926df6d7fcf4b17b68dae6f41fbce66
16b6598102224ec59ae691c80c17f913,0.51629525,e9f055a212cd4e5e8601228c37713f35
fb4a9db6c94f4a49a12fa4071706242f,0.5148832,f0695d7e59d64941b510a3d12f801d59
a202212d6ad9404fbc16c60a7fc73ddc,0.51385945,fb695c097d5845c282f6b30c241e8cf2
14f6b3f3ee164c98b2aa0e93e06070d3,0.5122073,678725f8b914453fbc1029b7c1bc0879
6fb6a2666474414e950f94d5b467b229,0.5109362,bab3bdc133384798b558f8fb6466a7fa
eead86464fcc47c9a4330692646f0973,0.5105162,1216ce1ef31e4643bb1222538c206342
d8b0fd7f373b467f8a214ebf710b5469,0.50719196,89e43b092c844b5886a93091a22c894a
d8c0f66ffaf94373b23b46444c5acb4f,0.50625265,156f393f7ca046299e09d05464afa056
c350ff1ea49c4547b89b09403669a4b0,0.5062066,4430d47e30904eab969c1baebca184c0
d060627e97d244e99da1e44ccf7d4a91,0.5060444,5a26ae7959494fef99542e9b2004fd11
e046c26587cb42afb43672bc7895ec22,0.49775296,9303b9f7f4984b2dac8aeba8c8da8ef6
d2eed3a46ce744eab6ced2424b2593b2,0.4966561,d331012ecf0c40888e0ac290184f0883
b187ddffdecd4cf9b139b97f1fe3695f,0.4964378,1b4e143cfc1648a5b877d7445446366a
d8ea4ac9525840edbbf19a36ad957e31,0.49241704,d4cd0b56b6f54e08aec8ebfdb6122c5c
2a4b8f6f2f1948e587b2de1effffc8c6,0.48132473,23066f7964874fd39639dbf2cb2766df
26463e5a5b3b4b8abdc0a436268a93cb,0.47850913,77ac5eb4b3054ca68e2b0dcbd5473fd1
8e454bf7a3e945bfa6efeac4dcd2ce92,0.4733017,c8b9a0ac7c214a449c434aabdf6ef770
d3d566cecb79472ab65c2a57bc6d7b6f,0.47312745,7ce06191f1114b4c8a00609f6867761f
734db9fe91ae4ef4aa4f3798343785f4,0.47277236,eb513691b7a04d31ab1bc50bf343447b
fbffec6a21df44de80e049b741243c36,0.472708,8f285540a9394706bd6ec6cda46c5058
b8cb140987104f8db7456d8b3ad57ae7,0.47235227,e25b9d9944cb4d7197efb8ffc4ff57a1
7fc16d6f92a847c29cf3367644e4e835,0.47061878,b8ca3b6144cd48208caae952e096e7ae
e862a12dcbc4446cb1bfe03570cc7b44,0.4701401,7ce06191f1114b4c8a00609f6867761f
2eec5eb123e343b89370139c57a3ef13,0.46991435,19c9ac7b84df472c85ed6cf5a05fbbc6
a5b36f9c26ec44639e19ecba64ad7063,0.46647114,8a77dc665d8b4d95a0b1113522f7e9c3
780760acebdc4860bb31c7a7150c19dc,0.4569366,f5a6222612ef406b8f02aef87e08c476
06dc42ee4aa4438a91f2d88754ad84cb,0.4558757,650afb6a1d054e59904a1b796552eb04
38003415b2fe4903b7183cdd279c09f9,0.45271584,678725f8b914453fbc1029b7c1bc0879
574579024c244c8692dbb21de8829775,0.45051378,5831f5e280be4c02a09ce4588b56d7f3
b1c2cf26538045169885251ae1a1100c,0.4485454,7ac9c94011924c09b47f9640211885a2
c6b7ad3591e84b359837e00aac91e82c,0.44811004,6a122ce1702646db918266228d48bd08
a3a8679097e74509b7525e86a5457662,0.44417545,b4150337314e40fb9e3ebb24514504a3
f3ea230754ba41d192cd37ed751d1318,0.43424007,8f761e1117754656ac86a3a25f241cd7
523ae070f70149be975ea27f84bdb39c,0.43039715,75b0bd2240a54f6fb45bf95ca43ab5e6
3827fc528c674ba6b4b692725d257a11,0.4299403,1cbfb22f84454b1fb821b602e3ad11f8
9c4b40908472420e923be2dce2979c0e,0.42714334,01e805bb5a1845a7addf86fe9bc8d814
910f58d10cac4e1896efd603e3b6247c,0.42187077,ad2b6fb945714e6792c17bd49a1066e0
bfd8d22a1f9a42a28b2a78c5e4323725,0.42180985,f615619defc4402b82845090c238e597
04457b683e1d4eaf8e6a37b15f5d8aa8,0.41860527,700f381f40ce4b039ce0df8b49fb199b
e30792faab17454587f51314a00ae69b,0.4185046,d74f6e7abeb84eedb9923dadb62f45f0
dd207a6be6fb481c941ff42092bbb3da,0.41749048,34b71675a1ae442395b6eb1f3eda23df
6b56add8c1e8488e9e85c4085e0cadc9,0.4165249,d443e0c5017d48d1b3f86bf4da959ed5
1f125654980e402e84e676e3b1c1db15,0.41484353,73e7e41e8db447c09cb2363d76556c64
9ae0dc25880a4b1ca67998ae29c63cd9,0.41378662,eaca056cec224a30aaaed30c39f644c2
e45e383a0b9844e2b5ea7eaea5eb9fea,0.4097301,156f393f7ca046299e09d05464afa056
96427260d7a740dc8e8abb4b879ac84d,0.40703258,4d708e5878784386a42c2f436d2d60f0
9d9d4a9695414746b71566692311e57b,0.40401185,cd60a0fcac24465a880af7d8f921dd68
c81dd22a150c47b8b83d8439c0024f01,0.40332383,a585d23fe43f459ba86ac15645af77ff
3d62fd7345e249eca395731c94b53eba,0.39767852,d42996c2b67443fd9b73bba7641d4f77
d52b00145e914e48aa1e81cc1b399901,0.39683026,cc21026ff0d541909df56c5618d28518
7002381cfd40489ebf699ce239f95dd0,0.38976023,d0a840820172465f83c8480d571e7b71
c46143f6691f4af38d4779e21a33f827,0.38946748,01690d9b08164fcabd5bf0819754f71f
152e0362dac34ef8940b97d42520b9de,0.38383067,17cc6768c9d14388b7455fea0060b62c
61e1612d7fad463ea1c28d21bdc98513,0.37578052,82b01998353e4141a7613fdc96d7b600
b5db665a6be74d6d917e217bae5f59b7,0.3749324,21b1ded02d7b42618592187e287835a3
c244f9298eca46bebe8382249b3a300b,0.37306497,e336d113184c4ebdbad7aa2b6ec64640
15af8d3a801645799a0656e8ff3c729f,0.36942223,691acac4a54d450697afb2c2dc4fca09
93851d403349407996bba1dfd7457f79,0.36818808,057164cf4aab45ebbefef3409359cfb1
a9b68d896d484e6a9c7e87b014dce89c,0.36603755,c88be17376104f999b914a91aebf7220
00989f2d41344337a67e440d6506b9cf,0.3645653,73e7e41e8db447c09cb2363d76556c64
b2486195994b46178a02231ec766d3ea,0.36304742,b050e9e1ef5946c297a34dda98d8f476
38d3a8b3543b4548ab16eca74b1ed293,0.36234915,46bfd7af0ed6491fa621350963d11e35
af70750bd219415e93fc6c35e802091d,0.36106837,903360099fb644b6b88c6edac88eecb2
142160eab552419292c34bfa817ab146,0.35732308,0ebc441d25664c91adad96b570270f07
613c069f276a48f2b4d203e4b49d44cb,0.3519541,fd51f3eef1a64d9a93652be481bde32e
22a3289b29c9411cb2777c5cd4b454ab,0.34683526,ecdae9f36c6a437ea72739febbf1c89c
0b35c0eab3ef4062bc3e184951a22fa9,0.34559804,80921378de2b4cd3a14d449688d8b079
bbd851331a6a4da4b22326af57c9ea32,0.34282082,faaac88748714ce8a99413b952a1dac8
68ea9efe09ec467b955f3960508e08de,0.3415081,23066f7964874fd39639dbf2cb2766df
3088711035bc4a06b3595ae315f54fb2,0.33106163,c9e2e76e631c4d0a8013d90892350e06
06435a3004794b68b31f4c445a06fe71,0.3293169,f615619defc4402b82845090c238e597
d52a218e156e461f8d5f05a8a136988b,0.3266776,89597084b19c4902b073a2c6c6622456
f4398da2a74044829b4f7bd0808aec82,0.32531294,6c8a24653ef04f559b88e0f27c0df63a
9542d0008f7d40028d37ffe95d4e270c,0.32224512,a0fe3cd34e474c3b90662ce8ef1fcac6
06bf7c8951c64f95bec0eb20b232e5bd,0.31459492,e039a00eae414ebbb2205b011ac127cf
0cb422afc9b5409dbdc542e32e32d01e,0.31364667,965598a17b624a0f9bb1cd58595458a6
f52e6b02fcbe40089962449e4b4968db,0.31241304,cd60a0fcac24465a880af7d8f921dd68
10edc8c73a904e63bc4317abfd0d7213,0.31048673,66b0c8a58f444ea0aec34d9403b88a49
64f28ab73b654d0399810c11e2dc615f,0.30924758,7ce06191f1114b4c8a00609f6867761f
693fab3513204d1594f6d18136b865e3,0.30167454,1fde4c9a01f84c349461083b6d0ba9ed
45d15e5e49574f79bb6a3116fc761b83,0.299896,369fe18b94f54c98b554fd22b4a3b50b
c0f3c55551da4b9fa0600e0d1b9181bb,0.2978363,0472051dc57d43f8b9dd08df475fc4a3
1dce77fb1e9e419d8977644f0d18fd1e,0.29543027,f0695d7e59d64941b510a3d12f801d59
587a668f01694a1e847a97f47debb81c,0.29450238,37337ebec05640b890e4b9612776c32b
fdc1732f54e34300bc77d7b4c38ec31b,0.29448855,77a8b27acb0e4600bb6ff974eabc269c
bc4671732d9843eaabd57d23d84f259d,0.29363173,bd35571850644321b86ce4fae286ce7d
cd1d8e8c5cbe4d4cb0b1fbaf84bec386,0.28906453,650afb6a1d054e59904a1b796552eb04
a18a19c2ef80495ea076e2ecc882c7e7,0.2880428,80948e17b5694599919e1502bfcc08f3
7138411c54ee4ddc9519ced57941eb3e,0.27796102,78b600dd53854b018f87267d268b7b1a
08b353e1649c42d6b37c9f7179dabf6e,0.2731213,d27cfea4da8f445fb4e3c55e53c6482c
5b578482d6cc41b9a12382c724e9e19d,0.26914698,d981f2c67f764e0c84af125b563958e9
62550b8ddf604cfba4e092fbead3bc1f,0.26742133,34b71675a1ae442395b6eb1f3eda23df
2341754cd2ac49f79a6f98d84b177e6f,0.26560277,11ec23965d2941d0817082107996ebbb
373a81f37e674bf381ab2c67de8df0dc,0.26476234,19c9ac7b84df472c85ed6cf5a05fbbc6
b06dc9c1726443b19aa4d4e118d8596e,0.26207578,6542f58c143446f280e88a6375ccf79a
fcd3d852367e464bab386817f4536abb,0.2592572,9e304a9bbc7b4c22af8025fc93757357
e1373920ccf54979ab678e62eb165c60,0.2589597,b2be859ca8f24cda86821d5383edbc18
a0720ed891c94750a6be596258ee3d43,0.25853813,678725f8b914453fbc1029b7c1bc0879
56f20fa9e0904380b48d10ec3d81950e,0.25739205,ff715b4f228443e3b067c801250f3402
1139ff813de54ba583f9d19e3a2b6ac6,0.25295123,a585d23fe43f459ba86ac15645af77ff
fdef09f89c644db89a91442b6889f7b0,0.25110525,f615619defc4402b82845090c238e597
f185dd7af4814c9e83eb8e679837ee60,0.25021338,4430d47e30904eab969c1baebca184c0
00aac7746e164d80a6a257d31925297c,0.24379909,1b4e143cfc1648a5b877d7445446366a
7f8ae3801f3441f696f05e6cdd70c2fb,0.2430962,156f393f7ca046299e09d05464afa056
87097861fe6e492abd016be0dba27ec9,0.2413416,9e304a9bbc7b4c22af8025fc93757357
911ee4e9eb0d4ed1add57e7a79dd71d6,0.24110974,eb513691b7a04d31ab1bc50bf343447b
551ec133b10e448a939d6f857cf1dc17,0.23871267,0ebc441d25664c91adad96b570270f07
b781fac256574439bea7cc655923fd3a,0.23824942,f11f1682b5924181b047d757d3e20964
4e48af3f82274b30b4ec6ec1533e2840,0.23628986,58db4c3a26c84fa68d81235d078208bc
52b9939de81d456e831c97f43e912728,0.2330614,d0a840820172465f83c8480d571e7b71
0a0d970d0884494391ed2a3bb2f00b54,0.22895217,92229a391d0b418f87b32c86c42a292c
45f269eb7e1044bfbd012ba2df2be6ad,0.22847939,4a4eb12a639346b5a00557d54b51fe51
b4bfd87056ca4927b56965f9b8341f74,0.22830036,74e7db4222ca4a20811199afafa346a7
06dafb47baf148b9ab12caa5200a4d2c,0.22760592,58f53c379f7a4868a2ba6d91a06247d2
55f81e8022ee42b893d99d17d99a3f32,0.22675338,0302e7dde9074dddbbbdf85e9be57901
882f017418bb44afad1448d9640bd967,0.22425711,7ce06191f1114b4c8a00609f6867761f
68017cd7896a412db28e47c90096b888,0.22089854,d9fbe02f04a4469dac855f69ea6ad02a
5a37cdd19ab741ca8f65dbc2e207ac65,0.22075945,650afb6a1d054e59904a1b796552eb04
6770b085f8cf47ee9a162fa8fbac551b,0.21557291,369fe18b94f54c98b554fd22b4a3b50b
79ac90f7c3254209afc09b44172a29d3,0.20784706,c8c201e25c0047a2ba9d9e8541ac0939
c0278f41c00f4876a3c2c551dc74e70b,0.20214105,d0a840820172465f83c8480d571e7b71
9ed80bde74cc4e15aaa675186748bdbb,0.2011914,58db4c3a26c84fa68d81235d078208bc
d64dd5997016472488972a82c8d2148f,0.1968956,b25fe3b79f714d38b3fc53e39fd84d36
78df036c4e104457afcdf7598e9ce958,0.19207357,f615619defc4402b82845090c238e597
ede38dce85584305a3733d42a3d38246,0.1883255,19c9ac7b84df472c85ed6cf5a05fbbc6
eb5fe491e3474e81865751ec9f52b3ce,0.18624723,1af4472b38cc4304841b2f1720075c9d
1fa5b671cd0d4cb39567f651ef001e97,0.18552607,7cd1db4b50dd41e6b2f3dd15fcab3b89
c8e075e8f30e4586ac075d59d5be938d,0.18517256,fb709e29755b44988bb252c87a2ce2f3
e9ffeaac65414a5fb9df90c528ca02f2,0.18389052,e5692bd498004d32934fbaa05af2120d
6ef03128028e416e929a82f5c819206b,0.17313561,21b1ded02d7b42618592187e287835a3
4eef43c568d642d0b7a75932102cd2f8,0.17210463,8aadcf7251724cc6858dc0db44abebe3
9de5dee9dd8a425fbfb5e0c198e653be,0.17162383,e492ff7fecf046a4948c5ba5631cdefe
8d0f508b17b140db934bc95a70c06411,0.16783953,78b600dd53854b018f87267d268b7b1a
b25c125f6fd14177920e7f609ea6f819,0.16710275,66b0c8a58f444ea0aec34d9403b88a49
4e828f821c014d5d99850f710aff0f21,0.16507435,f5a6222612ef406b8f02aef87e08c476
e3168a661d6e43b39980289c06b51f8b,0.16228914,aa2d7a3a535243189492d4ce8e79c049
ba7add48a45e4ff8947f8a846082bf48,0.16085185,4d708e5878784386a42c2f436d2d60f0
cfa58c9270cf4b82a9a79385be571a83,0.15572667,6542f58c143446f280e88a6375ccf79a
b575522bfda54d4d83e55ab89262a216,0.1554411,6a122ce1702646db918266228d48bd08
b7e24f3f016a422b89ff10b363c86e9d,0.15097219,09fc9f38fbbb4bfaa1c979ac9cc43f0b
9d91a50f84cd42d999f13adae10c4a0c,0.14462999,bab3bdc133384798b558f8fb6466a7fa
16b26a25f49f4efa85d21e2a4302e506,0.14403,19c9ac7b84df472c85ed6cf5a05fbbc6
54d65ec837ed478986a344f4bba2e423,0.14344126,64fa5ce839ef406b9bc8a1b2f05094c7
fd45ab2e058b4b5fb374e54e60aceb48,0.143336,b050e9e1ef5946c297a34dda98d8f476
649971e6871c4d3596bbe61f84b0e117,0.14249277,1216ce1ef31e4643bb1222538c206342
82ab65484b6d475d88c52a748a8072b7,0.14246795,e9f055a212cd4e5e8601228c37713f35
82a059da201341cea6290c541e65ce5d,0.13757402,75b0bd2240a54f6fb45bf95ca43ab5e6
f90990b791cf49ff9b92b9a49cd87f89,0.13541883,66b0c8a58f444ea0aec34d9403b88a49
253d404216244e3e8c298eef54b7424a,0.13483024,d74f6e7abeb84eedb9923dadb62f45f0
1068628f10b7400aa4e87b04d24fd803,0.13216102,3257035cc77946d98bdc09e2fdd5cdae
a904fb4b818843aebcf6c526facb5089,0.12278259,8a77dc665d8b4d95a0b1113522f7e9c3
db0b5c45c2954d12b90e29ab07c75dcd,0.121503115,21b1ded02d7b42618592187e287835a3
56cfe84755904ae98f74d085dd2fcb7c,0.12148577,6d3c42356e3b459c919e3129ff192ac4
a95f568bf31846fd86a94ef5cc3a229e,0.11803967,ad289d5052264f9c8bd0aaf9faace92e
4208fd7b21964394aa023825a91e5e42,0.11464192,ff715b4f228443e3b067c801250f3402
90d603d31e104c02a43e18ee6dfe41d8,0.11288643,e492ff7fecf046a4948c5ba5631cdefe
2f2c1d07f46c48cc9afd407c79405b1a,0.111154795,7c1e02f3ab614e539ac901e5cd3c92d8
6f8c1d69a43c4848bf3426c02ae5b938,0.108134866,f9fae977af2c4f35b29400f31267e170
f7937418662b418b90963799279bc248,0.10789621,09fc9f38fbbb4bfaa1c979ac9cc43f0b
091380ee73214c408bde7f510f136c4f,0.10723549,c8c201e25c0047a2ba9d9e8541ac0939
5c6c691ff9a94d5e954977de26cd9cad,0.09950921,fb695c097d5845c282f6b30c241e8cf2
4a2b5888e21b471bb770cd3b5b496ae4,0.0971176,4d708e5878784386a42c2f436d2d60f0
287f16e644254fb4ab92c40cf4fd41e5,0.09605339,fb695c097d5845c282f6b30c241e8cf2
f6023dfadf94495fba9f43c8230ce2a3,0.089907736,a4cad92644614f78bded3ca6d6023473
3fc67f7f85a74c5b9c118cbf60e96ca1,0.089304745,983940e0b12e4186a281c36de657406e
f36820bbc65b4c6486f479be532b159c,0.08833188,cd56b9a044c24df8a7156f661cb3d9cf
a1a22d5f63af4418a3f33283a6013d2d,0.08426097,8f285540a9394706bd6ec6cda46c5058
5d81d489a98d444a83664fe0db47fccb,0.081967294,00f45d57fd3c448d8cfdf3185ebae894
ba86837d26e64a5095e50f614cebc183,0.07953042,92d5da561f5a41bf929f3555a74cd653
96cfa510415b439da48aa661aff3500b,0.064799905,1d47a696eae94bd29f215a4787b27d8a
c896b42105de4a53836bb12899fe2cdf,0.055602245,19c9ac7b84df472c85ed6cf5a05fbbc6
1ef6177541694b09a66cc37c32dd92d8,0.05492127,691acac4a54d450697afb2c2dc4fca09
26b564b6bf114f2bbe987a9490e74e89,0.054115206,d74f6e7abeb84eedb9923dadb62f45f0
cdb476218b73426a840ec0a8868020bd,0.050112545,d9fbe02f04a4469dac855f69ea6ad02a
fe866322e3f94718be3a75be3975a37a,0.046602607,9b22c5cdbff44bdabd48dba008e6a3b2
20a91015a52d4a81bb29c195b01ed6e7,0.044696987,46ba0b979a664c7cb0c315c4cde6ac86
413423a32eba46c2b7def04c66e6f9f2,0.040594816,19c9ac7b84df472c85ed6cf5a05fbbc6
0414265ccf0d4dd59c98749d24924fe4,0.036406368,d27cfea4da8f445fb4e3c55e53c6482c
b116fe66d95d4c04beea8a4e5f347684,0.031066716,dc58564d0c8540bea4f3e2e3696deae8
67a610b0590e4dc98c6ad2de2c47446b,0.029587984,64fa5ce839ef406b9bc8a1b2f05094c7
bcb1b70968a74d41b4f3b9dc27129974,0.02769871,b050e9e1ef5946c297a34dda98d8f476
074732e2729c421abe906cc4077f1eae,0.02178216,369fe18b94f54c98b554fd22b4a3b50b
246cbab9fb49461fab4520132d4fa1af,0.021233678,a585d23fe43f459ba86ac15645af77ff
1e008659e5994366815fe158a9f9a26c,0.020538092,9e304a9bbc7b4c22af8025fc93757357
be9ab7f3be354f5c90bd15df7006776d,0.020006895,02cf82700b4f4773af3a14ad8eaa5270
e064b22a3b0a424498be0599ec51b26d,0.0194062,1b4e143cfc1648a5b877d7445446366a
78058b8902c5442880e64005e19e3f06,0.019034147,678725f8b914453fbc1029b7c1bc0879
00b97e3bd70241758022cdd5d10450a9,0.014740318,fcc9863b07fc4bd5a01fab5b9160eafb
9894b55999bc4793bee78babf6df12bd,0.013801813,09fc9f38fbbb4bfaa1c979ac9cc43f0b
7a63c379c6ed4b2faa1b9e863eb35d54,0.011412263,cc21026ff0d541909df56c5618d28518
e919ef1fffb2496894c9769d7ce9aacc,0.0009948015,8f285540a9394706bd6ec6cda46c5058
