7dcdd31673a44edaa5df70306899ce60,7.335398,de9328bdd1b34adda74a0363ff0a52b6
c12ab02c4bac4b91877f10f42eb704dc,7.3188615,3b13d134762445cebcdbb02b484db77b
44b833375c854450a60b5f4819e94466,7.1197248,d0a840820172465f83c8480d571e7b71
67cdfba89fae4e3896b9aebb4f52dae5,7.0270486,cc21026ff0d541909df56c5618d28518
565907298304458f80b2f4504ee3473f,6.7669907,82b01998353e4141a7613fdc96d7b600
497126af5d624b7894a1cca2b3b0e57b,6.6889715,d443e0c5017d48d1b3f86bf4da959ed5
911ee4e9eb0d4ed1add57e7a79dd71d6,6.404236,eb513691b7a04d31ab1bc50bf343447b
be220fecc0fe4c75a466c1f760eed397,6.3852854,3be388c9ab614bceb086c19f70df23c2
1f125654980e402e84e676e3b1c1db15,6.3447514,73e7e41e8db447c09cb2363d76556c64
0d4e1854d2f24a18acc550c6afc2fda2,6.331115,0f9cc12519eb4872af7be7fe49e19f59
6193d950669f47f9a2268d0f3a41b2fd,6.1060905,faaac88748714ce8a99413b952a1dac8
128de5daa04242e7b0c9eca5277071bd,6.03208,85e7ea30890b456084b8e85c299c8649
d7f295b3018e494d84b29f498ac03fa5,6.0284505,46bfd7af0ed6491fa621350963d11e35
00a23ea3107f484f84ca76a6fb313ceb,5.9671516,e9f055a212cd4e5e8601228c37713f35
16a030831ce1413fa733f24b6ff28501,5.963669,a585d23fe43f459ba86ac15645af77ff
d1fafb5d71ba42229f870ebc99263d20,5.9357247,836ec4ef8df644328ac07b7803709323
8f66f54b48f64293bbb1f369f41ee3c2,5.776128,6c8a24653ef04f559b88e0f27c0df63a
7b51de0f71b142e7ba4820c5972d711f,5.7584863,b050e9e1ef5946c297a34dda98d8f476
9a941b16ff4840eda21ad2f9e0c81f3f,5.6937346,9b22c5cdbff44bdabd48dba008e6a3b2
613c069f276a48f2b4d203e4b49d44cb,5.693395,fd51f3eef1a64d9a93652be481bde32e
64f28ab73b654d0399810c11e2dc615f,5.6795435,7ce06191f1114b4c8a00609f6867761f
3827fc528c674ba6b4b692725d257a11,5.6354322,1cbfb22f84454b1fb821b602e3ad11f8
34bf626d6a87427281f80c0938fe0278,5.6218305,7ce06191f1114b4c8a00609f6867761f
7de183d0b5f24efebfc15ae35f4b0fc3,5.5373178,73e7e41e8db447c09cb2363d76556c64
052e254bff244d2f88c0d2566ddc13db,5.5101824,e52a528036014db0a7bd54b99a310fe8
a95afea2e8ff4cedb3e0f1aedf6efb9f,5.493966,e02ad4f63c8444b79a7a56fb23a4e0f1
b25c125f6fd14177920e7f609ea6f819,5.448761,66b0c8a58f444ea0aec34d9403b88a49
fa54265caebc408591476e98de422b10,5.390612,31b69f9501c4415e929b6af28c83f6a6
d2ed407fe4db4fa69c57cfa4bd7d002b,5.3813696,8f761e1117754656ac86a3a25f241cd7
e63f3979515d466faa902d724344014e,5.3695354,b050e9e1ef5946c297a34dda98d8f476
0a0ac8e04384494aa6efad6605bee67c,5.298671,cd56b9a044c24df8a7156f661cb3d9cf
2d78b8e319a04caba78f81308c489ad0,5.298544,5a26ae7959494fef99542e9b2004fd11
790d3e003e2545f9822873e830615360,5.27535,ad289d5052264f9c8bd0aaf9faace92e
83959d6f09044431b64a06cc335f08eb,5.257004,9014beae94cf4f648e1663c8d5ec6803
3d76459228604351a61361bb4e50f836,5.211063,faaac88748714ce8a99413b952a1dac8
bc1026f31e374c13a6d40e36a58b4b4c,5.171783,4430d47e30904eab969c1baebca184c0
53487bcf5c684dd2ba470bf89947f7d2,5.168568,5971501b0e8b4ef5b203c3985d7f5e88
9894b55999bc4793bee78babf6df12bd,5.1472473,09fc9f38fbbb4bfaa1c979ac9cc43f0b
4ec7a9ba5579479e8eb75b6a39172728,5.0765166,5831f5e280be4c02a09ce4588b56d7f3
142160eab552419292c34bfa817ab146,5.076338,0ebc441d25664c91adad96b570270f07
662c1dace3274fb79254a1e59f299ccc,5.065202,7a4c413f5c844796bd5ffed2b65f0336
b1574b190fd242e9a0cf3b489caa91e4,5.0408697,75b0bd2240a54f6fb45bf95ca43ab5e6
6bf15791f42e4323bf626650477d9beb,5.034947,8db9e204b8b841df8fd94eff0888cdf7
5ea4394d43e44b219a8390a0b54d2982,5.033367,46ba0b979a664c7cb0c315c4cde6ac86
96a221031ce64e98ba5fcdb2fb45c9f2,5.009854,7ce06191f1114b4c8a00609f6867761f
987dc1b016fe4664902db31211a59bd9,4.955268,efdf40eee13d409c9955e5b84e4408f6
ade56895f4dd427b8c4477aa940dc716,4.947805,e52a528036014db0a7bd54b99a310fe8
96a40dc922f94bc78c39fadb8ecbd263,4.9426904,b7ef0a61de0e4adf9688b2c525c9ad09
8db2bf7ef1ed4e16b8f31fc7a9ad0e9e,4.92033,fe6ace599de44aa19b1773dad3658fee
22fbef34478f40bbbd083e12595903b4,4.907757,de9328bdd1b34adda74a0363ff0a52b6
8505b6622aed4fb0aeece7e02c0fa748,4.9048276,4aa3556b2aed469584c573868193a07a
bc216861a2124a6b9cd42cda34629f7a,4.897028,257aed6ca7a44f1cb5c664beb1be527b
659ae42d80174d04b5c0e2295c83e1cf,4.881744,e7d6747e8c8b4ebcb665e232240daf17
7bdcbc60a1354e079289b50702cced90,4.8681455,5971501b0e8b4ef5b203c3985d7f5e88
abf8b91082294675ba25ab35c659daa7,4.8640223,09fc9f38fbbb4bfaa1c979ac9cc43f0b
06bf7c8951c64f95bec0eb20b232e5bd,4.803008,e039a00eae414ebbb2205b011ac127cf
a904fb4b818843aebcf6c526facb5089,4.7928324,8a77dc665d8b4d95a0b1113522f7e9c3
b68aafdc6e7b4188a9506c869f83ae96,4.763127,6a33c207c8b648f680dbd0e65639ef04
0d0b25a05a4148d2b15c4f2ac11010e6,4.7618833,b050e9e1ef5946c297a34dda98d8f476
4eae669b05f642a98f2ee1b828c4807d,4.719357,fb709e29755b44988bb252c87a2ce2f3
c0860e1ee41347ae81ca7fee69119dc2,4.7170763,3257035cc77946d98bdc09e2fdd5cdae
192ea3bc5bf1479bb3255c41ff2fa9e8,4.7141056,bd2f91a9415049d980e453f94327e0ce
42ce4e0d59764cd5a98455e34790c44c,4.7105923,a6a551a308b9442f947ea0608ae2c3fb
b001beeb0d384d448ff9383afc5ad45b,4.6962085,c0cb721b56f240dabf7f464e453ef72e
3ce8d2e955bf406c8830f97658207859,4.6866336,8f761e1117754656ac86a3a25f241cd7
31d3239dbec34e65a0e239ffec9138ea,4.623461,257aed6ca7a44f1cb5c664beb1be527b
fba706d6c465422cb8a6944bb92f5b97,4.611958,d0a840820172465f83c8480d571e7b71
7e41c6ad9fe846239eb8cdf3a0a3569e,4.607089,9303b9f7f4984b2dac8aeba8c8da8ef6
a0f623aff0d34804a39f4b55a08898ca,4.590335,903360099fb644b6b88c6edac88eecb2
af733079cdf649cd95e030d070b603da,4.558617,903360099fb644b6b88c6edac88eecb2
6c846ec45b5646b6b0d1dfce66fb8328,4.5450044,1cbfb22f84454b1fb821b602e3ad11f8
d9b3a26c8de14ab4ad2a779d31b4f01a,4.5410213,a585d23fe43f459ba86ac15645af77ff
fa4aad3a76ce4c019895b7d73d8b496d,4.512492,e5692bd498004d32934fbaa05af2120d
8f8c730f26cb483da414fce61eb1b47b,4.507076,a926df6d7fcf4b17b68dae6f41fbce66
7e211c9e52254e199e0deca74afcc524,4.5004997,bd2f91a9415049d980e453f94327e0ce
4d211e99c4d0455980e9ab87c212c2d5,4.478776,2a9658410614443d8a27ef174f61d6e8
656745a4e33546768385d4e040d0fb52,4.4251947,01690d9b08164fcabd5bf0819754f71f
2d6d2f2089614469bda4b6e9b2b33678,4.417409,bade01bd83ec4b6786fd8c867ca7a090
0681f461c4ad4ee699a843df5ab30607,4.41708,dc58564d0c8540bea4f3e2e3696deae8
5df786def0874c84a4a9878f379009d0,4.3946576,92d5da561f5a41bf929f3555a74cd653
b0f8d38771464874a4c57aa453d842ab,4.3806877,4aa3556b2aed469584c573868193a07a
cc88f1f679b3441cbdad8db36097e960,4.353415,e25b9d9944cb4d7197efb8ffc4ff57a1
ed60600cbe5240f29132b4cda76d4960,4.335091,faaac88748714ce8a99413b952a1dac8
dd86feab056c4c7daa68ee078e171302,4.332713,8db9e204b8b841df8fd94eff0888cdf7
9f0c4fc689014714bc3604b21f1a694c,4.301729,6aaae524573f477f8fdef0b83787cbee
1f4946d6701f4d75b1b71b16833299d1,4.299631,3be388c9ab614bceb086c19f70df23c2
27b747520a594968b11704d54233d20e,4.2987905,e7d6747e8c8b4ebcb665e232240daf17
3723741c22a347c7a622bec61ab94d3f,4.29373,64f1d63a671d441d9663a783f632f794
6bfc7764438f4a6caffc2e8225f5545a,4.281438,d331012ecf0c40888e0ac290184f0883
9aa12e538d0c4d89ab849afde0b92d65,4.2527175,c88be17376104f999b914a91aebf7220
b36e14c403c746758111d5c51809e382,4.2414026,b2be859ca8f24cda86821d5383edbc18
0c472016621a42b2ace086642ed58917,4.2384386,92229a391d0b418f87b32c86c42a292c
5f5d6306678c4a0cbeb65f8580c9cdbb,4.211628,89597084b19c4902b073a2c6c6622456
55e30898427a472799115a2e014580a6,4.201626,d74f6e7abeb84eedb9923dadb62f45f0
c0db9a38259c4b429eb66ba537ac8730,4.195808,19c9ac7b84df472c85ed6cf5a05fbbc6
2fa8c386148647ccaeee6adf877a7ac6,4.172237,8aadcf7251724cc6858dc0db44abebe3
ae244311f36c42c19709ec36d518171c,4.15429,0472051dc57d43f8b9dd08df475fc4a3
a1cb97ab677f48d0b81dedd497512989,4.15312,a926df6d7fcf4b17b68dae6f41fbce66
01175ef138e24ed7b74c8c8ec2ad8abf,4.1476593,fb709e29755b44988bb252c87a2ce2f3
91467c6be29e4dd4bf681cc05803d081,4.13857,c88be17376104f999b914a91aebf7220
7e1f279ed0b04e478b3bd9dbc9e6a6c0,4.125707,6a122ce1702646db918266228d48bd08
4862c9b0d8ae46eb8831a66a01eeb02f,4.12425,b050e9e1ef5946c297a34dda98d8f476
37c0ed56957944cd874df80d82afca79,4.120789,6aaae524573f477f8fdef0b83787cbee
266d75addc654d52968c8c67300f73bb,4.120248,e5692bd498004d32934fbaa05af2120d
ba6e6bd633084e56bb1f91c62afff197,4.1118345,77ac5eb4b3054ca68e2b0dcbd5473fd1
6fa6aa705e9a479b9435e2367955056b,4.110834,d6fe6f8380464e21a27fd69de27f1f57
ad251b857ef3422398c3c3aa91f9c632,4.107495,c26f5e7dcc8149f18f3d719bba9ae717
757730e7c0414b47ba2a3a52768cdb3e,4.1062403,630edd9b8f754b5dbd36cfbbd03ccb51
83be35bfce854dc48152629a9841375d,4.076149,c88be17376104f999b914a91aebf7220
839527c5eff74e27a3dd2e5a9336cc57,4.0708013,c9628610053945f4a7998ae48cd70da3
58c7b41f2b3b4984aa23beaa1382b4f3,4.0672503,e7d6747e8c8b4ebcb665e232240daf17
132d0c20f3274e85bec13d5c38962750,4.066649,8a77dc665d8b4d95a0b1113522f7e9c3
a3c58d5d2da942aab6283a42db2a14f7,4.061395,37337ebec05640b890e4b9612776c32b
580c0c6a3cd6416cb6654f177ff2498a,4.044465,9b22c5cdbff44bdabd48dba008e6a3b2
8a53841d512741f5ac2d49f75a83780a,4.041235,bab3bdc133384798b558f8fb6466a7fa
2d641fad427d4884b7624102a50d5edb,4.0389094,5a68e05acea4434ba08e17e1fff00057
183908f894694011b40f78d80cbeb742,4.0346994,f5a6222612ef406b8f02aef87e08c476
9cda69694f9945cda4d98d01dfa6bc79,4.0285826,7cd1db4b50dd41e6b2f3dd15fcab3b89
503e10935d8945e8b7552e9f83309667,4.0128193,efdf40eee13d409c9955e5b84e4408f6
c91d4a1a75504beeb98888cfe719a863,4.0047526,1543a2f94aa74008914301874d98f0f5
89d4dbe124c14550a38f6790a02abf01,3.9945667,1fde4c9a01f84c349461083b6d0ba9ed
7f2876c8100e4b68a311343853ebb177,3.9844866,19c9ac7b84df472c85ed6cf5a05fbbc6
1c0be8da9cdf4be8973e0cd18f5f8ebe,3.9437613,779d7c2bad1940c8a861451964e1ce01
edb1a0a557354729b75b63862940d133,3.9412692,01e805bb5a1845a7addf86fe9bc8d814
af18a5f9a5aa45a191a99b4792b127c5,3.9384487,78b600dd53854b018f87267d268b7b1a
6f0406b6deea4302b4e44ece4eba9ef9,3.9234307,eb513691b7a04d31ab1bc50bf343447b
b0eebd77fb114ff388e46e4f3d284b4d,3.9222558,e25b9d9944cb4d7197efb8ffc4ff57a1
0d995ee72a0b43739f37e5962dd6c907,3.905324,0302e7dde9074dddbbbdf85e9be57901
aea33ab76ea843ddb17f1196fa2875f1,3.903359,f9fae977af2c4f35b29400f31267e170
c5693611e9044ffea24fede04ab1d9a5,3.885671,6d3c42356e3b459c919e3129ff192ac4
1c72a6a5b70a4bf08702aba29a63ead5,3.8811014,650afb6a1d054e59904a1b796552eb04
d1fb54ad5cd34d8abd5ca9ee40b54dbd,3.8788676,b7ef0a61de0e4adf9688b2c525c9ad09
98f802980f7641f39a841cd8697c5ea8,3.8735175,9170e0bb8fe44b309f83293808d871fe
7771343be99843f58171d62a3f040005,3.855944,e52a528036014db0a7bd54b99a310fe8
b49ff629d01a47a284c14dc1d21a0d1a,3.8262362,a585d23fe43f459ba86ac15645af77ff
1c017d16176a48e9a899ed772d5ff4d9,3.8203611,1543a2f94aa74008914301874d98f0f5
8ef2aba44c3c4a85a7499fcc0cf28ff5,3.818146,e52a528036014db0a7bd54b99a310fe8
064ec184b18e48e18255745eb01a80f5,3.8108368,640f3bd184b7425fb22cc7773b8b2244
451c5024a60b4f45afcd2f388601c16b,3.8057199,640f3bd184b7425fb22cc7773b8b2244
f1f565a6c118448aaf377cc5c5ec0abe,3.8004048,1d47a696eae94bd29f215a4787b27d8a
299011ed1f504bc0ac2d31f2876162d4,3.7754638,4b748d6624144214b3d8a80b37aabde6
71938515de5a4c74929e6fa8edb97420,3.7297916,c9e2e76e631c4d0a8013d90892350e06
fcd3d852367e464bab386817f4536abb,3.7269099,9e304a9bbc7b4c22af8025fc93757357
57be916f4b9f449e85faa3e690b60115,3.7196088,678725f8b914453fbc1029b7c1bc0879
d6db57dd12dd48adae78eb66e24cd991,3.7176704,cb85047b65f8468aa02744c28c075dbd
356335bb29d4424ab31c89c6931246f5,3.7130194,965598a17b624a0f9bb1cd58595458a6
0cb422afc9b5409dbdc542e32e32d01e,3.7118545,965598a17b624a0f9bb1cd58595458a6
a1855c7563c54b5c86e2f73c5fe9f8d7,3.7038846,640f3bd184b7425fb22cc7773b8b2244
b2bd065cdfc748af858a6b41f0be933c,3.692596,31b69f9501c4415e929b6af28c83f6a6
08b353e1649c42d6b37c9f7179dabf6e,3.6897256,d27cfea4da8f445fb4e3c55e53c6482c
256d2577d4f940778857e3ae7fa8e965,3.6538336,58f53c379f7a4868a2ba6d91a06247d2
5466e5423228429ca4afb7578e83a4f3,3.6400356,fe6ace599de44aa19b1773dad3658fee
86c05c3d7552474dbf8eb503035b96b4,3.6379478,80921378de2b4cd3a14d449688d8b079
7a63c379c6ed4b2faa1b9e863eb35d54,3.6307964,cc21026ff0d541909df56c5618d28518
1d2cd0bb5b1c471ca10d1eea0ef9b729,3.6260238,c26f5e7dcc8149f18f3d719bba9ae717
f7968b9dc2674ffd888bfbc7a86342d6,3.6155214,1543a2f94aa74008914301874d98f0f5
1ca503912b5b4d3c84d0c34c0ec3f38a,3.6070757,4d708e5878784386a42c2f436d2d60f0
d3e12207d56644628943a01c0cdd93ed,3.597816,1216ce1ef31e4643bb1222538c206342
fcd022d73a35405ab8a38d11dd06ff4e,3.5515819,c88be17376104f999b914a91aebf7220
d783d92ce7464edd930cf3e6a5a3ec9e,3.5507183,5a26ae7959494fef99542e9b2004fd11
ee4ccba3df1844ce82f9731a2c019234,3.5483766,a25b08e008114c9ca0266ce3e55d82bb
06435a3004794b68b31f4c445a06fe71,3.5466368,f615619defc4402b82845090c238e597
90f24532a2864b7aabfcb8e5d5dbce72,3.529125,46ba0b979a664c7cb0c315c4cde6ac86
8afe31852af94133a8a0e21f4b27e5d1,3.5274258,37337ebec05640b890e4b9612776c32b
87773e87aa4246ecb99c535106be1412,3.5209424,acee70abee2841c9b67b95e9ed079647
5d880a342d1a4ff987be8c9023fe6275,3.518521,c0cb721b56f240dabf7f464e453ef72e
7cb7428e7e774e2ca33b6d9a12926311,3.5174592,23066f7964874fd39639dbf2cb2766df
b3d0e1f27a4c4d9dbda5877bde3bf232,3.5144794,9e304a9bbc7b4c22af8025fc93757357
8d93adac5fe7477a99015ec9ef32330a,3.5111094,dc58564d0c8540bea4f3e2e3696deae8
e248745a536e4547b843917beb8bc3ea,3.5046656,cc21026ff0d541909df56c5618d28518
c3758e6612fe4a54ae862d91d26d805f,3.484126,d331012ecf0c40888e0ac290184f0883
75c4589bd9604a0ea1651453f58495b2,3.4810066,ecdae9f36c6a437ea72739febbf1c89c
f1015462e69f41ea9a9c663ae07f13fd,3.4730282,ad2109663af04c549385cd2ab9b3283b
d060627e97d244e99da1e44ccf7d4a91,3.455969,5a26ae7959494fef99542e9b2004fd11
0c2f43def73f4f3a89a64828f97dde43,3.4531107,a6a551a308b9442f947ea0608ae2c3fb
f3ea230754ba41d192cd37ed751d1318,3.438107,8f761e1117754656ac86a3a25f241cd7
477b5f953efb42e6a18e9428c69b0fa6,3.4180222,ad2b6fb945714e6792c17bd49a1066e0
e1c498af40d54c85bcea4f0ce236b966,3.4153454,d9fbe02f04a4469dac855f69ea6ad02a
22dbea142f4c45988a0efcb3c3633249,3.3979409,d42996c2b67443fd9b73bba7641d4f77
ab6c85b8074c4edcb7f8d568b142ef98,3.3691885,1543a2f94aa74008914301874d98f0f5
e750dd4744fd4421bd2387f0ec80c5aa,3.3496811,f5a6222612ef406b8f02aef87e08c476
f0808f396f44491a8fb26af7a42dab06,3.3427916,09fc9f38fbbb4bfaa1c979ac9cc43f0b
387e43ce9c334938bbfe0ae8c0419ead,3.3423238,bade01bd83ec4b6786fd8c867ca7a090
9addae0c40c248d4ab8fd02fb3861e99,3.3259113,9170e0bb8fe44b309f83293808d871fe
a5d13a0d598241769730951b2e94e7ba,3.3150768,23066f7964874fd39639dbf2cb2766df
041c8b8571254958916a2b21a2e98516,3.2998033,3257035cc77946d98bdc09e2fdd5cdae
aaba5fcdec244fc79439dd67ba8a495d,3.2967315,e02ad4f63c8444b79a7a56fb23a4e0f1
2ecb2538a079498991304b0864fbe039,3.2956204,e456afdf95e643dd926249fec4d68753
dbedff835ba847d386ac1cca87b2c7bb,3.290059,6c74bedaa406493a99988c5b8a47b704
6cc7c613b8ca402b81fb2976f7a8d07e,3.287833,e7d6747e8c8b4ebcb665e232240daf17
09a86f7239984e8faf484dba2109244d,3.28077,4a4eb12a639346b5a00557d54b51fe51
10f74d10373f4f128add836b046afcdc,3.2708707,d9fbe02f04a4469dac855f69ea6ad02a
5c85caaeb0fe44b19a63bae94eb3c1b2,3.2621865,c8c201e25c0047a2ba9d9e8541ac0939
fa4b1640bbdb4f0bad2435be75a94586,3.257363,dc58564d0c8540bea4f3e2e3696deae8
2ca1d4b5568b484d92ce254f17374b6f,3.2496994,d79afb377f5349a69830b2b4c7cfefcb
2341754cd2ac49f79a6f98d84b177e6f,3.2403197,11ec23965d2941d0817082107996ebbb
2662ae81f6a6414cae732c72ef71a9a1,3.2300785,efdf40eee13d409c9955e5b84e4408f6
474bd4189cb5456daf7a1df79784d4aa,3.2177508,e96aa0967ab94368b381354e03dc40ad
dace4a83a81f42048efb60a217370134,3.2013612,cb85047b65f8468aa02744c28c075dbd
05fadc86cab04c70ba18949f1163cea1,3.1896465,0302e7dde9074dddbbbdf85e9be57901
d18685a2ca8c4ab48ac9d9b824ce3bc7,3.1693072,983940e0b12e4186a281c36de657406e
d9956ba9a7e94d0ca7496d6df99555d8,3.1607213,efdf40eee13d409c9955e5b84e4408f6
e553e8ada4e4446ebe9a909822fb1cfa,3.1524365,f5a6222612ef406b8f02aef87e08c476
0efa7128e7d54bb098c98a8d23fa4d55,3.1493511,aa2d7a3a535243189492d4ce8e79c049
390b32b86ff0424dbb5e9e0d988dd09c,3.138609,9303b9f7f4984b2dac8aeba8c8da8ef6
c67c378aa42248cfab4b61e502027a8c,3.1284184,9e304a9bbc7b4c22af8025fc93757357
4710bc4b3f9547e4a1b836e957787a46,3.1148486,a1d8cb16dafd4126922f985021e93631
f36820bbc65b4c6486f479be532b159c,3.108679,cd56b9a044c24df8a7156f661cb3d9cf
d31e037b260346c3baa01f229c4aab45,3.1051528,c26f5e7dcc8149f18f3d719bba9ae717
003d3f2fc0d74fc58746a9d38d310d8a,3.0904596,6b9b2c8f0a874bb8b6691aca6bc49565
3dd7bbe2cb1845608dc71b36bc82667a,3.0870047,dc58564d0c8540bea4f3e2e3696deae8
707f6646366145df8e5402888ac28325,3.0868196,779d7c2bad1940c8a861451964e1ce01
3321422a798047078d258d49e7912855,3.0856287,6d3c42356e3b459c919e3129ff192ac4
5491a19984a643bca536cb015e65adbe,3.083279,92229a391d0b418f87b32c86c42a292c
20a91015a52d4a81bb29c195b01ed6e7,3.074025,46ba0b979a664c7cb0c315c4cde6ac86
1197a3e216ea459dbc822d775b701062,3.061285,e02ad4f63c8444b79a7a56fb23a4e0f1
7968aaf915264497a603da45beabd178,3.0478427,5a26ae7959494fef99542e9b2004fd11
fe866322e3f94718be3a75be3975a37a,3.0476875,9b22c5cdbff44bdabd48dba008e6a3b2
3cbe7ad4fbe64e83876d9c85f91a8237,3.03888,d4cd0b56b6f54e08aec8ebfdb6122c5c
6f2088d6c7bc418f90e6328cd345c77a,3.0316777,00f45d57fd3c448d8cfdf3185ebae894
9f6d414fa64347368d119235b14b5cbc,3.0247838,fb709e29755b44988bb252c87a2ce2f3
de6f18bac6e4441f8dd17e252f1d993a,3.023198,0ebc441d25664c91adad96b570270f07
46d21d8ab5eb41a080233ba04192b3f6,3.0105777,d576e334105247369362b05a375e88cd
b6406f4769234ae7828d1f1011448739,3.0069284,b25fe3b79f714d38b3fc53e39fd84d36
2af53201cad64c32bedf284dd06c1cea,3.0049908,f11f1682b5924181b047d757d3e20964
f745ccee7e2340918079fa1ec6e0e29a,3.0046728,7ab29c5e2f05481d8a69cc479a764ee8
28ff28dc16ac43ad9110f26f13aa339e,2.994958,c9628610053945f4a7998ae48cd70da3
a22926b3ca894e6c80de0e172a46f36a,2.9935737,9170e0bb8fe44b309f83293808d871fe
b3d1c6603e6a4f05bfe265607ea252ba,2.980075,e02ad4f63c8444b79a7a56fb23a4e0f1
95eb2760eddb42a799eed009f1907025,2.9698155,0ebc441d25664c91adad96b570270f07
55f19079097043d4b29cd2c08fb960c5,2.9690552,58db4c3a26c84fa68d81235d078208bc
e064b22a3b0a424498be0599ec51b26d,2.9685674,1b4e143cfc1648a5b877d7445446366a
d5f31f9998f5477abd572904835fad50,2.966232,9170e0bb8fe44b309f83293808d871fe
9ac0ff71215742d1bb1d294fd8b4e240,2.9654465,855b3971c4a147cfb9a7c281fa6b915e
410190593a7f4b7e8ed63596f20c37e8,2.9606965,e5692bd498004d32934fbaa05af2120d
c189a309da7a472e88194571c3354d34,2.9592466,6b9b2c8f0a874bb8b6691aca6bc49565
f119f6dc27c64e5c8485b001368d839e,2.9484022,7cd1db4b50dd41e6b2f3dd15fcab3b89
45d15e5e49574f79bb6a3116fc761b83,2.9470623,369fe18b94f54c98b554fd22b4a3b50b
d74e7c71176e4554969cb9fdf7d1986c,2.9430983,34b71675a1ae442395b6eb1f3eda23df
52b9939de81d456e831c97f43e912728,2.9351492,d0a840820172465f83c8480d571e7b71
1e239dcb58ac4c869ed3fc6c4c4a06bb,2.933786,f0695d7e59d64941b510a3d12f801d59
67a610b0590e4dc98c6ad2de2c47446b,2.932963,64fa5ce839ef406b9bc8a1b2f05094c7
d0fb524183bb44a9a854de124a8becb5,2.9297843,640f3bd184b7425fb22cc7773b8b2244
12b4b13d49b64b55ae65fe00960c4711,2.92766,6a33c207c8b648f680dbd0e65639ef04
493a9c5f51a84accb411c3f643d0fba3,2.9265087,21b1ded02d7b42618592187e287835a3
9b5cafae0dc14e9ba24b5c6db5381eae,2.918086,23066f7964874fd39639dbf2cb2766df
9ddc0583ec0e4cc0bbaa79c812c97afa,2.91619,73e7e41e8db447c09cb2363d76556c64
62550b8ddf604cfba4e092fbead3bc1f,2.908261,34b71675a1ae442395b6eb1f3eda23df
173d05df5b374e3ea0eeb958b8854299,2.8971708,27eee82d7fb94b9b8b60bd3101187496
6c8cdd6141244ba1b62fee70292cc68a,2.8928382,b4150337314e40fb9e3ebb24514504a3
d0dad3a420c744c3b2aaaa1604121d1f,2.8926768,e96aa0967ab94368b381354e03dc40ad
545abc5f61374dd596a546e619a12ae8,2.8865297,5a73e0a5c757410eb0928feed7b151c8
70a1cb72566e4c6fbe46c9b03b8a31d5,2.8838296,f9fae977af2c4f35b29400f31267e170
9555747543024d518645fa84d0dbac94,2.8817601,369fe18b94f54c98b554fd22b4a3b50b
ced8e3adb0484f249ac865052953d5b6,2.8794377,58db4c3a26c84fa68d81235d078208bc
6eeb265798ed440e9feda4d09e043bf5,2.8704588,156f393f7ca046299e09d05464afa056
0af83a2558ad459cb3b54e5c9da02975,2.8622837,4696c8192576454f8684954bc771aa23
25dc04ff2b704b6f9229ad7cb91efc99,2.862079,2425086d8eaf44d2a9519f0e4e6b289a
7bd320ff5d6f4bfc906470499b8ae3b6,2.8616276,80921378de2b4cd3a14d449688d8b079
cf020a2f14884c16bc73b159ead104b8,2.8509035,5a73e0a5c757410eb0928feed7b151c8
41d559a45180411298adc4fbea7618ca,2.850035,de9328bdd1b34adda74a0363ff0a52b6
c76c69c650e64dab822589767532bc87,2.8417912,89e43b092c844b5886a93091a22c894a
bc4671732d9843eaabd57d23d84f259d,2.8301716,bd35571850644321b86ce4fae286ce7d
cd1d8e8c5cbe4d4cb0b1fbaf84bec386,2.8257551,650afb6a1d054e59904a1b796552eb04
1ca76b297f0e46b1ab22a8cd94230582,2.8248873,27eee82d7fb94b9b8b60bd3101187496
91e6133ed3e2412cbd4f9450388c7eb6,2.82282,17cc6768c9d14388b7455fea0060b62c
7e1df8a5aabd4ab88cff299bb27c308d,2.8226795,0472051dc57d43f8b9dd08df475fc4a3
974a8661873f458193c891d3ef4dd208,2.8066506,691acac4a54d450697afb2c2dc4fca09
1089b153884e4aca90dce90c11539615,2.7963135,b050e9e1ef5946c297a34dda98d8f476
e6f19de2daa24324b2c88100702126ac,2.793867,691acac4a54d450697afb2c2dc4fca09
9d11c4d6d3fd48a6886629be4969f055,2.781358,a0fe3cd34e474c3b90662ce8ef1fcac6
136549c15f3f468ab2ced44ab70b0539,2.7795768,d74f6e7abeb84eedb9923dadb62f45f0
9fb8c17411204358aa87dcf800bd36b4,2.7725446,bd35571850644321b86ce4fae286ce7d
eaab6a29e5cf470dad7b0b66bdfa71f6,2.7508712,1216ce1ef31e4643bb1222538c206342
7c44128ff20b427f8ee22047fba9882b,2.7503061,1f8c0f02984e4139bf8043e57497fdb2
c5487b5f9cec423b8ea3117173949a1c,2.7494414,0472051dc57d43f8b9dd08df475fc4a3
2a4b8f6f2f1948e587b2de1effffc8c6,2.7400763,23066f7964874fd39639dbf2cb2766df
dd893f1f0cc94ae188e1501db4638010,2.7322636,b4150337314e40fb9e3ebb24514504a3
c2ed9246a86b4c0f93db5a4cdfa7f06c,2.7292774,d443e0c5017d48d1b3f86bf4da959ed5
7e7b0eca4a964ddbba6f2fe892340895,2.7277675,c9628610053945f4a7998ae48cd70da3
e3ead164dcbf45f98cbf23bb77a3d989,2.7245743,64fa5ce839ef406b9bc8a1b2f05094c7
5bf9e6f5654045d28dd2225231386807,2.7207005,23066f7964874fd39639dbf2cb2766df
ae8dce8e4fd84a42916e2a2ea4ab7c38,2.7154922,fb709e29755b44988bb252c87a2ce2f3
47bdbd87490b4698bcd3b038c2baf6d4,2.7136147,4d708e5878784386a42c2f436d2d60f0
fc0ddf22d761445da507bfd2d2d08d33,2.7116406,efdf40eee13d409c9955e5b84e4408f6
2fd2926eef6c41939266c5d6a5803999,2.7053204,eaca056cec224a30aaaed30c39f644c2
c3b713beca8b4136b4807dc4071fe795,2.6971698,d331012ecf0c40888e0ac290184f0883
a8117ce7b13549fc829e0bf1a9330dc9,2.689302,fe6ace599de44aa19b1773dad3658fee
411837e42b564c399e9444d5403a3734,2.6872563,e52a528036014db0a7bd54b99a310fe8
d02300771c8742a688cdc05ccd13d2a0,2.6845617,6c8a24653ef04f559b88e0f27c0df63a
882f017418bb44afad1448d9640bd967,2.6775832,7ce06191f1114b4c8a00609f6867761f
acedb352e247418e9c82dcd73b857c82,2.6690164,eaca056cec224a30aaaed30c39f644c2
5b204de5b2be4f0cad1271ad9c6b1f51,2.668461,82b01998353e4141a7613fdc96d7b600
7f1f5ddc758b4e929452c112c70911ba,2.647691,7a4c413f5c844796bd5ffed2b65f0336
69ac3d3d408a45fda23c327ed1f2678f,2.6468666,1d47a696eae94bd29f215a4787b27d8a
96427260d7a740dc8e8abb4b879ac84d,2.6425736,4d708e5878784386a42c2f436d2d60f0
50be6a3978ef4b168a8256cb53fa7afb,2.6345894,1f8c0f02984e4139bf8043e57497fdb2
f2fe001a9caf435a9e440ed89e6b806e,2.6328328,f0695d7e59d64941b510a3d12f801d59
539c9a4dd3ac4de18415aae9107a2600,2.6157775,11ec23965d2941d0817082107996ebbb
8e454bf7a3e945bfa6efeac4dcd2ce92,2.613372,c8b9a0ac7c214a449c434aabdf6ef770
152e0362dac34ef8940b97d42520b9de,2.6127534,17cc6768c9d14388b7455fea0060b62c
275a7144962641e1a6b32428d2e025ec,2.6054106,fe6ace599de44aa19b1773dad3658fee
b38ef262d489438c979703e3e503f1b7,2.603859,b050e9e1ef5946c297a34dda98d8f476
3e3a44c2636246edb0f9c1d8f041d873,2.580726,650afb6a1d054e59904a1b796552eb04
0f94bc21c14143a9aa839de2e99bdecd,2.5711026,7ce06191f1114b4c8a00609f6867761f
3d87a00da06642ab94224dffed6c2ef5,2.5622847,c9e2e76e631c4d0a8013d90892350e06
f8a46af09cee4fd4a9c2ffe00e109f28,2.5611403,6aaae524573f477f8fdef0b83787cbee
c9d40d7967754291b6d16c34879f008c,2.5571458,73e7e41e8db447c09cb2363d76556c64
a202212d6ad9404fbc16c60a7fc73ddc,2.5564847,fb695c097d5845c282f6b30c241e8cf2
c6654e244a00404a84d2f9314a7c6bd6,2.5556514,6aaae524573f477f8fdef0b83787cbee
e7484e33c0004b31996c7062d82f4819,2.5305912,678725f8b914453fbc1029b7c1bc0879
a3d947b7e3e3451bb473b1b5e22cca51,2.5303469,ad2b6fb945714e6792c17bd49a1066e0
5f9f73f06c024e65a85b3c9298c426cd,2.518372,d4cd0b56b6f54e08aec8ebfdb6122c5c
046c13f855904119983f73a0bdc77a34,2.5046268,9014beae94cf4f648e1663c8d5ec6803
7d4bb63bd91a4617a40be8165b7fc9a6,2.504128,7ac9c94011924c09b47f9640211885a2
9993c4c8576c4a6cbb5cd12592fe9e72,2.5031595,11ec23965d2941d0817082107996ebbb
187f475424d1406a8ea7e10ccd1f13ee,2.498786,85e7ea30890b456084b8e85c299c8649
4cf01329838243b998a06d2ffab76517,2.4870236,99142f1c07cd4782814f8c970eaaa40a
a7e8389d66b049749ff42ecf8384fc99,2.4829814,ed9b10a2879742628fce003076ef9024
4185600f230d4b21b2e32c2d85caa90f,2.4818614,75b0bd2240a54f6fb45bf95ca43ab5e6
18256c30bb5447d2bc0c5b2c56f67811,2.4743345,bab3bdc133384798b558f8fb6466a7fa
5c6c691ff9a94d5e954977de26cd9cad,2.4718986,fb695c097d5845c282f6b30c241e8cf2
13efb9d3d8904edb87940273047233f6,2.4711177,eaca056cec224a30aaaed30c39f644c2
7b5270f3124740838e60c375f3003665,2.470344,691acac4a54d450697afb2c2dc4fca09
17c07c3077cb479eaba075a5c7f99328,2.454197,d42996c2b67443fd9b73bba7641d4f77
51ece51608b24f22b0e8d026f5e403b3,2.451012,983940e0b12e4186a281c36de657406e
b4bfd87056ca4927b56965f9b8341f74,2.437831,74e7db4222ca4a20811199afafa346a7
38d3a8b3543b4548ab16eca74b1ed293,2.4317122,46bfd7af0ed6491fa621350963d11e35
953a07c9b67d487f9d6ac9b71b85dff7,2.4281344,e9f055a212cd4e5e8601228c37713f35
88769fc17b0e4f3a9736d45e131659d9,2.4174545,ad289d5052264f9c8bd0aaf9faace92e
4aeb82ff294e4be9be97a1aee9698fef,2.4136293,e456afdf95e643dd926249fec4d68753
a1ea6d619e4045668556cef7645bb76b,2.403661,9ff95d23c3284d31ba5e398afa520649
45fc0cc071f44aa5a4f55b6521959f82,2.4001513,7a4c413f5c844796bd5ffed2b65f0336
24a298b1f7cd4f74bdd60b6e1adaac53,2.388414,d0a840820172465f83c8480d571e7b71
15d3499d1d4a4168b863a75b7e0b7e8f,2.388207,e456afdf95e643dd926249fec4d68753
b0cc005e94e04a1da113c12dded0a882,2.3872526,691a538d2372403fad2b919b48ff5f85
a5d7fc13c59d4aef8d24e5d15dfc363d,2.3813853,4d708e5878784386a42c2f436d2d60f0
574b37b5f1374cd3b422354879e9f582,2.380996,6542f58c143446f280e88a6375ccf79a
96ad923a06f54d79a74431cd06b8adea,2.3803453,fb709e29755b44988bb252c87a2ce2f3
790595e600c949459cfe2629a30f5371,2.3765514,4430d47e30904eab969c1baebca184c0
3cabf7db885244c3aef797eb94b75b3c,2.3747373,17cc6768c9d14388b7455fea0060b62c
d52b00145e914e48aa1e81cc1b399901,2.373158,cc21026ff0d541909df56c5618d28518
af017ad1aa9c48c490bae2aaba2f1029,2.3726733,ec281224f8ee419ebde676f291672aea
ba86837d26e64a5095e50f614cebc183,2.3690813,92d5da561f5a41bf929f3555a74cd653
247daf33fb4d4fa993fd572025cb5166,2.3628871,d331012ecf0c40888e0ac290184f0883
be7a669164c1423c8ebd0ba23ce48329,2.3625982,e52a528036014db0a7bd54b99a310fe8
882ef5ef88af445e9dede3d98a7dd8e3,2.357553,9b22c5cdbff44bdabd48dba008e6a3b2
78c3087265224b479cfa12716bcf1599,2.3532665,27eee82d7fb94b9b8b60bd3101187496
fd45ab2e058b4b5fb374e54e60aceb48,2.3402731,b050e9e1ef5946c297a34dda98d8f476
c299003ba5bb48b3bd7eab31321b539b,2.33655,f615619defc4402b82845090c238e597
0414265ccf0d4dd59c98749d24924fe4,2.3264809,d27cfea4da8f445fb4e3c55e53c6482c
aaff66d83c1441cba7531bde3e46f124,2.3263986,1216ce1ef31e4643bb1222538c206342
c4060e0878a944af9730a8113eacafc9,2.3231819,37337ebec05640b890e4b9612776c32b
8195fb97514a48a7a6eddc58be5d8f37,2.3132796,691acac4a54d450697afb2c2dc4fca09
8dfd5233498c4be2b88b2b71cf67ed64,2.3098822,11ec23965d2941d0817082107996ebbb
db9abde406b849d59dadd9330fa873dd,2.3009243,d0a840820172465f83c8480d571e7b71
3d62fd7345e249eca395731c94b53eba,2.2971337,d42996c2b67443fd9b73bba7641d4f77
78806c5668cd4a01a34eaa549dbc4021,2.2961836,d79afb377f5349a69830b2b4c7cfefcb
d163c4863d9640b8b9610decb9ae92ff,2.293856,bade01bd83ec4b6786fd8c867ca7a090
c8d0d1f2df5c4b2a8eecdd2acc610a85,2.291037,e25b9d9944cb4d7197efb8ffc4ff57a1
7f50b6b5321c44e191bc82be785455b3,2.289138,7ce06191f1114b4c8a00609f6867761f
f52e6b02fcbe40089962449e4b4968db,2.287551,cd60a0fcac24465a880af7d8f921dd68
b1c2cf26538045169885251ae1a1100c,2.2838433,7ac9c94011924c09b47f9640211885a2
3c400856520e456ebb8a1f9660e45cad,2.276018,3b13d134762445cebcdbb02b484db77b
db0b5c45c2954d12b90e29ab07c75dcd,2.262749,21b1ded02d7b42618592187e287835a3
179de20d4413414c92aa7828d5950f5d,2.2609951,5a26ae7959494fef99542e9b2004fd11
d7c1791491584b2984bbcdbc178299f1,2.2578816,691a538d2372403fad2b919b48ff5f85
10edc8c73a904e63bc4317abfd0d7213,2.2474747,66b0c8a58f444ea0aec34d9403b88a49
0ff2646f55f04a5a93328204b6fa099c,2.2408385,31b69f9501c4415e929b6af28c83f6a6
96c624bf03614499b399bfbb431f5b98,2.233372,6c74bedaa406493a99988c5b8a47b704
dcaf50ce32524dee92c4fe00de88a3ab,2.2301702,a585d23fe43f459ba86ac15645af77ff
ca143ca992a648ca9b004f3be8a53a61,2.2267962,4696c8192576454f8684954bc771aa23
f93d08dd757f4cb9a593f27024c614ff,2.2225134,4aa3556b2aed469584c573868193a07a
6bc08caeb482448c85c44c89c5fee7b8,2.2195153,4aa3556b2aed469584c573868193a07a
53ad9b6f270d43beaa19337b588c1e60,2.2138278,1543a2f94aa74008914301874d98f0f5
c75f0da05246416084af6447931742bb,2.2131827,650afb6a1d054e59904a1b796552eb04
d989c36a82a14c81ab2fe8b49f3c94f4,2.2121046,a1d8cb16dafd4126922f985021e93631
d723c3032ecb44e187744c460cd06e8b,2.2098968,00f45d57fd3c448d8cfdf3185ebae894
3cb97459e3f74194b27d06def0becea3,2.2034745,c322b788813745e0aa7b592b4345d379
4dbe9a58e3cb490eab62a2bab47d13eb,2.201551,e27d9425c912446e947fe53c4a757375
dd9bd5320911433f9d855d754095534b,2.2014945,4696c8192576454f8684954bc771aa23
d7b01643eac140139ea2680d74080bb7,2.1969182,c9e2e76e631c4d0a8013d90892350e06
63d32d729061451cbc920b4066c15339,2.1867924,6c74bedaa406493a99988c5b8a47b704
04457b683e1d4eaf8e6a37b15f5d8aa8,2.1867592,700f381f40ce4b039ce0df8b49fb199b
37cf2461e5cb4c8fa0b0751436bfa69c,2.1787977,92229a391d0b418f87b32c86c42a292c
4a5ee7ff69a445f48974483a915d4d84,2.1776862,1543a2f94aa74008914301874d98f0f5
7e14c6fa40384f39be08ef7ac6b7deba,2.1740696,4b748d6624144214b3d8a80b37aabde6
65c8efd2131b447d90bed385eeeb91a0,2.1718779,a25b08e008114c9ca0266ce3e55d82bb
6fb94e9ac58f4d9694f15b78affe4f02,2.1572068,34b71675a1ae442395b6eb1f3eda23df
c294e4564fbd465e948be4cb38ab0f2d,2.1568766,d42996c2b67443fd9b73bba7641d4f77
4b6eb18ba8244091a7dab36a9dd58d87,2.1524596,f5a6222612ef406b8f02aef87e08c476
bbd851331a6a4da4b22326af57c9ea32,2.14448,faaac88748714ce8a99413b952a1dac8
71134a9c69f44b489217b6a7661eeb5d,2.1431534,ed9b10a2879742628fce003076ef9024
712e2f3a807b4a8fa67e7bc78a2b5da6,2.138384,b2be859ca8f24cda86821d5383edbc18
0f1bdf98cdc7472282cb0375b87b3ba4,2.1349082,6aaae524573f477f8fdef0b83787cbee
3b065dc23322478a8128f0322c8d0678,2.1342854,8db9e204b8b841df8fd94eff0888cdf7
2c5c1b245a194f81a943ef372c580853,2.1184387,01690d9b08164fcabd5bf0819754f71f
2c477c4f58dc4ca1975569a1f34923fc,2.1161897,77ac5eb4b3054ca68e2b0dcbd5473fd1
ce7e02187e74451f8fe2511db0fed0fb,2.1126754,779d7c2bad1940c8a861451964e1ce01
ae5e0ee1d17e4fb0839e3d41295a5479,2.1102633,903360099fb644b6b88c6edac88eecb2
b0cf2cbd50e3496996a7e649063dc127,2.1057127,8f761e1117754656ac86a3a25f241cd7
6a9e4d855e3944719a49f41d3f30b8d6,2.1038003,faaac88748714ce8a99413b952a1dac8
7dc9553f77c842f1848c9fe066681b67,2.100141,bf59502a233e4b5eaff9cfa3a992c387
e4c05db0326140dd9c48a8179a3fb6ba,2.0965815,02cf82700b4f4773af3a14ad8eaa5270
a3b8ab612b544a76bfa18fd8d3c06621,2.09263,d79afb377f5349a69830b2b4c7cfefcb
aac7a2be32044f6b908b9548ab324ed4,2.0907261,a6a551a308b9442f947ea0608ae2c3fb
413423a32eba46c2b7def04c66e6f9f2,2.078597,19c9ac7b84df472c85ed6cf5a05fbbc6
919a7551269b4f86ad471c424ce96b2a,2.0728426,fcc9863b07fc4bd5a01fab5b9160eafb
da365c80b3ac47ccb8a01a48820437a2,2.0721483,37337ebec05640b890e4b9612776c32b
23dfaadbd50c422b9ff80be549a47391,2.0607524,cc21026ff0d541909df56c5618d28518
96bc1d7521944aa9bd60c810ef28080a,2.0554152,b050e9e1ef5946c297a34dda98d8f476
cf7564fd313c4802adfcab226cb71a73,2.0529053,965598a17b624a0f9bb1cd58595458a6
d6b4f4ad86b24c25967551b42462c386,2.049679,d443e0c5017d48d1b3f86bf4da959ed5
7dda222413534a90ab8e3d686a1ba461,2.0488567,d27cfea4da8f445fb4e3c55e53c6482c
49f4672f4be94535a516b1013cea2b54,2.039539,c9e2e76e631c4d0a8013d90892350e06
37a17e9368a0458aad652a8b0602892a,2.0394034,630edd9b8f754b5dbd36cfbbd03ccb51
c36813b8ca3e42de94bfb013ddb507ed,2.0378096,1543a2f94aa74008914301874d98f0f5
982360bc10ca4c3ba78467718112babd,2.0365806,c26f5e7dcc8149f18f3d719bba9ae717
21160fabb87f4b0fb849c04438771115,2.0307064,1af4472b38cc4304841b2f1720075c9d
2c689d06459b496798e7fc1e4ce8b03e,2.0298572,6c8a24653ef04f559b88e0f27c0df63a
49929ef41ac3470388566de204f75fff,2.026479,e25b9d9944cb4d7197efb8ffc4ff57a1
f505e4ddc7604ec896a2bc461f2bb86f,2.0249186,d0a840820172465f83c8480d571e7b71
cb44ae0776e3419e8b0aab12b82dc8e2,2.0225089,23066f7964874fd39639dbf2cb2766df
c40beffa8f0d4679bafb1eac1d38bd5b,2.0135927,75b0bd2240a54f6fb45bf95ca43ab5e6
c0f3c55551da4b9fa0600e0d1b9181bb,2.0084765,0472051dc57d43f8b9dd08df475fc4a3
620d85d5d0b947dfb2f0574a0d4dfe72,2.0077133,8db9e204b8b841df8fd94eff0888cdf7
9aca4f5f45944250973b5a08c3fa9547,1.9933321,58db4c3a26c84fa68d81235d078208bc
d52a218e156e461f8d5f05a8a136988b,1.9909239,89597084b19c4902b073a2c6c6622456
7faeecafea264aeba8271a5a540bee0b,1.9886982,1543a2f94aa74008914301874d98f0f5
55c82489e50948b39c0f1bfe5fbf408e,1.9884983,89597084b19c4902b073a2c6c6622456
b6564d12e54b4e09a41d57e66159df56,1.9769356,a6a551a308b9442f947ea0608ae2c3fb
bee778e5989a42b98f01c3f28373b730,1.9728603,ec281224f8ee419ebde676f291672aea
55cd381ef54d43069999636fdbce998d,1.9682325,46bfd7af0ed6491fa621350963d11e35
1e008659e5994366815fe158a9f9a26c,1.965134,9e304a9bbc7b4c22af8025fc93757357
55cd7fb3f7fa410b973c972dc5f4b757,1.9568322,c88be17376104f999b914a91aebf7220
e96f7d9a6eb04d7e9b3a01744c7f210e,1.9556706,836ec4ef8df644328ac07b7803709323
aede09058c264aa399a460be910cf10e,1.9401169,02cf82700b4f4773af3a14ad8eaa5270
1f314e6f401c4bcb95f97316f5aceb0a,1.9386148,2425086d8eaf44d2a9519f0e4e6b289a
69fc5af906524d06b5c47a8c984a7199,1.9372855,e27d9425c912446e947fe53c4a757375
73ef58ddfcb54d09ac1737fdccd62d07,1.9354929,9e304a9bbc7b4c22af8025fc93757357
57c53927cc0942b7a012edd211993b5f,1.9343518,27eee82d7fb94b9b8b60bd3101187496
312939eb59d541dfa7df51991a32d5f6,1.9334193,f615619defc4402b82845090c238e597
0f3dc35d3b4a40e79c0af54b9b3d1f66,1.9303677,fb709e29755b44988bb252c87a2ce2f3
7c9553e399964910b2eb9f1c94c913b1,1.9125752,7a4c413f5c844796bd5ffed2b65f0336
6f8c1d69a43c4848bf3426c02ae5b938,1.9124985,f9fae977af2c4f35b29400f31267e170
ca9d736b288240819d620ec83c0b3f3d,1.9123396,8f761e1117754656ac86a3a25f241cd7
11bb2992a06243158ef845965bbb79ec,1.9106658,efdf40eee13d409c9955e5b84e4408f6
cde31d7f76684d62b17e619c0f1e98d1,1.9038092,b8ca3b6144cd48208caae952e096e7ae
6cf7328bcc2c487e8e43953245e0f4af,1.902839,0302e7dde9074dddbbbdf85e9be57901
c3ff9a50b4c1477c812af51fd7ce9489,1.9014809,630edd9b8f754b5dbd36cfbbd03ccb51
745463c1ff2c43398a488057b94b7dd5,1.8986531,8f761e1117754656ac86a3a25f241cd7
278a6d1334d949ac865e60b6199bf59d,1.8937421,a926df6d7fcf4b17b68dae6f41fbce66
61e6eab2c60042858ee62e5d01968ba8,1.8864944,e039a00eae414ebbb2205b011ac127cf
b5ac47314a344318be396fd6fdef8239,1.8822343,6aba5a04ef8742a39d3a61644a5f0729
56c2b163d79149048fcdf4e0f9d5598b,1.8806585,64fa5ce839ef406b9bc8a1b2f05094c7
5a1096197b8648d882cdd33875519404,1.8491739,ecdae9f36c6a437ea72739febbf1c89c
9938803be0884fc282a350a72835a9b9,1.8481764,4a4eb12a639346b5a00557d54b51fe51
b48f5f444c3140b38a8e756e57fd042c,1.842912,9b22c5cdbff44bdabd48dba008e6a3b2
b256661e96a042c28b299514e4e6e4cf,1.8411021,5831f5e280be4c02a09ce4588b56d7f3
187dd510c41a49f4af9d4c4371e98953,1.8299587,b4150337314e40fb9e3ebb24514504a3
28d967465fcb488eaab515b23282c0d7,1.8240663,fe6ace599de44aa19b1773dad3658fee
3b01fad04aad4fba95d40be77808d716,1.8235177,cd60a0fcac24465a880af7d8f921dd68
8c4f8ffe681a4951928e1444bf4947d6,1.8175992,fcc9863b07fc4bd5a01fab5b9160eafb
1f92b7ff3de8413bb81c7346203bec40,1.8145032,630edd9b8f754b5dbd36cfbbd03ccb51
a18a19c2ef80495ea076e2ecc882c7e7,1.8131019,80948e17b5694599919e1502bfcc08f3
b2486195994b46178a02231ec766d3ea,1.8130163,b050e9e1ef5946c297a34dda98d8f476
70eae43486ba469e9dcabff502a498ba,1.8086762,11ec23965d2941d0817082107996ebbb
fdef09f89c644db89a91442b6889f7b0,1.8015562,f615619defc4402b82845090c238e597
b89cf65d34284353a3c517db67021cc0,1.7941065,691acac4a54d450697afb2c2dc4fca09
ff0622832e0e48519d375778af4f60c3,1.7875953,7ab29c5e2f05481d8a69cc479a764ee8
a5d2be317fc24e528df576140c0a3849,1.7710872,1543a2f94aa74008914301874d98f0f5
b43316e2218e4fb390daa362fc8eadef,1.7700241,c322b788813745e0aa7b592b4345d379
e18c0d2a5ea54d0dae0481083fc0db46,1.7623816,3257035cc77946d98bdc09e2fdd5cdae
f9a7d6299ae54cb8bc2e6ba1b878f8cf,1.7580836,e27d9425c912446e947fe53c4a757375
360cbc8189604ca7bed1d03379488753,1.752842,eaca056cec224a30aaaed30c39f644c2
5209a952bb1a4ac991ae51e8a3e9abdc,1.7514969,1cbfb22f84454b1fb821b602e3ad11f8
5b21a17866f54dfa8e63c58219851a21,1.7499896,d981f2c67f764e0c84af125b563958e9
57cb6a69463a4f248087b39af146fdc7,1.7478317,0f9cc12519eb4872af7be7fe49e19f59
10a7715c72fc4bc7aac2b6e8ccb232d2,1.7437717,eb513691b7a04d31ab1bc50bf343447b
040e8b18e27848cb8d0850a0dcb7a77b,1.7421262,e039a00eae414ebbb2205b011ac127cf
9385f152b6204244bd58c6107f500381,1.7403823,9303b9f7f4984b2dac8aeba8c8da8ef6
aa8510751ea1474a90449f0bf668c26a,1.7397145,691acac4a54d450697afb2c2dc4fca09
cfe22b04c2604c1fb386b852e558744b,1.7308552,ff218cc7835d4b5ba0de22792319050a
17b5e130e0444402bcedf9400cf07aca,1.7305406,e456afdf95e643dd926249fec4d68753
4440ec412a204073bc44b4890ee24ee9,1.7294393,d443e0c5017d48d1b3f86bf4da959ed5
4805a294e65b4d4db75948e86d3fdee4,1.7290022,acee70abee2841c9b67b95e9ed079647
8ffbcfeb411843b2bd6e513ae284b232,1.7265983,00f45d57fd3c448d8cfdf3185ebae894
fa6d529498794d1f98deb51ebbb48d55,1.7228594,89597084b19c4902b073a2c6c6622456
a4c088804f1a458e849f356cef8bfa22,1.7151784,e336d113184c4ebdbad7aa2b6ec64640
8159d92e267d438e9012e936aa5fb15d,1.7142926,95fbc6ed8bfd43c1a6bcf676e26e7f8a
11626770763040b882ab69e58caa67bb,1.7133071,903360099fb644b6b88c6edac88eecb2
acf1a040f09440e7b67e2b901b3b1583,1.712846,cd56b9a044c24df8a7156f661cb3d9cf
7831dfb1e07e43dbac524b0df5c28053,1.7052822,d443e0c5017d48d1b3f86bf4da959ed5
8b1f6fd1fabc4cb7abbd5a7a2ed0cac9,1.7043296,156f393f7ca046299e09d05464afa056
1ea12b451b3d408baf7902165bd34a14,1.6983193,65664fb3aad341fab563409d91dddd2d
3127238ca74643c3bd2e042605dc5e25,1.6915425,983940e0b12e4186a281c36de657406e
b4a8d87a40804af0ba2290010e25deb5,1.6698936,21b1ded02d7b42618592187e287835a3
074732e2729c421abe906cc4077f1eae,1.6637222,369fe18b94f54c98b554fd22b4a3b50b
ae806a1c4d304ce388ffbf648f241d20,1.660522,a585d23fe43f459ba86ac15645af77ff
33d76c41516a4e5aa8c5b3b16cc6c6f7,1.6591878,e7d6747e8c8b4ebcb665e232240daf17
705398996d6440bd986d3dfa47bb583a,1.6557579,3be388c9ab614bceb086c19f70df23c2
25f901ba444c47eab6b03184191a3151,1.6555302,4b748d6624144214b3d8a80b37aabde6
efd4bc5be92d4f7abb7c4bd8c19423a2,1.6540599,74e7db4222ca4a20811199afafa346a7
1c3bb67f3f4d455b86905cf93be96fe2,1.6447301,85e7ea30890b456084b8e85c299c8649
4a2be481c29745e6be4e4b6a6d39ff64,1.6416645,6a122ce1702646db918266228d48bd08
00ba0de9ca0245ab8489ffd199e84c92,1.6397227,7cd1db4b50dd41e6b2f3dd15fcab3b89
e2543c3614294b10b21429f6a412dd3d,1.6395195,ff715b4f228443e3b067c801250f3402
60cfb02a92884acf8cbc7ea1abaf7046,1.6338804,e492ff7fecf046a4948c5ba5631cdefe
9e2872646e314b1f97e9cb135dccd315,1.6237779,92d5da561f5a41bf929f3555a74cd653
bb58d88db2894bbe8d84b210cc4f26ab,1.6227808,99142f1c07cd4782814f8c970eaaa40a
9f143dcef5ee44dd89610738332533b6,1.6207023,6a33c207c8b648f680dbd0e65639ef04
744af08539fd44678fb92fe2cd3adfbd,1.614522,acee70abee2841c9b67b95e9ed079647
484bed1b612b48f3a0b37b91bf626f39,1.6069154,057164cf4aab45ebbefef3409359cfb1
75a44d8541fc4f6db502671300b2ea97,1.6058722,fd51f3eef1a64d9a93652be481bde32e
506892256fe04ccdae8ffa97993fb582,1.6002159,691acac4a54d450697afb2c2dc4fca09
69705e3d3da0436881b25f42d2a6f102,1.597292,4d708e5878784386a42c2f436d2d60f0
6ae7d44d811844448d0c8e5d69ff7000,1.5958914,3be388c9ab614bceb086c19f70df23c2
d7cad8025bcb4868a7196c152770ab3d,1.595427,fd51f3eef1a64d9a93652be481bde32e
4810807024104aebb9028b6d53c9ed44,1.5944098,77ac5eb4b3054ca68e2b0dcbd5473fd1
0effebf3021a4263bb46281f2fb33987,1.5875554,dc58564d0c8540bea4f3e2e3696deae8
957566f2fe9f4406aa561e32617baa00,1.5854336,4aa3556b2aed469584c573868193a07a
3787d8d226fe43acab22bb2c72e2b1dd,1.5793672,cb85047b65f8468aa02744c28c075dbd
e919ef1fffb2496894c9769d7ce9aacc,1.5716015,8f285540a9394706bd6ec6cda46c5058
856daadbd4c24836a85731844393b1f4,1.5679682,9e304a9bbc7b4c22af8025fc93757357
b7e24f3f016a422b89ff10b363c86e9d,1.5657583,09fc9f38fbbb4bfaa1c979ac9cc43f0b
56cfe84755904ae98f74d085dd2fcb7c,1.5629933,6d3c42356e3b459c919e3129ff192ac4
de522abd79fd437a9ba590c4aa3aa7a1,1.5622814,a1d8cb16dafd4126922f985021e93631
ff15583dc30644238b32a7302a039764,1.5583371,b2be859ca8f24cda86821d5383edbc18
cea01bc4a1554d61a6b1a564073b4fc6,1.5569028,564a84b1b830407e811bcfc7fd086a6f
2ae3d79e1c8641a9892ed31117156c0e,1.5547595,bd2f91a9415049d980e453f94327e0ce
7b5adbd82a584ff6b6e23b89956dd6f2,1.5535576,bd35571850644321b86ce4fae286ce7d
4cfe5514dcd64af29dbb1012e6e35f81,1.5500112,bab3bdc133384798b558f8fb6466a7fa
d87ab9d9a67547ccada7b9ea3d22154e,1.5291013,bade01bd83ec4b6786fd8c867ca7a090
a2c99cf18b24478a838bc5837a75721f,1.5287999,d4cd0b56b6f54e08aec8ebfdb6122c5c
43a78998b5f14d87bf9883d669a9ea6e,1.5281845,d42996c2b67443fd9b73bba7641d4f77
77e2cfc79eee4e1b91f93386b436bd31,1.5265313,5a8cc5ff28fb4359afc7e9fcbf3bce55
fcd13888ea3d4c2cba9cdbf3a7d2bbdd,1.5222139,b2be859ca8f24cda86821d5383edbc18
432fd48d8c1946838e62f7912527deae,1.5206838,7c1e02f3ab614e539ac901e5cd3c92d8
8fd8f14d327f4037a26fa4bfed84f993,1.5160264,6b9b2c8f0a874bb8b6691aca6bc49565
8278ffeb4f7e4854a015f434887473a4,1.511281,700f381f40ce4b039ce0df8b49fb199b
7409ac4ac3c944aca7a9965f2568766e,1.5110841,5971501b0e8b4ef5b203c3985d7f5e88
6e651760ac2e4377abd5ff9ac4b8c9f0,1.5032738,d9fbe02f04a4469dac855f69ea6ad02a
d13abb2f14514eafa77e5ef77ae45be2,1.499158,6c74bedaa406493a99988c5b8a47b704
9b8afef332b0478a954974c9be4b010f,1.4979303,2a9658410614443d8a27ef174f61d6e8
3bc9e7189bd1419081f54d35e956639e,1.4921759,b8ca3b6144cd48208caae952e096e7ae
c873b341cab549d6be3c38ca79441d7f,1.4911995,b25fe3b79f714d38b3fc53e39fd84d36
acc8825aa2cb4d06bd3574a6b36e6a40,1.4903413,c0cb721b56f240dabf7f464e453ef72e
06706b7f76a3492e8e814546d9bcefab,1.4872775,d981f2c67f764e0c84af125b563958e9
7c4376eae79f4bb992d0bbb206eaebc1,1.484723,c322b788813745e0aa7b592b4345d379
071079b5a0494fe2b01b0dc5399d8089,1.4798596,eb513691b7a04d31ab1bc50bf343447b
da58e0684cc34833a768589a2ab19e46,1.4745857,b8ca3b6144cd48208caae952e096e7ae
869ede3e68734644b841477bdcecf1e7,1.4737495,1b4e143cfc1648a5b877d7445446366a
321ad870fb8943ddb55d46439d2912e0,1.4707825,1fde4c9a01f84c349461083b6d0ba9ed
b1d8d95b89ff4347aa88a86b33c0e524,1.4692745,c322b788813745e0aa7b592b4345d379
d3d566cecb79472ab65c2a57bc6d7b6f,1.4490633,7ce06191f1114b4c8a00609f6867761f
1080188fcae241b4a5c7649114dafd64,1.4460766,5971501b0e8b4ef5b203c3985d7f5e88
e98cad653d89476483782ae1a239135b,1.437647,5a8cc5ff28fb4359afc7e9fcbf3bce55
a888f13ac990426fb248349ced4a0bce,1.434053,c322b788813745e0aa7b592b4345d379
01213179f19e4a5d97590bdc85be49aa,1.4311832,1cbfb22f84454b1fb821b602e3ad11f8
f83685b1d7eb4bb2912f5e7358584feb,1.4259969,691a538d2372403fad2b919b48ff5f85
ee6a2cd2075841c6816e41a54637aa9b,1.4241276,ad289d5052264f9c8bd0aaf9faace92e
410b8957bc6b4370ac432ae7bddc2cd8,1.422162,b050e9e1ef5946c297a34dda98d8f476
d30d31b8272b4fd0ad8156bc69d4ddf5,1.4104252,d42996c2b67443fd9b73bba7641d4f77
2e7dec015d344fb58ce0988844becd9b,1.408037,f5a6222612ef406b8f02aef87e08c476
9bc0b7a878a34cdd97666a27e60314a1,1.403692,7cd1db4b50dd41e6b2f3dd15fcab3b89
1aaf2fb4fc244f5ea6b9eb65d1183c03,1.4015235,7a4c413f5c844796bd5ffed2b65f0336
899b54b766454749af73a7b5ba6ddfc9,1.3988485,eaca056cec224a30aaaed30c39f644c2
63c3f37ef5c1455db7914313f0e0be1c,1.397773,64fa5ce839ef406b9bc8a1b2f05094c7
59faf734dccd49c39c471b705bbf90a2,1.397503,cb85047b65f8468aa02744c28c075dbd
bb5b0894b81e4a8daf1feb3b422e35a8,1.392061,eb513691b7a04d31ab1bc50bf343447b
9d68d4254983475b9feb48e30494c9ae,1.3914253,66b0c8a58f444ea0aec34d9403b88a49
a1940599db974ded9752d1567b236c42,1.3846121,c8c201e25c0047a2ba9d9e8541ac0939
5d2dcf398cf24f1fa650c7f0c8035ffa,1.3845055,d27cfea4da8f445fb4e3c55e53c6482c
30c2e203d4e74967b5166f3da78fbe36,1.3843653,f615619defc4402b82845090c238e597
13bc78da1120442190653a8273c4f2af,1.3839872,19c9ac7b84df472c85ed6cf5a05fbbc6
f8839308f8e84df6a185506e6f3f1674,1.3830339,e5692bd498004d32934fbaa05af2120d
8756c0e4eee54ca69baec75ff9c6f44c,1.3816668,17cc6768c9d14388b7455fea0060b62c
89b0d50305744a53bf5c6cabc6f94b08,1.3756111,d27cfea4da8f445fb4e3c55e53c6482c
73bf5efa54504a0186bd7a13def281d6,1.3755343,bab3bdc133384798b558f8fb6466a7fa
4cf68d2768954335a7f7c61a045babf9,1.3748968,e7d6747e8c8b4ebcb665e232240daf17
c11c77b1b50e475e8b0a0df774292211,1.3741083,3257035cc77946d98bdc09e2fdd5cdae
38003415b2fe4903b7183cdd279c09f9,1.3726162,678725f8b914453fbc1029b7c1bc0879
95cfdf88f92e45f9b81a755fb1718759,1.3709673,58db4c3a26c84fa68d81235d078208bc
f023a1ec2a5e4947a0c66be38c5f67b2,1.365472,7ac9c94011924c09b47f9640211885a2
bfd311fb1c224274b98d99f84e3cf150,1.3653487,d42996c2b67443fd9b73bba7641d4f77
2a8517391a58458c8b4054fc225e976d,1.3648643,bd2f91a9415049d980e453f94327e0ce
6ef03128028e416e929a82f5c819206b,1.3599792,21b1ded02d7b42618592187e287835a3
587c1d4811034d7d8e3ccdb4af7ddbe1,1.3583235,e25b9d9944cb4d7197efb8ffc4ff57a1
e9f85a6880484c3a82685b170d052a51,1.3563243,d0a840820172465f83c8480d571e7b71
6ede534375a14c609d02c3f94a41907e,1.3518813,de9328bdd1b34adda74a0363ff0a52b6
8c55cc4f7bc44ef7b9210ff7b7595435,1.3512111,75b0bd2240a54f6fb45bf95ca43ab5e6
53a334f932ed437db303f19b0f6ea7b4,1.3504213,99142f1c07cd4782814f8c970eaaa40a
a703ddf11df347d6a8ca6f572ef505f2,1.3473316,e45844e0215f4a1596a7f9ac41367c46
fcde1e3b91aa485688682e6fdc3c24e8,1.3370235,1d47a696eae94bd29f215a4787b27d8a
4762d831f5884e25bb3eb6e73fd283fe,1.3363571,d79afb377f5349a69830b2b4c7cfefcb
901288a03fde4b628e2efc51f9ec6f0e,1.3297383,257aed6ca7a44f1cb5c664beb1be527b
780486c1076b4c48a2e7b01053d328cf,1.3276428,46bfd7af0ed6491fa621350963d11e35
253d404216244e3e8c298eef54b7424a,1.3271592,d74f6e7abeb84eedb9923dadb62f45f0
04fa52d782e34f0698238fc47401ee94,1.3257074,965598a17b624a0f9bb1cd58595458a6
9e85ec108ce944f69e9225fd35831464,1.3237575,156f393f7ca046299e09d05464afa056
22831856b4ef4ecda0ee60656417b904,1.3190632,0f9cc12519eb4872af7be7fe49e19f59
734db9fe91ae4ef4aa4f3798343785f4,1.3123626,eb513691b7a04d31ab1bc50bf343447b
6823a93202f146b282eb66b620ae592b,1.310499,6b9b2c8f0a874bb8b6691aca6bc49565
e2b08fa4040643048867ee258a43c077,1.3078918,678725f8b914453fbc1029b7c1bc0879
932fad47da6c474ebd763a0249ad22cd,1.3045034,f9fae977af2c4f35b29400f31267e170
54d65ec837ed478986a344f4bba2e423,1.2996504,64fa5ce839ef406b9bc8a1b2f05094c7
80a892b08d854ed7ba82af259da76154,1.2973428,156f393f7ca046299e09d05464afa056
9304c56db5b34e709d22e558122d8338,1.292061,b8ca3b6144cd48208caae952e096e7ae
da3ca57a5b8943839227341c423ae8f2,1.2842445,e02ad4f63c8444b79a7a56fb23a4e0f1
72b24b9944aa43599173c03884689224,1.2757139,95fbc6ed8bfd43c1a6bcf676e26e7f8a
d61fa8f9c09d4aef95f64f941a957c96,1.2752343,640f3bd184b7425fb22cc7773b8b2244
8f46f1c9e7dc4f0184c02d6fef8f3708,1.2709289,b4150337314e40fb9e3ebb24514504a3
7986e60543204582ac542d56eef7cda9,1.2706995,9303b9f7f4984b2dac8aeba8c8da8ef6
9c541c2079a0420298c16b25b87beee7,1.2698987,d42996c2b67443fd9b73bba7641d4f77
84350503e37143fc8548ffcbd24070b0,1.2644722,c26f5e7dcc8149f18f3d719bba9ae717
e5b86e97430f434591a4da778f69dcf9,1.2628187,855b3971c4a147cfb9a7c281fa6b915e
b7e96cbc27284100ad9f3ea6005e3af7,1.2572004,34b71675a1ae442395b6eb1f3eda23df
d8c0f66ffaf94373b23b46444c5acb4f,1.2558386,156f393f7ca046299e09d05464afa056
5a9a908d748e4c2eb30cdf4a450e189a,1.2556394,cb85047b65f8468aa02744c28c075dbd
f3c6b6b18ad14537b64fde19aca70992,1.2555918,bd35571850644321b86ce4fae286ce7d
8058d1c206ab4268a15994fd69f5d5d0,1.2549663,1c97c72e076f40fcadb22b17e71beed1
70d4373544a8407086d520841c1eb504,1.2492496,7c1e02f3ab614e539ac901e5cd3c92d8
d7af13217f9446bc8d46c21e5d91114a,1.2482545,836ec4ef8df644328ac07b7803709323
0c553973fbe042a7af2110e0a2fcdddd,1.2474208,bd35571850644321b86ce4fae286ce7d
c27914b906234330b9a6677788aab658,1.2462939,89597084b19c4902b073a2c6c6622456
93ff73f78f7c4aac9aa13de5f64205cd,1.2394252,00f45d57fd3c448d8cfdf3185ebae894
0c6306c2d9c64af7a28d5fd434ba9b19,1.2382764,6b9b2c8f0a874bb8b6691aca6bc49565
061948a87df34fb3b077070194c1119c,1.2379212,1f8c0f02984e4139bf8043e57497fdb2
d51b249d11a44ae699cd4e2854b00d4a,1.2360812,4a4eb12a639346b5a00557d54b51fe51
dcd792ee5ed44c18908c70bc295d64d1,1.2324018,6a122ce1702646db918266228d48bd08
6770b085f8cf47ee9a162fa8fbac551b,1.2318332,369fe18b94f54c98b554fd22b4a3b50b
35280441301148638fc4b59eb169c802,1.2311028,aa2d7a3a535243189492d4ce8e79c049
e45e383a0b9844e2b5ea7eaea5eb9fea,1.228073,156f393f7ca046299e09d05464afa056
f40346321e624c7caf2e7586b7254203,1.2242512,2425086d8eaf44d2a9519f0e4e6b289a
010b4030f3e24d059d9e4d37cbd1963a,1.2150161,66b0c8a58f444ea0aec34d9403b88a49
2f0bcda66cd34231b3a3822dd57f7f2c,1.2149231,65664fb3aad341fab563409d91dddd2d
fcaf0031ba12457ca8cd515c95fea22b,1.2126313,bade01bd83ec4b6786fd8c867ca7a090
df8769c84f5b4a8f9811c4537faa576f,1.2006786,73e7e41e8db447c09cb2363d76556c64
0f7f319e6bfb4438a4746cfecb70a08e,1.18873,855b3971c4a147cfb9a7c281fa6b915e
3741fd305b324ab4a29b14442af8f8ab,1.1870427,d576e334105247369362b05a375e88cd
02dba61169914bf6bca380e6ebba2037,1.18268,7ce06191f1114b4c8a00609f6867761f
9923a917ad644091bbc508d3ced20f75,1.1815928,369fe18b94f54c98b554fd22b4a3b50b
87afeec5f3cd4d9d8f6d5a0c7f48260f,1.1813911,bd2f91a9415049d980e453f94327e0ce
6b5d194c37f14e5d89385ae747199cc1,1.178403,700f381f40ce4b039ce0df8b49fb199b
5b578482d6cc41b9a12382c724e9e19d,1.1749374,d981f2c67f764e0c84af125b563958e9
34e6f332d53646d38eb22993afc64a02,1.1723692,02cf82700b4f4773af3a14ad8eaa5270
936da7c6ee60477dab2d4d91e51a0931,1.1631483,526ab7eda50e4a239d03ad505832d61d
a2e363e09aed44868c4e51d9cce19eb3,1.1630778,c0cb721b56f240dabf7f464e453ef72e
ef33ab499b054efb968d7cca5bef4a31,1.1619694,c0cb721b56f240dabf7f464e453ef72e
0fcfdcdd99c34d2f8c849839febcbeee,1.1606073,9303b9f7f4984b2dac8aeba8c8da8ef6
523ac70af19e4d6988870738be0827dc,1.160575,1fde4c9a01f84c349461083b6d0ba9ed
6b56add8c1e8488e9e85c4085e0cadc9,1.1564595,d443e0c5017d48d1b3f86bf4da959ed5
24e177e9075a4c7ebd2cf154bcbf7b78,1.1552457,c9628610053945f4a7998ae48cd70da3
f7c0f796a492492095abeb8469b68eeb,1.1522785,9ff95d23c3284d31ba5e398afa520649
55af16e0058942008349107e8a2e1845,1.1522416,d4cd0b56b6f54e08aec8ebfdb6122c5c
e9ffeaac65414a5fb9df90c528ca02f2,1.1430562,e5692bd498004d32934fbaa05af2120d
e746e83fb0634ed3b81c10391e2d74e8,1.1375403,ff218cc7835d4b5ba0de22792319050a
7798dea58b5a4389aca581f8efc4b17d,1.1327692,c322b788813745e0aa7b592b4345d379
99370de3bbb74c12a92ca24b995d92b1,1.1267735,4430d47e30904eab969c1baebca184c0
84e4c1bdea914f529a194f767629d1b7,1.1265018,2a9658410614443d8a27ef174f61d6e8
2f01109a00d94d2ba4736fbea4522c20,1.1227112,78b600dd53854b018f87267d268b7b1a
94e15698eca449a99528bcd1d437335a,1.1219519,00f45d57fd3c448d8cfdf3185ebae894
b707dfaa86a540dd9c3fa75fed4a43af,1.1210196,b8ca3b6144cd48208caae952e096e7ae
8baed775825049a7a98ba659c3139582,1.1185799,6c8a24653ef04f559b88e0f27c0df63a
ff710f3510b24d89a54afab54c23edc6,1.1180346,691acac4a54d450697afb2c2dc4fca09
6f6fd5b2a152493e8afcb221b1b198bd,1.1110481,cc21026ff0d541909df56c5618d28518
242f18b8efb7402a9e394515b5294eb5,1.1076012,d79afb377f5349a69830b2b4c7cfefcb
374f3a07f645432ca97d2116e61d6fc6,1.1024779,0472051dc57d43f8b9dd08df475fc4a3
b781fac256574439bea7cc655923fd3a,1.1015605,f11f1682b5924181b047d757d3e20964
020f53a16c0047f9a592ac5126da2ccd,1.0998545,4696c8192576454f8684954bc771aa23
9c74b02f802b41bab45bd626251e1d88,1.0998545,4b748d6624144214b3d8a80b37aabde6
91a9ce617c5b458284f2fab317b423cd,1.0982112,1216ce1ef31e4643bb1222538c206342
b904ff33d535410cb0791f1e1227e8c2,1.0980963,c88be17376104f999b914a91aebf7220
775b2092579349f6877cebb751ba7f11,1.0912708,9b22c5cdbff44bdabd48dba008e6a3b2
f4a11d6e649f44be960bbfc9a5aab7c9,1.0912545,b25fe3b79f714d38b3fc53e39fd84d36
7fea4bf4a0c24e2f84ca2e69e88529fe,1.090985,e25b9d9944cb4d7197efb8ffc4ff57a1
1a12b7978d8e4dd5b563cf97606bfa9b,1.089455,1216ce1ef31e4643bb1222538c206342
fdc1732f54e34300bc77d7b4c38ec31b,1.0871222,77a8b27acb0e4600bb6ff974eabc269c
60b12e62313f421f9865db223f254655,1.0835301,f615619defc4402b82845090c238e597
39ce9102f2044852bd09b544df5b8092,1.0821854,7ac9c94011924c09b47f9640211885a2
65add58592564636a49ae7417f79e9ca,1.0800692,b8ca3b6144cd48208caae952e096e7ae
a030121d60a04600bb73087739ac4044,1.0753648,d981f2c67f764e0c84af125b563958e9
d832897254e74ba4a5515e22654b2d04,1.0716596,9303b9f7f4984b2dac8aeba8c8da8ef6
43bd347a4d5e4c8c82b41970f2ddfc02,1.0673547,37337ebec05640b890e4b9612776c32b
d65ec9584a074f8494467734378fc499,1.0612878,d0a840820172465f83c8480d571e7b71
7f23a0de3d6649fbaa67cb1b2dae2289,1.059858,ff715b4f228443e3b067c801250f3402
75bceb302d644b309181d454dbd2b59f,1.0563012,678725f8b914453fbc1029b7c1bc0879
ab4c8222cf584ba3982f14500c005291,1.0523598,a6a551a308b9442f947ea0608ae2c3fb
eed22afb847c47abb46b07ec48d1b679,1.0522639,c26f5e7dcc8149f18f3d719bba9ae717
a10fa0e95314472f9c5d9f4695a8391c,1.0474219,74e7db4222ca4a20811199afafa346a7
c8a6cf1a44fb449b9f338991907da389,1.0418063,89597084b19c4902b073a2c6c6622456
b89108d9803648fab3137eb2d150c208,1.0411471,d27cfea4da8f445fb4e3c55e53c6482c
a5188ae3f8ef46e7848bf70945078768,1.039721,21b1ded02d7b42618592187e287835a3
17176251386d48d798eb18eee7208273,1.0359831,46ba0b979a664c7cb0c315c4cde6ac86
81506e59f5b54c66a3459e47c2bad700,1.0328264,d6fe6f8380464e21a27fd69de27f1f57
e046c26587cb42afb43672bc7895ec22,1.0257922,9303b9f7f4984b2dac8aeba8c8da8ef6
91a077bae982429595e548a2859976ab,1.0254503,7ab29c5e2f05481d8a69cc479a764ee8
f3f6ec5a1f4a455297eaeeb1145a0d7d,1.022554,6b9b2c8f0a874bb8b6691aca6bc49565
85fe4ea28be0476fb41585de18435d94,1.0205451,8a77dc665d8b4d95a0b1113522f7e9c3
3407ed3eb6d4426bb50ced20b862de96,1.0202085,8f285540a9394706bd6ec6cda46c5058
de34f2e7e9ae4380a242b0f09f1716e6,1.0153838,6aaae524573f477f8fdef0b83787cbee
bc74f6e0e01940f8b0e150ba65e72d34,1.0147551,74e7db4222ca4a20811199afafa346a7
a48cffbae43148f292d3a78837fbd4ca,1.0134276,efdf40eee13d409c9955e5b84e4408f6
98a56450793d4447a21350dcb38b80eb,1.0087698,efdf40eee13d409c9955e5b84e4408f6
743660b5e64e440a8607fdc79aa05544,1.0071555,bd35571850644321b86ce4fae286ce7d
c0278f41c00f4876a3c2c551dc74e70b,1.0011027,d0a840820172465f83c8480d571e7b71
77061464d801457a80b33cbbe0f017f6,0.9945085,d4cd0b56b6f54e08aec8ebfdb6122c5c
0affea27dfd242bda2130ad14ef28bb9,0.99441177,903360099fb644b6b88c6edac88eecb2
1068628f10b7400aa4e87b04d24fd803,0.99366045,3257035cc77946d98bdc09e2fdd5cdae
e10cdddb573548c0bd3d9eb0cef37f37,0.9920288,d0a840820172465f83c8480d571e7b71
b7734f7f37a349c491b96e42059f61dd,0.9865546,bab3bdc133384798b558f8fb6466a7fa
c6b7ad3591e84b359837e00aac91e82c,0.98333925,6a122ce1702646db918266228d48bd08
4bd7c89c496144089a9b340c20c1a8bf,0.98049355,ad2b6fb945714e6792c17bd49a1066e0
aba310b256004f63a3f3225cc1b813dc,0.9803966,4ad7e2502210436f9ca5735fdf7e50c3
6991375b95ab4bb0b14b5ad68edc0a36,0.9788729,01e805bb5a1845a7addf86fe9bc8d814
8ec020ab1bfe43a58c104ac0eaa95bf7,0.976614,0ebc441d25664c91adad96b570270f07
d4cf39f8ba7e4a92b4ced7faa1218229,0.975019,e492ff7fecf046a4948c5ba5631cdefe
211c5c1ee1d042d391296b95c6c95c66,0.97074765,cc21026ff0d541909df56c5618d28518
4aa10500630647f891ae1bf725a8f169,0.9680524,700f381f40ce4b039ce0df8b49fb199b
e1373920ccf54979ab678e62eb165c60,0.9659234,b2be859ca8f24cda86821d5383edbc18
dea0770945c6460c8082a2fa1e710ccc,0.9589962,74e7db4222ca4a20811199afafa346a7
f2b48599b4e942a098c9a2fb280c2525,0.9464077,7ac9c94011924c09b47f9640211885a2
ccf605a5ad9c406f9876e141954e5e80,0.9428632,903360099fb644b6b88c6edac88eecb2
bf3d001275754cb9b2c48df805901d9d,0.94204974,f615619defc4402b82845090c238e597
da88d4d5eaad4690bbe94a2165985050,0.93636495,01e805bb5a1845a7addf86fe9bc8d814
0b887e10733b4259bd5c30a1c724ff50,0.92631805,fb695c097d5845c282f6b30c241e8cf2
8819510944174ce28e7b0d3e9d8c9fe3,0.9196558,691acac4a54d450697afb2c2dc4fca09
f6440ad65bcb48fc8d7fb11f5accc309,0.9166534,e7d6747e8c8b4ebcb665e232240daf17
38b738aa374d42a1b20afa63ccfcfd62,0.91604775,01e805bb5a1845a7addf86fe9bc8d814
5302778a501c4de9bbc6c6fc6f7cd8b1,0.91158044,92d5da561f5a41bf929f3555a74cd653
444cddd136524b8792db7fe1caeec69c,0.91051394,acee70abee2841c9b67b95e9ed079647
b06dc9c1726443b19aa4d4e118d8596e,0.9081135,6542f58c143446f280e88a6375ccf79a
13260f69234944ae8feb384dae6510ab,0.9072555,eaca056cec224a30aaaed30c39f644c2
43286efab53f465da28a9d31716d392a,0.9037261,09fc9f38fbbb4bfaa1c979ac9cc43f0b
20256e6cd14e4624979db79d84582573,0.9011085,fe6ace599de44aa19b1773dad3658fee
662a6fe9ae1b47f5b598c9d0ff7ad784,0.90037185,640f3bd184b7425fb22cc7773b8b2244
4bb46186bb5347c793ef12b4397ebcd6,0.8954653,6a33c207c8b648f680dbd0e65639ef04
96bcfa53901a41dfa438964a0688e82d,0.8933814,88dc23909eb4415aa39b96cc3a4c2926
d4560ab76d914af184a3cafa8ec46abc,0.8910991,983940e0b12e4186a281c36de657406e
180f987f287248c487b83fbddc87ee09,0.8882899,17cc6768c9d14388b7455fea0060b62c
e1e6878707524a03864e9b83fb89345d,0.88787353,74e7db4222ca4a20811199afafa346a7
93804e9078864c70b27336ff52724af8,0.88379,92d5da561f5a41bf929f3555a74cd653
ab90f505d58d4d94afa71bd0811469b1,0.8832009,80948e17b5694599919e1502bfcc08f3
eb012357f09945268a134e8461cb8cd2,0.87517947,d74f6e7abeb84eedb9923dadb62f45f0
984301327f964e12a088fd8ee2361fdc,0.8741527,ecdae9f36c6a437ea72739febbf1c89c
c1904c9ab6bc4ae5b4b364ea1f24b7d3,0.8627726,7a4c413f5c844796bd5ffed2b65f0336
0cee0f740cfa4b118595c4e921220588,0.86143374,92d5da561f5a41bf929f3555a74cd653
6fe5e86e29684922a7b66985a0abbe4d,0.8473029,c8b9a0ac7c214a449c434aabdf6ef770
fc20e7b4bfc243ef82918b7c93591747,0.8393364,a4cad92644614f78bded3ca6d6023473
d5720a4e3cd34c23ac605c840bcd69ae,0.83853686,cd56b9a044c24df8a7156f661cb3d9cf
f33800b2fc5d43febcbee5156e729a2c,0.8384222,ff218cc7835d4b5ba0de22792319050a
26b721f1caa14c70b7aa9e5a8898e76a,0.8380134,34b71675a1ae442395b6eb1f3eda23df
20017566ccc94b8982c75f9f05a8eb20,0.8347638,ecdae9f36c6a437ea72739febbf1c89c
b386bdd20171436f9c420013263490da,0.8345573,78b600dd53854b018f87267d268b7b1a
7cb075d8031f47dfb9a6b37840756bcf,0.8288762,b25fe3b79f714d38b3fc53e39fd84d36
d56e8f69077e42b1aca7c99f6675c5af,0.8288101,1c97c72e076f40fcadb22b17e71beed1
68ea9efe09ec467b955f3960508e08de,0.8250519,23066f7964874fd39639dbf2cb2766df
7a81a74f4b0e49839c3fbcfd7ad02560,0.82477283,fb709e29755b44988bb252c87a2ce2f3
6776a4646460462797dc83573d630d14,0.8220643,156f393f7ca046299e09d05464afa056
7d741d7645a848d086367003b1d9a767,0.82021165,d27cfea4da8f445fb4e3c55e53c6482c
ba50600bf9f046bf97bbe28dc09a3ff4,0.8190855,92229a391d0b418f87b32c86c42a292c
cf4d7289a12b4ebcb7b17e8b76d82342,0.81822443,ad2109663af04c549385cd2ab9b3283b
9ebe890cdbad44f1936503311aa8efac,0.8178624,d79afb377f5349a69830b2b4c7cfefcb
c0f5519b1d3842a68611736d9c0e5c9e,0.8153784,01690d9b08164fcabd5bf0819754f71f
68017cd7896a412db28e47c90096b888,0.8125535,d9fbe02f04a4469dac855f69ea6ad02a
6d60c813cd9640d0840e8567de817877,0.8105656,bade01bd83ec4b6786fd8c867ca7a090
72679574292b4dcba4cd8bf82996bc5f,0.8096358,64f1d63a671d441d9663a783f632f794
6e50350fd3c745e6be8f38c45f9b9148,0.8089752,fe6ace599de44aa19b1773dad3658fee
c5c5b71dc4ff4e8cb11769f0b2cd9907,0.80659735,1fde4c9a01f84c349461083b6d0ba9ed
cceea5a23ce7472b9023735952df0ed8,0.80658025,6c74bedaa406493a99988c5b8a47b704
12274ca89ccf49bdb0903f80560e3d7f,0.80093414,c9628610053945f4a7998ae48cd70da3
6ef20b2327be456ebe9d47d6c015c659,0.79608166,77a8b27acb0e4600bb6ff974eabc269c
27074d8daee940d0ad71d8c9e50c854d,0.7909029,d74f6e7abeb84eedb9923dadb62f45f0
d15af016ef394763b0f876df474531e4,0.7852631,057164cf4aab45ebbefef3409359cfb1
f4398da2a74044829b4f7bd0808aec82,0.7796632,6c8a24653ef04f559b88e0f27c0df63a
9ecd5b6acb6a4d10899c3464d4929105,0.7758108,8f285540a9394706bd6ec6cda46c5058
2c2bd31efb4543d08c60180fb6fa21a2,0.76941913,1d47a696eae94bd29f215a4787b27d8a
54371d2d71dc41b99b9d79ae757b5dbf,0.76843596,4a4eb12a639346b5a00557d54b51fe51
f46543478e9f4f0bbb721b47a528562f,0.76757723,f036aaf4ab714c598a0b6da4ca604136
2246c7640ba74a0d8caef1ca9f9d44dc,0.7639923,564a84b1b830407e811bcfc7fd086a6f
c8bddc0d410d4f759537fd2e4bff533f,0.7627865,1af4472b38cc4304841b2f1720075c9d
0077d17ffb254c86a11e301042f915e4,0.76132464,0ebc441d25664c91adad96b570270f07
bfa67f429e414493a7306f4ad2e21550,0.7606117,1f8c0f02984e4139bf8043e57497fdb2
1d79bd154afd47138f529dd6f1d52902,0.7533871,c8b9a0ac7c214a449c434aabdf6ef770
75bd7834bfba42a0824a1918cd04b829,0.7512839,c8b9a0ac7c214a449c434aabdf6ef770
862ca039da124a9d80603938ab13c289,0.7445084,8a77dc665d8b4d95a0b1113522f7e9c3
e08d644c0950461e843595f14ded4387,0.74449825,5a68e05acea4434ba08e17e1fff00057
3bfce2ad291d4b7780e0e8b06d4283c7,0.7436812,6aba5a04ef8742a39d3a61644a5f0729
9e428df718b04a159edebe604bf4ab3f,0.74224144,c8b9a0ac7c214a449c434aabdf6ef770
b5f4e559a70849b2943f3967cc08b56e,0.7370071,3be388c9ab614bceb086c19f70df23c2
9f44eb98cc5c4143a57358e733c1cb23,0.73312324,650afb6a1d054e59904a1b796552eb04
b717169ea8804058961095ae61a7b5fd,0.7328482,64fa5ce839ef406b9bc8a1b2f05094c7
a3a8679097e74509b7525e86a5457662,0.72981846,b4150337314e40fb9e3ebb24514504a3
f99339dff24a46dea0ac6862299d7024,0.7283311,1cbfb22f84454b1fb821b602e3ad11f8
2613b590d7c94de09bd3bc1e4aeebb1d,0.722318,fb709e29755b44988bb252c87a2ce2f3
64e8bc2bd44d4328bac29a1ed2e655bd,0.70839226,8aadcf7251724cc6858dc0db44abebe3
8c85184de9ce46bdbd65f38bd49612b6,0.70771366,9b22c5cdbff44bdabd48dba008e6a3b2
b44be1c1621b40e1a7c06c02b225c470,0.7048831,17cc6768c9d14388b7455fea0060b62c
d02c0b31ac9a428fb46248742eb502fa,0.70397025,e7d6747e8c8b4ebcb665e232240daf17
fb4a9db6c94f4a49a12fa4071706242f,0.70256555,f0695d7e59d64941b510a3d12f801d59
117ba0c13f714eadbb3a6a9d0f6f3702,0.70255315,9e304a9bbc7b4c22af8025fc93757357
4e48af3f82274b30b4ec6ec1533e2840,0.6985186,58db4c3a26c84fa68d81235d078208bc
8779ed6ba8014232ae6caf2ff9ef4317,0.69420063,156f393f7ca046299e09d05464afa056
590ea703d6da42979db4f6cf3ec882f4,0.68898976,1c97c72e076f40fcadb22b17e71beed1
0f23167585384e62970cf34d4092c7a7,0.6883023,e52a528036014db0a7bd54b99a310fe8
a35d09d1bfff474a8029dcb3bbbd32dc,0.6787453,e5692bd498004d32934fbaa05af2120d
1f14295a03ac4251b24ccf3a74772f55,0.6775452,257aed6ca7a44f1cb5c664beb1be527b
2ef6a38c8e514fb1b98b9cac832fdd14,0.6762312,8aadcf7251724cc6858dc0db44abebe3
b9500ef3747d4220b748183372d8c2cf,0.6599153,f9fae977af2c4f35b29400f31267e170
7522f624f59c4d74a8703781e00414c0,0.65871763,5a8cc5ff28fb4359afc7e9fcbf3bce55
a5f7a2fd13b64df595ec85f5354fecde,0.6584359,3257035cc77946d98bdc09e2fdd5cdae
4cdd959af2f14b51bed3c4107c2f0405,0.6584094,80921378de2b4cd3a14d449688d8b079
d51de57d4ced4566bed6fef2db5c099f,0.6555371,d42996c2b67443fd9b73bba7641d4f77
bcb1b70968a74d41b4f3b9dc27129974,0.6458089,b050e9e1ef5946c297a34dda98d8f476
619fb307d36a42b8818b2918edc88ade,0.6456586,aa2d7a3a535243189492d4ce8e79c049
d49f6a76fe334b5ebf72758df0f42d07,0.6445937,c26f5e7dcc8149f18f3d719bba9ae717
46f0f2692fe44c88963712d6f65f6dbb,0.6431197,678725f8b914453fbc1029b7c1bc0879
277c71d0965642b2b592f9a48534fee7,0.64201045,c8c201e25c0047a2ba9d9e8541ac0939
1db0071ef86044f094e7faa2720a4ca4,0.63576734,d331012ecf0c40888e0ac290184f0883
cb03a3e350c3487d9d636625b49d09a0,0.63369143,855b3971c4a147cfb9a7c281fa6b915e
54189dfe90d2466b990b9dd0c5484606,0.6292363,89e43b092c844b5886a93091a22c894a
700d97396d164429817cb71d0e1b313f,0.6290599,f9fae977af2c4f35b29400f31267e170
234999d28bb04577a48d50f076a844a6,0.6287271,8aadcf7251724cc6858dc0db44abebe3
faafc7c371d240a29c764c0074231e6a,0.6284387,779d7c2bad1940c8a861451964e1ce01
a95f568bf31846fd86a94ef5cc3a229e,0.6189079,ad289d5052264f9c8bd0aaf9faace92e
70aba94871d94cf5b2d7e950982cbb8f,0.61835337,e45844e0215f4a1596a7f9ac41367c46
ec6e7c2e584c4bd09dc91d1729c2c90a,0.61658645,89597084b19c4902b073a2c6c6622456
569c47730fc949f7a3971473e07d0f6a,0.6146864,678725f8b914453fbc1029b7c1bc0879
e99926e33dcd4f4082308eff2e38da35,0.61458147,88dc23909eb4415aa39b96cc3a4c2926
1f8623bf930a4fcfbd914e784354ca2a,0.61374235,f615619defc4402b82845090c238e597
211bbe2f818640a39e55304483f7aee1,0.60972893,691a538d2372403fad2b919b48ff5f85
7118df93df274839b3c1c622ac4b53f0,0.6074697,f11f1682b5924181b047d757d3e20964
7d4cb32e892a463b96ac09595cffccf8,0.6067884,0f9cc12519eb4872af7be7fe49e19f59
5a7c0160ff224dc08e280c9d93a87c66,0.6059941,1c97c72e076f40fcadb22b17e71beed1
b9927fff8eac41ac99d787e84af9c3da,0.6044031,95fbc6ed8bfd43c1a6bcf676e26e7f8a
5854ad482e74460797366e8eb405b2e7,0.5957128,b7ef0a61de0e4adf9688b2c525c9ad09
a0720ed891c94750a6be596258ee3d43,0.5854112,678725f8b914453fbc1029b7c1bc0879
a3c8a08e370346b095ed986fc19f420d,0.5846352,89e43b092c844b5886a93091a22c894a
b324a5fe4a374e51a39d53b0b235ca94,0.5761948,c88be17376104f999b914a91aebf7220
a1e176f474f04640aedebc0ece81583e,0.57299584,965598a17b624a0f9bb1cd58595458a6
b50583d5d6494691a33b4cc22373d8b5,0.572466,e02ad4f63c8444b79a7a56fb23a4e0f1
0440c322e82547b787d5f173806bb341,0.5640002,e039a00eae414ebbb2205b011ac127cf
865e99466009410e82a3a9daa7d34d29,0.5616836,dc58564d0c8540bea4f3e2e3696deae8
9c3a88f966094359839f8ebc3263a6ae,0.56132036,ad289d5052264f9c8bd0aaf9faace92e
898b757291e64b7b982221e0a86dea5d,0.5606179,e5692bd498004d32934fbaa05af2120d
b5712ebb3754407989fd548033fcc3d3,0.56060296,e492ff7fecf046a4948c5ba5631cdefe
f3c47f8050814b93a91d14f2add36403,0.5483469,efdf40eee13d409c9955e5b84e4408f6
dc439e2feee54ac8a73f06f7ea3d8334,0.54571134,8f285540a9394706bd6ec6cda46c5058
06cec2d499d345bc9c033032d765acb3,0.543476,779d7c2bad1940c8a861451964e1ce01
24f0ffec89c94e20bd898e051adcbf79,0.5421879,d27cfea4da8f445fb4e3c55e53c6482c
3c1c6d5089844fbe90e18a5fdab3bee4,0.5416117,8a77dc665d8b4d95a0b1113522f7e9c3
861d015f426f45d6bd869c91fb7aed57,0.53276426,eaca056cec224a30aaaed30c39f644c2
d098bf81d2e34d868f274370a0a39716,0.526513,fb695c097d5845c282f6b30c241e8cf2
bfd8d22a1f9a42a28b2a78c5e4323725,0.5258969,f615619defc4402b82845090c238e597
a89278348142457886434482fa366f57,0.5124047,e25b9d9944cb4d7197efb8ffc4ff57a1
7fc16d6f92a847c29cf3367644e4e835,0.5033493,b8ca3b6144cd48208caae952e096e7ae
85775741207d4d1ebf2ddd8ec7d58102,0.49892163,80921378de2b4cd3a14d449688d8b079
0785e71626c6454dadadc8359e1f696a,0.49026477,640f3bd184b7425fb22cc7773b8b2244
fc982cca5c594093a33406ccd0a2b83c,0.48900184,89597084b19c4902b073a2c6c6622456
e2b6403a2141451a9febd997a026ed2d,0.48641145,8a77dc665d8b4d95a0b1113522f7e9c3
cbd8f182af0646f2a5d514de46872f05,0.48605508,a25b08e008114c9ca0266ce3e55d82bb
0b35c0eab3ef4062bc3e184951a22fa9,0.4852286,80921378de2b4cd3a14d449688d8b079
9267609a976547b19a2cc08683835f4e,0.48311985,257aed6ca7a44f1cb5c664beb1be527b
387cfff049b44a62ad0215e9bcd6f912,0.4817903,ecdae9f36c6a437ea72739febbf1c89c
2ab29c6bc859481988c1133ecd494a65,0.48031986,1f8c0f02984e4139bf8043e57497fdb2
1db04d4304ab44b5a063f18b9037c0da,0.4782598,02cf82700b4f4773af3a14ad8eaa5270
6d9fe29b75544ce6b2e1c3329771cd32,0.47758597,64fa5ce839ef406b9bc8a1b2f05094c7
195aaede1fda491bbf8495b564c9d001,0.47716057,f9fae977af2c4f35b29400f31267e170
d067ca627837456bb0e6cc40a06d224f,0.47356272,64f1d63a671d441d9663a783f632f794
a073ad7e6cff44bca20e23485bde2461,0.4700274,e52a528036014db0a7bd54b99a310fe8
f185dd7af4814c9e83eb8e679837ee60,0.4669348,4430d47e30904eab969c1baebca184c0
e0be49d601a84ae1afc8a7ca92f58087,0.46563002,7c1e02f3ab614e539ac901e5cd3c92d8
8766cab3c343406587942ee9f9888671,0.45755225,74e7db4222ca4a20811199afafa346a7
da548115b6564ca69d846f3ea8615b6e,0.45654887,e96aa0967ab94368b381354e03dc40ad
43de32fcef1548dbb9d856b138ecf429,0.45628592,7a4c413f5c844796bd5ffed2b65f0336
5cf8596279eb4fd1a30ceda96102ef99,0.4496581,80921378de2b4cd3a14d449688d8b079
2eec5eb123e343b89370139c57a3ef13,0.44611263,19c9ac7b84df472c85ed6cf5a05fbbc6
eeb6b27942084fa6a8e663ec3a3dad56,0.441124,a0fe3cd34e474c3b90662ce8ef1fcac6
56f20fa9e0904380b48d10ec3d81950e,0.43644205,ff715b4f228443e3b067c801250f3402
f09f284b59c6475baacb67116020c617,0.43101552,9ff95d23c3284d31ba5e398afa520649
bb5525dd713a4a6bac622eef1a7c83c6,0.43079084,1af4472b38cc4304841b2f1720075c9d
64c90aaee7904b2ab8098f0dfe8cd516,0.42977065,d576e334105247369362b05a375e88cd
ff2339e06523437eb464f18a90d5f80d,0.42975432,ff715b4f228443e3b067c801250f3402
d26040150be642cfa0310e083cc0d204,0.42961776,bf59502a233e4b5eaff9cfa3a992c387
3f284acc005e4f23a2bdf5b45700c4cc,0.4292404,f9fae977af2c4f35b29400f31267e170
98b5731fc463498f9da6bf4beeaadc1c,0.4213122,8a77dc665d8b4d95a0b1113522f7e9c3
66f2b56505bb4a009232e327041bcff4,0.41992146,5a26ae7959494fef99542e9b2004fd11
9abbecd3581246798ab524e018f95ab7,0.41558594,31b69f9501c4415e929b6af28c83f6a6
92048547bb5d4e79856a1c872a2e018b,0.41361672,01e805bb5a1845a7addf86fe9bc8d814
59f932ea796043fdba3c19bd87389e96,0.41313797,58f53c379f7a4868a2ba6d91a06247d2
bf4c4007f57a4055bcb4d820c06d7ca8,0.40917167,d74f6e7abeb84eedb9923dadb62f45f0
7975ca7b6008414e8bab9d135c53eb59,0.40539974,a926df6d7fcf4b17b68dae6f41fbce66
6d86d0062e7c4ab1a1c263fe7418697f,0.39840287,e336d113184c4ebdbad7aa2b6ec64640
6cfe829d301f463ba1bc66d1c8087b0c,0.39688277,e25b9d9944cb4d7197efb8ffc4ff57a1
f31d22a46dc54bd7b4dbd9366f0304d5,0.3946718,2a9658410614443d8a27ef174f61d6e8
16b6598102224ec59ae691c80c17f913,0.3835181,e9f055a212cd4e5e8601228c37713f35
de89bc23ccf04f3387bf242e269f4ea3,0.38215083,c322b788813745e0aa7b592b4345d379
d23da11a51a94f54a9acb157cbe7056b,0.3810143,27eee82d7fb94b9b8b60bd3101187496
7779e19852544c0a86ee54cbf58acb3c,0.37207818,e5692bd498004d32934fbaa05af2120d
c4e88a88103749f08d034998e76b6a35,0.37036136,a0fe3cd34e474c3b90662ce8ef1fcac6
7e29ec4675ab4e1cb521e69e6de49dfd,0.36943772,e45844e0215f4a1596a7f9ac41367c46
3e7d386674184d34bfa0757dab4b3681,0.36396927,700f381f40ce4b039ce0df8b49fb199b
803051539d144fdeb70807a70a667f4a,0.35945976,11ec23965d2941d0817082107996ebbb
3555001842e549e3b0aa8f30dcd11e0e,0.35659856,cd60a0fcac24465a880af7d8f921dd68
334dd9387233405cb0ba67a8ddd52c53,0.3562843,bab3bdc133384798b558f8fb6466a7fa
51bb2642caaa4fdfa82051cea135a8ba,0.35164216,b4150337314e40fb9e3ebb24514504a3
f6023dfadf94495fba9f43c8230ce2a3,0.35030177,a4cad92644614f78bded3ca6d6023473
5dce93cb07464f0db845af41bf878604,0.3435734,acee70abee2841c9b67b95e9ed079647
f8dc989408ab412199e89745baedbb50,0.3428712,8f285540a9394706bd6ec6cda46c5058
429c0e9f5199454590fcd1e2560a42a7,0.33447427,1af4472b38cc4304841b2f1720075c9d
2ae6d89874964a38a8d1dadc9efeded3,0.33352104,89e43b092c844b5886a93091a22c894a
500d964011eb4cd19e61ff976d9d808f,0.33313686,46ba0b979a664c7cb0c315c4cde6ac86
b9135422e0ba43e19be118d0eaae294f,0.33211333,d981f2c67f764e0c84af125b563958e9
42dc4d44bc374b80baf0a8ac2c90c250,0.3317448,1216ce1ef31e4643bb1222538c206342
be9ab7f3be354f5c90bd15df7006776d,0.32830527,02cf82700b4f4773af3a14ad8eaa5270
f5a783856a7f4d3ba8c3f2c29428c454,0.32613838,5a26ae7959494fef99542e9b2004fd11
1fa5b671cd0d4cb39567f651ef001e97,0.32521504,7cd1db4b50dd41e6b2f3dd15fcab3b89
7dba9b481a53475cb2f9bb524154fa97,0.32159248,75b0bd2240a54f6fb45bf95ca43ab5e6
0d281c2568314e5eac84aab63872e81c,0.3207232,4430d47e30904eab969c1baebca184c0
8887992f6e314e5bb22217a98a5dc1d2,0.3151841,46bfd7af0ed6491fa621350963d11e35
94c480de369e4fcab0aee54d6543f90b,0.31460035,630edd9b8f754b5dbd36cfbbd03ccb51
50d0942bfc7540f2b61af337707d303b,0.30969176,4430d47e30904eab969c1baebca184c0
55f81e8022ee42b893d99d17d99a3f32,0.30968195,0302e7dde9074dddbbbdf85e9be57901
42755c05cebb4531bf9b3f3297150fe1,0.30926186,e039a00eae414ebbb2205b011ac127cf
ddbc9d9a558041779711fd17e89ec33f,0.30831957,eaca056cec224a30aaaed30c39f644c2
146864f4715c4e438e2c3294df06d9b8,0.30449116,691acac4a54d450697afb2c2dc4fca09
780760acebdc4860bb31c7a7150c19dc,0.29444087,f5a6222612ef406b8f02aef87e08c476
50b607a9b5e540148f9155693795e5d8,0.2927959,3257035cc77946d98bdc09e2fdd5cdae
61353a38c7e14c49ad888ed8da7d282b,0.29014918,ed9b10a2879742628fce003076ef9024
c0701f4c6a8e41a8a7df573b4abbe04f,0.28356457,b4150337314e40fb9e3ebb24514504a3
bfc3042d6d684128b937f9d9878d4eaf,0.28117734,f036aaf4ab714c598a0b6da4ca604136
05695e1694384bd79b37246fbab26b35,0.27544892,965598a17b624a0f9bb1cd58595458a6
e0d2814553f94dafaa11cc4de14b94db,0.27527258,bf59502a233e4b5eaff9cfa3a992c387
722ce5c8bc4f4e07b309329bddf66d7e,0.2712056,80921378de2b4cd3a14d449688d8b079
c3a842974e16433d9488c7df87df853b,0.26396054,92229a391d0b418f87b32c86c42a292c
b90d91a297514acd88d2d9aef7a483da,0.2635785,7a2491a27f3c438a8549988f7a79e26e
a57effbc5a3a4d369b53ac72791e1b82,0.2606125,7a2491a27f3c438a8549988f7a79e26e
1cfa0ddd81a04ee1bcbf754e6c92c5d8,0.25935477,f5a6222612ef406b8f02aef87e08c476
29d39b14f72c45cebe5afd433c98dd23,0.2536619,b2be859ca8f24cda86821d5383edbc18
44ed303d7bde4629ae56239936f499ec,0.2507875,1af4472b38cc4304841b2f1720075c9d
14251437e9d7466c9909622c9fe454a4,0.247797,257aed6ca7a44f1cb5c664beb1be527b
cadfda09774f4983a79a1c20a77a7b6e,0.24362135,678725f8b914453fbc1029b7c1bc0879
73d822e81eff46d9947b9854da4db52c,0.24135979,95fbc6ed8bfd43c1a6bcf676e26e7f8a
4483d9ae441d4fe1889099eb3acf1676,0.24089198,c8c201e25c0047a2ba9d9e8541ac0939
8b5c517e199245b2b9ffe9601e9c5fd8,0.23882243,92229a391d0b418f87b32c86c42a292c
c50c1d8eb4024bf080812d01310eb133,0.23685482,c8c201e25c0047a2ba9d9e8541ac0939
3e1186b551804ac0880d688f4ad41f5d,0.23549263,17cc6768c9d14388b7455fea0060b62c
af33a412aeb947a8b8c53cfc9e78a69d,0.23398362,983940e0b12e4186a281c36de657406e
701ea34d0faf4b558956b1af3863b503,0.23318595,acee70abee2841c9b67b95e9ed079647
56fc3ec2992a4a609298efd89a7d3f59,0.23212217,e492ff7fecf046a4948c5ba5631cdefe
6730fca5ad3b4afc8715dc16caa1a2b5,0.23039517,d4cd0b56b6f54e08aec8ebfdb6122c5c
4975299790f047d9b4dfba901c33ee4b,0.22280243,bd2f91a9415049d980e453f94327e0ce
44e0859420c4441d8b2eab856c4e010a,0.22084385,f0695d7e59d64941b510a3d12f801d59
57a0a47943824bb28d5faf9fe31ee787,0.22080094,9e304a9bbc7b4c22af8025fc93757357
f66bd53c07c7410ca1da94b1c1f96480,0.21549968,a0fe3cd34e474c3b90662ce8ef1fcac6
1f2e192e12674543860d4dfb5ccbf818,0.21467683,d6fe6f8380464e21a27fd69de27f1f57
cbb7beb8042e48aa868c13a6e2ee8a6c,0.21353757,27eee82d7fb94b9b8b60bd3101187496
5d81d489a98d444a83664fe0db47fccb,0.21100965,00f45d57fd3c448d8cfdf3185ebae894
748b2df793c94a6fa92094994cbc50c7,0.21063973,89e43b092c844b5886a93091a22c894a
47471f2f4db14e01850ce3fd0e3b7aff,0.20866993,c9e2e76e631c4d0a8013d90892350e06
7919001f5a3f4b7ca384f7a6ade1783e,0.20851049,7cd1db4b50dd41e6b2f3dd15fcab3b89
2952ebe55f624860922615014214deb1,0.2071782,88dc23909eb4415aa39b96cc3a4c2926
d3b5dd91af4f4e17a5b26bd5058f3dd5,0.20605922,c26f5e7dcc8149f18f3d719bba9ae717
112c929868df4d8fa0428f2c3cf17e3d,0.20322257,ad289d5052264f9c8bd0aaf9faace92e
b2b15ac784564b17b414221232730701,0.20304415,4696c8192576454f8684954bc771aa23
f54fb64fd5a04f3ba5c065305856b3f5,0.20232685,d6fe6f8380464e21a27fd69de27f1f57
6bfef081f7a9453399f6d98d6cd01f60,0.20098555,1f8c0f02984e4139bf8043e57497fdb2
4a6e09d6abf04c768a24fc91a2f17181,0.19247967,23066f7964874fd39639dbf2cb2766df
3111ca7c585243e4aff0fad54c82a69b,0.18799566,836ec4ef8df644328ac07b7803709323
5f47f156e8204f808cef8696d1f8920a,0.18609144,5a68e05acea4434ba08e17e1fff00057
d0c34b42e0ea475cbec6f473103ce609,0.18568867,e039a00eae414ebbb2205b011ac127cf
980e4d1c5fe143498514e41d3c6501b3,0.18299317,eb513691b7a04d31ab1bc50bf343447b
21b8e136ec834f4cb7c6232d8a8ebb52,0.18133736,e7d6747e8c8b4ebcb665e232240daf17
693fab3513204d1594f6d18136b865e3,0.17470185,1fde4c9a01f84c349461083b6d0ba9ed
3cfa920b06e64cb8a5dba56671ab5d59,0.16711521,3b13d134762445cebcdbb02b484db77b
4b39ba0bb2e54f72bf6cc4c7832b3841,0.16398048,fb709e29755b44988bb252c87a2ce2f3
42b1aada557b48a0989c6a1c05378299,0.16262639,17cc6768c9d14388b7455fea0060b62c
f1ccf2ee3c3d4cddb27a2e081d844de5,0.16242905,564a84b1b830407e811bcfc7fd086a6f
b4e94218abf54b0787b1a6e1191836d3,0.16215003,e456afdf95e643dd926249fec4d68753
c0e4b6d0b4ac4f978868636d7675e345,0.16098212,e456afdf95e643dd926249fec4d68753
e938fc1d26e5456ba78f78d9f8514816,0.154727,b25fe3b79f714d38b3fc53e39fd84d36
9d12b38606754a8ca46a62c27872e893,0.15335524,4ad7e2502210436f9ca5735fdf7e50c3
6f57ca99a1e54968882b1a10aed416e5,0.15121675,6a33c207c8b648f680dbd0e65639ef04
ac2d96b937b24483be886056bc0c2b67,0.14660546,23066f7964874fd39639dbf2cb2766df
c44ae4a053bf47e5b9b2ee3ef8ae2b5b,0.1459275,ff715b4f228443e3b067c801250f3402
45e4e8abcc7d41019873e9cefcf22239,0.14314997,01690d9b08164fcabd5bf0819754f71f
78fff51240e14352b1fae67b59be4cc2,0.13646528,58f53c379f7a4868a2ba6d91a06247d2
5f5c72816fcd4fcc8f58aa66c02daac3,0.13096946,eaca056cec224a30aaaed30c39f644c2
0ef75de01cd14e0faadcf05c8a85a916,0.12412703,057164cf4aab45ebbefef3409359cfb1
6e6870a557a147a9acc900ab380040fb,0.12380102,e25b9d9944cb4d7197efb8ffc4ff57a1
42096f8107c945a1a2cb7d0c4ba65a75,0.12217956,faaac88748714ce8a99413b952a1dac8
6a057932e0f440299b46bf70039cf9d7,0.11741176,e492ff7fecf046a4948c5ba5631cdefe
a4057a1aa4e948e5abc7ddcad9479b24,0.109453514,e9f055a212cd4e5e8601228c37713f35
b7076c9ed4f545c48deaab51abdc4a6b,0.10905396,ff218cc7835d4b5ba0de22792319050a
8e57d7771c084620b4bc95981a394b34,0.10395658,4aa3556b2aed469584c573868193a07a
0623d83a061f449f86d03b34bcacd314,0.10344431,e456afdf95e643dd926249fec4d68753
7cb1eb87f58f48c88b0b1f3205d9a6e5,0.09956856,d27cfea4da8f445fb4e3c55e53c6482c
c57df4a5798042df90a71b4c979df11f,0.09895544,c8c201e25c0047a2ba9d9e8541ac0939
1d6f4b84093244e6915c8d2b03d11912,0.08737597,bade01bd83ec4b6786fd8c867ca7a090
0428fe3094fc415e8fa4599480d6b434,0.084543884,17cc6768c9d14388b7455fea0060b62c
9de5dee9dd8a425fbfb5e0c198e653be,0.08029564,e492ff7fecf046a4948c5ba5631cdefe
7f8ae3801f3441f696f05e6cdd70c2fb,0.07831323,156f393f7ca046299e09d05464afa056
1b6f4307fa4e42cda9018c5085947b48,0.064725,66b0c8a58f444ea0aec34d9403b88a49
b30b809bfd8141fb9aab99fe056092d2,0.06392725,65664fb3aad341fab563409d91dddd2d
3391f84c6c544d63a18f7c2e8431fbe4,0.06320825,bd2f91a9415049d980e453f94327e0ce
977e35ba2148438f8189a592de1705c0,0.061604843,e7d6747e8c8b4ebcb665e232240daf17
5f67168bea6646a69c49dec78942dfae,0.058698982,fd51f3eef1a64d9a93652be481bde32e
af56dd5a3d1a403c910f7ccd67f42dd5,0.05333212,23066f7964874fd39639dbf2cb2766df
3a53b02d11d74f9b84a71811f607d433,0.049583316,8f285540a9394706bd6ec6cda46c5058
4207cafc0d1f4d50b76a0fe4b67edc09,0.04732251,9ff95d23c3284d31ba5e398afa520649
b4aee6c48c214408b310c9c345695420,0.039857123,5a73e0a5c757410eb0928feed7b151c8
71c46776d0a0400f9f919d0c3e578755,0.033217587,e25b9d9944cb4d7197efb8ffc4ff57a1
373a81f37e674bf381ab2c67de8df0dc,0.031433612,19c9ac7b84df472c85ed6cf5a05fbbc6
7119bcd6ffec46a3b428819c202e431e,0.028679132,257aed6ca7a44f1cb5c664beb1be527b
01651322a4034bdba60434218dfeb79f,0.028591841,d6fe6f8380464e21a27fd69de27f1f57
e163e00abbda4bc5adec2f85871b7c88,0.01659587,5a73e0a5c757410eb0928feed7b151c8
1c4b7fec0bd14f4d832d26dd643c4045,0.016315892,92229a391d0b418f87b32c86c42a292c
d9826bec6e1c4be6a7152f89b950fee2,0.015936576,c3412c53e9ec4b6a9a1aa95cf7f0f1e4
589df17e77094a82933b4003a252ae26,0.0005632937,e02ad4f63c8444b79a7a56fb23a4e0f1
