6283b7ae96e24cb789de54f62817a522,8.594424,e25b9d9944cb4d7197efb8ffc4ff57a1
5df9b0803cc442b68e59b21fe5955092,8.524849,e25b9d9944cb4d7197efb8ffc4ff57a1
c67274e9cb5b41b18336fa05f437c470,8.336018,9ff95d23c3284d31ba5e398afa520649
bfd8d22a1f9a42a28b2a78c5e4323725,7.853749,f615619defc4402b82845090c238e597
78fff51240e14352b1fae67b59be4cc2,7.85011,58f53c379f7a4868a2ba6d91a06247d2
ffe5e5fc7adf437bba769a5d9fff5c27,7.8097873,19c9ac7b84df472c85ed6cf5a05fbbc6
9280a530ada64a8f829e0ec528712cbe,7.80247,65664fb3aad341fab563409d91dddd2d
2e9806470e994a85904d3521b5fddaa6,7.54189,5a26ae7959494fef99542e9b2004fd11
a3641dd6dafd40d5b8f8077b9dc3e850,7.4976754,99142f1c07cd4782814f8c970eaaa40a
559208bd6fe2488081a623b7a9d92f31,7.224482,77ac5eb4b3054ca68e2b0dcbd5473fd1
e8731d4569304e1aae79558458ad6797,6.7555976,01690d9b08164fcabd5bf0819754f71f
600602c8b38d4fe293a8b89ca3c4b7a6,6.7383056,d0a840820172465f83c8480d571e7b71
f856e536fb204df3b9d9dcffebf3085f,6.7032876,88dc23909eb4415aa39b96cc3a4c2926
37f240104b2040c4a8bedd933b90684e,6.658016,d4cd0b56b6f54e08aec8ebfdb6122c5c
fa3faa7dd3774c2681f4c5b7527b1e78,6.6504173,965598a17b624a0f9bb1cd58595458a6
baa0f8290544453cb52c2a41cc0eee30,6.4396296,d79afb377f5349a69830b2b4c7cfefcb
e707e5790c554edeb5ab0f070fb36720,6.430094,7c1e02f3ab614e539ac901e5cd3c92d8
d0f798b90ad04da3a8a192e16d0b1743,6.407561,b2be859ca8f24cda86821d5383edbc18
faed47ec537c4a70b2396638df56d71d,6.228254,17cc6768c9d14388b7455fea0060b62c
9c5692d8cfcc49f5ae1d1eb4577cee70,6.1491184,acee70abee2841c9b67b95e9ed079647
865e99466009410e82a3a9daa7d34d29,6.1451535,dc58564d0c8540bea4f3e2e3696deae8
27074d8daee940d0ad71d8c9e50c854d,6.1342697,d74f6e7abeb84eedb9923dadb62f45f0
206c38136fda4bdb97f8087fab551d1a,5.9653864,e27d9425c912446e947fe53c4a757375
2ae3d79e1c8641a9892ed31117156c0e,5.9632106,bd2f91a9415049d980e453f94327e0ce
ab90f505d58d4d94afa71bd0811469b1,5.958,80948e17b5694599919e1502bfcc08f3
803051539d144fdeb70807a70a667f4a,5.937171,11ec23965d2941d0817082107996ebbb
8b1eb206468046df8b8c19637b250996,5.903095,89e43b092c844b5886a93091a22c894a
2ef6a38c8e514fb1b98b9cac832fdd14,5.8599567,8aadcf7251724cc6858dc0db44abebe3
3127238ca74643c3bd2e042605dc5e25,5.768714,983940e0b12e4186a281c36de657406e
f66bd53c07c7410ca1da94b1c1f96480,5.7219477,a0fe3cd34e474c3b90662ce8ef1fcac6
739e45c484874024a94fec4cf8b13fba,5.6546655,c9628610053945f4a7998ae48cd70da3
06cec2d499d345bc9c033032d765acb3,5.555352,779d7c2bad1940c8a861451964e1ce01
3391f84c6c544d63a18f7c2e8431fbe4,5.5295067,bd2f91a9415049d980e453f94327e0ce
eeb6b27942084fa6a8e663ec3a3dad56,5.462167,a0fe3cd34e474c3b90662ce8ef1fcac6
1f4dd46f7d93406e9b1fd33e5a2a4158,5.4544554,a1d8cb16dafd4126922f985021e93631
6fe5e86e29684922a7b66985a0abbe4d,5.413235,c8b9a0ac7c214a449c434aabdf6ef770
a5acc7bcf83741208d3d3d0cc9696fcb,5.368284,b7ef0a61de0e4adf9688b2c525c9ad09
64e6b4c018f14601949aa629c1de4014,5.3300314,779d7c2bad1940c8a861451964e1ce01
12b45c8ab28a4361a016608db99cc91a,5.3273296,01e805bb5a1845a7addf86fe9bc8d814
2937b0fa761c4d3294bf68f522d9ab25,5.327265,74e7db4222ca4a20811199afafa346a7
4b39ba0bb2e54f72bf6cc4c7832b3841,5.271448,fb709e29755b44988bb252c87a2ce2f3
29d39b14f72c45cebe5afd433c98dd23,5.250292,b2be859ca8f24cda86821d5383edbc18
69705e3d3da0436881b25f42d2a6f102,5.2374167,4d708e5878784386a42c2f436d2d60f0
c294e4564fbd465e948be4cb38ab0f2d,5.221044,d42996c2b67443fd9b73bba7641d4f77
b0428ae75a7d474bbf2e2f440fab50e9,5.1592383,e492ff7fecf046a4948c5ba5631cdefe
31d3239dbec34e65a0e239ffec9138ea,5.1252885,257aed6ca7a44f1cb5c664beb1be527b
7eab4332b2af45cd8ba6c4050d814b39,5.120654,ad289d5052264f9c8bd0aaf9faace92e
17d4b37e6cf045b691ff88ff7ec2d5fa,5.0572205,85e7ea30890b456084b8e85c299c8649
fccd86bf84054e46a65b37bb8808da7c,5.0545273,e492ff7fecf046a4948c5ba5631cdefe
7510f4f5df754961a921d50523718ff7,5.0473886,1af4472b38cc4304841b2f1720075c9d
9c541c2079a0420298c16b25b87beee7,4.9964113,d42996c2b67443fd9b73bba7641d4f77
984975b63ccd4be48b7aa852bed6fc65,4.9909477,c26f5e7dcc8149f18f3d719bba9ae717
b6564d12e54b4e09a41d57e66159df56,4.9828286,a6a551a308b9442f947ea0608ae2c3fb
9f4712695bb64f01a331632d4e83e318,4.979663,cb85047b65f8468aa02744c28c075dbd
47605d3a13c9403597c879e6825e3f45,4.958641,77a8b27acb0e4600bb6ff974eabc269c
b260e27f99814dfc9434f7e4b50702ac,4.901747,057164cf4aab45ebbefef3409359cfb1
6cfe829d301f463ba1bc66d1c8087b0c,4.897006,e25b9d9944cb4d7197efb8ffc4ff57a1
9d11c4d6d3fd48a6886629be4969f055,4.8726687,a0fe3cd34e474c3b90662ce8ef1fcac6
3d62fd7345e249eca395731c94b53eba,4.8187075,d42996c2b67443fd9b73bba7641d4f77
4975299790f047d9b4dfba901c33ee4b,4.79114,bd2f91a9415049d980e453f94327e0ce
fed199237941466bbcb3b0333580ee3f,4.7836523,77ac5eb4b3054ca68e2b0dcbd5473fd1
64ecc00623a647a7854cf8236452c556,4.7797437,e039a00eae414ebbb2205b011ac127cf
57dfde028e58407980d373eb21be8e36,4.7796135,965598a17b624a0f9bb1cd58595458a6
f23847f4eab34d3ba19bf1dccbc32306,4.718424,66b0c8a58f444ea0aec34d9403b88a49
6ad7781d238a4ed28cba7dda16397459,4.706734,1c97c72e076f40fcadb22b17e71beed1
42058ac0b3ff4d34b26f6d53d69b27be,4.704657,9b22c5cdbff44bdabd48dba008e6a3b2
7e7b0eca4a964ddbba6f2fe892340895,4.688381,c9628610053945f4a7998ae48cd70da3
8159d92e267d438e9012e936aa5fb15d,4.684618,95fbc6ed8bfd43c1a6bcf676e26e7f8a
d51b249d11a44ae699cd4e2854b00d4a,4.63311,4a4eb12a639346b5a00557d54b51fe51
1d2a027561834f03b680a90079cc8e25,4.62986,4696c8192576454f8684954bc771aa23
c9d40d7967754291b6d16c34879f008c,4.601344,73e7e41e8db447c09cb2363d76556c64
06b4425d4dcb4aaaafb52063bd3af473,4.5906997,a6a551a308b9442f947ea0608ae2c3fb
70d4373544a8407086d520841c1eb504,4.5699635,7c1e02f3ab614e539ac901e5cd3c92d8
3e8ebff2d8524f5aa87e3d2117dcb463,4.5639453,e7d6747e8c8b4ebcb665e232240daf17
a5b36f9c26ec44639e19ecba64ad7063,4.534252,8a77dc665d8b4d95a0b1113522f7e9c3
246cbab9fb49461fab4520132d4fa1af,4.521496,a585d23fe43f459ba86ac15645af77ff
567cb2c4e6b4417c89be6420cffff826,4.48667,4aa3556b2aed469584c573868193a07a
650d5c180a444d6f9e8b7d0e2bac56f2,4.482109,9e304a9bbc7b4c22af8025fc93757357
6f5aba39f47a4d7b87f4b50122d8b660,4.4810357,7a4c413f5c844796bd5ffed2b65f0336
50b607a9b5e540148f9155693795e5d8,4.4583573,3257035cc77946d98bdc09e2fdd5cdae
1d6f4b84093244e6915c8d2b03d11912,4.435726,bade01bd83ec4b6786fd8c867ca7a090
7986e60543204582ac542d56eef7cda9,4.411248,9303b9f7f4984b2dac8aeba8c8da8ef6
4aa10500630647f891ae1bf725a8f169,4.3879795,700f381f40ce4b039ce0df8b49fb199b
b89cf65d34284353a3c517db67021cc0,4.3833237,691acac4a54d450697afb2c2dc4fca09
68ea9efe09ec467b955f3960508e08de,4.326351,23066f7964874fd39639dbf2cb2766df
25dc04ff2b704b6f9229ad7cb91efc99,4.3098106,2425086d8eaf44d2a9519f0e4e6b289a
5c24677a92364f97aada250f8acd8f3e,4.292365,c8b9a0ac7c214a449c434aabdf6ef770
1dfeecb0d6cc4fd68f8fe7bddc5573f7,4.283429,a926df6d7fcf4b17b68dae6f41fbce66
8e5a5214d8844be09dabddd5a39036e3,4.2729044,ec281224f8ee419ebde676f291672aea
f33800b2fc5d43febcbee5156e729a2c,4.266098,ff218cc7835d4b5ba0de22792319050a
d3d566cecb79472ab65c2a57bc6d7b6f,4.2618403,7ce06191f1114b4c8a00609f6867761f
c0e006372bab471897981e28cf25f546,4.260054,d4cd0b56b6f54e08aec8ebfdb6122c5c
99a4beb62cd744e5842541fd8cc9f61d,4.2449083,678725f8b914453fbc1029b7c1bc0879
7dc9553f77c842f1848c9fe066681b67,4.2359314,bf59502a233e4b5eaff9cfa3a992c387
00bdb7919575484197d63d6dfc45bf9c,4.2212987,66b0c8a58f444ea0aec34d9403b88a49
8b5c517e199245b2b9ffe9601e9c5fd8,4.216709,92229a391d0b418f87b32c86c42a292c
c853cbd19ac0421eac6817429b6f8804,4.2109423,526ab7eda50e4a239d03ad505832d61d
4866602fe3094c6789fdc1956c616d93,4.2098494,b25fe3b79f714d38b3fc53e39fd84d36
cbd8f182af0646f2a5d514de46872f05,4.203897,a25b08e008114c9ca0266ce3e55d82bb
13260f69234944ae8feb384dae6510ab,4.174324,eaca056cec224a30aaaed30c39f644c2
e3168a661d6e43b39980289c06b51f8b,4.1625648,aa2d7a3a535243189492d4ce8e79c049
856daadbd4c24836a85731844393b1f4,4.1585107,9e304a9bbc7b4c22af8025fc93757357
7d741d7645a848d086367003b1d9a767,4.148947,d27cfea4da8f445fb4e3c55e53c6482c
af93b48dee3a4f0a924c31d87144d7fc,4.132681,b7ef0a61de0e4adf9688b2c525c9ad09
1e9c95ee032147a2aa469f8482bf5f9c,4.1271095,678725f8b914453fbc1029b7c1bc0879
5f67168bea6646a69c49dec78942dfae,4.1232142,fd51f3eef1a64d9a93652be481bde32e
42c545ddf97e457a8ae47f8f1229bec7,4.1147776,80921378de2b4cd3a14d449688d8b079
5dd11b299b1e4c9fa5e4d0683b4d02ad,4.108805,cd56b9a044c24df8a7156f661cb3d9cf
8ece6e92c7c541a2b5f597b12b7e0f92,4.10381,82b01998353e4141a7613fdc96d7b600
c60349b6f8454e529aa85264c412eb2c,4.1027226,77ac5eb4b3054ca68e2b0dcbd5473fd1
e90176ac18954403abf1a65c40838e23,4.0915127,bf59502a233e4b5eaff9cfa3a992c387
86f3189426a749d5aa5851a9514f7a36,4.0898066,ff715b4f228443e3b067c801250f3402
3741fd305b324ab4a29b14442af8f8ab,4.0747795,d576e334105247369362b05a375e88cd
6ba13a7346044bfba1b6245853af401d,4.0745416,d9fbe02f04a4469dac855f69ea6ad02a
f854f94037cd4d678dad33c5ee4d0dae,4.0546207,5a68e05acea4434ba08e17e1fff00057
a0720ed891c94750a6be596258ee3d43,4.0144124,678725f8b914453fbc1029b7c1bc0879
ea60559c1a414dafbe5652b8b1ef5ffa,4.0114384,e02ad4f63c8444b79a7a56fb23a4e0f1
5a3e95d6f7e84750a9b090dbfef91f61,4.0077972,bd2f91a9415049d980e453f94327e0ce
a90f7233ac774c298df91a6eeab11626,3.9854429,d42996c2b67443fd9b73bba7641d4f77
d783d92ce7464edd930cf3e6a5a3ec9e,3.983274,5a26ae7959494fef99542e9b2004fd11
08ce7eedbe124ee79566c776303ee9e5,3.9754887,c26f5e7dcc8149f18f3d719bba9ae717
7149705cc0f243f3877d976946fcba4e,3.9696486,cd60a0fcac24465a880af7d8f921dd68
63cf218e957a465696c4482a9d4b226b,3.9649334,aa2d7a3a535243189492d4ce8e79c049
ddfb9bf3e876482b994c7955230bcda9,3.962453,5a8cc5ff28fb4359afc7e9fcbf3bce55
bc3dcde96af9406186e1b5eb3b8af798,3.9619298,4696c8192576454f8684954bc771aa23
266024fef71d4c25a73f93db3af86fa7,3.9502006,46bfd7af0ed6491fa621350963d11e35
b615eb75fd0545b397a63d7c6a86c4eb,3.941435,ad2109663af04c549385cd2ab9b3283b
b344c4448c13473197e3c11682c4096e,3.9314265,3257035cc77946d98bdc09e2fdd5cdae
63d32d729061451cbc920b4066c15339,3.9299202,6c74bedaa406493a99988c5b8a47b704
0ff74b4b29e044ffb307f3598dbbd1b7,3.9268336,e52a528036014db0a7bd54b99a310fe8
7b77d3c7e5fe4d2abc10ed7f00ad4e1f,3.9131882,ec281224f8ee419ebde676f291672aea
fe866322e3f94718be3a75be3975a37a,3.9102376,9b22c5cdbff44bdabd48dba008e6a3b2
1d2cd0bb5b1c471ca10d1eea0ef9b729,3.9099317,c26f5e7dcc8149f18f3d719bba9ae717
4aeb82ff294e4be9be97a1aee9698fef,3.8947792,e456afdf95e643dd926249fec4d68753
01651322a4034bdba60434218dfeb79f,3.8584409,d6fe6f8380464e21a27fd69de27f1f57
abc9ab04fed74e638625e3e6f26de13d,3.8574936,a0fe3cd34e474c3b90662ce8ef1fcac6
0499bd7b39be4304b273f17a516f2eaa,3.8566322,80921378de2b4cd3a14d449688d8b079
8756c0e4eee54ca69baec75ff9c6f44c,3.8513112,17cc6768c9d14388b7455fea0060b62c
fae3e9acdc1c4860bb50119b70effcf1,3.834566,ecdae9f36c6a437ea72739febbf1c89c
32b7043aedf94f65af81490dfccc8b7a,3.8341384,7ac9c94011924c09b47f9640211885a2
b9500ef3747d4220b748183372d8c2cf,3.8230639,f9fae977af2c4f35b29400f31267e170
bb5b0894b81e4a8daf1feb3b422e35a8,3.8171628,eb513691b7a04d31ab1bc50bf343447b
9d12b38606754a8ca46a62c27872e893,3.8165557,4ad7e2502210436f9ca5735fdf7e50c3
360cbc8189604ca7bed1d03379488753,3.801376,eaca056cec224a30aaaed30c39f644c2
c7d1e88369c14b5bbfe40bbbe31311ae,3.7948782,cd60a0fcac24465a880af7d8f921dd68
373a81f37e674bf381ab2c67de8df0dc,3.7900147,19c9ac7b84df472c85ed6cf5a05fbbc6
f68b3be7e23c4f86addba549e41b9077,3.7871387,9b22c5cdbff44bdabd48dba008e6a3b2
4207cafc0d1f4d50b76a0fe4b67edc09,3.782525,9ff95d23c3284d31ba5e398afa520649
fa644cc0807d4d278be005d3e2f849b3,3.774594,5a26ae7959494fef99542e9b2004fd11
064ec184b18e48e18255745eb01a80f5,3.7598038,640f3bd184b7425fb22cc7773b8b2244
1cab9ba05da64cb6a34b521f9b039303,3.75689,1d47a696eae94bd29f215a4787b27d8a
deaec801f6344b9d9ffe289794354038,3.7495298,acee70abee2841c9b67b95e9ed079647
f825d91f98ed4b9fbffdd2f5bcea698a,3.7248194,d79afb377f5349a69830b2b4c7cfefcb
7e808bd74e2447d79f7d266c88de6410,3.6850758,95fbc6ed8bfd43c1a6bcf676e26e7f8a
fa350c4d307c4225b43fde340c1e9c40,3.6601608,acee70abee2841c9b67b95e9ed079647
669388a30d174fa48b59092d2b8770cc,3.658918,a25b08e008114c9ca0266ce3e55d82bb
d0c34b42e0ea475cbec6f473103ce609,3.6544278,e039a00eae414ebbb2205b011ac127cf
a18a19c2ef80495ea076e2ecc882c7e7,3.6525514,80948e17b5694599919e1502bfcc08f3
b513c98d376b4102a9119d959aa7ebfd,3.6430578,d6fe6f8380464e21a27fd69de27f1f57
b7e671bfae63423bab3fb47c46a0b0b9,3.6429753,8a77dc665d8b4d95a0b1113522f7e9c3
6abbc2ba6e8241f5b7132c7bb338f92e,3.6423135,37337ebec05640b890e4b9612776c32b
ede38dce85584305a3733d42a3d38246,3.6315343,19c9ac7b84df472c85ed6cf5a05fbbc6
4a79ee95c2f94e6fb182632a2357e449,3.627882,a0fe3cd34e474c3b90662ce8ef1fcac6
8868c5482f844182914477066c6e3287,3.610818,b7ef0a61de0e4adf9688b2c525c9ad09
a7065654ab41446abde84554b4442a5b,3.6090648,7cd1db4b50dd41e6b2f3dd15fcab3b89
484bed1b612b48f3a0b37b91bf626f39,3.6004305,057164cf4aab45ebbefef3409359cfb1
d6db57dd12dd48adae78eb66e24cd991,3.599814,cb85047b65f8468aa02744c28c075dbd
b26293f2e7f54384a164fb685236aa8f,3.5996857,58f53c379f7a4868a2ba6d91a06247d2
a4e40c85d10248bd9a34d6c44e22b010,3.5884547,c9628610053945f4a7998ae48cd70da3
1d79bd154afd47138f529dd6f1d52902,3.5830839,c8b9a0ac7c214a449c434aabdf6ef770
960fbf15535f437db3b7e4614367c633,3.5758197,e96aa0967ab94368b381354e03dc40ad
3f44a924107f4ecabdb619dac62a5931,3.5737047,5a68e05acea4434ba08e17e1fff00057
f560f83f452a48fc84973544fe676991,3.569653,257aed6ca7a44f1cb5c664beb1be527b
c8d0d1f2df5c4b2a8eecdd2acc610a85,3.567478,e25b9d9944cb4d7197efb8ffc4ff57a1
4c8ffe2f47284e42af52b98aeea87fb4,3.5665236,89e43b092c844b5886a93091a22c894a
6f19ee43f25e4a01adfde430ceb68864,3.5492818,9303b9f7f4984b2dac8aeba8c8da8ef6
9d2b582dd0f84326a537a91a57caab4c,3.5479999,d79afb377f5349a69830b2b4c7cfefcb
c873b341cab549d6be3c38ca79441d7f,3.539791,b25fe3b79f714d38b3fc53e39fd84d36
f46543478e9f4f0bbb721b47a528562f,3.5391448,f036aaf4ab714c598a0b6da4ca604136
34a4ab8c365d469e9f634993d0a5b61a,3.5222316,fcc9863b07fc4bd5a01fab5b9160eafb
8522edbe627049f0b00eabbb776399d3,3.5057042,aa2d7a3a535243189492d4ce8e79c049
6fa96236f4904758aed745bb8a495f66,3.5037,e9f055a212cd4e5e8601228c37713f35
e263f6646da54395823572d53a7be6e9,3.5003753,58db4c3a26c84fa68d81235d078208bc
503e869546cf415ab60324f38dc8f73f,3.4981556,eaca056cec224a30aaaed30c39f644c2
4d2df900c0ef4261878a1ee108ac520d,3.4920402,ec281224f8ee419ebde676f291672aea
c7ddfc6b54294c34a4722f8eaa9b55b7,3.4898129,156f393f7ca046299e09d05464afa056
8d0f508b17b140db934bc95a70c06411,3.4783797,78b600dd53854b018f87267d268b7b1a
63c3f37ef5c1455db7914313f0e0be1c,3.460499,64fa5ce839ef406b9bc8a1b2f05094c7
28cae44de1fa4e56a10eb13b57a78668,3.4493408,c0cb721b56f240dabf7f464e453ef72e
c36813b8ca3e42de94bfb013ddb507ed,3.43659,1543a2f94aa74008914301874d98f0f5
7727fce048c74dfba9b871f0a6bb4504,3.435958,e27d9425c912446e947fe53c4a757375
96a715a174b74274ad9ad1ca752169f8,3.4307363,6c8a24653ef04f559b88e0f27c0df63a
52f16fa757624404b9d43dfe2885697b,3.429949,09fc9f38fbbb4bfaa1c979ac9cc43f0b
67807253c7c94312952c818472d4888b,3.4169023,6c8a24653ef04f559b88e0f27c0df63a
f6a57bd21bcc4009bdd07b1d8b86afa6,3.41576,630edd9b8f754b5dbd36cfbbd03ccb51
09234512603c4025b0b0b863e285fb5e,3.4109282,21b1ded02d7b42618592187e287835a3
b894792524d841b3b24c566aa9c41b8d,3.407209,cd56b9a044c24df8a7156f661cb3d9cf
21b8e136ec834f4cb7c6232d8a8ebb52,3.3975246,e7d6747e8c8b4ebcb665e232240daf17
b48f5f444c3140b38a8e756e57fd042c,3.3963351,9b22c5cdbff44bdabd48dba008e6a3b2
f2210503df2e4ed297faefd9a1152e2c,3.3904715,8f761e1117754656ac86a3a25f241cd7
899b54b766454749af73a7b5ba6ddfc9,3.3821728,eaca056cec224a30aaaed30c39f644c2
83d43c7c640c4996a271c9ec70bd0746,3.3761196,0302e7dde9074dddbbbdf85e9be57901
b9135422e0ba43e19be118d0eaae294f,3.3671517,d981f2c67f764e0c84af125b563958e9
6de8d8e544ee4bc3b84a9aa3f56f4d30,3.3628113,64fa5ce839ef406b9bc8a1b2f05094c7
0ff31fb63a044ecba52ee62968e78be6,3.3606791,65664fb3aad341fab563409d91dddd2d
faafc7c371d240a29c764c0074231e6a,3.352497,779d7c2bad1940c8a861451964e1ce01
2c379dfb72da44e9988beb15638fc7db,3.3501859,6a33c207c8b648f680dbd0e65639ef04
77303cd1aba44c3abccb823ad3006b47,3.328891,903360099fb644b6b88c6edac88eecb2
0aabe8051b1e48dc8df2680281f96731,3.326074,89e43b092c844b5886a93091a22c894a
3e85ec80c479459598052f2abc51cc73,3.308371,c9e2e76e631c4d0a8013d90892350e06
6e4efb567c284833b93c09713f4af1df,3.306623,0472051dc57d43f8b9dd08df475fc4a3
7c79c3280c0f45a693fefbeb30bb648d,3.302968,3be388c9ab614bceb086c19f70df23c2
82a059da201341cea6290c541e65ce5d,3.302966,75b0bd2240a54f6fb45bf95ca43ab5e6
1e5b95e7ca1a462588131ff25c545f32,3.30154,80921378de2b4cd3a14d449688d8b079
f41620f1a5c84928b422bcd3fb97c109,3.2977734,09fc9f38fbbb4bfaa1c979ac9cc43f0b
c6754ce8bf4346258c03509140eece37,3.2897933,65664fb3aad341fab563409d91dddd2d
1742e7fa8f8a48728fe37d75ce11b9c4,3.2868557,1d47a696eae94bd29f215a4787b27d8a
7f50b6b5321c44e191bc82be785455b3,3.2739816,7ce06191f1114b4c8a00609f6867761f
174e16d27164468ea679a619b853b1a6,3.269451,e96aa0967ab94368b381354e03dc40ad
f9a7d6299ae54cb8bc2e6ba1b878f8cf,3.2638438,e27d9425c912446e947fe53c4a757375
dcaf50ce32524dee92c4fe00de88a3ab,3.2601414,a585d23fe43f459ba86ac15645af77ff
5f5d6306678c4a0cbeb65f8580c9cdbb,3.2584193,89597084b19c4902b073a2c6c6622456
f8e19b9e878142969c95441f15b0da57,3.2523458,89e43b092c844b5886a93091a22c894a
c8cf5bb63c7849c79141e48f0b609996,3.2520523,85e7ea30890b456084b8e85c299c8649
7d4bb63bd91a4617a40be8165b7fc9a6,3.2500486,7ac9c94011924c09b47f9640211885a2
9c299c4c6746403990eba7f18b97be71,3.249128,9303b9f7f4984b2dac8aeba8c8da8ef6
0ca1af4b4360463da2290c0231e7c2bc,3.2382452,acee70abee2841c9b67b95e9ed079647
38d3a8b3543b4548ab16eca74b1ed293,3.2347293,46bfd7af0ed6491fa621350963d11e35
8278ffeb4f7e4854a015f434887473a4,3.2260022,700f381f40ce4b039ce0df8b49fb199b
ec1ea84e09b54849a539177f929c65cd,3.21657,1216ce1ef31e4643bb1222538c206342
5a37cdd19ab741ca8f65dbc2e207ac65,3.2096648,650afb6a1d054e59904a1b796552eb04
d335f8b8c90c47229c445bda59c63cab,3.1710086,d981f2c67f764e0c84af125b563958e9
4d8700f8f8b3476899b9e140d2b572ea,3.1670222,e492ff7fecf046a4948c5ba5631cdefe
9126864790e8431db0440435469417cd,3.1584456,7ac9c94011924c09b47f9640211885a2
6237fc7134d449b9bc4158d9a707cca1,3.1565306,e9f055a212cd4e5e8601228c37713f35
6728135560274c459d26043145918a59,3.1510046,ed9b10a2879742628fce003076ef9024
9d91a50f84cd42d999f13adae10c4a0c,3.1478448,bab3bdc133384798b558f8fb6466a7fa
551ec133b10e448a939d6f857cf1dc17,3.1416287,0ebc441d25664c91adad96b570270f07
6cc7c613b8ca402b81fb2976f7a8d07e,3.1414773,e7d6747e8c8b4ebcb665e232240daf17
091380ee73214c408bde7f510f136c4f,3.138949,c8c201e25c0047a2ba9d9e8541ac0939
7243a107cca54629976980cef4591fb0,3.1361947,1b4e143cfc1648a5b877d7445446366a
9267609a976547b19a2cc08683835f4e,3.1292558,257aed6ca7a44f1cb5c664beb1be527b
5ccfffd900a1434dae33727030983cc8,3.125947,75b0bd2240a54f6fb45bf95ca43ab5e6
08fe7d5213ea41ebafdb17d60eb36a97,3.100177,c9e2e76e631c4d0a8013d90892350e06
3b038bed6122476bba5c73f7188efdcb,3.094353,1d47a696eae94bd29f215a4787b27d8a
9c4b40908472420e923be2dce2979c0e,3.0936,01e805bb5a1845a7addf86fe9bc8d814
ae806a1c4d304ce388ffbf648f241d20,3.0896223,a585d23fe43f459ba86ac15645af77ff
c492188137ee4adab179d07e9473fc40,3.0844312,eaca056cec224a30aaaed30c39f644c2
1d9521ba2b624c7aab43f311872c1d09,3.0756993,983940e0b12e4186a281c36de657406e
e064b22a3b0a424498be0599ec51b26d,3.0704513,1b4e143cfc1648a5b877d7445446366a
56db49f870bb49eaac223bc725d79f26,3.067267,17cc6768c9d14388b7455fea0060b62c
9dd0c24c21ab4b5586c29d90237b3840,3.0558858,3b13d134762445cebcdbb02b484db77b
1bcadb1e071c4e6d82323f31e960901e,3.0417013,836ec4ef8df644328ac07b7803709323
dbb7cd57e11848d399a156605f0f11c4,3.026742,17cc6768c9d14388b7455fea0060b62c
01175ef138e24ed7b74c8c8ec2ad8abf,3.0182686,fb709e29755b44988bb252c87a2ce2f3
6b5d194c37f14e5d89385ae747199cc1,3.0075142,700f381f40ce4b039ce0df8b49fb199b
4838bbbf3ac543ebb0bef130f0f28d48,2.9956431,d6fe6f8380464e21a27fd69de27f1f57
96427260d7a740dc8e8abb4b879ac84d,2.988173,4d708e5878784386a42c2f436d2d60f0
850ffbbf78224a1b910a45c2ad3ab6cd,2.9719505,19c9ac7b84df472c85ed6cf5a05fbbc6
bd9ad9e73d3d47e6bc36d0072d5d99bf,2.9649074,3be388c9ab614bceb086c19f70df23c2
b615a0420b8b49d8a7153658ccbdd788,2.9617186,aa2d7a3a535243189492d4ce8e79c049
9ed80bde74cc4e15aaa675186748bdbb,2.9566987,58db4c3a26c84fa68d81235d078208bc
af70750bd219415e93fc6c35e802091d,2.9461975,903360099fb644b6b88c6edac88eecb2
9f3b0cd053d04311acf31077db03f489,2.9214964,cb85047b65f8468aa02744c28c075dbd
db9abde406b849d59dadd9330fa873dd,2.9111876,d0a840820172465f83c8480d571e7b71
da809b1c982e47e48ea951dff1120841,2.9103007,369fe18b94f54c98b554fd22b4a3b50b
eb012357f09945268a134e8461cb8cd2,2.9085727,d74f6e7abeb84eedb9923dadb62f45f0
2c5c1b245a194f81a943ef372c580853,2.9078286,01690d9b08164fcabd5bf0819754f71f
ddb77e0838c941d9acdd2f02496195e2,2.886644,e9f055a212cd4e5e8601228c37713f35
34bd7137776446a3b70fb89720492e73,2.8850067,58f53c379f7a4868a2ba6d91a06247d2
34bf626d6a87427281f80c0938fe0278,2.880996,7ce06191f1114b4c8a00609f6867761f
1f487d592adc46f1ba935a923c34a9c6,2.8618922,7a4c413f5c844796bd5ffed2b65f0336
f7b6d1525412435fbc5af750fb1d4dfb,2.8325996,1cbfb22f84454b1fb821b602e3ad11f8
e30792faab17454587f51314a00ae69b,2.8227417,d74f6e7abeb84eedb9923dadb62f45f0
3dd7bbe2cb1845608dc71b36bc82667a,2.8076646,dc58564d0c8540bea4f3e2e3696deae8
589df17e77094a82933b4003a252ae26,2.8052826,e02ad4f63c8444b79a7a56fb23a4e0f1
8564aa88c0c6416890eb773a1c47d701,2.804424,8a77dc665d8b4d95a0b1113522f7e9c3
00bc1d895118471ea04c2ee6a3ef3f22,2.7985945,156f393f7ca046299e09d05464afa056
b5db665a6be74d6d917e217bae5f59b7,2.7962098,21b1ded02d7b42618592187e287835a3
e42fa7d6b7134c18be1ea6c41a504057,2.792922,650afb6a1d054e59904a1b796552eb04
8aaa8f372a5346a59b85061f27d9ffc9,2.7927334,b4150337314e40fb9e3ebb24514504a3
57a0a47943824bb28d5faf9fe31ee787,2.792213,9e304a9bbc7b4c22af8025fc93757357
af733079cdf649cd95e030d070b603da,2.7895403,903360099fb644b6b88c6edac88eecb2
cde999f7973048f5bdccda367d1eef4c,2.788954,37337ebec05640b890e4b9612776c32b
e3fce4db03644ebaa6d2618e06092fe7,2.7659092,1cbfb22f84454b1fb821b602e3ad11f8
4185600f230d4b21b2e32c2d85caa90f,2.7573638,75b0bd2240a54f6fb45bf95ca43ab5e6
9de5dee9dd8a425fbfb5e0c198e653be,2.7535346,e492ff7fecf046a4948c5ba5631cdefe
32b499158c154bc2991b5799962d9b5a,2.7474825,2425086d8eaf44d2a9519f0e4e6b289a
7bd320ff5d6f4bfc906470499b8ae3b6,2.7440665,80921378de2b4cd3a14d449688d8b079
5ea4394d43e44b219a8390a0b54d2982,2.7338214,46ba0b979a664c7cb0c315c4cde6ac86
d49f6a76fe334b5ebf72758df0f42d07,2.7275066,c26f5e7dcc8149f18f3d719bba9ae717
671397532db64b2a86a8e790655fde58,2.724599,80948e17b5694599919e1502bfcc08f3
a57effbc5a3a4d369b53ac72791e1b82,2.722806,7a2491a27f3c438a8549988f7a79e26e
b19ea3eefb454edd861821b7164f50e0,2.7202954,ad2b6fb945714e6792c17bd49a1066e0
6555bb324c1c434ba6f2beb761ab8f1f,2.7116487,80921378de2b4cd3a14d449688d8b079
dcd4e8a77e0c47f4bfeaedc8b8dfc397,2.70417,bade01bd83ec4b6786fd8c867ca7a090
d2a4c950a6244d788c3d60d371b154f6,2.691138,fd51f3eef1a64d9a93652be481bde32e
cc8f496b43d143478be84fd74f0dfc07,2.690184,7ac9c94011924c09b47f9640211885a2
335322101aa0491c89fbabfb87c21ad8,2.6785731,9ff95d23c3284d31ba5e398afa520649
e8dea0d3ff7b4340b7e4863d401e1a4c,2.6704943,95fbc6ed8bfd43c1a6bcf676e26e7f8a
00aac7746e164d80a6a257d31925297c,2.6579452,1b4e143cfc1648a5b877d7445446366a
6fb6a2666474414e950f94d5b467b229,2.6529539,bab3bdc133384798b558f8fb6466a7fa
a5d7fc13c59d4aef8d24e5d15dfc363d,2.6505272,4d708e5878784386a42c2f436d2d60f0
4762d831f5884e25bb3eb6e73fd283fe,2.6471074,d79afb377f5349a69830b2b4c7cfefcb
0f8a4be0f3094bce84e582a214feabb7,2.6456816,aa2d7a3a535243189492d4ce8e79c049
08b353e1649c42d6b37c9f7179dabf6e,2.6387966,d27cfea4da8f445fb4e3c55e53c6482c
4c35694f60f94daa9e2cb35e66d8031f,2.6287408,f11f1682b5924181b047d757d3e20964
4d211e99c4d0455980e9ab87c212c2d5,2.6242237,2a9658410614443d8a27ef174f61d6e8
19e32ddf92c24f32a65a82f858c5c148,2.6081257,0ebc441d25664c91adad96b570270f07
315bc88bb0aa4c8d8eb55bb22f811730,2.6047153,0302e7dde9074dddbbbdf85e9be57901
d8abdab9cd7145c19d33fe76e47d0c1e,2.6040387,31b69f9501c4415e929b6af28c83f6a6
425fbf4deffd4fa183bfa210c296d087,2.5973444,d42996c2b67443fd9b73bba7641d4f77
c8bddc0d410d4f759537fd2e4bff533f,2.5947857,1af4472b38cc4304841b2f1720075c9d
b38ef262d489438c979703e3e503f1b7,2.5912323,b050e9e1ef5946c297a34dda98d8f476
d404db290f094f2f9dc6ffe54216308f,2.5865307,564a84b1b830407e811bcfc7fd086a6f
054f93d33d7e494d8ddd2e57a8e4dd62,2.5844278,46bfd7af0ed6491fa621350963d11e35
fcaf0031ba12457ca8cd515c95fea22b,2.5797427,bade01bd83ec4b6786fd8c867ca7a090
0b0ee45e830245ffa3ce101af6a1a750,2.5789542,855b3971c4a147cfb9a7c281fa6b915e
e8ee807a789d465c99039c42dbdb3203,2.5695527,5a8cc5ff28fb4359afc7e9fcbf3bce55
8a58d56cfe3a46549a16ce3a0f3daf0e,2.5607173,bd35571850644321b86ce4fae286ce7d
78df036c4e104457afcdf7598e9ce958,2.558567,f615619defc4402b82845090c238e597
aa7a7a6a0bfe40619e55e8f0b07f04fe,2.5558817,1216ce1ef31e4643bb1222538c206342
5d81d489a98d444a83664fe0db47fccb,2.5529213,00f45d57fd3c448d8cfdf3185ebae894
012773cf6c104fd8a7ded7f346c0a261,2.552741,d981f2c67f764e0c84af125b563958e9
10ec284856b64b33a3f1095d708227c6,2.5463138,f5a6222612ef406b8f02aef87e08c476
be07f7c09f5c40da9ebdc231520afe90,2.542413,cc21026ff0d541909df56c5618d28518
93ff73f78f7c4aac9aa13de5f64205cd,2.540274,00f45d57fd3c448d8cfdf3185ebae894
390b32b86ff0424dbb5e9e0d988dd09c,2.537734,9303b9f7f4984b2dac8aeba8c8da8ef6
e63f3979515d466faa902d724344014e,2.5296555,b050e9e1ef5946c297a34dda98d8f476
d8c0f66ffaf94373b23b46444c5acb4f,2.5224438,156f393f7ca046299e09d05464afa056
2ae6d89874964a38a8d1dadc9efeded3,2.5220783,89e43b092c844b5886a93091a22c894a
59f932ea796043fdba3c19bd87389e96,2.520503,58f53c379f7a4868a2ba6d91a06247d2
b98768914d8d4eaebb4632fefbad06aa,2.516218,89e43b092c844b5886a93091a22c894a
0b7bef4f00bf42b0ac6d5e824b04daa3,2.514069,903360099fb644b6b88c6edac88eecb2
a1cb97ab677f48d0b81dedd497512989,2.5133815,a926df6d7fcf4b17b68dae6f41fbce66
da098162d0924c6eaf6699ca87326527,2.5017028,ad2b6fb945714e6792c17bd49a1066e0
d896778ef12545f5b79fbe84a1c9ee58,2.479588,80948e17b5694599919e1502bfcc08f3
299011ed1f504bc0ac2d31f2876162d4,2.479074,4b748d6624144214b3d8a80b37aabde6
4bb93a70efe949939c13ce6a18678093,2.4774125,77a8b27acb0e4600bb6ff974eabc269c
c1c018ca07df447caa530adc78d76736,2.4759972,6a33c207c8b648f680dbd0e65639ef04
04cde55231e04394a675268411aee01c,2.4751632,1af4472b38cc4304841b2f1720075c9d
729eb469bdc343e6b5c2628e9be83fd1,2.473516,903360099fb644b6b88c6edac88eecb2
ad016f4559a0419297dfc6da2a37349e,2.4729178,526ab7eda50e4a239d03ad505832d61d
1ba49dc7eaca42cc9df60f6a9a04f11a,2.467268,983940e0b12e4186a281c36de657406e
dc439e2feee54ac8a73f06f7ea3d8334,2.4647415,8f285540a9394706bd6ec6cda46c5058
9c0fbba28fa24de2a7d3b5fff53b8ef6,2.4628859,34b71675a1ae442395b6eb1f3eda23df
eedf84d8949845939452e2cf59d2cc6a,2.4605315,a0fe3cd34e474c3b90662ce8ef1fcac6
2613b590d7c94de09bd3bc1e4aeebb1d,2.440846,fb709e29755b44988bb252c87a2ce2f3
18eaa3f481614cfc945c16f2cbb757fe,2.4345138,6542f58c143446f280e88a6375ccf79a
c189555deda047629ebb90350290dab8,2.4338105,1f8c0f02984e4139bf8043e57497fdb2
d8fd098382264e93a362843242d58e0a,2.4295225,8f761e1117754656ac86a3a25f241cd7
41d559a45180411298adc4fbea7618ca,2.4272666,de9328bdd1b34adda74a0363ff0a52b6
acedb352e247418e9c82dcd73b857c82,2.4269483,eaca056cec224a30aaaed30c39f644c2
d37d23786d3f4e90977fbe2a3e5be556,2.4239612,85e7ea30890b456084b8e85c299c8649
1b6f4307fa4e42cda9018c5085947b48,2.4198315,66b0c8a58f444ea0aec34d9403b88a49
54371d2d71dc41b99b9d79ae757b5dbf,2.4152794,4a4eb12a639346b5a00557d54b51fe51
f503f17338d443e6a873dd091898a5b6,2.4150844,855b3971c4a147cfb9a7c281fa6b915e
3fc67f7f85a74c5b9c118cbf60e96ca1,2.412983,983940e0b12e4186a281c36de657406e
4c0fd754fe344b9ba99a09a70be831df,2.4081752,f9fae977af2c4f35b29400f31267e170
da3ca57a5b8943839227341c423ae8f2,2.3947082,e02ad4f63c8444b79a7a56fb23a4e0f1
84e237a5da704cc28748ceb897b709a3,2.3810465,11ec23965d2941d0817082107996ebbb
6a9e4d855e3944719a49f41d3f30b8d6,2.3748622,faaac88748714ce8a99413b952a1dac8
545abc5f61374dd596a546e619a12ae8,2.374464,5a73e0a5c757410eb0928feed7b151c8
9e1261d3e89b47a78e1590fa544c3df0,2.366696,02cf82700b4f4773af3a14ad8eaa5270
f7937418662b418b90963799279bc248,2.3652956,09fc9f38fbbb4bfaa1c979ac9cc43f0b
14169e1048564c4689c2584a790d6696,2.3502188,1af4472b38cc4304841b2f1720075c9d
e6f19de2daa24324b2c88100702126ac,2.3499103,691acac4a54d450697afb2c2dc4fca09
e95715a92c0a4c8292d8599a0c1a7dec,2.335981,1543a2f94aa74008914301874d98f0f5
ad5f2cd68d6c448ba9532ff7665af2c1,2.3283105,1b4e143cfc1648a5b877d7445446366a
d098bf81d2e34d868f274370a0a39716,2.3273225,fb695c097d5845c282f6b30c241e8cf2
1930e2b037404eb3b7a991849e81320f,2.324493,21b1ded02d7b42618592187e287835a3
b717169ea8804058961095ae61a7b5fd,2.3132648,64fa5ce839ef406b9bc8a1b2f05094c7
f3c6b6b18ad14537b64fde19aca70992,2.295108,bd35571850644321b86ce4fae286ce7d
2092a0007cd74f32bd9954b25b49cf21,2.294832,5971501b0e8b4ef5b203c3985d7f5e88
234999d28bb04577a48d50f076a844a6,2.2922924,8aadcf7251724cc6858dc0db44abebe3
649971e6871c4d3596bbe61f84b0e117,2.2683716,1216ce1ef31e4643bb1222538c206342
63b43033779f4fd5ba6309fb8f1fb41e,2.2675893,7ce06191f1114b4c8a00609f6867761f
5854ad482e74460797366e8eb405b2e7,2.2448094,b7ef0a61de0e4adf9688b2c525c9ad09
22a3289b29c9411cb2777c5cd4b454ab,2.232203,ecdae9f36c6a437ea72739febbf1c89c
5eb93e49e2204dc9b7b5147e35d7cf84,2.2285843,7c1e02f3ab614e539ac901e5cd3c92d8
6b56add8c1e8488e9e85c4085e0cadc9,2.2278605,d443e0c5017d48d1b3f86bf4da959ed5
d480f925a4b94f518e72ad64b3ed439a,2.2222652,9303b9f7f4984b2dac8aeba8c8da8ef6
d2ed407fe4db4fa69c57cfa4bd7d002b,2.2065964,8f761e1117754656ac86a3a25f241cd7
1a3959ec40e24329b5c36ae3d8bd148b,2.1986701,d443e0c5017d48d1b3f86bf4da959ed5
ed7174d9684e4c1ab43b255543d62f86,2.1977725,b25fe3b79f714d38b3fc53e39fd84d36
5209a952bb1a4ac991ae51e8a3e9abdc,2.1849833,1cbfb22f84454b1fb821b602e3ad11f8
6f8c1d69a43c4848bf3426c02ae5b938,2.1803312,f9fae977af2c4f35b29400f31267e170
9ae0dc25880a4b1ca67998ae29c63cd9,2.1595874,eaca056cec224a30aaaed30c39f644c2
5e369cf5939f4d15bb771d98108df034,2.14671,9170e0bb8fe44b309f83293808d871fe
04fa52d782e34f0698238fc47401ee94,2.1446645,965598a17b624a0f9bb1cd58595458a6
97c22deac29b43b8a2911e08c2aba299,2.1414285,0f9cc12519eb4872af7be7fe49e19f59
18200ac0950d44d7af9f61b8b1f6467c,2.1315107,ec281224f8ee419ebde676f291672aea
d142f9dac4904fd9a93e4b68197a4fa9,2.1310594,ecdae9f36c6a437ea72739febbf1c89c
5fa7699fd07e48f29a259e9b1044fab6,2.125359,d4cd0b56b6f54e08aec8ebfdb6122c5c
7dba9b481a53475cb2f9bb524154fa97,2.1109672,75b0bd2240a54f6fb45bf95ca43ab5e6
61353a38c7e14c49ad888ed8da7d282b,2.109562,ed9b10a2879742628fce003076ef9024
c8aebab05e9d4c7e8a5e4875c217263d,2.1072192,e7d6747e8c8b4ebcb665e232240daf17
cfa58c9270cf4b82a9a79385be571a83,2.1051993,6542f58c143446f280e88a6375ccf79a
c69f7426bfca4d959cc756572440109e,2.085179,3b13d134762445cebcdbb02b484db77b
c2732f3b888345afb3c5116a10cd9896,2.083098,e27d9425c912446e947fe53c4a757375
e212caf6ce0045358ab77835c78ae98a,2.075904,7ce06191f1114b4c8a00609f6867761f
3a48941fe58c4afdb3ca7520eb9bd36e,2.0680423,a4cad92644614f78bded3ca6d6023473
7dda222413534a90ab8e3d686a1ba461,2.067331,d27cfea4da8f445fb4e3c55e53c6482c
57be916f4b9f449e85faa3e690b60115,2.0632713,678725f8b914453fbc1029b7c1bc0879
c4e88a88103749f08d034998e76b6a35,2.0554085,a0fe3cd34e474c3b90662ce8ef1fcac6
7f38510693a9428bbcd86009bb013321,2.0498796,6c8a24653ef04f559b88e0f27c0df63a
0d47fb068dda441b9e8f8f7bf704d553,2.0481555,d4cd0b56b6f54e08aec8ebfdb6122c5c
662c1dace3274fb79254a1e59f299ccc,2.0452564,7a4c413f5c844796bd5ffed2b65f0336
67cdfba89fae4e3896b9aebb4f52dae5,2.0380957,cc21026ff0d541909df56c5618d28518
5884d501d2f749cbbca461d81b8a74bb,2.033646,f615619defc4402b82845090c238e597
c189a309da7a472e88194571c3354d34,2.0329378,6b9b2c8f0a874bb8b6691aca6bc49565
374f3a07f645432ca97d2116e61d6fc6,2.0308561,0472051dc57d43f8b9dd08df475fc4a3
a9a64390a549402a87d7334ff62aa560,2.0308175,73e7e41e8db447c09cb2363d76556c64
301e127ffa514901b5840fd47f9f7e18,2.0261436,cc21026ff0d541909df56c5618d28518
f913fbb165604ca09fa3b9c547ab4d04,2.0257552,5a73e0a5c757410eb0928feed7b151c8
65985829f37342a3b2560fd757d02169,2.0254784,19c9ac7b84df472c85ed6cf5a05fbbc6
3037c91a3e5a4499827cbdaec427c82f,2.0242682,17cc6768c9d14388b7455fea0060b62c
af33a412aeb947a8b8c53cfc9e78a69d,2.0123932,983940e0b12e4186a281c36de657406e
0001880401724f72b4b0f8fafabbd872,2.0059114,4a4eb12a639346b5a00557d54b51fe51
58556ab04cfc4acf9ea2865485923949,2.003669,630edd9b8f754b5dbd36cfbbd03ccb51
f185dd7af4814c9e83eb8e679837ee60,1.9977732,4430d47e30904eab969c1baebca184c0
f5a036940f0b4b219a4903d8efd2cac0,1.9970951,5831f5e280be4c02a09ce4588b56d7f3
de7e2ebef31a43768b57de371f2631aa,1.9957207,057164cf4aab45ebbefef3409359cfb1
22c7e1d0cbfb4391813376493a8023d7,1.9796692,92d5da561f5a41bf929f3555a74cd653
874d46cd1753457ab2d3b62ad0f3d867,1.97868,75b0bd2240a54f6fb45bf95ca43ab5e6
b0535812250c45b497a6bad12645aca1,1.9762789,2a9658410614443d8a27ef174f61d6e8
187dd510c41a49f4af9d4c4371e98953,1.9758579,b4150337314e40fb9e3ebb24514504a3
a0f623aff0d34804a39f4b55a08898ca,1.974907,903360099fb644b6b88c6edac88eecb2
e20a7ed561e1414ba269129124fa8186,1.9728665,f5a6222612ef406b8f02aef87e08c476
9146bc8522804996b5984ed63944edb7,1.9675105,01690d9b08164fcabd5bf0819754f71f
86c05c3d7552474dbf8eb503035b96b4,1.9620913,80921378de2b4cd3a14d449688d8b079
bf4e8bc83a74425e8657c603c0004113,1.9617069,b25fe3b79f714d38b3fc53e39fd84d36
0eda051895d044f3a592d1d0098e8f01,1.9612803,2a9658410614443d8a27ef174f61d6e8
58150298bebd4a7a81085018c220ca49,1.9609146,ad289d5052264f9c8bd0aaf9faace92e
6178ae89b15545f39f754e64a9283916,1.9557788,8a77dc665d8b4d95a0b1113522f7e9c3
73816ea484544387b7c1014e6b97b187,1.9547641,0f9cc12519eb4872af7be7fe49e19f59
78c3087265224b479cfa12716bcf1599,1.9517833,27eee82d7fb94b9b8b60bd3101187496
748b2df793c94a6fa92094994cbc50c7,1.9480191,89e43b092c844b5886a93091a22c894a
61e6eab2c60042858ee62e5d01968ba8,1.9407108,e039a00eae414ebbb2205b011ac127cf
f1015462e69f41ea9a9c663ae07f13fd,1.9395659,ad2109663af04c549385cd2ab9b3283b
34e6f332d53646d38eb22993afc64a02,1.9381256,02cf82700b4f4773af3a14ad8eaa5270
dc31ba78cf194fa59ae6ae94413ba0c0,1.9300325,23066f7964874fd39639dbf2cb2766df
c71fc9273bb64cf78fcb3160724b40be,1.929445,34b71675a1ae442395b6eb1f3eda23df
3a53b02d11d74f9b84a71811f607d433,1.9242353,8f285540a9394706bd6ec6cda46c5058
8f2691e2160d4c95b5b1ec99938ea931,1.9221967,23066f7964874fd39639dbf2cb2766df
42755c05cebb4531bf9b3f3297150fe1,1.9207656,e039a00eae414ebbb2205b011ac127cf
65fdb46393a34ac699da17059ebaa6cc,1.9206247,f9fae977af2c4f35b29400f31267e170
ef0d69bfdc4e49acb1978167c6edf80e,1.9163016,19c9ac7b84df472c85ed6cf5a05fbbc6
a545f38de45e4870b398a90fe9c5cbbd,1.9147794,257aed6ca7a44f1cb5c664beb1be527b
a3a8679097e74509b7525e86a5457662,1.9146688,b4150337314e40fb9e3ebb24514504a3
ee1a685984d741a18ad44faaa3fc553f,1.9094956,ecdae9f36c6a437ea72739febbf1c89c
e08d644c0950461e843595f14ded4387,1.9062196,5a68e05acea4434ba08e17e1fff00057
61bbbca9959242abaabb21b01f9f40b6,1.9020095,526ab7eda50e4a239d03ad505832d61d
6339e9726a4b4ebaaf1b22a56c33b779,1.9002881,564a84b1b830407e811bcfc7fd086a6f
cfe22b04c2604c1fb386b852e558744b,1.8985351,ff218cc7835d4b5ba0de22792319050a
30bedeca60dd40b78dc5e6d52d6af8a8,1.8982555,acee70abee2841c9b67b95e9ed079647
b95ad51d19ee4ea28d5d02064e368c84,1.8873272,691a538d2372403fad2b919b48ff5f85
1f14295a03ac4251b24ccf3a74772f55,1.8872252,257aed6ca7a44f1cb5c664beb1be527b
f9858ec6cc4e424aacd697295e8cabbb,1.8844197,ff715b4f228443e3b067c801250f3402
91a077bae982429595e548a2859976ab,1.8833885,7ab29c5e2f05481d8a69cc479a764ee8
bf264d2d70b7477da4cae8ac6203a5a9,1.8782408,cc21026ff0d541909df56c5618d28518
acb93c3b67cb4fc8bf222a8468b2b6ed,1.8757697,64f1d63a671d441d9663a783f632f794
9b0790e53e7c487885af42388d8f681a,1.8733478,1543a2f94aa74008914301874d98f0f5
6f0406b6deea4302b4e44ece4eba9ef9,1.8728749,eb513691b7a04d31ab1bc50bf343447b
ce7e02187e74451f8fe2511db0fed0fb,1.8725469,779d7c2bad1940c8a861451964e1ce01
47bdbd87490b4698bcd3b038c2baf6d4,1.8693079,4d708e5878784386a42c2f436d2d60f0
a22b7bc93cbe40cba26f5e4456762f6e,1.8688431,f615619defc4402b82845090c238e597
2582ce6fc7d14ce6bd50980959cd305c,1.8650397,cd60a0fcac24465a880af7d8f921dd68
3ce3c6c49a2b43c3b683ec91e9657341,1.8632777,d0a840820172465f83c8480d571e7b71
48aa588059cd4883bab6da96a75c16b9,1.860185,aa2d7a3a535243189492d4ce8e79c049
780760acebdc4860bb31c7a7150c19dc,1.8514812,f5a6222612ef406b8f02aef87e08c476
14251437e9d7466c9909622c9fe454a4,1.8470316,257aed6ca7a44f1cb5c664beb1be527b
385af4460b5a436baece6ce3fa1cd423,1.8441207,6a122ce1702646db918266228d48bd08
ea4bf9d0ec3d4bb9a4d910eb2ab70eb3,1.8411661,8f761e1117754656ac86a3a25f241cd7
cea01bc4a1554d61a6b1a564073b4fc6,1.8366768,564a84b1b830407e811bcfc7fd086a6f
506892256fe04ccdae8ffa97993fb582,1.8334465,691acac4a54d450697afb2c2dc4fca09
e578d2ca90a241bcb241e65a62648a66,1.8290771,f5a6222612ef406b8f02aef87e08c476
74b25851047d4c08840debaa0bcd9e2e,1.8284216,80948e17b5694599919e1502bfcc08f3
369716c45312435faf4f35f7fa3ecebf,1.8272908,3257035cc77946d98bdc09e2fdd5cdae
790595e600c949459cfe2629a30f5371,1.806908,4430d47e30904eab969c1baebca184c0
b57d527c5d13406cadfa1a4f809cc040,1.8067317,64f1d63a671d441d9663a783f632f794
249dee8be73c4f019ebfc02f74d02ad8,1.8060589,640f3bd184b7425fb22cc7773b8b2244
003d3f2fc0d74fc58746a9d38d310d8a,1.7949765,6b9b2c8f0a874bb8b6691aca6bc49565
40ef7a281c80494686e90001c1421dee,1.7919512,ff715b4f228443e3b067c801250f3402
71f93aa94339483884743fd218725216,1.7893345,9b22c5cdbff44bdabd48dba008e6a3b2
cf020a2f14884c16bc73b159ead104b8,1.785733,5a73e0a5c757410eb0928feed7b151c8
1f4946d6701f4d75b1b71b16833299d1,1.7849821,3be388c9ab614bceb086c19f70df23c2
f6304923104f47d1ae9f82b7116051a6,1.7777168,6aba5a04ef8742a39d3a61644a5f0729
061948a87df34fb3b077070194c1119c,1.7739228,1f8c0f02984e4139bf8043e57497fdb2
cb44ae0776e3419e8b0aab12b82dc8e2,1.7627747,23066f7964874fd39639dbf2cb2766df
b074150ff8a24cc9b889876ee8b52d9d,1.7611732,a926df6d7fcf4b17b68dae6f41fbce66
1debf605469f435a817fe50539698246,1.7603581,34b71675a1ae442395b6eb1f3eda23df
f6023dfadf94495fba9f43c8230ce2a3,1.7489318,a4cad92644614f78bded3ca6d6023473
a3d947b7e3e3451bb473b1b5e22cca51,1.7389451,ad2b6fb945714e6792c17bd49a1066e0
7409ac4ac3c944aca7a9965f2568766e,1.7338784,5971501b0e8b4ef5b203c3985d7f5e88
554e702a075743a499899b99b73eea46,1.7337716,66b0c8a58f444ea0aec34d9403b88a49
3464f002cd954218836b9014bcd0c620,1.7321222,5a26ae7959494fef99542e9b2004fd11
43de32fcef1548dbb9d856b138ecf429,1.7283602,7a4c413f5c844796bd5ffed2b65f0336
a7e8389d66b049749ff42ecf8384fc99,1.7139561,ed9b10a2879742628fce003076ef9024
96a40dc922f94bc78c39fadb8ecbd263,1.7138325,b7ef0a61de0e4adf9688b2c525c9ad09
8c4f8ffe681a4951928e1444bf4947d6,1.7112038,fcc9863b07fc4bd5a01fab5b9160eafb
4e828f821c014d5d99850f710aff0f21,1.7084277,f5a6222612ef406b8f02aef87e08c476
0d4e1854d2f24a18acc550c6afc2fda2,1.7039315,0f9cc12519eb4872af7be7fe49e19f59
bb58d88db2894bbe8d84b210cc4f26ab,1.7023057,99142f1c07cd4782814f8c970eaaa40a
15171a501992488a97cd9f1f44475978,1.7005268,a1d8cb16dafd4126922f985021e93631
a2257482b09e449f8dc0e6a32423b610,1.6993321,faaac88748714ce8a99413b952a1dac8
78058b8902c5442880e64005e19e3f06,1.6927489,678725f8b914453fbc1029b7c1bc0879
a2e363e09aed44868c4e51d9cce19eb3,1.6915646,c0cb721b56f240dabf7f464e453ef72e
e152a0f89fe0446f998c519058feabc5,1.6907537,a0fe3cd34e474c3b90662ce8ef1fcac6
fcd3d852367e464bab386817f4536abb,1.6895632,9e304a9bbc7b4c22af8025fc93757357
ac23b811505944319414d3f59b4b90ef,1.6855611,01690d9b08164fcabd5bf0819754f71f
73d822e81eff46d9947b9854da4db52c,1.6840322,95fbc6ed8bfd43c1a6bcf676e26e7f8a
0af83a2558ad459cb3b54e5c9da02975,1.6816943,4696c8192576454f8684954bc771aa23
9f0c4fc689014714bc3604b21f1a694c,1.6799122,6aaae524573f477f8fdef0b83787cbee
3e3a44c2636246edb0f9c1d8f041d873,1.6751755,650afb6a1d054e59904a1b796552eb04
54cad1d39001470bae1e14fe0e58f061,1.6698126,cc21026ff0d541909df56c5618d28518
6c8cdd6141244ba1b62fee70292cc68a,1.6695236,b4150337314e40fb9e3ebb24514504a3
492d363c9d8b450da859bd06f06cf687,1.6694604,ff218cc7835d4b5ba0de22792319050a
d940c859c01449d2acaaa7b3fdf1fbe9,1.6628172,01690d9b08164fcabd5bf0819754f71f
ae8dce8e4fd84a42916e2a2ea4ab7c38,1.6601915,fb709e29755b44988bb252c87a2ce2f3
924c235415de407b8fe453ecc8aa95be,1.6598278,ec281224f8ee419ebde676f291672aea
11ba79f894d048f9b56685491d4f3282,1.6592987,640f3bd184b7425fb22cc7773b8b2244
66c69be4b87942098f652198c91df0bd,1.6587105,77ac5eb4b3054ca68e2b0dcbd5473fd1
41fab89a8af342e5835f50c62da3910a,1.6582835,1af4472b38cc4304841b2f1720075c9d
d8b0fd7f373b467f8a214ebf710b5469,1.6568322,89e43b092c844b5886a93091a22c894a
b457016349004dba8b94241ddf2b6964,1.6560954,640f3bd184b7425fb22cc7773b8b2244
0d281c2568314e5eac84aab63872e81c,1.6531675,4430d47e30904eab969c1baebca184c0
f74645ebd6e74b0a8ca70c4a1a983295,1.647881,46bfd7af0ed6491fa621350963d11e35
4271098208074e6ea1a9497085061483,1.6473387,6542f58c143446f280e88a6375ccf79a
fbffec6a21df44de80e049b741243c36,1.6454352,8f285540a9394706bd6ec6cda46c5058
298a7ef0260542fb9aec7190927220c8,1.6434367,bd2f91a9415049d980e453f94327e0ce
a4c088804f1a458e849f356cef8bfa22,1.6311574,e336d113184c4ebdbad7aa2b6ec64640
b1574b190fd242e9a0cf3b489caa91e4,1.6282332,75b0bd2240a54f6fb45bf95ca43ab5e6
36b74b7a585a45e796fd8ff39bc60f3b,1.6269413,e5692bd498004d32934fbaa05af2120d
b92da6fa48d248779bf06eaba1e7a2a9,1.6228685,f615619defc4402b82845090c238e597
7b1d70a80254489e9de91807e6e223dc,1.6227093,5a73e0a5c757410eb0928feed7b151c8
ced8e3adb0484f249ac865052953d5b6,1.6165729,58db4c3a26c84fa68d81235d078208bc
4cdd959af2f14b51bed3c4107c2f0405,1.6160903,80921378de2b4cd3a14d449688d8b079
1caf9a18d1b74dd5b4b7841f5fa7c12f,1.6085906,37337ebec05640b890e4b9612776c32b
dd72a1cbe29f432bb51ae6342e0382e6,1.6008407,2768d411cc374a018a898f9df0ca207d
1c8f15d98ac3471fb966536a1bc8e9e6,1.6003661,f036aaf4ab714c598a0b6da4ca604136
eaab6a29e5cf470dad7b0b66bdfa71f6,1.6001747,1216ce1ef31e4643bb1222538c206342
1aaf2fb4fc244f5ea6b9eb65d1183c03,1.5994554,7a4c413f5c844796bd5ffed2b65f0336
10edc8c73a904e63bc4317abfd0d7213,1.5949721,66b0c8a58f444ea0aec34d9403b88a49
12b4b13d49b64b55ae65fe00960c4711,1.5889077,6a33c207c8b648f680dbd0e65639ef04
0785e71626c6454dadadc8359e1f696a,1.5883029,640f3bd184b7425fb22cc7773b8b2244
3710bf2a11584bf098b45d14f2308ef2,1.5790615,ed9b10a2879742628fce003076ef9024
28ff28dc16ac43ad9110f26f13aa339e,1.5763718,c9628610053945f4a7998ae48cd70da3
472240e1b5e84fdc9e2c3dc8c4ad8435,1.5667467,e96aa0967ab94368b381354e03dc40ad
56cfe84755904ae98f74d085dd2fcb7c,1.5621521,6d3c42356e3b459c919e3129ff192ac4
b32a35611f6b4eef9cfd102e5e72766a,1.5551269,b2be859ca8f24cda86821d5383edbc18
16242654caa64a669f249360ac629e5a,1.5510093,3be388c9ab614bceb086c19f70df23c2
f4a11d6e649f44be960bbfc9a5aab7c9,1.5349607,b25fe3b79f714d38b3fc53e39fd84d36
2a8517391a58458c8b4054fc225e976d,1.5336263,bd2f91a9415049d980e453f94327e0ce
4208fd7b21964394aa023825a91e5e42,1.5272979,ff715b4f228443e3b067c801250f3402
70c5d0168ece4f13b8553e469845fce5,1.5271512,c0cb721b56f240dabf7f464e453ef72e
ee6aeba966504751952213ca4d85796e,1.5268105,3b13d134762445cebcdbb02b484db77b
bd2048721a484ac4925726f9a0df7499,1.5250676,e52a528036014db0a7bd54b99a310fe8
be7a669164c1423c8ebd0ba23ce48329,1.5236428,e52a528036014db0a7bd54b99a310fe8
16b26a25f49f4efa85d21e2a4302e506,1.5221261,19c9ac7b84df472c85ed6cf5a05fbbc6
38003415b2fe4903b7183cdd279c09f9,1.5185964,678725f8b914453fbc1029b7c1bc0879
525962b8d45849bf83483c6f246cf7b4,1.5145772,e039a00eae414ebbb2205b011ac127cf
27a9489cf5724d47bbcc508684389f2a,1.5138929,3257035cc77946d98bdc09e2fdd5cdae
51ce7c9230f540a78ecf1c757e16a6a3,1.5117038,7c1e02f3ab614e539ac901e5cd3c92d8
4483d9ae441d4fe1889099eb3acf1676,1.5107946,c8c201e25c0047a2ba9d9e8541ac0939
b2b15ac784564b17b414221232730701,1.5090716,4696c8192576454f8684954bc771aa23
d6b4f4ad86b24c25967551b42462c386,1.5063852,d443e0c5017d48d1b3f86bf4da959ed5
734db9fe91ae4ef4aa4f3798343785f4,1.5000668,eb513691b7a04d31ab1bc50bf343447b
3407ed3eb6d4426bb50ced20b862de96,1.4859018,8f285540a9394706bd6ec6cda46c5058
b0f8acbb976643b7b4c8736a8d7305ef,1.4816251,0ebc441d25664c91adad96b570270f07
292a36cd38ba43bf86a043e2de9d7bef,1.4724481,eaca056cec224a30aaaed30c39f644c2
565907298304458f80b2f4504ee3473f,1.4696409,82b01998353e4141a7613fdc96d7b600
ee3555240e534ffc880818cf7f848c8b,1.4692609,b8ca3b6144cd48208caae952e096e7ae
a30d8464e03848a8b72421c107f22fd5,1.4690924,d9fbe02f04a4469dac855f69ea6ad02a
53ad9b6f270d43beaa19337b588c1e60,1.4571538,1543a2f94aa74008914301874d98f0f5
f4398da2a74044829b4f7bd0808aec82,1.4557397,6c8a24653ef04f559b88e0f27c0df63a
ca6f0e18c75849428e7dbe14c1403841,1.4520296,c26f5e7dcc8149f18f3d719bba9ae717
f09f284b59c6475baacb67116020c617,1.4491435,9ff95d23c3284d31ba5e398afa520649
9c74b02f802b41bab45bd626251e1d88,1.4411329,4b748d6624144214b3d8a80b37aabde6
062dc7df9c4f430f87502fe7eadd5d7e,1.4388974,89597084b19c4902b073a2c6c6622456
f5a783856a7f4d3ba8c3f2c29428c454,1.4345208,5a26ae7959494fef99542e9b2004fd11
8baed775825049a7a98ba659c3139582,1.4293925,6c8a24653ef04f559b88e0f27c0df63a
b8052a41b1ca486aa8d1d4fd870dda88,1.4276514,64fa5ce839ef406b9bc8a1b2f05094c7
a8a7550acecf4436939c03b7e74ec8a6,1.4256362,cb85047b65f8468aa02744c28c075dbd
9aca4f5f45944250973b5a08c3fa9547,1.4248892,58db4c3a26c84fa68d81235d078208bc
a56141d36b5f4520aef20a35398d8265,1.4248077,9303b9f7f4984b2dac8aeba8c8da8ef6
8f46f1c9e7dc4f0184c02d6fef8f3708,1.4165227,b4150337314e40fb9e3ebb24514504a3
5a1096197b8648d882cdd33875519404,1.4154112,ecdae9f36c6a437ea72739febbf1c89c
c67c378aa42248cfab4b61e502027a8c,1.414712,9e304a9bbc7b4c22af8025fc93757357
5b578482d6cc41b9a12382c724e9e19d,1.4014094,d981f2c67f764e0c84af125b563958e9
2d641fad427d4884b7624102a50d5edb,1.3897526,5a68e05acea4434ba08e17e1fff00057
6fa6aa705e9a479b9435e2367955056b,1.3885072,d6fe6f8380464e21a27fd69de27f1f57
edf32c81fa8c41f4ba76d882cc8f88c7,1.38815,fd51f3eef1a64d9a93652be481bde32e
b593c0100abe40c4a0204ad40b73080c,1.3877022,ec281224f8ee419ebde676f291672aea
a72d6ed397c64fa7ad1aeb46a417fa4e,1.377968,8a77dc665d8b4d95a0b1113522f7e9c3
305e57d28cc74f018c0ee4a93fe92c0b,1.3758066,a585d23fe43f459ba86ac15645af77ff
cdb476218b73426a840ec0a8868020bd,1.3747897,d9fbe02f04a4469dac855f69ea6ad02a
88769fc17b0e4f3a9736d45e131659d9,1.3655996,ad289d5052264f9c8bd0aaf9faace92e
b0cc005e94e04a1da113c12dded0a882,1.365135,691a538d2372403fad2b919b48ff5f85
a34c38121a3948f8949f49df67186c78,1.3513265,92229a391d0b418f87b32c86c42a292c
b4aed3fb5b3f491b99ace5c051b75eab,1.3465434,7ac9c94011924c09b47f9640211885a2
78ba6aa176c7496d85a6fdee9dad62f1,1.3420849,fe6ace599de44aa19b1773dad3658fee
63e06c0c69054bdd8c2690539549d9cf,1.3373463,37337ebec05640b890e4b9612776c32b
17176251386d48d798eb18eee7208273,1.3366915,46ba0b979a664c7cb0c315c4cde6ac86
735faaf6b07348a2a4d4cc31c8fbc021,1.3284949,640f3bd184b7425fb22cc7773b8b2244
d52a218e156e461f8d5f05a8a136988b,1.3209077,89597084b19c4902b073a2c6c6622456
82ab65484b6d475d88c52a748a8072b7,1.3184493,e9f055a212cd4e5e8601228c37713f35
5f47f156e8204f808cef8696d1f8920a,1.3183013,5a68e05acea4434ba08e17e1fff00057
6febefdfecdd4d6dbe493b2dab3579b0,1.3181655,156f393f7ca046299e09d05464afa056
662a6fe9ae1b47f5b598c9d0ff7ad784,1.3161486,640f3bd184b7425fb22cc7773b8b2244
915d79767ad746c99ea804f4b5dbf60d,1.3121536,d981f2c67f764e0c84af125b563958e9
8a53841d512741f5ac2d49f75a83780a,1.3114755,bab3bdc133384798b558f8fb6466a7fa
98d13339052248b0b3c45e976da3acf5,1.3110819,3257035cc77946d98bdc09e2fdd5cdae
9a941b16ff4840eda21ad2f9e0c81f3f,1.3046671,9b22c5cdbff44bdabd48dba008e6a3b2
2fa8c386148647ccaeee6adf877a7ac6,1.299511,8aadcf7251724cc6858dc0db44abebe3
56c2b163d79149048fcdf4e0f9d5598b,1.2948741,64fa5ce839ef406b9bc8a1b2f05094c7
5302778a501c4de9bbc6c6fc6f7cd8b1,1.2924464,92d5da561f5a41bf929f3555a74cd653
512d51a776a240e1b495922587e2bbba,1.2851413,a926df6d7fcf4b17b68dae6f41fbce66
07d706541ba64a5a860673ea0aff78bb,1.2828689,3b13d134762445cebcdbb02b484db77b
b707dfaa86a540dd9c3fa75fed4a43af,1.2816546,b8ca3b6144cd48208caae952e096e7ae
b627c84048a742d292cc9adc0f36f58d,1.2726793,5a68e05acea4434ba08e17e1fff00057
4a2be481c29745e6be4e4b6a6d39ff64,1.2585008,6a122ce1702646db918266228d48bd08
ff2339e06523437eb464f18a90d5f80d,1.2577877,ff715b4f228443e3b067c801250f3402
43e7ebaddea142908ddeece45bfd2049,1.2571654,bab3bdc133384798b558f8fb6466a7fa
2e7dec015d344fb58ce0988844becd9b,1.2540821,f5a6222612ef406b8f02aef87e08c476
19c57283f04a4c338b9625f43642f886,1.2535628,d576e334105247369362b05a375e88cd
43d1998f5950428d94f74e0f6227fc3b,1.2529851,92d5da561f5a41bf929f3555a74cd653
af5d2c39e4a54d8295b3a933c8bc7b43,1.2453161,bab3bdc133384798b558f8fb6466a7fa
278a6d1334d949ac865e60b6199bf59d,1.2411112,a926df6d7fcf4b17b68dae6f41fbce66
c244f9298eca46bebe8382249b3a300b,1.2397417,e336d113184c4ebdbad7aa2b6ec64640
bee104c3212c473da29f1f4518f4fd7a,1.23175,4430d47e30904eab969c1baebca184c0
adcb28bfb3334cf0938efac96e34354d,1.2317046,c88be17376104f999b914a91aebf7220
e99926e33dcd4f4082308eff2e38da35,1.2293692,88dc23909eb4415aa39b96cc3a4c2926
6d9fe29b75544ce6b2e1c3329771cd32,1.2243268,64fa5ce839ef406b9bc8a1b2f05094c7
f1f565a6c118448aaf377cc5c5ec0abe,1.2152978,1d47a696eae94bd29f215a4787b27d8a
a9b2741eb1ab4c8bab6bec840430968c,1.2126026,02cf82700b4f4773af3a14ad8eaa5270
0727ac84c4494b248aa13d6c8ffe7225,1.2097533,4d708e5878784386a42c2f436d2d60f0
3723741c22a347c7a622bec61ab94d3f,1.2069285,64f1d63a671d441d9663a783f632f794
daec8c9bb81142a98349b34affefed91,1.2045724,630edd9b8f754b5dbd36cfbbd03ccb51
40d03471812c4f0398b4551b5f116068,1.2044123,fb695c097d5845c282f6b30c241e8cf2
b116fe66d95d4c04beea8a4e5f347684,1.2027615,dc58564d0c8540bea4f3e2e3696deae8
1ea12b451b3d408baf7902165bd34a14,1.1888078,65664fb3aad341fab563409d91dddd2d
0b887e10733b4259bd5c30a1c724ff50,1.1755683,fb695c097d5845c282f6b30c241e8cf2
312939eb59d541dfa7df51991a32d5f6,1.1621132,f615619defc4402b82845090c238e597
87773e87aa4246ecb99c535106be1412,1.1602194,acee70abee2841c9b67b95e9ed079647
383e7cf30f234aaf852e3f30de7879ed,1.1555313,4a4eb12a639346b5a00557d54b51fe51
dd207a6be6fb481c941ff42092bbb3da,1.1524812,34b71675a1ae442395b6eb1f3eda23df
b8cc82e2dd7b4ef9932f2377c1bf9e53,1.1520249,6a33c207c8b648f680dbd0e65639ef04
72b24b9944aa43599173c03884689224,1.1463386,95fbc6ed8bfd43c1a6bcf676e26e7f8a
046c13f855904119983f73a0bdc77a34,1.1440538,9014beae94cf4f648e1663c8d5ec6803
1c0be8da9cdf4be8973e0cd18f5f8ebe,1.1440163,779d7c2bad1940c8a861451964e1ce01
9938803be0884fc282a350a72835a9b9,1.1436771,4a4eb12a639346b5a00557d54b51fe51
d26040150be642cfa0310e083cc0d204,1.1428798,bf59502a233e4b5eaff9cfa3a992c387
20c77ed7406f451bac8e8bcd18b5187b,1.133921,9e304a9bbc7b4c22af8025fc93757357
75bceb302d644b309181d454dbd2b59f,1.1308637,678725f8b914453fbc1029b7c1bc0879
1e008659e5994366815fe158a9f9a26c,1.1303983,9e304a9bbc7b4c22af8025fc93757357
1139ff813de54ba583f9d19e3a2b6ac6,1.1259443,a585d23fe43f459ba86ac15645af77ff
38b738aa374d42a1b20afa63ccfcfd62,1.1214647,01e805bb5a1845a7addf86fe9bc8d814
914e224085a24a7c87db637c208baac5,1.1206844,6c74bedaa406493a99988c5b8a47b704
88de1634c729442aa72060868b167abd,1.1166654,82b01998353e4141a7613fdc96d7b600
07e594806c6c4bdf8d98e2995979eae1,1.1070571,0472051dc57d43f8b9dd08df475fc4a3
aef3a265256d49af8433aac1b85fe097,1.1050613,5831f5e280be4c02a09ce4588b56d7f3
5c85caaeb0fe44b19a63bae94eb3c1b2,1.1039367,c8c201e25c0047a2ba9d9e8541ac0939
4b3202343ccc4337aa099b8a9e046db5,1.1032916,e25b9d9944cb4d7197efb8ffc4ff57a1
b256661e96a042c28b299514e4e6e4cf,1.096067,5831f5e280be4c02a09ce4588b56d7f3
56f20fa9e0904380b48d10ec3d81950e,1.093708,ff715b4f228443e3b067c801250f3402
4ef4c104173e4986b5ea7a85d28d9330,1.0925865,983940e0b12e4186a281c36de657406e
632d5d8462f7480ba8e1873292371b3e,1.0923235,6b9b2c8f0a874bb8b6691aca6bc49565
523ac70af19e4d6988870738be0827dc,1.0901551,1fde4c9a01f84c349461083b6d0ba9ed
7c9553e399964910b2eb9f1c94c913b1,1.084521,7a4c413f5c844796bd5ffed2b65f0336
7257f3d3f31a4d5ab6a872e4e5886111,1.0826006,e52a528036014db0a7bd54b99a310fe8
a7c72b26df5e476a8a8efd1d597ead90,1.0807816,9ff95d23c3284d31ba5e398afa520649
7cb075d8031f47dfb9a6b37840756bcf,1.0710672,b25fe3b79f714d38b3fc53e39fd84d36
f7968b9dc2674ffd888bfbc7a86342d6,1.0702653,1543a2f94aa74008914301874d98f0f5
a89278348142457886434482fa366f57,1.0675933,e25b9d9944cb4d7197efb8ffc4ff57a1
d5491c8b5caa42bfbce7ed937032b28b,1.0659525,46ba0b979a664c7cb0c315c4cde6ac86
4f6887bfd8d64e9c96cb60b2fc428027,1.0631233,526ab7eda50e4a239d03ad505832d61d
6e50350fd3c745e6be8f38c45f9b9148,1.0600568,fe6ace599de44aa19b1773dad3658fee
d02300771c8742a688cdc05ccd13d2a0,1.0572057,6c8a24653ef04f559b88e0f27c0df63a
b68aafdc6e7b4188a9506c869f83ae96,1.0563719,6a33c207c8b648f680dbd0e65639ef04
55cd7fb3f7fa410b973c972dc5f4b757,1.0556023,c88be17376104f999b914a91aebf7220
6983a79417f9490ca7534cc0b9e72978,1.0536014,4b748d6624144214b3d8a80b37aabde6
7b5adbd82a584ff6b6e23b89956dd6f2,1.0521705,bd35571850644321b86ce4fae286ce7d
252a2a3078134eb8876626820c9ca8aa,1.0449936,1fde4c9a01f84c349461083b6d0ba9ed
744af08539fd44678fb92fe2cd3adfbd,1.0413644,acee70abee2841c9b67b95e9ed079647
10f74d10373f4f128add836b046afcdc,1.0285672,d9fbe02f04a4469dac855f69ea6ad02a
95cfdf88f92e45f9b81a755fb1718759,1.0200593,58db4c3a26c84fa68d81235d078208bc
f54fb64fd5a04f3ba5c065305856b3f5,1.0138189,d6fe6f8380464e21a27fd69de27f1f57
e18211bb1b9a4eb5b5679481523d0c23,1.0125283,d981f2c67f764e0c84af125b563958e9
173d2968abb140d2bd3ad182500686c2,1.0045944,d443e0c5017d48d1b3f86bf4da959ed5
d5720a4e3cd34c23ac605c840bcd69ae,1.0005277,cd56b9a044c24df8a7156f661cb3d9cf
7d72deccbd444c5bb9b43e3a6c75f5a5,0.996606,e52a528036014db0a7bd54b99a310fe8
d7cad8025bcb4868a7196c152770ab3d,0.996259,fd51f3eef1a64d9a93652be481bde32e
606a301239a6472ea371152fa2029fb6,0.995468,75b0bd2240a54f6fb45bf95ca43ab5e6
f161ed58877741ceaa5a6f014b69de49,0.9907846,e27d9425c912446e947fe53c4a757375
84350503e37143fc8548ffcbd24070b0,0.9907655,c26f5e7dcc8149f18f3d719bba9ae717
ed96d522f1d74dcb9a41c80634f5abe0,0.9891903,d0a840820172465f83c8480d571e7b71
4a5ee7ff69a445f48974483a915d4d84,0.9847052,1543a2f94aa74008914301874d98f0f5
356781d87d504d789e58fd87a987a67d,0.980664,fe6ace599de44aa19b1773dad3658fee
e18c0d2a5ea54d0dae0481083fc0db46,0.9735662,3257035cc77946d98bdc09e2fdd5cdae
7de183d0b5f24efebfc15ae35f4b0fc3,0.973489,73e7e41e8db447c09cb2363d76556c64
9b5cafae0dc14e9ba24b5c6db5381eae,0.96987486,23066f7964874fd39639dbf2cb2766df
e95f49fcbcd542bf8815319116a39edd,0.96840954,0302e7dde9074dddbbbdf85e9be57901
3bfce2ad291d4b7780e0e8b06d4283c7,0.9657534,6aba5a04ef8742a39d3a61644a5f0729
803ab31024764a56a2ac0cda5c79c69c,0.958642,11ec23965d2941d0817082107996ebbb
05de4f46aac741bd81e6bb9133542716,0.95842195,bd2f91a9415049d980e453f94327e0ce
3088711035bc4a06b3595ae315f54fb2,0.94830483,c9e2e76e631c4d0a8013d90892350e06
c0f5519b1d3842a68611736d9c0e5c9e,0.9478244,01690d9b08164fcabd5bf0819754f71f
07ecb7f8a5f642e98200ac37c34425a5,0.9397682,0472051dc57d43f8b9dd08df475fc4a3
1f92b7ff3de8413bb81c7346203bec40,0.93838614,630edd9b8f754b5dbd36cfbbd03ccb51
a8117ce7b13549fc829e0bf1a9330dc9,0.9323423,fe6ace599de44aa19b1773dad3658fee
e8d0fd5309724c1cbb4da8f5c55ac9f4,0.9281114,4696c8192576454f8684954bc771aa23
58f93c38cc65487492ae04fd498f436b,0.9249972,fb709e29755b44988bb252c87a2ce2f3
cfbebb0b8d25424bad46127adbe59343,0.9088136,3257035cc77946d98bdc09e2fdd5cdae
9da0bc8ceec24ce7bac851ca1fc67b5f,0.9084648,d6fe6f8380464e21a27fd69de27f1f57
5b2c1e575e8a46daaedcab661b62235f,0.9035791,34b71675a1ae442395b6eb1f3eda23df
27b747520a594968b11704d54233d20e,0.89557034,e7d6747e8c8b4ebcb665e232240daf17
1068628f10b7400aa4e87b04d24fd803,0.8925694,3257035cc77946d98bdc09e2fdd5cdae
20256e6cd14e4624979db79d84582573,0.89044094,fe6ace599de44aa19b1773dad3658fee
64e8bc2bd44d4328bac29a1ed2e655bd,0.88853127,8aadcf7251724cc6858dc0db44abebe3
8c5aff69d92e4556bbd5cfdb17a74109,0.8865516,5a73e0a5c757410eb0928feed7b151c8
3b065dc23322478a8128f0322c8d0678,0.88380176,8db9e204b8b841df8fd94eff0888cdf7
de89bc23ccf04f3387bf242e269f4ea3,0.88255763,c322b788813745e0aa7b592b4345d379
d279eb260acc48558e34415c5c588926,0.88193697,7cd1db4b50dd41e6b2f3dd15fcab3b89
cb30b65c95af402290d013cc19a01632,0.8810303,0ebc441d25664c91adad96b570270f07
be220fecc0fe4c75a466c1f760eed397,0.879261,3be388c9ab614bceb086c19f70df23c2
9e2872646e314b1f97e9cb135dccd315,0.8792007,92d5da561f5a41bf929f3555a74cd653
a02994faca0a4c088e226d856518737f,0.87412614,630edd9b8f754b5dbd36cfbbd03ccb51
ef3589381bb34e74bf3f0f4479614d70,0.8622918,1b4e143cfc1648a5b877d7445446366a
51bb2642caaa4fdfa82051cea135a8ba,0.8558476,b4150337314e40fb9e3ebb24514504a3
1c017d16176a48e9a899ed772d5ff4d9,0.85202664,1543a2f94aa74008914301874d98f0f5
211bbe2f818640a39e55304483f7aee1,0.83856976,691a538d2372403fad2b919b48ff5f85
d51de57d4ced4566bed6fef2db5c099f,0.83621955,d42996c2b67443fd9b73bba7641d4f77
0cb422afc9b5409dbdc542e32e32d01e,0.8242305,965598a17b624a0f9bb1cd58595458a6
e163e00abbda4bc5adec2f85871b7c88,0.8229554,5a73e0a5c757410eb0928feed7b151c8
b904ff33d535410cb0791f1e1227e8c2,0.82251996,c88be17376104f999b914a91aebf7220
553209cfbadf463eb60df32bfa7da770,0.821727,65664fb3aad341fab563409d91dddd2d
ba6e6bd633084e56bb1f91c62afff197,0.81927526,77ac5eb4b3054ca68e2b0dcbd5473fd1
f17e080b2680401da91c350fa7e9cfa1,0.8173646,fb695c097d5845c282f6b30c241e8cf2
e0bbcc95980e4aee9f0b5f6976c5eaff,0.81625223,f5a6222612ef406b8f02aef87e08c476
52acdc11a8df4558867635630b69348c,0.80753624,74e7db4222ca4a20811199afafa346a7
05c94abeee1e4897a6b14e8c36542ab6,0.80661917,5a26ae7959494fef99542e9b2004fd11
77e2cfc79eee4e1b91f93386b436bd31,0.805397,5a8cc5ff28fb4359afc7e9fcbf3bce55
405e667675254ffdb3e8cb25813e586a,0.80441856,e456afdf95e643dd926249fec4d68753
ab6c85b8074c4edcb7f8d568b142ef98,0.80130917,1543a2f94aa74008914301874d98f0f5
4805a294e65b4d4db75948e86d3fdee4,0.79953694,acee70abee2841c9b67b95e9ed079647
c6b7ad3591e84b359837e00aac91e82c,0.7959729,6a122ce1702646db918266228d48bd08
ff15583dc30644238b32a7302a039764,0.79542017,b2be859ca8f24cda86821d5383edbc18
75a44d8541fc4f6db502671300b2ea97,0.79415035,fd51f3eef1a64d9a93652be481bde32e
1a28f3dacbd74510b8f8f45e80348e68,0.792079,0472051dc57d43f8b9dd08df475fc4a3
6e11fad70c424277a969434bd2dbd8b9,0.7884488,09fc9f38fbbb4bfaa1c979ac9cc43f0b
faf7544dd7fb43c5b63a56c55bcaafb6,0.7777897,4ad7e2502210436f9ca5735fdf7e50c3
49b80615188d4680a95923cff4718e3d,0.7768935,8f761e1117754656ac86a3a25f241cd7
6ef03128028e416e929a82f5c819206b,0.7632202,21b1ded02d7b42618592187e287835a3
b44be1c1621b40e1a7c06c02b225c470,0.7597588,17cc6768c9d14388b7455fea0060b62c
d70588024f024cdda9e71020d4ec2183,0.75762415,c8b9a0ac7c214a449c434aabdf6ef770
6c106f8a15e949a69472df18c370d213,0.7555039,75b0bd2240a54f6fb45bf95ca43ab5e6
3df0fa25822f457496cd93c2402bd292,0.7550031,aa2d7a3a535243189492d4ce8e79c049
bc4671732d9843eaabd57d23d84f259d,0.74803555,bd35571850644321b86ce4fae286ce7d
0d2bb28b114e4f4c8c688a13f967b79b,0.7334434,a4cad92644614f78bded3ca6d6023473
1c72a6a5b70a4bf08702aba29a63ead5,0.73039794,650afb6a1d054e59904a1b796552eb04
7901d858c6e44dea8acd99a79e378956,0.7290312,fcc9863b07fc4bd5a01fab5b9160eafb
c81fde53a5804d74983247fb14718050,0.72736084,bade01bd83ec4b6786fd8c867ca7a090
4a1eda64c5a74dc59c1ca7cc15a429dc,0.7041254,7ce06191f1114b4c8a00609f6867761f
4dbe9a58e3cb490eab62a2bab47d13eb,0.70056593,e27d9425c912446e947fe53c4a757375
ef7e074ee0664115b08c5b98bc09f83e,0.69791794,efdf40eee13d409c9955e5b84e4408f6
5d32b941bc394464a6da8d1c78aeb3ef,0.6912811,11ec23965d2941d0817082107996ebbb
d0dad3a420c744c3b2aaaa1604121d1f,0.68587077,e96aa0967ab94368b381354e03dc40ad
0ff2646f55f04a5a93328204b6fa099c,0.6573244,31b69f9501c4415e929b6af28c83f6a6
3827fc528c674ba6b4b692725d257a11,0.65582013,1cbfb22f84454b1fb821b602e3ad11f8
974a8661873f458193c891d3ef4dd208,0.65338707,691acac4a54d450697afb2c2dc4fca09
e938fc1d26e5456ba78f78d9f8514816,0.6527525,b25fe3b79f714d38b3fc53e39fd84d36
55f19079097043d4b29cd2c08fb960c5,0.65240693,58db4c3a26c84fa68d81235d078208bc
7ee89cd6d6774885a024ad9e8abfda35,0.65029275,3257035cc77946d98bdc09e2fdd5cdae
4593972edeb84fe49e5ad1058e0d8d35,0.6464323,bf59502a233e4b5eaff9cfa3a992c387
df2549937e044a9583242e2c20f87e85,0.6438894,f615619defc4402b82845090c238e597
8dfd5233498c4be2b88b2b71cf67ed64,0.63884705,11ec23965d2941d0817082107996ebbb
454132982ecd4d5e9e6ed9c9e33f3433,0.63444674,257aed6ca7a44f1cb5c664beb1be527b
2fe38ce318ec41e091618386a291f79b,0.6334321,e96aa0967ab94368b381354e03dc40ad
d1fafb5d71ba42229f870ebc99263d20,0.6303185,836ec4ef8df644328ac07b7803709323
d3910d69c924478ea90090b8b527e0b1,0.6271276,903360099fb644b6b88c6edac88eecb2
f7d9f745835a44c4a947a141f080ed24,0.6202313,c0cb721b56f240dabf7f464e453ef72e
11cd11ee574a460989af01777e154c33,0.61306465,156f393f7ca046299e09d05464afa056
7f2876c8100e4b68a311343853ebb177,0.61297816,19c9ac7b84df472c85ed6cf5a05fbbc6
c0278f41c00f4876a3c2c551dc74e70b,0.61222255,d0a840820172465f83c8480d571e7b71
db4153df6e94413dada442eb6e6a8fee,0.6099672,2768d411cc374a018a898f9df0ca207d
00bddd864f6b4c06bdae75aa6a690693,0.60707927,ad2109663af04c549385cd2ab9b3283b
334dd9387233405cb0ba67a8ddd52c53,0.60626054,bab3bdc133384798b558f8fb6466a7fa
5d2dcf398cf24f1fa650c7f0c8035ffa,0.59867656,d27cfea4da8f445fb4e3c55e53c6482c
b2a24b751645419cb6e060319b510e79,0.59813,cd56b9a044c24df8a7156f661cb3d9cf
46a274267ab54ead8270c0e79ff16753,0.59017223,5a26ae7959494fef99542e9b2004fd11
9f143dcef5ee44dd89610738332533b6,0.5837685,6a33c207c8b648f680dbd0e65639ef04
ec947b46f577485bacac003c668ee2b8,0.5812174,d74f6e7abeb84eedb9923dadb62f45f0
ba50600bf9f046bf97bbe28dc09a3ff4,0.57661945,92229a391d0b418f87b32c86c42a292c
52bcb0a99aff4ed18c8fd7fc24e687f6,0.56479484,7cd1db4b50dd41e6b2f3dd15fcab3b89
42b1aada557b48a0989c6a1c05378299,0.5608592,17cc6768c9d14388b7455fea0060b62c
d4b67d4bedeb47018a353598e2262d9e,0.5523091,c3412c53e9ec4b6a9a1aa95cf7f0f1e4
a79ab69369744d3bb4d94f1ed2d8c781,0.5467528,c8b9a0ac7c214a449c434aabdf6ef770
b90d91a297514acd88d2d9aef7a483da,0.5416304,7a2491a27f3c438a8549988f7a79e26e
e30148a8fe434f3eafce6f2cce757060,0.5390808,9170e0bb8fe44b309f83293808d871fe
72679574292b4dcba4cd8bf82996bc5f,0.5383816,64f1d63a671d441d9663a783f632f794
d74e7c71176e4554969cb9fdf7d1986c,0.5364679,34b71675a1ae442395b6eb1f3eda23df
91e6133ed3e2412cbd4f9450388c7eb6,0.5364541,17cc6768c9d14388b7455fea0060b62c
3c6017018cff435f8a15557ec2740321,0.5350159,85e7ea30890b456084b8e85c299c8649
9542d0008f7d40028d37ffe95d4e270c,0.53469473,a0fe3cd34e474c3b90662ce8ef1fcac6
8315c41aab974f618fe59e445d7e6543,0.5338756,b2be859ca8f24cda86821d5383edbc18
78b24e025ac34eca9b613f65bcba2f33,0.5337938,b7ef0a61de0e4adf9688b2c525c9ad09
0aa6a9108b584bbf8d7c94f8d1ba84e3,0.5321333,691a538d2372403fad2b919b48ff5f85
b2486195994b46178a02231ec766d3ea,0.52509344,b050e9e1ef5946c297a34dda98d8f476
26463e5a5b3b4b8abdc0a436268a93cb,0.52180123,77ac5eb4b3054ca68e2b0dcbd5473fd1
acc8825aa2cb4d06bd3574a6b36e6a40,0.521532,c0cb721b56f240dabf7f464e453ef72e
d3b5dd91af4f4e17a5b26bd5058f3dd5,0.51980805,c26f5e7dcc8149f18f3d719bba9ae717
ab4c8222cf584ba3982f14500c005291,0.51840496,a6a551a308b9442f947ea0608ae2c3fb
3febcf126f0f4f8585113e1917eed33e,0.5163219,1fde4c9a01f84c349461083b6d0ba9ed
b24046864bc341499137c0e4a5d92315,0.5155648,82b01998353e4141a7613fdc96d7b600
bd11eda8c59c41a383c769c428ce6d6a,0.5143283,a1d8cb16dafd4126922f985021e93631
86339034705d41e685883013d2ef7d6a,0.50772744,9303b9f7f4984b2dac8aeba8c8da8ef6
659ae42d80174d04b5c0e2295c83e1cf,0.5070577,e7d6747e8c8b4ebcb665e232240daf17
8085782f7d76421b8468fb1e61d4fd61,0.5054778,369fe18b94f54c98b554fd22b4a3b50b
27ac7ea2481844079ce6ab849edc3901,0.49628288,526ab7eda50e4a239d03ad505832d61d
aea33ab76ea843ddb17f1196fa2875f1,0.48564434,f9fae977af2c4f35b29400f31267e170
999fb1ffa3824b0691a5dcd65625f30f,0.48225522,2a9658410614443d8a27ef174f61d6e8
413423a32eba46c2b7def04c66e6f9f2,0.47838804,19c9ac7b84df472c85ed6cf5a05fbbc6
d3e12207d56644628943a01c0cdd93ed,0.47692847,1216ce1ef31e4643bb1222538c206342
d7f295b3018e494d84b29f498ac03fa5,0.4768281,46bfd7af0ed6491fa621350963d11e35
d87ab9d9a67547ccada7b9ea3d22154e,0.47615927,bade01bd83ec4b6786fd8c867ca7a090
984301327f964e12a088fd8ee2361fdc,0.47328672,ecdae9f36c6a437ea72739febbf1c89c
45e4e8abcc7d41019873e9cefcf22239,0.4712621,01690d9b08164fcabd5bf0819754f71f
9f68e2380d2a40eda419370717d328b2,0.46999872,ad289d5052264f9c8bd0aaf9faace92e
e96f7d9a6eb04d7e9b3a01744c7f210e,0.46952954,836ec4ef8df644328ac07b7803709323
d2b5f8ef9a8a42058f879a4e41d8d02c,0.46848106,b050e9e1ef5946c297a34dda98d8f476
3a824fd4eb9c426291f1b6fadad0d90e,0.46752143,fe6ace599de44aa19b1773dad3658fee
840915e1243641c0b502a35bfa1a9aa4,0.4609413,e456afdf95e643dd926249fec4d68753
da88d4d5eaad4690bbe94a2165985050,0.4607947,01e805bb5a1845a7addf86fe9bc8d814
b7734f7f37a349c491b96e42059f61dd,0.45095307,bab3bdc133384798b558f8fb6466a7fa
0f94bc21c14143a9aa839de2e99bdecd,0.4500578,7ce06191f1114b4c8a00609f6867761f
a1940599db974ded9752d1567b236c42,0.44850728,c8c201e25c0047a2ba9d9e8541ac0939
ff0622832e0e48519d375778af4f60c3,0.44828972,7ab29c5e2f05481d8a69cc479a764ee8
fcde1e3b91aa485688682e6fdc3c24e8,0.44002557,1d47a696eae94bd29f215a4787b27d8a
eccc933299ba48deadc3fbeb6ca6ffea,0.43569046,37337ebec05640b890e4b9612776c32b
d060627e97d244e99da1e44ccf7d4a91,0.42967376,5a26ae7959494fef99542e9b2004fd11
39ce9102f2044852bd09b544df5b8092,0.42801043,7ac9c94011924c09b47f9640211885a2
b4d2f62738d84adba1b5809481bab602,0.42066258,fe6ace599de44aa19b1773dad3658fee
8c55cc4f7bc44ef7b9210ff7b7595435,0.4201324,75b0bd2240a54f6fb45bf95ca43ab5e6
8fbf0e065e2147b39508d482b6af3901,0.4158485,855b3971c4a147cfb9a7c281fa6b915e
0619f008d28446449bfab75441601f01,0.41402036,7a4c413f5c844796bd5ffed2b65f0336
d23da11a51a94f54a9acb157cbe7056b,0.4131058,27eee82d7fb94b9b8b60bd3101187496
705398996d6440bd986d3dfa47bb583a,0.41290414,3be388c9ab614bceb086c19f70df23c2
bc216861a2124a6b9cd42cda34629f7a,0.40994906,257aed6ca7a44f1cb5c664beb1be527b
014b077427a84137a08055cd6ba1057f,0.40794957,fd51f3eef1a64d9a93652be481bde32e
451c5024a60b4f45afcd2f388601c16b,0.40413788,640f3bd184b7425fb22cc7773b8b2244
99370de3bbb74c12a92ca24b995d92b1,0.40343928,4430d47e30904eab969c1baebca184c0
7fef3b2e0481482fb860ca2b3db02567,0.40021163,9b22c5cdbff44bdabd48dba008e6a3b2
0440c322e82547b787d5f173806bb341,0.39984927,e039a00eae414ebbb2205b011ac127cf
321ad870fb8943ddb55d46439d2912e0,0.39740282,1fde4c9a01f84c349461083b6d0ba9ed
3d4e582564564c72b47184e7b5c0717d,0.39675164,5971501b0e8b4ef5b203c3985d7f5e88
d9826bec6e1c4be6a7152f89b950fee2,0.39502645,c3412c53e9ec4b6a9a1aa95cf7f0f1e4
936da7c6ee60477dab2d4d91e51a0931,0.3949635,526ab7eda50e4a239d03ad505832d61d
1c5c1558517e409b9358d9a48811062a,0.3935262,fd51f3eef1a64d9a93652be481bde32e
11bb2992a06243158ef845965bbb79ec,0.38649964,efdf40eee13d409c9955e5b84e4408f6
b2e0675fdf93468a8fe7f4992e5ac02e,0.38606018,a1d8cb16dafd4126922f985021e93631
7d52dc1203ef4f9e9149a1557341406b,0.3854611,a1d8cb16dafd4126922f985021e93631
96bcfa53901a41dfa438964a0688e82d,0.38466254,88dc23909eb4415aa39b96cc3a4c2926
f023a1ec2a5e4947a0c66be38c5f67b2,0.3803224,7ac9c94011924c09b47f9640211885a2
5c189d9231904498a16870be4936df4a,0.3794555,cc21026ff0d541909df56c5618d28518
edae612794a548eea7fe0edde2cd8271,0.37832904,c3412c53e9ec4b6a9a1aa95cf7f0f1e4
932fad47da6c474ebd763a0249ad22cd,0.37411487,f9fae977af2c4f35b29400f31267e170
90d603d31e104c02a43e18ee6dfe41d8,0.37217563,e492ff7fecf046a4948c5ba5631cdefe
d826d2d9a30147d59c909ec8484bf8b6,0.37092888,ed9b10a2879742628fce003076ef9024
5cf8596279eb4fd1a30ceda96102ef99,0.36710918,80921378de2b4cd3a14d449688d8b079
e16ea80e38c340678ef8f73bb189fa64,0.36647987,cc21026ff0d541909df56c5618d28518
3321422a798047078d258d49e7912855,0.36325234,6d3c42356e3b459c919e3129ff192ac4
55f81e8022ee42b893d99d17d99a3f32,0.36067915,0302e7dde9074dddbbbdf85e9be57901
d02c0b31ac9a428fb46248742eb502fa,0.35801077,e7d6747e8c8b4ebcb665e232240daf17
e750dd4744fd4421bd2387f0ec80c5aa,0.35797554,f5a6222612ef406b8f02aef87e08c476
4a2b5888e21b471bb770cd3b5b496ae4,0.3460852,4d708e5878784386a42c2f436d2d60f0
f99339dff24a46dea0ac6862299d7024,0.3452205,1cbfb22f84454b1fb821b602e3ad11f8
b89108d9803648fab3137eb2d150c208,0.34395564,d27cfea4da8f445fb4e3c55e53c6482c
299ada2bc5ef4534ad5e0b1b7d10e457,0.3439026,e02ad4f63c8444b79a7a56fb23a4e0f1
587c1d4811034d7d8e3ccdb4af7ddbe1,0.33619982,e25b9d9944cb4d7197efb8ffc4ff57a1
f6440ad65bcb48fc8d7fb11f5accc309,0.33468515,e7d6747e8c8b4ebcb665e232240daf17
503e10935d8945e8b7552e9f83309667,0.33349282,efdf40eee13d409c9955e5b84e4408f6
15af8d3a801645799a0656e8ff3c729f,0.32852173,691acac4a54d450697afb2c2dc4fca09
8e57d7771c084620b4bc95981a394b34,0.32733428,4aa3556b2aed469584c573868193a07a
a1e176f474f04640aedebc0ece81583e,0.31765503,965598a17b624a0f9bb1cd58595458a6
34dd2bcde19344c69a51099dd39f23de,0.31635097,5a68e05acea4434ba08e17e1fff00057
a95f568bf31846fd86a94ef5cc3a229e,0.31615204,ad289d5052264f9c8bd0aaf9faace92e
46328d405c424838a7c023c33af7ec2c,0.30942217,c88be17376104f999b914a91aebf7220
91c1e818e83d4b929c7b35f910b68663,0.30788076,a25b08e008114c9ca0266ce3e55d82bb
7e1df8a5aabd4ab88cff299bb27c308d,0.30344224,0472051dc57d43f8b9dd08df475fc4a3
af017ad1aa9c48c490bae2aaba2f1029,0.30158985,ec281224f8ee419ebde676f291672aea
33babb0b73f84a8a87d9c75c03bfbc99,0.29955596,1216ce1ef31e4643bb1222538c206342
0478a4dd439f4218a9194cd283b15aca,0.2915295,ed9b10a2879742628fce003076ef9024
37a0d209e50848efb76d08c3f22eb3bd,0.29131657,d576e334105247369362b05a375e88cd
982360bc10ca4c3ba78467718112babd,0.28942582,c26f5e7dcc8149f18f3d719bba9ae717
c63b9549ac384d1092aa0770e0290785,0.28734338,92d5da561f5a41bf929f3555a74cd653
c350ff1ea49c4547b89b09403669a4b0,0.2858674,4430d47e30904eab969c1baebca184c0
06b6d2be43a64627b49fcfeafcec63dc,0.28120136,6b9b2c8f0a874bb8b6691aca6bc49565
469ca74fcdf244ba896fd018680b3201,0.27997118,4ad7e2502210436f9ca5735fdf7e50c3
22dbea142f4c45988a0efcb3c3633249,0.27966154,d42996c2b67443fd9b73bba7641d4f77
d9b3a26c8de14ab4ad2a779d31b4f01a,0.27860618,a585d23fe43f459ba86ac15645af77ff
790d3e003e2545f9822873e830615360,0.27430356,ad289d5052264f9c8bd0aaf9faace92e
4cf01329838243b998a06d2ffab76517,0.27213445,99142f1c07cd4782814f8c970eaaa40a
57cb6a69463a4f248087b39af146fdc7,0.26850057,0f9cc12519eb4872af7be7fe49e19f59
d7d1062b83d0482889557ef5578d6c18,0.2677281,836ec4ef8df644328ac07b7803709323
117ba0c13f714eadbb3a6a9d0f6f3702,0.26015186,9e304a9bbc7b4c22af8025fc93757357
e10cdddb573548c0bd3d9eb0cef37f37,0.2589041,d0a840820172465f83c8480d571e7b71
619fb307d36a42b8818b2918edc88ade,0.25653028,aa2d7a3a535243189492d4ce8e79c049
98a56450793d4447a21350dcb38b80eb,0.2541765,efdf40eee13d409c9955e5b84e4408f6
2c2bd31efb4543d08c60180fb6fa21a2,0.24777788,1d47a696eae94bd29f215a4787b27d8a
0f3dc35d3b4a40e79c0af54b9b3d1f66,0.24739385,fb709e29755b44988bb252c87a2ce2f3
824e34ffddf447618c176cfb2577eb45,0.2454068,965598a17b624a0f9bb1cd58595458a6
2f01109a00d94d2ba4736fbea4522c20,0.24326785,78b600dd53854b018f87267d268b7b1a
0c2f43def73f4f3a89a64828f97dde43,0.23619342,a6a551a308b9442f947ea0608ae2c3fb
6ef20b2327be456ebe9d47d6c015c659,0.23393255,77a8b27acb0e4600bb6ff974eabc269c
bfd311fb1c224274b98d99f84e3cf150,0.23224851,d42996c2b67443fd9b73bba7641d4f77
302f7c4fe5f346b7b6f4c5850ccea290,0.22895467,d576e334105247369362b05a375e88cd
411837e42b564c399e9444d5403a3734,0.220386,e52a528036014db0a7bd54b99a310fe8
924127ab124d40edaac3616675e82655,0.21120697,bd35571850644321b86ce4fae286ce7d
93879e26ebe547db997c77791c3d7fc1,0.20924696,21b1ded02d7b42618592187e287835a3
91a9ce617c5b458284f2fab317b423cd,0.2056306,1216ce1ef31e4643bb1222538c206342
1ca76b297f0e46b1ab22a8cd94230582,0.1958934,27eee82d7fb94b9b8b60bd3101187496
a0e3b8c54d2747bf93d30efbd15a8fb1,0.19201148,4a4eb12a639346b5a00557d54b51fe51
64f28ab73b654d0399810c11e2dc615f,0.18627876,7ce06191f1114b4c8a00609f6867761f
1f51f549ad514b1c98445416e5acfe66,0.17654276,5831f5e280be4c02a09ce4588b56d7f3
5ebfa573972845a5842bf96fbf02053a,0.17631632,5a68e05acea4434ba08e17e1fff00057
17ef3923d27b4a0d99dbc74302d79924,0.1760627,e25b9d9944cb4d7197efb8ffc4ff57a1
b2bd065cdfc748af858a6b41f0be933c,0.16603786,31b69f9501c4415e929b6af28c83f6a6
cde31d7f76684d62b17e619c0f1e98d1,0.15993261,b8ca3b6144cd48208caae952e096e7ae
d2d96f2a42674dfbab3101abbce904dd,0.15000054,a0fe3cd34e474c3b90662ce8ef1fcac6
b187ddffdecd4cf9b139b97f1fe3695f,0.14680259,1b4e143cfc1648a5b877d7445446366a
569c47730fc949f7a3971473e07d0f6a,0.14185154,678725f8b914453fbc1029b7c1bc0879
c8edf9162b024bcbbab1b1a81987a40b,0.1394738,1cbfb22f84454b1fb821b602e3ad11f8
398dcfd9b9434e5aae4fbf7f5752d33e,0.134666,ff715b4f228443e3b067c801250f3402
656745a4e33546768385d4e040d0fb52,0.13451284,01690d9b08164fcabd5bf0819754f71f
9644dd0795c64946bd689d24d80536a4,0.13403368,a6a551a308b9442f947ea0608ae2c3fb
f2b48599b4e942a098c9a2fb280c2525,0.1324659,7ac9c94011924c09b47f9640211885a2
ac047081c69246efb1e1385bc77fb76c,0.12817645,88dc23909eb4415aa39b96cc3a4c2926
2a15a6ed7e29403295f571a40fbf5895,0.12805462,e492ff7fecf046a4948c5ba5631cdefe
94aeafd28e6749c09c57cbaecef9df80,0.124376655,6c8a24653ef04f559b88e0f27c0df63a
574579024c244c8692dbb21de8829775,0.12293389,5831f5e280be4c02a09ce4588b56d7f3
78f98ba4d60845a481387741d684c46f,0.121454835,e02ad4f63c8444b79a7a56fb23a4e0f1
ff710f3510b24d89a54afab54c23edc6,0.120268166,691acac4a54d450697afb2c2dc4fca09
c299003ba5bb48b3bd7eab31321b539b,0.11865991,f615619defc4402b82845090c238e597
041c8b8571254958916a2b21a2e98516,0.1178956,3257035cc77946d98bdc09e2fdd5cdae
f119f6dc27c64e5c8485b001368d839e,0.11517775,7cd1db4b50dd41e6b2f3dd15fcab3b89
17f9d21a0f2849cd89f1718c3052e82f,0.114512324,d79afb377f5349a69830b2b4c7cfefcb
83959d6f09044431b64a06cc335f08eb,0.10857934,9014beae94cf4f648e1663c8d5ec6803
c3758e6612fe4a54ae862d91d26d805f,0.10061729,d331012ecf0c40888e0ac290184f0883
a3c8a08e370346b095ed986fc19f420d,0.09758612,89e43b092c844b5886a93091a22c894a
a202212d6ad9404fbc16c60a7fc73ddc,0.07595527,fb695c097d5845c282f6b30c241e8cf2
fc06ca8216b146f1811dbd89c4518c42,0.07286596,6a122ce1702646db918266228d48bd08
0186efa87e364652a49460c2436f11da,0.072750926,ec281224f8ee419ebde676f291672aea
e248745a536e4547b843917beb8bc3ea,0.07117337,cc21026ff0d541909df56c5618d28518
90f24532a2864b7aabfcb8e5d5dbce72,0.06991482,46ba0b979a664c7cb0c315c4cde6ac86
f6577f16e3764b67b1b06fc24d9379bb,0.062038064,e96aa0967ab94368b381354e03dc40ad
c76c69c650e64dab822589767532bc87,0.05936867,89e43b092c844b5886a93091a22c894a
fa4aad3a76ce4c019895b7d73d8b496d,0.0558275,e5692bd498004d32934fbaa05af2120d
4dc64707bd42424f82f84de41d91a5fd,0.054647326,3be388c9ab614bceb086c19f70df23c2
387cfff049b44a62ad0215e9bcd6f912,0.049548924,ecdae9f36c6a437ea72739febbf1c89c
f4e34063359742b7916fe2635de1aba0,0.048957944,e45844e0215f4a1596a7f9ac41367c46
8f2e335cd3c54f569c74283b0078f908,0.04892546,f036aaf4ab714c598a0b6da4ca604136
a082e18320bf47fe8c3c9506d626862a,0.04801303,b4150337314e40fb9e3ebb24514504a3
429c0e9f5199454590fcd1e2560a42a7,0.047530785,1af4472b38cc4304841b2f1720075c9d
4eef43c568d642d0b7a75932102cd2f8,0.04524702,8aadcf7251724cc6858dc0db44abebe3
00b97e3bd70241758022cdd5d10450a9,0.0381732,fcc9863b07fc4bd5a01fab5b9160eafb
f1f00603ac934540b2a80ef9cdc88647,0.02615124,7cd1db4b50dd41e6b2f3dd15fcab3b89
c674a30eca94429c91ef5e7bfd2d9f24,0.02366501,c322b788813745e0aa7b592b4345d379
7a18d92954ca495a937856ac7ea4d263,0.01911509,564a84b1b830407e811bcfc7fd086a6f
6f6fd5b2a152493e8afcb221b1b198bd,0.017344743,cc21026ff0d541909df56c5618d28518
b8355f6877f04cf583abef8dbf343f61,0.015239835,a6a551a308b9442f947ea0608ae2c3fb
b34eaaea52614dfe82c2df09e4121948,0.009463072,8a77dc665d8b4d95a0b1113522f7e9c3
3e7d386674184d34bfa0757dab4b3681,0.0016027689,700f381f40ce4b039ce0df8b49fb199b
f2f267caea8b4b99a078a6d77af06916,0.0013487935,7a4c413f5c844796bd5ffed2b65f0336
3c400856520e456ebb8a1f9660e45cad,0.0009623617,3b13d134762445cebcdbb02b484db77b
b5712ebb3754407989fd548033fcc3d3,0.0006610751,e492ff7fecf046a4948c5ba5631cdefe
