6d86d0062e7c4ab1a1c263fe7418697f,4.336226,e336d113184c4ebdbad7aa2b6ec64640
f2b48599b4e942a098c9a2fb280c2525,4.330845,7ac9c94011924c09b47f9640211885a2
239190927a44453bb33c24a550d70b96,4.299425,c26f5e7dcc8149f18f3d719bba9ae717
7342516c90ad4776bc0f64a3358d530c,4.148654,02cf82700b4f4773af3a14ad8eaa5270
c81fde53a5804d74983247fb14718050,4.0979843,bade01bd83ec4b6786fd8c867ca7a090
dbf2f20d05034e77a9be456ee8d44377,3.9607313,564a84b1b830407e811bcfc7fd086a6f
a987046439f446848e7b3520dcece6d6,3.673187,4ad7e2502210436f9ca5735fdf7e50c3
301e127ffa514901b5840fd47f9f7e18,3.6507442,cc21026ff0d541909df56c5618d28518
7320e14823a54b30b0a3fa3f42a01ffd,3.6462414,1f8c0f02984e4139bf8043e57497fdb2
117ba0c13f714eadbb3a6a9d0f6f3702,3.59247,9e304a9bbc7b4c22af8025fc93757357
a3d947b7e3e3451bb473b1b5e22cca51,3.5334651,ad2b6fb945714e6792c17bd49a1066e0
94c480de369e4fcab0aee54d6543f90b,3.4586606,630edd9b8f754b5dbd36cfbbd03ccb51
7fef3b2e0481482fb860ca2b3db02567,3.4326017,9b22c5cdbff44bdabd48dba008e6a3b2
173d2968abb140d2bd3ad182500686c2,3.4077,d443e0c5017d48d1b3f86bf4da959ed5
ca143ca992a648ca9b004f3be8a53a61,3.2892947,4696c8192576454f8684954bc771aa23
2a15a6ed7e29403295f571a40fbf5895,3.258495,e492ff7fecf046a4948c5ba5631cdefe
3cabf7db885244c3aef797eb94b75b3c,3.2494125,17cc6768c9d14388b7455fea0060b62c
b1d8d95b89ff4347aa88a86b33c0e524,3.1993256,c322b788813745e0aa7b592b4345d379
0ff31fb63a044ecba52ee62968e78be6,3.1658764,65664fb3aad341fab563409d91dddd2d
512d51a776a240e1b495922587e2bbba,3.1586208,a926df6d7fcf4b17b68dae6f41fbce66
3d87a00da06642ab94224dffed6c2ef5,3.1509483,c9e2e76e631c4d0a8013d90892350e06
4bb46186bb5347c793ef12b4397ebcd6,3.0773573,6a33c207c8b648f680dbd0e65639ef04
1f51f549ad514b1c98445416e5acfe66,3.0735474,5831f5e280be4c02a09ce4588b56d7f3
f0808f396f44491a8fb26af7a42dab06,3.0734963,09fc9f38fbbb4bfaa1c979ac9cc43f0b
3111ca7c585243e4aff0fad54c82a69b,3.0495691,836ec4ef8df644328ac07b7803709323
0623d83a061f449f86d03b34bcacd314,3.0412307,e456afdf95e643dd926249fec4d68753
8dfd5233498c4be2b88b2b71cf67ed64,3.0081544,11ec23965d2941d0817082107996ebbb
a02994faca0a4c088e226d856518737f,3.002027,630edd9b8f754b5dbd36cfbbd03ccb51
a9b2741eb1ab4c8bab6bec840430968c,3.0013678,02cf82700b4f4773af3a14ad8eaa5270
9c74b02f802b41bab45bd626251e1d88,2.9992077,4b748d6624144214b3d8a80b37aabde6
37a17e9368a0458aad652a8b0602892a,2.9736865,630edd9b8f754b5dbd36cfbbd03ccb51
33d76c41516a4e5aa8c5b3b16cc6c6f7,2.922555,e7d6747e8c8b4ebcb665e232240daf17
58e273c754c742a5a7557cc56e24814f,2.9106815,b7ef0a61de0e4adf9688b2c525c9ad09
f8839308f8e84df6a185506e6f3f1674,2.9008546,e5692bd498004d32934fbaa05af2120d
5b21a17866f54dfa8e63c58219851a21,2.8908827,d981f2c67f764e0c84af125b563958e9
9ae0dc25880a4b1ca67998ae29c63cd9,2.8836823,eaca056cec224a30aaaed30c39f644c2
a306a4b51e064a1daf8766259f6f5c19,2.88153,c8b9a0ac7c214a449c434aabdf6ef770
9146bc8522804996b5984ed63944edb7,2.863361,01690d9b08164fcabd5bf0819754f71f
26ee506b01f6447f8db3592bd80ed39e,2.8602066,78b600dd53854b018f87267d268b7b1a
2952ebe55f624860922615014214deb1,2.8525007,88dc23909eb4415aa39b96cc3a4c2926
620d85d5d0b947dfb2f0574a0d4dfe72,2.845213,8db9e204b8b841df8fd94eff0888cdf7
be9ab7f3be354f5c90bd15df7006776d,2.8413413,02cf82700b4f4773af3a14ad8eaa5270
76ffb89b5ba84a8788d68f4010821e12,2.7880628,c0cb721b56f240dabf7f464e453ef72e
6e6870a557a147a9acc900ab380040fb,2.7848306,e25b9d9944cb4d7197efb8ffc4ff57a1
5f9f73f06c024e65a85b3c9298c426cd,2.7791011,d4cd0b56b6f54e08aec8ebfdb6122c5c
1080188fcae241b4a5c7649114dafd64,2.7786303,5971501b0e8b4ef5b203c3985d7f5e88
06706b7f76a3492e8e814546d9bcefab,2.7732933,d981f2c67f764e0c84af125b563958e9
8c55cc4f7bc44ef7b9210ff7b7595435,2.767805,75b0bd2240a54f6fb45bf95ca43ab5e6
c3758e6612fe4a54ae862d91d26d805f,2.7520227,d331012ecf0c40888e0ac290184f0883
1b136bc276a84642874e1a5427cac81f,2.719636,e7d6747e8c8b4ebcb665e232240daf17
b074150ff8a24cc9b889876ee8b52d9d,2.7115388,a926df6d7fcf4b17b68dae6f41fbce66
a904fb4b818843aebcf6c526facb5089,2.7042773,8a77dc665d8b4d95a0b1113522f7e9c3
d02c0b31ac9a428fb46248742eb502fa,2.7027018,e7d6747e8c8b4ebcb665e232240daf17
aba310b256004f63a3f3225cc1b813dc,2.6981137,4ad7e2502210436f9ca5735fdf7e50c3
86584226e35e4eda9eaba4e5fe495984,2.6352668,6a33c207c8b648f680dbd0e65639ef04
d1cbea7387cd4d1bab69dbd0238bd135,2.6247942,6a33c207c8b648f680dbd0e65639ef04
a1ea6d619e4045668556cef7645bb76b,2.6223512,9ff95d23c3284d31ba5e398afa520649
0ff74b4b29e044ffb307f3598dbbd1b7,2.61165,e52a528036014db0a7bd54b99a310fe8
cb03a3e350c3487d9d636625b49d09a0,2.6055994,855b3971c4a147cfb9a7c281fa6b915e
c57df4a5798042df90a71b4c979df11f,2.5984385,c8c201e25c0047a2ba9d9e8541ac0939
a79ab69369744d3bb4d94f1ed2d8c781,2.5937412,c8b9a0ac7c214a449c434aabdf6ef770
c40beffa8f0d4679bafb1eac1d38bd5b,2.591223,75b0bd2240a54f6fb45bf95ca43ab5e6
ee6aeba966504751952213ca4d85796e,2.590488,3b13d134762445cebcdbb02b484db77b
42755c05cebb4531bf9b3f3297150fe1,2.5536714,e039a00eae414ebbb2205b011ac127cf
7e211c9e52254e199e0deca74afcc524,2.549434,bd2f91a9415049d980e453f94327e0ce
898b757291e64b7b982221e0a86dea5d,2.5466328,e5692bd498004d32934fbaa05af2120d
2246c7640ba74a0d8caef1ca9f9d44dc,2.5450335,564a84b1b830407e811bcfc7fd086a6f
dd7aef966c97433eaa394c033bd3ed81,2.5131247,e27d9425c912446e947fe53c4a757375
ced8e3adb0484f249ac865052953d5b6,2.5058494,58db4c3a26c84fa68d81235d078208bc
50eff679bc384b72918eba1cd77a5597,2.4648557,46bfd7af0ed6491fa621350963d11e35
64310259af8e430b8a9577093b411ada,2.4614024,6a122ce1702646db918266228d48bd08
3f284acc005e4f23a2bdf5b45700c4cc,2.4433413,f9fae977af2c4f35b29400f31267e170
d2a4c950a6244d788c3d60d371b154f6,2.4394403,fd51f3eef1a64d9a93652be481bde32e
c2da5a4eff03435c8c936f9c5f4cf43f,2.4360528,1d47a696eae94bd29f215a4787b27d8a
a3c58d5d2da942aab6283a42db2a14f7,2.4316306,37337ebec05640b890e4b9612776c32b
383851cf303e47bf803a3a00b6481efe,2.4309168,fcc9863b07fc4bd5a01fab5b9160eafb
ac2d96b937b24483be886056bc0c2b67,2.4165416,23066f7964874fd39639dbf2cb2766df
7f23a0de3d6649fbaa67cb1b2dae2289,2.3959641,ff715b4f228443e3b067c801250f3402
fdc1732f54e34300bc77d7b4c38ec31b,2.3890193,77a8b27acb0e4600bb6ff974eabc269c
599db2cba5134f72b9cd514e41aa34ba,2.3889692,e5692bd498004d32934fbaa05af2120d
899b54b766454749af73a7b5ba6ddfc9,2.3852813,eaca056cec224a30aaaed30c39f644c2
4eae669b05f642a98f2ee1b828c4807d,2.3850615,fb709e29755b44988bb252c87a2ce2f3
211c5c1ee1d042d391296b95c6c95c66,2.3809283,cc21026ff0d541909df56c5618d28518
ebaa88d224a746d786a5cf59845ee011,2.3757873,e27d9425c912446e947fe53c4a757375
78c3087265224b479cfa12716bcf1599,2.3722837,27eee82d7fb94b9b8b60bd3101187496
db0b5c45c2954d12b90e29ab07c75dcd,2.3654127,21b1ded02d7b42618592187e287835a3
b2b15ac784564b17b414221232730701,2.3544135,4696c8192576454f8684954bc771aa23
8ffbcfeb411843b2bd6e513ae284b232,2.3532588,00f45d57fd3c448d8cfdf3185ebae894
da88d4d5eaad4690bbe94a2165985050,2.342037,01e805bb5a1845a7addf86fe9bc8d814
bacf4a682b8743f48776deb535f64eef,2.303911,00f45d57fd3c448d8cfdf3185ebae894
b98768914d8d4eaebb4632fefbad06aa,2.2961597,89e43b092c844b5886a93091a22c894a
88769fc17b0e4f3a9736d45e131659d9,2.284688,ad289d5052264f9c8bd0aaf9faace92e
71f93aa94339483884743fd218725216,2.2770457,9b22c5cdbff44bdabd48dba008e6a3b2
d4b67d4bedeb47018a353598e2262d9e,2.272793,c3412c53e9ec4b6a9a1aa95cf7f0f1e4
62550b8ddf604cfba4e092fbead3bc1f,2.2678697,34b71675a1ae442395b6eb1f3eda23df
95efaf80178b4a519dbf8769d415c000,2.2674205,e492ff7fecf046a4948c5ba5631cdefe
9d68d4254983475b9feb48e30494c9ae,2.262835,66b0c8a58f444ea0aec34d9403b88a49
63d32d729061451cbc920b4066c15339,2.2457964,6c74bedaa406493a99988c5b8a47b704
7119bcd6ffec46a3b428819c202e431e,2.2328491,257aed6ca7a44f1cb5c664beb1be527b
da548115b6564ca69d846f3ea8615b6e,2.231869,e96aa0967ab94368b381354e03dc40ad
298a7ef0260542fb9aec7190927220c8,2.222968,bd2f91a9415049d980e453f94327e0ce
0c3b7a4e78f94de7ab1a415503097c9c,2.2149024,ecdae9f36c6a437ea72739febbf1c89c
6ef8ff7c77a84500af8da2548cb4bcd1,2.211046,855b3971c4a147cfb9a7c281fa6b915e
0a67f23ddf014504a380fcaf9e049a2c,2.210508,5a73e0a5c757410eb0928feed7b151c8
957566f2fe9f4406aa561e32617baa00,2.2040646,4aa3556b2aed469584c573868193a07a
ff2339e06523437eb464f18a90d5f80d,2.1943743,ff715b4f228443e3b067c801250f3402
237d880c4172486781ba355b82ab8600,2.1905103,e96aa0967ab94368b381354e03dc40ad
28f694942751431c839fe1d22e753e1c,2.182372,7cd1db4b50dd41e6b2f3dd15fcab3b89
ed7174d9684e4c1ab43b255543d62f86,2.1794162,b25fe3b79f714d38b3fc53e39fd84d36
5a9a908d748e4c2eb30cdf4a450e189a,2.1528404,cb85047b65f8468aa02744c28c075dbd
252a2a3078134eb8876626820c9ca8aa,2.1509485,1fde4c9a01f84c349461083b6d0ba9ed
74ee886c358c466b93e307e28af9d52e,2.146626,7cd1db4b50dd41e6b2f3dd15fcab3b89
244bf3fd283440389af52e02feb70e02,2.1434147,1cbfb22f84454b1fb821b602e3ad11f8
662a6fe9ae1b47f5b598c9d0ff7ad784,2.1401725,640f3bd184b7425fb22cc7773b8b2244
15d3499d1d4a4168b863a75b7e0b7e8f,2.1335423,e456afdf95e643dd926249fec4d68753
9d3df96b762f475baecfda5f306ccdc7,2.131778,b7ef0a61de0e4adf9688b2c525c9ad09
00384c60922647c68bbbf144d4c751c6,2.1194768,d443e0c5017d48d1b3f86bf4da959ed5
5b1ed8f4a5bb43b59f972b95a4346c9c,2.1001017,64f1d63a671d441d9663a783f632f794
af93b48dee3a4f0a924c31d87144d7fc,2.074646,b7ef0a61de0e4adf9688b2c525c9ad09
e349c885e3cf4b12898ea2f38cccf188,2.0735996,f615619defc4402b82845090c238e597
78ba6aa176c7496d85a6fdee9dad62f1,2.0726976,fe6ace599de44aa19b1773dad3658fee
eb00bd2670c84bb588d8454baa453007,2.070449,a0fe3cd34e474c3b90662ce8ef1fcac6
9da0bc8ceec24ce7bac851ca1fc67b5f,2.0702703,d6fe6f8380464e21a27fd69de27f1f57
757730e7c0414b47ba2a3a52768cdb3e,2.0508015,630edd9b8f754b5dbd36cfbbd03ccb51
6ae7d44d811844448d0c8e5d69ff7000,2.045812,3be388c9ab614bceb086c19f70df23c2
d52b00145e914e48aa1e81cc1b399901,2.0411787,cc21026ff0d541909df56c5618d28518
d7af13217f9446bc8d46c21e5d91114a,2.0328286,836ec4ef8df644328ac07b7803709323
7b844c15f35e4db9b884e79c271e87f9,2.0290186,a585d23fe43f459ba86ac15645af77ff
914e224085a24a7c87db637c208baac5,2.0231256,6c74bedaa406493a99988c5b8a47b704
bfc3042d6d684128b937f9d9878d4eaf,2.0116904,f036aaf4ab714c598a0b6da4ca604136
a30d8464e03848a8b72421c107f22fd5,2.0052252,d9fbe02f04a4469dac855f69ea6ad02a
5b204de5b2be4f0cad1271ad9c6b1f51,1.9986331,82b01998353e4141a7613fdc96d7b600
6193d950669f47f9a2268d0f3a41b2fd,1.9935049,faaac88748714ce8a99413b952a1dac8
a5f7a2fd13b64df595ec85f5354fecde,1.9918337,3257035cc77946d98bdc09e2fdd5cdae
7e14c6fa40384f39be08ef7ac6b7deba,1.9831927,4b748d6624144214b3d8a80b37aabde6
632f27bc9e4b4d3b84108ebd02d27c77,1.9801397,19c9ac7b84df472c85ed6cf5a05fbbc6
0f8a4be0f3094bce84e582a214feabb7,1.9800817,aa2d7a3a535243189492d4ce8e79c049
07e166148b304b0b9c003c015628df76,1.9784261,31b69f9501c4415e929b6af28c83f6a6
2090b42e4121433892402ab5724a805d,1.9682643,27eee82d7fb94b9b8b60bd3101187496
21aae632c1bf454196e14809b781c9e2,1.9670415,6b9b2c8f0a874bb8b6691aca6bc49565
b575522bfda54d4d83e55ab89262a216,1.9560882,6a122ce1702646db918266228d48bd08
1c5703785c574a4a86152b8e8ceaaab1,1.954918,4ad7e2502210436f9ca5735fdf7e50c3
c44ae4a053bf47e5b9b2ee3ef8ae2b5b,1.9447522,ff715b4f228443e3b067c801250f3402
d6db57dd12dd48adae78eb66e24cd991,1.9392986,cb85047b65f8468aa02744c28c075dbd
43584afca09c4071adba01dad786c329,1.9280902,e492ff7fecf046a4948c5ba5631cdefe
33babb0b73f84a8a87d9c75c03bfbc99,1.9275389,1216ce1ef31e4643bb1222538c206342
37a21040d578476783ff8751dfb91faa,1.9193146,02cf82700b4f4773af3a14ad8eaa5270
2b1ae0f0956e475c80e1ba5ca01abe84,1.917302,b4150337314e40fb9e3ebb24514504a3
3555001842e549e3b0aa8f30dcd11e0e,1.9171759,cd60a0fcac24465a880af7d8f921dd68
1a3959ec40e24329b5c36ae3d8bd148b,1.9168227,d443e0c5017d48d1b3f86bf4da959ed5
0cee0f740cfa4b118595c4e921220588,1.9068646,92d5da561f5a41bf929f3555a74cd653
d723c3032ecb44e187744c460cd06e8b,1.9066069,00f45d57fd3c448d8cfdf3185ebae894
ba2103e1cad442ec881f2b0d25c99bb9,1.9033973,46ba0b979a664c7cb0c315c4cde6ac86
387e43ce9c334938bbfe0ae8c0419ead,1.8999814,bade01bd83ec4b6786fd8c867ca7a090
c5693611e9044ffea24fede04ab1d9a5,1.893157,6d3c42356e3b459c919e3129ff192ac4
2a4b8f6f2f1948e587b2de1effffc8c6,1.888791,23066f7964874fd39639dbf2cb2766df
ad5f2cd68d6c448ba9532ff7665af2c1,1.8841347,1b4e143cfc1648a5b877d7445446366a
1f487d592adc46f1ba935a923c34a9c6,1.8563545,7a4c413f5c844796bd5ffed2b65f0336
de7e2ebef31a43768b57de371f2631aa,1.8503294,057164cf4aab45ebbefef3409359cfb1
f7d52b90e2e24549bfaa50d46ded3176,1.8502021,9303b9f7f4984b2dac8aeba8c8da8ef6
55cd381ef54d43069999636fdbce998d,1.8472455,46bfd7af0ed6491fa621350963d11e35
7b1d70a80254489e9de91807e6e223dc,1.8471974,5a73e0a5c757410eb0928feed7b151c8
78f98ba4d60845a481387741d684c46f,1.8453261,e02ad4f63c8444b79a7a56fb23a4e0f1
20017566ccc94b8982c75f9f05a8eb20,1.830372,ecdae9f36c6a437ea72739febbf1c89c
b4d2f62738d84adba1b5809481bab602,1.8294073,fe6ace599de44aa19b1773dad3658fee
432fd48d8c1946838e62f7912527deae,1.8201365,7c1e02f3ab614e539ac901e5cd3c92d8
c71fc9273bb64cf78fcb3160724b40be,1.8193232,34b71675a1ae442395b6eb1f3eda23df
4a5ee7ff69a445f48974483a915d4d84,1.8159468,1543a2f94aa74008914301874d98f0f5
4dbe9a58e3cb490eab62a2bab47d13eb,1.807051,e27d9425c912446e947fe53c4a757375
1946e52260f34a0695c378112d6020fa,1.8055274,1af4472b38cc4304841b2f1720075c9d
ddb77e0838c941d9acdd2f02496195e2,1.7880082,e9f055a212cd4e5e8601228c37713f35
b5f4e559a70849b2943f3967cc08b56e,1.785999,3be388c9ab614bceb086c19f70df23c2
42ce4e0d59764cd5a98455e34790c44c,1.7799433,a6a551a308b9442f947ea0608ae2c3fb
e263f6646da54395823572d53a7be6e9,1.7737203,58db4c3a26c84fa68d81235d078208bc
f3f6ec5a1f4a455297eaeeb1145a0d7d,1.7648977,6b9b2c8f0a874bb8b6691aca6bc49565
11cd11ee574a460989af01777e154c33,1.7640957,156f393f7ca046299e09d05464afa056
4c8ffe2f47284e42af52b98aeea87fb4,1.7639028,89e43b092c844b5886a93091a22c894a
168e875b6a7c4f0c83e74f55508fb7cd,1.7623984,d6fe6f8380464e21a27fd69de27f1f57
1e5b95e7ca1a462588131ff25c545f32,1.7560207,80921378de2b4cd3a14d449688d8b079
f6023dfadf94495fba9f43c8230ce2a3,1.7521319,a4cad92644614f78bded3ca6d6023473
fdef09f89c644db89a91442b6889f7b0,1.7473366,f615619defc4402b82845090c238e597
7fc16d6f92a847c29cf3367644e4e835,1.7448897,b8ca3b6144cd48208caae952e096e7ae
8315c41aab974f618fe59e445d7e6543,1.7401886,b2be859ca8f24cda86821d5383edbc18
2af53201cad64c32bedf284dd06c1cea,1.7348344,f11f1682b5924181b047d757d3e20964
960fbf15535f437db3b7e4614367c633,1.7323234,e96aa0967ab94368b381354e03dc40ad
7986e60543204582ac542d56eef7cda9,1.721753,9303b9f7f4984b2dac8aeba8c8da8ef6
7e808bd74e2447d79f7d266c88de6410,1.7177854,95fbc6ed8bfd43c1a6bcf676e26e7f8a
8585971b042846729be0531195bb8d5c,1.715313,3b13d134762445cebcdbb02b484db77b
d098bf81d2e34d868f274370a0a39716,1.705826,fb695c097d5845c282f6b30c241e8cf2
062dc7df9c4f430f87502fe7eadd5d7e,1.7043916,89597084b19c4902b073a2c6c6622456
bf4c4007f57a4055bcb4d820c06d7ca8,1.7039198,d74f6e7abeb84eedb9923dadb62f45f0
b7734f7f37a349c491b96e42059f61dd,1.6999115,bab3bdc133384798b558f8fb6466a7fa
98d13339052248b0b3c45e976da3acf5,1.6910516,3257035cc77946d98bdc09e2fdd5cdae
ac601d55d74246afa29a020b8029c7af,1.6906848,c0cb721b56f240dabf7f464e453ef72e
a7c05ece6ffc42e9a9efdc286789bba2,1.6905271,bd35571850644321b86ce4fae286ce7d
67a610b0590e4dc98c6ad2de2c47446b,1.6756893,64fa5ce839ef406b9bc8a1b2f05094c7
7002381cfd40489ebf699ce239f95dd0,1.6729274,d0a840820172465f83c8480d571e7b71
f90990b791cf49ff9b92b9a49cd87f89,1.667346,66b0c8a58f444ea0aec34d9403b88a49
c3a842974e16433d9488c7df87df853b,1.6546346,92229a391d0b418f87b32c86c42a292c
78806c5668cd4a01a34eaa549dbc4021,1.654433,d79afb377f5349a69830b2b4c7cfefcb
d940c859c01449d2acaaa7b3fdf1fbe9,1.6528534,01690d9b08164fcabd5bf0819754f71f
8766cab3c343406587942ee9f9888671,1.649761,74e7db4222ca4a20811199afafa346a7
256d2577d4f940778857e3ae7fa8e965,1.6496301,58f53c379f7a4868a2ba6d91a06247d2
3cfa920b06e64cb8a5dba56671ab5d59,1.6462852,3b13d134762445cebcdbb02b484db77b
ec9e443ba4a94ce1b32501a817565a6b,1.6447139,c26f5e7dcc8149f18f3d719bba9ae717
a7e8389d66b049749ff42ecf8384fc99,1.6421212,ed9b10a2879742628fce003076ef9024
c294e4564fbd465e948be4cb38ab0f2d,1.6392485,d42996c2b67443fd9b73bba7641d4f77
8058d1c206ab4268a15994fd69f5d5d0,1.6325657,1c97c72e076f40fcadb22b17e71beed1
5a9a922465d14fc6b190a50e964695f5,1.6301434,6a33c207c8b648f680dbd0e65639ef04
07c0659266c446b4b413362a241214b2,1.6214896,e7d6747e8c8b4ebcb665e232240daf17
fcd022d73a35405ab8a38d11dd06ff4e,1.6160206,c88be17376104f999b914a91aebf7220
999fb1ffa3824b0691a5dcd65625f30f,1.5957994,2a9658410614443d8a27ef174f61d6e8
c00b77da1a6749149b7830ba636d7101,1.593934,4a4eb12a639346b5a00557d54b51fe51
41fab89a8af342e5835f50c62da3910a,1.591362,1af4472b38cc4304841b2f1720075c9d
78058b8902c5442880e64005e19e3f06,1.589381,678725f8b914453fbc1029b7c1bc0879
146864f4715c4e438e2c3294df06d9b8,1.5876247,691acac4a54d450697afb2c2dc4fca09
3a53b02d11d74f9b84a71811f607d433,1.5874354,8f285540a9394706bd6ec6cda46c5058
98b5731fc463498f9da6bf4beeaadc1c,1.5854783,8a77dc665d8b4d95a0b1113522f7e9c3
8819510944174ce28e7b0d3e9d8c9fe3,1.5610998,691acac4a54d450697afb2c2dc4fca09
56fc3ec2992a4a609298efd89a7d3f59,1.5549501,e492ff7fecf046a4948c5ba5631cdefe
b30b809bfd8141fb9aab99fe056092d2,1.5514444,65664fb3aad341fab563409d91dddd2d
8278ffeb4f7e4854a015f434887473a4,1.5404998,700f381f40ce4b039ce0df8b49fb199b
014b077427a84137a08055cd6ba1057f,1.5394799,fd51f3eef1a64d9a93652be481bde32e
385af4460b5a436baece6ce3fa1cd423,1.5382555,6a122ce1702646db918266228d48bd08
60b12e62313f421f9865db223f254655,1.5380313,f615619defc4402b82845090c238e597
18200ac0950d44d7af9f61b8b1f6467c,1.5344722,ec281224f8ee419ebde676f291672aea
565907298304458f80b2f4504ee3473f,1.5335709,82b01998353e4141a7613fdc96d7b600
78c726c0af744ce0b72aeb59512d26d8,1.531324,e52a528036014db0a7bd54b99a310fe8
0186efa87e364652a49460c2436f11da,1.528639,ec281224f8ee419ebde676f291672aea
d0dad3a420c744c3b2aaaa1604121d1f,1.5278283,e96aa0967ab94368b381354e03dc40ad
1f8a0f1ab6d94f46a1c669d409295676,1.5183741,d331012ecf0c40888e0ac290184f0883
aa580e725d534bcc967dbef0c65b141d,1.5173932,88dc23909eb4415aa39b96cc3a4c2926
ef7e074ee0664115b08c5b98bc09f83e,1.516155,efdf40eee13d409c9955e5b84e4408f6
af1aeb26d52b41fea9c9af10f45c7bc3,1.51588,7cd1db4b50dd41e6b2f3dd15fcab3b89
e96f7d9a6eb04d7e9b3a01744c7f210e,1.5153235,836ec4ef8df644328ac07b7803709323
10a7715c72fc4bc7aac2b6e8ccb232d2,1.5150218,eb513691b7a04d31ab1bc50bf343447b
0c915913c66d40f6b77e2491b30dfc9c,1.5098673,a0fe3cd34e474c3b90662ce8ef1fcac6
4b984f558f9e4236b12f8875520bdebf,1.5049717,e25b9d9944cb4d7197efb8ffc4ff57a1
850ffbbf78224a1b910a45c2ad3ab6cd,1.504752,19c9ac7b84df472c85ed6cf5a05fbbc6
d15af016ef394763b0f876df474531e4,1.5045435,057164cf4aab45ebbefef3409359cfb1
61353a38c7e14c49ad888ed8da7d282b,1.4994692,ed9b10a2879742628fce003076ef9024
972aaaac6728431b983362d505543fa0,1.491996,80948e17b5694599919e1502bfcc08f3
eead86464fcc47c9a4330692646f0973,1.489231,1216ce1ef31e4643bb1222538c206342
1c8f15d98ac3471fb966536a1bc8e9e6,1.48505,f036aaf4ab714c598a0b6da4ca604136
7faeecafea264aeba8271a5a540bee0b,1.4779729,1543a2f94aa74008914301874d98f0f5
8fbf0e065e2147b39508d482b6af3901,1.4766605,855b3971c4a147cfb9a7c281fa6b915e
1252c75b04024238b04ae25eb65cf090,1.4755841,6a122ce1702646db918266228d48bd08
7f01bceb5689442b8a024b4596c8a11e,1.47247,34b71675a1ae442395b6eb1f3eda23df
c1904c9ab6bc4ae5b4b364ea1f24b7d3,1.4705884,7a4c413f5c844796bd5ffed2b65f0336
b386bdd20171436f9c420013263490da,1.4646617,78b600dd53854b018f87267d268b7b1a
f9f15f3fa87e4ecb852682898d5c2044,1.4646093,9b22c5cdbff44bdabd48dba008e6a3b2
b8cb140987104f8db7456d8b3ad57ae7,1.4617933,e25b9d9944cb4d7197efb8ffc4ff57a1
824e34ffddf447618c176cfb2577eb45,1.4536272,965598a17b624a0f9bb1cd58595458a6
6c106f8a15e949a69472df18c370d213,1.4530654,75b0bd2240a54f6fb45bf95ca43ab5e6
43de32fcef1548dbb9d856b138ecf429,1.4517361,7a4c413f5c844796bd5ffed2b65f0336
0d995ee72a0b43739f37e5962dd6c907,1.4501708,0302e7dde9074dddbbbdf85e9be57901
c2732f3b888345afb3c5116a10cd9896,1.4399747,e27d9425c912446e947fe53c4a757375
81c6d98619c8406bb519ea26c477b3b7,1.434745,d9fbe02f04a4469dac855f69ea6ad02a
6e651760ac2e4377abd5ff9ac4b8c9f0,1.4345338,d9fbe02f04a4469dac855f69ea6ad02a
469ca74fcdf244ba896fd018680b3201,1.4331893,4ad7e2502210436f9ca5735fdf7e50c3
f9a7d6299ae54cb8bc2e6ba1b878f8cf,1.4330012,e27d9425c912446e947fe53c4a757375
eb1fe6fcc1154bfcbe523b6401451927,1.4269614,1af4472b38cc4304841b2f1720075c9d
51e58e676c6d4b22ac3950bcd82a8417,1.4215608,fcc9863b07fc4bd5a01fab5b9160eafb
b187ddffdecd4cf9b139b97f1fe3695f,1.4190292,1b4e143cfc1648a5b877d7445446366a
700d97396d164429817cb71d0e1b313f,1.4178323,f9fae977af2c4f35b29400f31267e170
77f470031d7a4d3aa691e074e7215cb5,1.4122366,e96aa0967ab94368b381354e03dc40ad
93cfb01748a246528235d46e95b6b76d,1.4119753,23066f7964874fd39639dbf2cb2766df
7f8ae3801f3441f696f05e6cdd70c2fb,1.4098198,156f393f7ca046299e09d05464afa056
42b1aada557b48a0989c6a1c05378299,1.4024436,17cc6768c9d14388b7455fea0060b62c
7736e2c1dbab4b4c904c42e51fd17759,1.4023634,640f3bd184b7425fb22cc7773b8b2244
75bd7834bfba42a0824a1918cd04b829,1.4009247,c8b9a0ac7c214a449c434aabdf6ef770
d832897254e74ba4a5515e22654b2d04,1.4001311,9303b9f7f4984b2dac8aeba8c8da8ef6
1f314e6f401c4bcb95f97316f5aceb0a,1.397587,2425086d8eaf44d2a9519f0e4e6b289a
8e57d7771c084620b4bc95981a394b34,1.3960197,4aa3556b2aed469584c573868193a07a
a3b9cd8b03da4791964406ffeee48526,1.3955724,6542f58c143446f280e88a6375ccf79a
27b747520a594968b11704d54233d20e,1.3919119,e7d6747e8c8b4ebcb665e232240daf17
3ce8d2e955bf406c8830f97658207859,1.3866885,8f761e1117754656ac86a3a25f241cd7
5d81d489a98d444a83664fe0db47fccb,1.3804978,00f45d57fd3c448d8cfdf3185ebae894
ca5e7f899c944d258e0fe020c844ccb2,1.3785639,e52a528036014db0a7bd54b99a310fe8
de6f18bac6e4441f8dd17e252f1d993a,1.3710792,0ebc441d25664c91adad96b570270f07
649971e6871c4d3596bbe61f84b0e117,1.3682739,1216ce1ef31e4643bb1222538c206342
6c846ec45b5646b6b0d1dfce66fb8328,1.3680665,1cbfb22f84454b1fb821b602e3ad11f8
924127ab124d40edaac3616675e82655,1.3663111,bd35571850644321b86ce4fae286ce7d
98f802980f7641f39a841cd8697c5ea8,1.3649995,9170e0bb8fe44b309f83293808d871fe
21160fabb87f4b0fb849c04438771115,1.3615097,1af4472b38cc4304841b2f1720075c9d
00bc1d895118471ea04c2ee6a3ef3f22,1.3595735,156f393f7ca046299e09d05464afa056
93804e9078864c70b27336ff52724af8,1.3589953,92d5da561f5a41bf929f3555a74cd653
1089b153884e4aca90dce90c11539615,1.3558661,b050e9e1ef5946c297a34dda98d8f476
58c7b41f2b3b4984aa23beaa1382b4f3,1.3554211,e7d6747e8c8b4ebcb665e232240daf17
f2d238ecc2d34c4583220abec4d75ba2,1.3484228,057164cf4aab45ebbefef3409359cfb1
f560f83f452a48fc84973544fe676991,1.3483355,257aed6ca7a44f1cb5c664beb1be527b
1d6f4b84093244e6915c8d2b03d11912,1.3479601,bade01bd83ec4b6786fd8c867ca7a090
dd9bd5320911433f9d855d754095534b,1.3432692,4696c8192576454f8684954bc771aa23
e8dea0d3ff7b4340b7e4863d401e1a4c,1.3347331,95fbc6ed8bfd43c1a6bcf676e26e7f8a
06b6d2be43a64627b49fcfeafcec63dc,1.33178,6b9b2c8f0a874bb8b6691aca6bc49565
729eb469bdc343e6b5c2628e9be83fd1,1.3311216,903360099fb644b6b88c6edac88eecb2
408a26bfd8bd41529e7fa7db94cdae03,1.3302876,d4cd0b56b6f54e08aec8ebfdb6122c5c
130d36b77a584c7da24a4cfeb3a00f62,1.3287114,e25b9d9944cb4d7197efb8ffc4ff57a1
33a87d7db931410abdafbba3321d5b5c,1.3282577,8db9e204b8b841df8fd94eff0888cdf7
6b4034f8415244f88296cacd28edca37,1.3278574,8a77dc665d8b4d95a0b1113522f7e9c3
2c5e568a58a646b7b291350b7145e317,1.3270146,88dc23909eb4415aa39b96cc3a4c2926
4ec7a9ba5579479e8eb75b6a39172728,1.3238611,5831f5e280be4c02a09ce4588b56d7f3
64e8bc2bd44d4328bac29a1ed2e655bd,1.3223791,8aadcf7251724cc6858dc0db44abebe3
5ad95d0217fa4cccb9c2c7428bffd1f7,1.3218999,8aadcf7251724cc6858dc0db44abebe3
dcd792ee5ed44c18908c70bc295d64d1,1.3144401,6a122ce1702646db918266228d48bd08
4a79ee95c2f94e6fb182632a2357e449,1.3142909,a0fe3cd34e474c3b90662ce8ef1fcac6
ae244311f36c42c19709ec36d518171c,1.3133936,0472051dc57d43f8b9dd08df475fc4a3
26463e5a5b3b4b8abdc0a436268a93cb,1.3113468,77ac5eb4b3054ca68e2b0dcbd5473fd1
f161ed58877741ceaa5a6f014b69de49,1.3091984,e27d9425c912446e947fe53c4a757375
5ccfffd900a1434dae33727030983cc8,1.3069736,75b0bd2240a54f6fb45bf95ca43ab5e6
90d603d31e104c02a43e18ee6dfe41d8,1.3047361,e492ff7fecf046a4948c5ba5631cdefe
0f836960df064e7c96c2a78d865fd458,1.304372,bab3bdc133384798b558f8fb6466a7fa
903552e550a14d61b7dafdda426e7596,1.3009427,7c1e02f3ab614e539ac901e5cd3c92d8
7cb7428e7e774e2ca33b6d9a12926311,1.293878,23066f7964874fd39639dbf2cb2766df
6cf7328bcc2c487e8e43953245e0f4af,1.2903517,0302e7dde9074dddbbbdf85e9be57901
9cda69694f9945cda4d98d01dfa6bc79,1.2902927,7cd1db4b50dd41e6b2f3dd15fcab3b89
b593c0100abe40c4a0204ad40b73080c,1.2865607,ec281224f8ee419ebde676f291672aea
de34f2e7e9ae4380a242b0f09f1716e6,1.2861713,6aaae524573f477f8fdef0b83787cbee
a22b7bc93cbe40cba26f5e4456762f6e,1.2802504,f615619defc4402b82845090c238e597
c3d18896ee6e422680a3435f0ca9af84,1.2793481,95fbc6ed8bfd43c1a6bcf676e26e7f8a
b49ff629d01a47a284c14dc1d21a0d1a,1.2775276,a585d23fe43f459ba86ac15645af77ff
211bbe2f818640a39e55304483f7aee1,1.2758867,691a538d2372403fad2b919b48ff5f85
fa644cc0807d4d278be005d3e2f849b3,1.2746743,5a26ae7959494fef99542e9b2004fd11
669388a30d174fa48b59092d2b8770cc,1.2725186,a25b08e008114c9ca0266ce3e55d82bb
71466cbf526f4ad890c742b6e4fe7449,1.2661836,6542f58c143446f280e88a6375ccf79a
727185eb6c4b40c7826be433f5a5d627,1.2592142,23066f7964874fd39639dbf2cb2766df
b4e94218abf54b0787b1a6e1191836d3,1.2537972,e456afdf95e643dd926249fec4d68753
7dcdd31673a44edaa5df70306899ce60,1.2530245,de9328bdd1b34adda74a0363ff0a52b6
6730fca5ad3b4afc8715dc16caa1a2b5,1.2497569,d4cd0b56b6f54e08aec8ebfdb6122c5c
7118df93df274839b3c1c622ac4b53f0,1.2451563,f11f1682b5924181b047d757d3e20964
410b8957bc6b4370ac432ae7bddc2cd8,1.244527,b050e9e1ef5946c297a34dda98d8f476
067c039494914485ad6e06b72bbb8e13,1.2444106,58db4c3a26c84fa68d81235d078208bc
eccc933299ba48deadc3fbeb6ca6ffea,1.2397169,37337ebec05640b890e4b9612776c32b
ce7e02187e74451f8fe2511db0fed0fb,1.2365481,779d7c2bad1940c8a861451964e1ce01
d335f8b8c90c47229c445bda59c63cab,1.2353001,d981f2c67f764e0c84af125b563958e9
cf7564fd313c4802adfcab226cb71a73,1.2337483,965598a17b624a0f9bb1cd58595458a6
040e8b18e27848cb8d0850a0dcb7a77b,1.2310059,e039a00eae414ebbb2205b011ac127cf
411837e42b564c399e9444d5403a3734,1.2284758,e52a528036014db0a7bd54b99a310fe8
3088711035bc4a06b3595ae315f54fb2,1.2240946,c9e2e76e631c4d0a8013d90892350e06
fa4b1640bbdb4f0bad2435be75a94586,1.2108407,dc58564d0c8540bea4f3e2e3696deae8
b25c125f6fd14177920e7f609ea6f819,1.2104346,66b0c8a58f444ea0aec34d9403b88a49
aea33ab76ea843ddb17f1196fa2875f1,1.2102131,f9fae977af2c4f35b29400f31267e170
2092a0007cd74f32bd9954b25b49cf21,1.2065965,5971501b0e8b4ef5b203c3985d7f5e88
d989c36a82a14c81ab2fe8b49f3c94f4,1.2030813,a1d8cb16dafd4126922f985021e93631
12274ca89ccf49bdb0903f80560e3d7f,1.201141,c9628610053945f4a7998ae48cd70da3
55c82489e50948b39c0f1bfe5fbf408e,1.2009962,89597084b19c4902b073a2c6c6622456
7c44128ff20b427f8ee22047fba9882b,1.199281,1f8c0f02984e4139bf8043e57497fdb2
b5db665a6be74d6d917e217bae5f59b7,1.1992431,21b1ded02d7b42618592187e287835a3
8f66f54b48f64293bbb1f369f41ee3c2,1.1952174,6c8a24653ef04f559b88e0f27c0df63a
d19e2961aa1846aea691337aa1f275e0,1.1923461,faaac88748714ce8a99413b952a1dac8
adcb28bfb3334cf0938efac96e34354d,1.188944,c88be17376104f999b914a91aebf7220
1ab3ed9b9a4d45cc81fcf7e200bdee0f,1.1844727,ff715b4f228443e3b067c801250f3402
0aabe8051b1e48dc8df2680281f96731,1.1821704,89e43b092c844b5886a93091a22c894a
2ab29c6bc859481988c1133ecd494a65,1.1789299,1f8c0f02984e4139bf8043e57497fdb2
8f8c730f26cb483da414fce61eb1b47b,1.176926,a926df6d7fcf4b17b68dae6f41fbce66
bc1026f31e374c13a6d40e36a58b4b4c,1.1749334,4430d47e30904eab969c1baebca184c0
152e0362dac34ef8940b97d42520b9de,1.1732926,17cc6768c9d14388b7455fea0060b62c
65add58592564636a49ae7417f79e9ca,1.1732337,b8ca3b6144cd48208caae952e096e7ae
656745a4e33546768385d4e040d0fb52,1.1714463,01690d9b08164fcabd5bf0819754f71f
3b065dc23322478a8128f0322c8d0678,1.1686811,8db9e204b8b841df8fd94eff0888cdf7
d279eb260acc48558e34415c5c588926,1.1676437,7cd1db4b50dd41e6b2f3dd15fcab3b89
745463c1ff2c43398a488057b94b7dd5,1.1658618,8f761e1117754656ac86a3a25f241cd7
93851d403349407996bba1dfd7457f79,1.1654894,057164cf4aab45ebbefef3409359cfb1
3cb482f381eb449b99a6b9b7707078b2,1.1624868,9303b9f7f4984b2dac8aeba8c8da8ef6
9ac0ff71215742d1bb1d294fd8b4e240,1.1617206,855b3971c4a147cfb9a7c281fa6b915e
d167d4759915411bbe1bbe1051622883,1.1594107,4a4eb12a639346b5a00557d54b51fe51
a5af794012384211a60360b6b1752339,1.1587505,0f9cc12519eb4872af7be7fe49e19f59
545abc5f61374dd596a546e619a12ae8,1.1505481,5a73e0a5c757410eb0928feed7b151c8
f6304923104f47d1ae9f82b7116051a6,1.1486636,6aba5a04ef8742a39d3a61644a5f0729
4a1eda64c5a74dc59c1ca7cc15a429dc,1.1424762,7ce06191f1114b4c8a00609f6867761f
faafc7c371d240a29c764c0074231e6a,1.1417105,779d7c2bad1940c8a861451964e1ce01
9d2b582dd0f84326a537a91a57caab4c,1.1412508,d79afb377f5349a69830b2b4c7cfefcb
eed22afb847c47abb46b07ec48d1b679,1.1395868,c26f5e7dcc8149f18f3d719bba9ae717
6f2088d6c7bc418f90e6328cd345c77a,1.1346462,00f45d57fd3c448d8cfdf3185ebae894
e152a0f89fe0446f998c519058feabc5,1.1310122,a0fe3cd34e474c3b90662ce8ef1fcac6
fdaaf6e004b04cb18e798331b9d9ebc6,1.1265527,99142f1c07cd4782814f8c970eaaa40a
5466e5423228429ca4afb7578e83a4f3,1.1247888,fe6ace599de44aa19b1773dad3658fee
f5a036940f0b4b219a4903d8efd2cac0,1.1224067,5831f5e280be4c02a09ce4588b56d7f3
09a86f7239984e8faf484dba2109244d,1.1220778,4a4eb12a639346b5a00557d54b51fe51
7bd320ff5d6f4bfc906470499b8ae3b6,1.1206367,80921378de2b4cd3a14d449688d8b079
8de833e138ae4924a0cc47129cde2cb9,1.1201783,1216ce1ef31e4643bb1222538c206342
7138411c54ee4ddc9519ced57941eb3e,1.117041,78b600dd53854b018f87267d268b7b1a
25bf72b6554d4ce0850dbd0879a47ec7,1.1165197,01690d9b08164fcabd5bf0819754f71f
06dafb47baf148b9ab12caa5200a4d2c,1.1113409,58f53c379f7a4868a2ba6d91a06247d2
2fd2926eef6c41939266c5d6a5803999,1.1111865,eaca056cec224a30aaaed30c39f644c2
22831856b4ef4ecda0ee60656417b904,1.1096108,0f9cc12519eb4872af7be7fe49e19f59
d3b5dd91af4f4e17a5b26bd5058f3dd5,1.1095074,c26f5e7dcc8149f18f3d719bba9ae717
7d866819a8df47fe89b41b4cbbe0ecdd,1.1069796,ecdae9f36c6a437ea72739febbf1c89c
5b2c1e575e8a46daaedcab661b62235f,1.1059035,34b71675a1ae442395b6eb1f3eda23df
9d9d4a9695414746b71566692311e57b,1.0999805,cd60a0fcac24465a880af7d8f921dd68
16b26a25f49f4efa85d21e2a4302e506,1.099102,19c9ac7b84df472c85ed6cf5a05fbbc6
16a030831ce1413fa733f24b6ff28501,1.0947608,a585d23fe43f459ba86ac15645af77ff
a2257482b09e449f8dc0e6a32423b610,1.0944018,faaac88748714ce8a99413b952a1dac8
00306589ab9241cfb569f6b85c0e2843,1.093188,7ce06191f1114b4c8a00609f6867761f
e862a12dcbc4446cb1bfe03570cc7b44,1.0930085,7ce06191f1114b4c8a00609f6867761f
d2d96f2a42674dfbab3101abbce904dd,1.081691,a0fe3cd34e474c3b90662ce8ef1fcac6
9f0c4fc689014714bc3604b21f1a694c,1.0808603,6aaae524573f477f8fdef0b83787cbee
85fe4ea28be0476fb41585de18435d94,1.0806218,8a77dc665d8b4d95a0b1113522f7e9c3
17c07c3077cb479eaba075a5c7f99328,1.080014,d42996c2b67443fd9b73bba7641d4f77
180f987f287248c487b83fbddc87ee09,1.0757457,17cc6768c9d14388b7455fea0060b62c
fc20e7b4bfc243ef82918b7c93591747,1.0720792,a4cad92644614f78bded3ca6d6023473
0a6d5cd06af2452ca1b3a4657d9e0767,1.0709009,d331012ecf0c40888e0ac290184f0883
06bf7c8951c64f95bec0eb20b232e5bd,1.070791,e039a00eae414ebbb2205b011ac127cf
08ce7eedbe124ee79566c776303ee9e5,1.070313,c26f5e7dcc8149f18f3d719bba9ae717
b7e671bfae63423bab3fb47c46a0b0b9,1.0699112,8a77dc665d8b4d95a0b1113522f7e9c3
78df036c4e104457afcdf7598e9ce958,1.0662296,f615619defc4402b82845090c238e597
1c4b7fec0bd14f4d832d26dd643c4045,1.0661153,92229a391d0b418f87b32c86c42a292c
af18a5f9a5aa45a191a99b4792b127c5,1.0595225,78b600dd53854b018f87267d268b7b1a
b5712ebb3754407989fd548033fcc3d3,1.0543523,e492ff7fecf046a4948c5ba5631cdefe
22ded3f607364f7b96960f862358777a,1.050733,de9328bdd1b34adda74a0363ff0a52b6
a879a1da30c4407aa84b5fea90b60f32,1.0492897,6c74bedaa406493a99988c5b8a47b704
82e2ae3e0d3c4ccab9093974f974e854,1.0374967,a6a551a308b9442f947ea0608ae2c3fb
8a58d56cfe3a46549a16ce3a0f3daf0e,1.0364387,bd35571850644321b86ce4fae286ce7d
01bdc1af846a44eeb5a789e393d1d7fb,1.0364025,5971501b0e8b4ef5b203c3985d7f5e88
6b56add8c1e8488e9e85c4085e0cadc9,1.0354016,d443e0c5017d48d1b3f86bf4da959ed5
7de183d0b5f24efebfc15ae35f4b0fc3,1.030062,73e7e41e8db447c09cb2363d76556c64
3d76459228604351a61361bb4e50f836,1.0287497,faaac88748714ce8a99413b952a1dac8
8fd8f14d327f4037a26fa4bfed84f993,1.0287246,6b9b2c8f0a874bb8b6691aca6bc49565
e0be49d601a84ae1afc8a7ca92f58087,1.0273256,7c1e02f3ab614e539ac901e5cd3c92d8
1acb0cb3f1f54789891682122e4013b4,1.0260751,7cd1db4b50dd41e6b2f3dd15fcab3b89
55e30898427a472799115a2e014580a6,1.0257503,d74f6e7abeb84eedb9923dadb62f45f0
b06dc9c1726443b19aa4d4e118d8596e,1.0232662,6542f58c143446f280e88a6375ccf79a
477b5f953efb42e6a18e9428c69b0fa6,1.0226755,ad2b6fb945714e6792c17bd49a1066e0
429c0e9f5199454590fcd1e2560a42a7,1.0209669,1af4472b38cc4304841b2f1720075c9d
112c929868df4d8fa0428f2c3cf17e3d,1.0178188,ad289d5052264f9c8bd0aaf9faace92e
dbedff835ba847d386ac1cca87b2c7bb,1.01781,6c74bedaa406493a99988c5b8a47b704
a0f623aff0d34804a39f4b55a08898ca,1.0176094,903360099fb644b6b88c6edac88eecb2
49ed92caa29841ae9341d53497cb8124,1.0100112,1216ce1ef31e4643bb1222538c206342
47bdbd87490b4698bcd3b038c2baf6d4,1.0077889,4d708e5878784386a42c2f436d2d60f0
0ff2646f55f04a5a93328204b6fa099c,1.0076591,31b69f9501c4415e929b6af28c83f6a6
71938515de5a4c74929e6fa8edb97420,1.0050709,c9e2e76e631c4d0a8013d90892350e06
acf1a040f09440e7b67e2b901b3b1583,1.0024434,cd56b9a044c24df8a7156f661cb3d9cf
7dda222413534a90ab8e3d686a1ba461,1.0011218,d27cfea4da8f445fb4e3c55e53c6482c
1dce77fb1e9e419d8977644f0d18fd1e,0.99888974,f0695d7e59d64941b510a3d12f801d59
0a0ac8e04384494aa6efad6605bee67c,0.99857956,cd56b9a044c24df8a7156f661cb3d9cf
52b9939de81d456e831c97f43e912728,0.98948276,d0a840820172465f83c8480d571e7b71
db4153df6e94413dada442eb6e6a8fee,0.98933953,2768d411cc374a018a898f9df0ca207d
3407ed3eb6d4426bb50ced20b862de96,0.986711,8f285540a9394706bd6ec6cda46c5058
d8b0fd7f373b467f8a214ebf710b5469,0.98471075,89e43b092c844b5886a93091a22c894a
d2ed407fe4db4fa69c57cfa4bd7d002b,0.98381114,8f761e1117754656ac86a3a25f241cd7
48ac74f9b05a4b4da78a5f6497555631,0.9815762,a0fe3cd34e474c3b90662ce8ef1fcac6
b9135422e0ba43e19be118d0eaae294f,0.97562844,d981f2c67f764e0c84af125b563958e9
8a96af0f20f74b209326dd750c56a2f3,0.97512376,0ebc441d25664c91adad96b570270f07
13260f69234944ae8feb384dae6510ab,0.973346,eaca056cec224a30aaaed30c39f644c2
f8a46af09cee4fd4a9c2ffe00e109f28,0.9723834,6aaae524573f477f8fdef0b83787cbee
52acdc11a8df4558867635630b69348c,0.9720899,74e7db4222ca4a20811199afafa346a7
96cfa510415b439da48aa661aff3500b,0.96835697,1d47a696eae94bd29f215a4787b27d8a
6978d19475ab49b1ae3acf443710c48b,0.96689534,6c8a24653ef04f559b88e0f27c0df63a
ba4278aa214b4c66a8da0220e99b2014,0.9656384,fcc9863b07fc4bd5a01fab5b9160eafb
8ece6e92c7c541a2b5f597b12b7e0f92,0.96556455,82b01998353e4141a7613fdc96d7b600
b3d0e1f27a4c4d9dbda5877bde3bf232,0.9615711,9e304a9bbc7b4c22af8025fc93757357
6eeb265798ed440e9feda4d09e043bf5,0.9589527,156f393f7ca046299e09d05464afa056
0c472016621a42b2ace086642ed58917,0.9570916,92229a391d0b418f87b32c86c42a292c
e0bbcc95980e4aee9f0b5f6976c5eaff,0.95528615,f5a6222612ef406b8f02aef87e08c476
790595e600c949459cfe2629a30f5371,0.9538956,4430d47e30904eab969c1baebca184c0
b2bd065cdfc748af858a6b41f0be933c,0.951955,31b69f9501c4415e929b6af28c83f6a6
5f5c72816fcd4fcc8f58aa66c02daac3,0.9509281,eaca056cec224a30aaaed30c39f644c2
16242654caa64a669f249360ac629e5a,0.9502696,3be388c9ab614bceb086c19f70df23c2
15af8d3a801645799a0656e8ff3c729f,0.949322,691acac4a54d450697afb2c2dc4fca09
472240e1b5e84fdc9e2c3dc8c4ad8435,0.9490303,e96aa0967ab94368b381354e03dc40ad
3741fd305b324ab4a29b14442af8f8ab,0.94872415,d576e334105247369362b05a375e88cd
68ea9efe09ec467b955f3960508e08de,0.9487123,23066f7964874fd39639dbf2cb2766df
7360c15d3abd4dd8a5af35cc13c48b1c,0.94466597,89597084b19c4902b073a2c6c6622456
662c1dace3274fb79254a1e59f299ccc,0.9433927,7a4c413f5c844796bd5ffed2b65f0336
6a057932e0f440299b46bf70039cf9d7,0.9429689,e492ff7fecf046a4948c5ba5631cdefe
8a53841d512741f5ac2d49f75a83780a,0.93966603,bab3bdc133384798b558f8fb6466a7fa
b9e0a43c19a04981af4a6dbf15166196,0.9377065,aa2d7a3a535243189492d4ce8e79c049
9d11c4d6d3fd48a6886629be4969f055,0.9341361,a0fe3cd34e474c3b90662ce8ef1fcac6
f23847f4eab34d3ba19bf1dccbc32306,0.9336521,66b0c8a58f444ea0aec34d9403b88a49
bc216861a2124a6b9cd42cda34629f7a,0.9331371,257aed6ca7a44f1cb5c664beb1be527b
c5487b5f9cec423b8ea3117173949a1c,0.9315485,0472051dc57d43f8b9dd08df475fc4a3
a2adf2cbae1441e3a30cb0ce1658be8f,0.9312214,c26f5e7dcc8149f18f3d719bba9ae717
0a8f26e2ff5d462b97d23238e36ae72d,0.92559457,cc21026ff0d541909df56c5618d28518
c0f3c55551da4b9fa0600e0d1b9181bb,0.9247225,0472051dc57d43f8b9dd08df475fc4a3
93a89031c44d4d6e87976f696e205219,0.9230231,4d708e5878784386a42c2f436d2d60f0
4593972edeb84fe49e5ad1058e0d8d35,0.91797936,bf59502a233e4b5eaff9cfa3a992c387
3b038bed6122476bba5c73f7188efdcb,0.9179761,1d47a696eae94bd29f215a4787b27d8a
839527c5eff74e27a3dd2e5a9336cc57,0.91717297,c9628610053945f4a7998ae48cd70da3
43286efab53f465da28a9d31716d392a,0.9161283,09fc9f38fbbb4bfaa1c979ac9cc43f0b
38f1d87fba9e41ce91c3db2733f683f5,0.91580445,a0fe3cd34e474c3b90662ce8ef1fcac6
299ada2bc5ef4534ad5e0b1b7d10e457,0.9153841,e02ad4f63c8444b79a7a56fb23a4e0f1
89b0d50305744a53bf5c6cabc6f94b08,0.9055614,d27cfea4da8f445fb4e3c55e53c6482c
9abbecd3581246798ab524e018f95ab7,0.9021685,31b69f9501c4415e929b6af28c83f6a6
43bd347a4d5e4c8c82b41970f2ddfc02,0.89797,37337ebec05640b890e4b9612776c32b
e63f3979515d466faa902d724344014e,0.8978755,b050e9e1ef5946c297a34dda98d8f476
49929ef41ac3470388566de204f75fff,0.8971605,e25b9d9944cb4d7197efb8ffc4ff57a1
f745ccee7e2340918079fa1ec6e0e29a,0.8927737,7ab29c5e2f05481d8a69cc479a764ee8
85775741207d4d1ebf2ddd8ec7d58102,0.8898909,80921378de2b4cd3a14d449688d8b079
38f66bccfc8b47afb357b8caa5a3f286,0.8891347,691a538d2372403fad2b919b48ff5f85
42058ac0b3ff4d34b26f6d53d69b27be,0.8889476,9b22c5cdbff44bdabd48dba008e6a3b2
68f3223d477e4e1cbe3830412674f8f4,0.8864185,ad2b6fb945714e6792c17bd49a1066e0
df2549937e044a9583242e2c20f87e85,0.88257253,f615619defc4402b82845090c238e597
383e7cf30f234aaf852e3f30de7879ed,0.88253236,4a4eb12a639346b5a00557d54b51fe51
b7a481f7374140f98117d92683d80c49,0.87961197,855b3971c4a147cfb9a7c281fa6b915e
d9826bec6e1c4be6a7152f89b950fee2,0.87747216,c3412c53e9ec4b6a9a1aa95cf7f0f1e4
cde31d7f76684d62b17e619c0f1e98d1,0.8772335,b8ca3b6144cd48208caae952e096e7ae
1db04d4304ab44b5a063f18b9037c0da,0.8710191,02cf82700b4f4773af3a14ad8eaa5270
61e6eab2c60042858ee62e5d01968ba8,0.86902,e039a00eae414ebbb2205b011ac127cf
06dc42ee4aa4438a91f2d88754ad84cb,0.8639352,650afb6a1d054e59904a1b796552eb04
e8ee807a789d465c99039c42dbdb3203,0.8589752,5a8cc5ff28fb4359afc7e9fcbf3bce55
e938fc1d26e5456ba78f78d9f8514816,0.85627645,b25fe3b79f714d38b3fc53e39fd84d36
91c0f6c693104690921ae87324e06692,0.84693736,73e7e41e8db447c09cb2363d76556c64
041c8b8571254958916a2b21a2e98516,0.84237534,3257035cc77946d98bdc09e2fdd5cdae
be7a669164c1423c8ebd0ba23ce48329,0.8385144,e52a528036014db0a7bd54b99a310fe8
9f6d414fa64347368d119235b14b5cbc,0.83284414,fb709e29755b44988bb252c87a2ce2f3
5209a952bb1a4ac991ae51e8a3e9abdc,0.830465,1cbfb22f84454b1fb821b602e3ad11f8
a1e176f474f04640aedebc0ece81583e,0.8271606,965598a17b624a0f9bb1cd58595458a6
a9b68d896d484e6a9c7e87b014dce89c,0.82577044,c88be17376104f999b914a91aebf7220
6ec94917d60e4edbb8db99b5f7c18612,0.8247915,00f45d57fd3c448d8cfdf3185ebae894
99370de3bbb74c12a92ca24b995d92b1,0.8244665,4430d47e30904eab969c1baebca184c0
65c8efd2131b447d90bed385eeeb91a0,0.8213512,a25b08e008114c9ca0266ce3e55d82bb
d65ec9584a074f8494467734378fc499,0.8209426,d0a840820172465f83c8480d571e7b71
d8c0f66ffaf94373b23b46444c5acb4f,0.82053936,156f393f7ca046299e09d05464afa056
f33800b2fc5d43febcbee5156e729a2c,0.81709397,ff218cc7835d4b5ba0de22792319050a
73cc10e747ca46bba886d9939cc3b768,0.8146292,691a538d2372403fad2b919b48ff5f85
6365bc21f6084ccd8da4d5c6afb8b26a,0.8108606,2425086d8eaf44d2a9519f0e4e6b289a
8f2691e2160d4c95b5b1ec99938ea931,0.80964583,23066f7964874fd39639dbf2cb2766df
e35fef892ba84f8cbeb63132b6f7f094,0.8090448,4a4eb12a639346b5a00557d54b51fe51
faed47ec537c4a70b2396638df56d71d,0.8084036,17cc6768c9d14388b7455fea0060b62c
6770b085f8cf47ee9a162fa8fbac551b,0.8039793,369fe18b94f54c98b554fd22b4a3b50b
c7cad58f831849a6a4f0f9cbccb2f458,0.8014981,fe6ace599de44aa19b1773dad3658fee
b1c2cf26538045169885251ae1a1100c,0.8001315,7ac9c94011924c09b47f9640211885a2
e750dd4744fd4421bd2387f0ec80c5aa,0.80004066,f5a6222612ef406b8f02aef87e08c476
f52e6b02fcbe40089962449e4b4968db,0.79929554,cd60a0fcac24465a880af7d8f921dd68
13bc78da1120442190653a8273c4f2af,0.7981443,19c9ac7b84df472c85ed6cf5a05fbbc6
5e369cf5939f4d15bb771d98108df034,0.79047114,9170e0bb8fe44b309f83293808d871fe
0c553973fbe042a7af2110e0a2fcdddd,0.78661644,bd35571850644321b86ce4fae286ce7d
7522f624f59c4d74a8703781e00414c0,0.7863865,5a8cc5ff28fb4359afc7e9fcbf3bce55
e1373920ccf54979ab678e62eb165c60,0.78471637,b2be859ca8f24cda86821d5383edbc18
195aaede1fda491bbf8495b564c9d001,0.7843223,f9fae977af2c4f35b29400f31267e170
a5188ae3f8ef46e7848bf70945078768,0.7806814,21b1ded02d7b42618592187e287835a3
24a298b1f7cd4f74bdd60b6e1adaac53,0.776434,d0a840820172465f83c8480d571e7b71
0d4e1854d2f24a18acc550c6afc2fda2,0.77597743,0f9cc12519eb4872af7be7fe49e19f59
0d0b25a05a4148d2b15c4f2ac11010e6,0.7755897,b050e9e1ef5946c297a34dda98d8f476
0affea27dfd242bda2130ad14ef28bb9,0.773598,903360099fb644b6b88c6edac88eecb2
b7e96cbc27284100ad9f3ea6005e3af7,0.7735623,34b71675a1ae442395b6eb1f3eda23df
c11c77b1b50e475e8b0a0df774292211,0.77352774,3257035cc77946d98bdc09e2fdd5cdae
869ede3e68734644b841477bdcecf1e7,0.773248,1b4e143cfc1648a5b877d7445446366a
734db9fe91ae4ef4aa4f3798343785f4,0.7728991,eb513691b7a04d31ab1bc50bf343447b
60cfb02a92884acf8cbc7ea1abaf7046,0.77035296,e492ff7fecf046a4948c5ba5631cdefe
dade1ac92c08448e93e20a96c20f9d0a,0.7698622,f036aaf4ab714c598a0b6da4ca604136
0efa7128e7d54bb098c98a8d23fa4d55,0.7694699,aa2d7a3a535243189492d4ce8e79c049
97c22deac29b43b8a2911e08c2aba299,0.7678215,0f9cc12519eb4872af7be7fe49e19f59
63e22c9413454acc8c86fb1ec33284b7,0.7675213,a25b08e008114c9ca0266ce3e55d82bb
61bbbca9959242abaabb21b01f9f40b6,0.7666625,526ab7eda50e4a239d03ad505832d61d
3f4f551ba9d74d6e8622c1da8b00180e,0.75993615,c322b788813745e0aa7b592b4345d379
dd9a8e0a766b4f6e81c6ace1403cd374,0.7582778,c0cb721b56f240dabf7f464e453ef72e
edb63218ad374e72804e964a5ea6949a,0.7550144,a6a551a308b9442f947ea0608ae2c3fb
2eec5eb123e343b89370139c57a3ef13,0.75321645,19c9ac7b84df472c85ed6cf5a05fbbc6
503e10935d8945e8b7552e9f83309667,0.7484722,efdf40eee13d409c9955e5b84e4408f6
a0720ed891c94750a6be596258ee3d43,0.74524796,678725f8b914453fbc1029b7c1bc0879
40ef7a281c80494686e90001c1421dee,0.74419457,ff715b4f228443e3b067c801250f3402
9aa12e538d0c4d89ab849afde0b92d65,0.7440157,c88be17376104f999b914a91aebf7220
7771343be99843f58171d62a3f040005,0.7418525,e52a528036014db0a7bd54b99a310fe8
d5720a4e3cd34c23ac605c840bcd69ae,0.74021775,cd56b9a044c24df8a7156f661cb3d9cf
980e4d1c5fe143498514e41d3c6501b3,0.73628557,eb513691b7a04d31ab1bc50bf343447b
87097861fe6e492abd016be0dba27ec9,0.73486567,9e304a9bbc7b4c22af8025fc93757357
ca9d736b288240819d620ec83c0b3f3d,0.7335263,8f761e1117754656ac86a3a25f241cd7
91c1e818e83d4b929c7b35f910b68663,0.7196547,a25b08e008114c9ca0266ce3e55d82bb
76d6bcc61c924186ac0c0cb384856e6e,0.719576,ad2109663af04c549385cd2ab9b3283b
1fa5b671cd0d4cb39567f651ef001e97,0.7185694,7cd1db4b50dd41e6b2f3dd15fcab3b89
d9b3a26c8de14ab4ad2a779d31b4f01a,0.7173096,a585d23fe43f459ba86ac15645af77ff
70a1cb72566e4c6fbe46c9b03b8a31d5,0.71521294,f9fae977af2c4f35b29400f31267e170
840915e1243641c0b502a35bfa1a9aa4,0.7135262,e456afdf95e643dd926249fec4d68753
f913fbb165604ca09fa3b9c547ab4d04,0.711133,5a73e0a5c757410eb0928feed7b151c8
2cd2c87b068749a492cdd369cb60ef9a,0.71088064,fb695c097d5845c282f6b30c241e8cf2
17d4b37e6cf045b691ff88ff7ec2d5fa,0.7107848,85e7ea30890b456084b8e85c299c8649
b3d1c6603e6a4f05bfe265607ea252ba,0.7102484,e02ad4f63c8444b79a7a56fb23a4e0f1
65985829f37342a3b2560fd757d02169,0.70437825,19c9ac7b84df472c85ed6cf5a05fbbc6
73ef58ddfcb54d09ac1737fdccd62d07,0.703535,9e304a9bbc7b4c22af8025fc93757357
128de5daa04242e7b0c9eca5277071bd,0.7023317,85e7ea30890b456084b8e85c299c8649
3fa1b0de6d4c416189e62ee40264edd1,0.701309,e27d9425c912446e947fe53c4a757375
7ee89cd6d6774885a024ad9e8abfda35,0.69155717,3257035cc77946d98bdc09e2fdd5cdae
96427260d7a740dc8e8abb4b879ac84d,0.6900245,4d708e5878784386a42c2f436d2d60f0
7b5adbd82a584ff6b6e23b89956dd6f2,0.6881039,bd35571850644321b86ce4fae286ce7d
9fb8c17411204358aa87dcf800bd36b4,0.6846412,bd35571850644321b86ce4fae286ce7d
56c2b163d79149048fcdf4e0f9d5598b,0.68381053,64fa5ce839ef406b9bc8a1b2f05094c7
3bfce2ad291d4b7780e0e8b06d4283c7,0.6779438,6aba5a04ef8742a39d3a61644a5f0729
3bc9e7189bd1419081f54d35e956639e,0.6752482,b8ca3b6144cd48208caae952e096e7ae
803ab31024764a56a2ac0cda5c79c69c,0.67486155,11ec23965d2941d0817082107996ebbb
2341754cd2ac49f79a6f98d84b177e6f,0.6646757,11ec23965d2941d0817082107996ebbb
1aa2b5e2dcdf4c4c954c4af1b2112143,0.6590941,e02ad4f63c8444b79a7a56fb23a4e0f1
6f57ca99a1e54968882b1a10aed416e5,0.65869486,6a33c207c8b648f680dbd0e65639ef04
a35d09d1bfff474a8029dcb3bbbd32dc,0.6572234,e5692bd498004d32934fbaa05af2120d
d13abb2f14514eafa77e5ef77ae45be2,0.656039,6c74bedaa406493a99988c5b8a47b704
5d204449172f48b1b51ca2ed9308b6d6,0.65600014,11ec23965d2941d0817082107996ebbb
c896b42105de4a53836bb12899fe2cdf,0.6547467,19c9ac7b84df472c85ed6cf5a05fbbc6
e9f85a6880484c3a82685b170d052a51,0.65282094,d0a840820172465f83c8480d571e7b71
012773cf6c104fd8a7ded7f346c0a261,0.65159225,d981f2c67f764e0c84af125b563958e9
de06cda8b2974e1faea48a81f0d71342,0.65000933,6b9b2c8f0a874bb8b6691aca6bc49565
84e237a5da704cc28748ceb897b709a3,0.649247,11ec23965d2941d0817082107996ebbb
b38ef262d489438c979703e3e503f1b7,0.6480431,b050e9e1ef5946c297a34dda98d8f476
0001880401724f72b4b0f8fafabbd872,0.64061224,4a4eb12a639346b5a00557d54b51fe51
7f1f5ddc758b4e929452c112c70911ba,0.63955647,7a4c413f5c844796bd5ffed2b65f0336
44ed303d7bde4629ae56239936f499ec,0.63123745,1af4472b38cc4304841b2f1720075c9d
580c0c6a3cd6416cb6654f177ff2498a,0.63097465,9b22c5cdbff44bdabd48dba008e6a3b2
bb5b0894b81e4a8daf1feb3b422e35a8,0.63061816,eb513691b7a04d31ab1bc50bf343447b
13964a2d472649b59d5126c24da8d4b1,0.62801045,23066f7964874fd39639dbf2cb2766df
d51b249d11a44ae699cd4e2854b00d4a,0.62796056,4a4eb12a639346b5a00557d54b51fe51
8505b6622aed4fb0aeece7e02c0fa748,0.62172395,4aa3556b2aed469584c573868193a07a
45fc0cc071f44aa5a4f55b6521959f82,0.6216007,7a4c413f5c844796bd5ffed2b65f0336
8888abcca90946828a172b03f4e16fad,0.6211832,cd60a0fcac24465a880af7d8f921dd68
c8e075e8f30e4586ac075d59d5be938d,0.6208984,fb709e29755b44988bb252c87a2ce2f3
a1a22d5f63af4418a3f33283a6013d2d,0.6207862,8f285540a9394706bd6ec6cda46c5058
374f3a07f645432ca97d2116e61d6fc6,0.6198362,0472051dc57d43f8b9dd08df475fc4a3
1a0cefb6898c48e7a91f6448d967d1ba,0.61255187,19c9ac7b84df472c85ed6cf5a05fbbc6
ff15583dc30644238b32a7302a039764,0.61230284,b2be859ca8f24cda86821d5383edbc18
1f125654980e402e84e676e3b1c1db15,0.6119954,73e7e41e8db447c09cb2363d76556c64
a073ad7e6cff44bca20e23485bde2461,0.611625,e52a528036014db0a7bd54b99a310fe8
9557a396825b49eb93cedbab96019843,0.60919267,23066f7964874fd39639dbf2cb2766df
3a48941fe58c4afdb3ca7520eb9bd36e,0.60738426,a4cad92644614f78bded3ca6d6023473
2f0bcda66cd34231b3a3822dd57f7f2c,0.6072837,65664fb3aad341fab563409d91dddd2d
12b45c8ab28a4361a016608db99cc91a,0.6058451,01e805bb5a1845a7addf86fe9bc8d814
d41cd804abf94f759a1f7e6da3cc6758,0.60460657,e456afdf95e643dd926249fec4d68753
50be6a3978ef4b168a8256cb53fa7afb,0.60391927,1f8c0f02984e4139bf8043e57497fdb2
4d11f7b70f1b430697bde44deb6f6e8d,0.6011236,f5a6222612ef406b8f02aef87e08c476
794516c691a54f63a105c96bf716febf,0.5997608,1c97c72e076f40fcadb22b17e71beed1
17b5e130e0444402bcedf9400cf07aca,0.59963787,e456afdf95e643dd926249fec4d68753
6339e9726a4b4ebaaf1b22a56c33b779,0.5967809,564a84b1b830407e811bcfc7fd086a6f
f230b42debc04e9ab59684ae05e721fd,0.5943486,9014beae94cf4f648e1663c8d5ec6803
ddfb9bf3e876482b994c7955230bcda9,0.5938032,5a8cc5ff28fb4359afc7e9fcbf3bce55
76313e4034d24a788d6f02923f14c045,0.59108543,d79afb377f5349a69830b2b4c7cfefcb
24e177e9075a4c7ebd2cf154bcbf7b78,0.5892386,c9628610053945f4a7998ae48cd70da3
e4c05db0326140dd9c48a8179a3fb6ba,0.5888278,02cf82700b4f4773af3a14ad8eaa5270
840de6fde47e4e64916bdd5277bcd173,0.58873904,8f761e1117754656ac86a3a25f241cd7
1742e7fa8f8a48728fe37d75ce11b9c4,0.58766776,1d47a696eae94bd29f215a4787b27d8a
4cf68d2768954335a7f7c61a045babf9,0.58715075,e7d6747e8c8b4ebcb665e232240daf17
4fb63b6f9f8a48dc921c53a21d354a0e,0.58645976,73e7e41e8db447c09cb2363d76556c64
2937b0fa761c4d3294bf68f522d9ab25,0.58575654,74e7db4222ca4a20811199afafa346a7
7901d858c6e44dea8acd99a79e378956,0.5855004,fcc9863b07fc4bd5a01fab5b9160eafb
88de1634c729442aa72060868b167abd,0.5843981,82b01998353e4141a7613fdc96d7b600
bc74f6e0e01940f8b0e150ba65e72d34,0.58210665,74e7db4222ca4a20811199afafa346a7
a290060554d143b285db3be94eac099f,0.5790256,a1d8cb16dafd4126922f985021e93631
98a56450793d4447a21350dcb38b80eb,0.5780391,efdf40eee13d409c9955e5b84e4408f6
1008087cab8f407eb2cd44e6c79658c7,0.57638,d576e334105247369362b05a375e88cd
1f4946d6701f4d75b1b71b16833299d1,0.5762778,3be388c9ab614bceb086c19f70df23c2
b92da6fa48d248779bf06eaba1e7a2a9,0.57606447,f615619defc4402b82845090c238e597
468609586ccd417ca9487c3c35ade3b3,0.5729207,057164cf4aab45ebbefef3409359cfb1
6bc08caeb482448c85c44c89c5fee7b8,0.5715414,4aa3556b2aed469584c573868193a07a
0a0d970d0884494391ed2a3bb2f00b54,0.5709243,92229a391d0b418f87b32c86c42a292c
dea0770945c6460c8082a2fa1e710ccc,0.5709208,74e7db4222ca4a20811199afafa346a7
8dc57aa25917490abcf294b3f73bedd6,0.5672868,ad289d5052264f9c8bd0aaf9faace92e
c661bf4a97394c40af06ff80bbec3a75,0.5668048,a25b08e008114c9ca0266ce3e55d82bb
d61fa8f9c09d4aef95f64f941a957c96,0.5657599,640f3bd184b7425fb22cc7773b8b2244
91af71c421dd4b9fa1252bd59cd4afd6,0.5575079,369fe18b94f54c98b554fd22b4a3b50b
f3ea230754ba41d192cd37ed751d1318,0.553844,8f761e1117754656ac86a3a25f241cd7
1e9c95ee032147a2aa469f8482bf5f9c,0.5533689,678725f8b914453fbc1029b7c1bc0879
35280441301148638fc4b59eb169c802,0.551342,aa2d7a3a535243189492d4ce8e79c049
b4a8d87a40804af0ba2290010e25deb5,0.55115944,21b1ded02d7b42618592187e287835a3
0af83a2558ad459cb3b54e5c9da02975,0.5491223,4696c8192576454f8684954bc771aa23
35129a42bebe41de95138c15b348926d,0.5430346,7ac9c94011924c09b47f9640211885a2
4cf647a905be45e5b1b81a0559d834d9,0.54170245,fcc9863b07fc4bd5a01fab5b9160eafb
6991375b95ab4bb0b14b5ad68edc0a36,0.54067683,01e805bb5a1845a7addf86fe9bc8d814
6ef03128028e416e929a82f5c819206b,0.53842115,21b1ded02d7b42618592187e287835a3
7065ff8945cc45c2a4dfb58ac4955a94,0.53721625,d576e334105247369362b05a375e88cd
27a9489cf5724d47bbcc508684389f2a,0.53591716,3257035cc77946d98bdc09e2fdd5cdae
8868c5482f844182914477066c6e3287,0.5326499,b7ef0a61de0e4adf9688b2c525c9ad09
be220fecc0fe4c75a466c1f760eed397,0.5320282,3be388c9ab614bceb086c19f70df23c2
56cfe84755904ae98f74d085dd2fcb7c,0.53170764,6d3c42356e3b459c919e3129ff192ac4
2d641fad427d4884b7624102a50d5edb,0.531509,5a68e05acea4434ba08e17e1fff00057
b324a5fe4a374e51a39d53b0b235ca94,0.52842784,c88be17376104f999b914a91aebf7220
fe175ac3af5446a582bc555f10723923,0.5278899,691a538d2372403fad2b919b48ff5f85
05fadc86cab04c70ba18949f1163cea1,0.5262037,0302e7dde9074dddbbbdf85e9be57901
d7b01643eac140139ea2680d74080bb7,0.524473,c9e2e76e631c4d0a8013d90892350e06
405e667675254ffdb3e8cb25813e586a,0.52279514,e456afdf95e643dd926249fec4d68753
bfd311fb1c224274b98d99f84e3cf150,0.52159095,d42996c2b67443fd9b73bba7641d4f77
184facf4be454b60a5fe9a953d771690,0.5206293,6b9b2c8f0a874bb8b6691aca6bc49565
bfa67f429e414493a7306f4ad2e21550,0.5189477,1f8c0f02984e4139bf8043e57497fdb2
fcde1e3b91aa485688682e6fdc3c24e8,0.5180945,1d47a696eae94bd29f215a4787b27d8a
0f94bc21c14143a9aa839de2e99bdecd,0.5175159,7ce06191f1114b4c8a00609f6867761f
4185600f230d4b21b2e32c2d85caa90f,0.5160427,75b0bd2240a54f6fb45bf95ca43ab5e6
df8769c84f5b4a8f9811c4537faa576f,0.51380634,73e7e41e8db447c09cb2363d76556c64
410190593a7f4b7e8ed63596f20c37e8,0.51332957,e5692bd498004d32934fbaa05af2120d
a888f13ac990426fb248349ced4a0bce,0.5128987,c322b788813745e0aa7b592b4345d379
c873b341cab549d6be3c38ca79441d7f,0.50859296,b25fe3b79f714d38b3fc53e39fd84d36
3127238ca74643c3bd2e042605dc5e25,0.50750947,983940e0b12e4186a281c36de657406e
506892256fe04ccdae8ffa97993fb582,0.5018129,691acac4a54d450697afb2c2dc4fca09
175670fdd73e4fbc967ac1f61eeb9bec,0.5013999,9014beae94cf4f648e1663c8d5ec6803
7975ca7b6008414e8bab9d135c53eb59,0.5010753,a926df6d7fcf4b17b68dae6f41fbce66
01175ef138e24ed7b74c8c8ec2ad8abf,0.49822807,fb709e29755b44988bb252c87a2ce2f3
0de5d39510de4443a35bdbb6b6b2c2fd,0.49270523,7ce06191f1114b4c8a00609f6867761f
c20164d6b8844f428057133e0ab47347,0.4912515,78b600dd53854b018f87267d268b7b1a
bcb1b70968a74d41b4f3b9dc27129974,0.49046344,b050e9e1ef5946c297a34dda98d8f476
5d32b941bc394464a6da8d1c78aeb3ef,0.4904616,11ec23965d2941d0817082107996ebbb
da3ca57a5b8943839227341c423ae8f2,0.48972479,e02ad4f63c8444b79a7a56fb23a4e0f1
e68a3201b5e74913bc61894aae617101,0.48899648,b050e9e1ef5946c297a34dda98d8f476
13efb9d3d8904edb87940273047233f6,0.48719752,eaca056cec224a30aaaed30c39f644c2
d076d72caa2d4bff9470fe2409888904,0.48707095,88dc23909eb4415aa39b96cc3a4c2926
6fe5e86e29684922a7b66985a0abbe4d,0.48085546,c8b9a0ac7c214a449c434aabdf6ef770
7d72deccbd444c5bb9b43e3a6c75f5a5,0.47955614,e52a528036014db0a7bd54b99a310fe8
3827fc528c674ba6b4b692725d257a11,0.4763359,1cbfb22f84454b1fb821b602e3ad11f8
f31d22a46dc54bd7b4dbd9366f0304d5,0.47585344,2a9658410614443d8a27ef174f61d6e8
fb7510f9799745e8bb2d730dafe50aa4,0.46937567,e25b9d9944cb4d7197efb8ffc4ff57a1
0ea4c68a804648959f67957d17d5a323,0.46926695,ff715b4f228443e3b067c801250f3402
7a63c379c6ed4b2faa1b9e863eb35d54,0.4654493,cc21026ff0d541909df56c5618d28518
5db16d2af83a479d85d0755051ccebb6,0.463798,b25fe3b79f714d38b3fc53e39fd84d36
b6564d12e54b4e09a41d57e66159df56,0.45885456,a6a551a308b9442f947ea0608ae2c3fb
00a23ea3107f484f84ca76a6fb313ceb,0.45821452,e9f055a212cd4e5e8601228c37713f35
e2b08fa4040643048867ee258a43c077,0.45801866,678725f8b914453fbc1029b7c1bc0879
6e4efb567c284833b93c09713f4af1df,0.45519987,0472051dc57d43f8b9dd08df475fc4a3
d783d92ce7464edd930cf3e6a5a3ec9e,0.44993463,5a26ae7959494fef99542e9b2004fd11
a72d6ed397c64fa7ad1aeb46a417fa4e,0.44954294,8a77dc665d8b4d95a0b1113522f7e9c3
34bf626d6a87427281f80c0938fe0278,0.44822267,7ce06191f1114b4c8a00609f6867761f
4eef43c568d642d0b7a75932102cd2f8,0.44630423,8aadcf7251724cc6858dc0db44abebe3
45f6671f9fb64495bc585555e3b8e55c,0.44487137,257aed6ca7a44f1cb5c664beb1be527b
b8355f6877f04cf583abef8dbf343f61,0.44256032,a6a551a308b9442f947ea0608ae2c3fb
b894792524d841b3b24c566aa9c41b8d,0.44225687,cd56b9a044c24df8a7156f661cb3d9cf
1ba49dc7eaca42cc9df60f6a9a04f11a,0.44086075,983940e0b12e4186a281c36de657406e
cadfda09774f4983a79a1c20a77a7b6e,0.44050375,678725f8b914453fbc1029b7c1bc0879
a7fe5588b97f435caa29a3b507cd51f1,0.43962792,0ebc441d25664c91adad96b570270f07
249dee8be73c4f019ebfc02f74d02ad8,0.43931177,640f3bd184b7425fb22cc7773b8b2244
b9a2d4a31cc74336b4c66e880ac51f1e,0.4380432,fe6ace599de44aa19b1773dad3658fee
fa54265caebc408591476e98de422b10,0.4379922,31b69f9501c4415e929b6af28c83f6a6
174196604f504ed29027427608904003,0.4371031,1216ce1ef31e4643bb1222538c206342
4975299790f047d9b4dfba901c33ee4b,0.435969,bd2f91a9415049d980e453f94327e0ce
f8e19b9e878142969c95441f15b0da57,0.43594813,89e43b092c844b5886a93091a22c894a
a5b36f9c26ec44639e19ecba64ad7063,0.43408632,8a77dc665d8b4d95a0b1113522f7e9c3
302f7c4fe5f346b7b6f4c5850ccea290,0.43208098,d576e334105247369362b05a375e88cd
6776a4646460462797dc83573d630d14,0.43183678,156f393f7ca046299e09d05464afa056
9526a184d9234981861f184f41d509b6,0.43163764,77a8b27acb0e4600bb6ff974eabc269c
551ec133b10e448a939d6f857cf1dc17,0.43013284,0ebc441d25664c91adad96b570270f07
1ea12b451b3d408baf7902165bd34a14,0.429198,65664fb3aad341fab563409d91dddd2d
1413507f5f8f46109e5caee2e853eae9,0.42848173,700f381f40ce4b039ce0df8b49fb199b
6d9fe29b75544ce6b2e1c3329771cd32,0.42540953,64fa5ce839ef406b9bc8a1b2f05094c7
29d39b14f72c45cebe5afd433c98dd23,0.4252416,b2be859ca8f24cda86821d5383edbc18
c0701f4c6a8e41a8a7df573b4abbe04f,0.42336273,b4150337314e40fb9e3ebb24514504a3
b7ebc3098f284cdc8a70c21862a74b00,0.41865465,73e7e41e8db447c09cb2363d76556c64
71134a9c69f44b489217b6a7661eeb5d,0.41642576,ed9b10a2879742628fce003076ef9024
ff0622832e0e48519d375778af4f60c3,0.41477326,7ab29c5e2f05481d8a69cc479a764ee8
b707dfaa86a540dd9c3fa75fed4a43af,0.41437218,b8ca3b6144cd48208caae952e096e7ae
d4cf39f8ba7e4a92b4ced7faa1218229,0.41267237,e492ff7fecf046a4948c5ba5631cdefe
89d4dbe124c14550a38f6790a02abf01,0.4109427,1fde4c9a01f84c349461083b6d0ba9ed
fd45ab2e058b4b5fb374e54e60aceb48,0.4096287,b050e9e1ef5946c297a34dda98d8f476
b781fac256574439bea7cc655923fd3a,0.40951523,f11f1682b5924181b047d757d3e20964
aede09058c264aa399a460be910cf10e,0.4050258,02cf82700b4f4773af3a14ad8eaa5270
4cfe5514dcd64af29dbb1012e6e35f81,0.40443018,bab3bdc133384798b558f8fb6466a7fa
2e7dec015d344fb58ce0988844becd9b,0.40311912,f5a6222612ef406b8f02aef87e08c476
b717169ea8804058961095ae61a7b5fd,0.4024014,64fa5ce839ef406b9bc8a1b2f05094c7
987dc1b016fe4664902db31211a59bd9,0.39997154,efdf40eee13d409c9955e5b84e4408f6
7347c822edd443ed856998a70357afd0,0.39974144,8a77dc665d8b4d95a0b1113522f7e9c3
390b32b86ff0424dbb5e9e0d988dd09c,0.39874694,9303b9f7f4984b2dac8aeba8c8da8ef6
619fb307d36a42b8818b2918edc88ade,0.39823732,aa2d7a3a535243189492d4ce8e79c049
77061464d801457a80b33cbbe0f017f6,0.39673954,d4cd0b56b6f54e08aec8ebfdb6122c5c
e7484e33c0004b31996c7062d82f4819,0.3914357,678725f8b914453fbc1029b7c1bc0879
0d2bb28b114e4f4c8c688a13f967b79b,0.38862014,a4cad92644614f78bded3ca6d6023473
1fed8f37e5d44fa599aedccef449767a,0.38482317,bab3bdc133384798b558f8fb6466a7fa
4e48af3f82274b30b4ec6ec1533e2840,0.38377598,58db4c3a26c84fa68d81235d078208bc
f9858ec6cc4e424aacd697295e8cabbb,0.38003626,ff715b4f228443e3b067c801250f3402
46d21d8ab5eb41a080233ba04192b3f6,0.3761186,d576e334105247369362b05a375e88cd
53ad9b6f270d43beaa19337b588c1e60,0.3758494,1543a2f94aa74008914301874d98f0f5
38b738aa374d42a1b20afa63ccfcfd62,0.37389687,01e805bb5a1845a7addf86fe9bc8d814
8d0f508b17b140db934bc95a70c06411,0.37354398,78b600dd53854b018f87267d268b7b1a
7e1f279ed0b04e478b3bd9dbc9e6a6c0,0.37168092,6a122ce1702646db918266228d48bd08
b24046864bc341499137c0e4a5d92315,0.36898458,82b01998353e4141a7613fdc96d7b600
3fc67f7f85a74c5b9c118cbf60e96ca1,0.36820257,983940e0b12e4186a281c36de657406e
de89bc23ccf04f3387bf242e269f4ea3,0.3680501,c322b788813745e0aa7b592b4345d379
2a8517391a58458c8b4054fc225e976d,0.36479032,bd2f91a9415049d980e453f94327e0ce
fc06ca8216b146f1811dbd89c4518c42,0.36391562,6a122ce1702646db918266228d48bd08
f1015462e69f41ea9a9c663ae07f13fd,0.36257857,ad2109663af04c549385cd2ab9b3283b
27ac7ea2481844079ce6ab849edc3901,0.3615648,526ab7eda50e4a239d03ad505832d61d
8ef2aba44c3c4a85a7499fcc0cf28ff5,0.3614318,e52a528036014db0a7bd54b99a310fe8
9aca4f5f45944250973b5a08c3fa9547,0.36125177,58db4c3a26c84fa68d81235d078208bc
edb1a0a557354729b75b63862940d133,0.36052513,01e805bb5a1845a7addf86fe9bc8d814
3420154012cd4b5b993f16f000a9476e,0.35796988,1216ce1ef31e4643bb1222538c206342
d5f31f9998f5477abd572904835fad50,0.3579455,9170e0bb8fe44b309f83293808d871fe
d8da57bead4f4bd8a90f916f7cd032ce,0.35538054,5a8cc5ff28fb4359afc7e9fcbf3bce55
ff710f3510b24d89a54afab54c23edc6,0.3545432,691acac4a54d450697afb2c2dc4fca09
b2e0675fdf93468a8fe7f4992e5ac02e,0.35224223,a1d8cb16dafd4126922f985021e93631
4c35694f60f94daa9e2cb35e66d8031f,0.35199413,f11f1682b5924181b047d757d3e20964
4805a294e65b4d4db75948e86d3fdee4,0.34989268,acee70abee2841c9b67b95e9ed079647
a4f6bb74f2654c17b04bb3fe4c05fd91,0.34830678,d74f6e7abeb84eedb9923dadb62f45f0
1e61632437f042c89075c565adee2ded,0.34627587,dc58564d0c8540bea4f3e2e3696deae8
d8fd098382264e93a362843242d58e0a,0.34442902,8f761e1117754656ac86a3a25f241cd7
01213179f19e4a5d97590bdc85be49aa,0.3414203,1cbfb22f84454b1fb821b602e3ad11f8
7b77d3c7e5fe4d2abc10ed7f00ad4e1f,0.3326102,ec281224f8ee419ebde676f291672aea
c60349b6f8454e529aa85264c412eb2c,0.33049446,77ac5eb4b3054ca68e2b0dcbd5473fd1
862ca039da124a9d80603938ab13c289,0.33035094,8a77dc665d8b4d95a0b1113522f7e9c3
748b2df793c94a6fa92094994cbc50c7,0.3301072,89e43b092c844b5886a93091a22c894a
91a077bae982429595e548a2859976ab,0.32729733,7ab29c5e2f05481d8a69cc479a764ee8
65fdb46393a34ac699da17059ebaa6cc,0.32685447,f9fae977af2c4f35b29400f31267e170
4ef4c104173e4986b5ea7a85d28d9330,0.32549646,983940e0b12e4186a281c36de657406e
ea0b41aa56ee406986b5b4f422a625ee,0.32377353,f5a6222612ef406b8f02aef87e08c476
7919001f5a3f4b7ca384f7a6ade1783e,0.3234111,7cd1db4b50dd41e6b2f3dd15fcab3b89
43a78998b5f14d87bf9883d669a9ea6e,0.3227812,d42996c2b67443fd9b73bba7641d4f77
1aaf2fb4fc244f5ea6b9eb65d1183c03,0.32136032,7a4c413f5c844796bd5ffed2b65f0336
c244f9298eca46bebe8382249b3a300b,0.315445,e336d113184c4ebdbad7aa2b6ec64640
a1855c7563c54b5c86e2f73c5fe9f8d7,0.31430116,640f3bd184b7425fb22cc7773b8b2244
2ef6a38c8e514fb1b98b9cac832fdd14,0.31326962,8aadcf7251724cc6858dc0db44abebe3
b0535812250c45b497a6bad12645aca1,0.3125349,2a9658410614443d8a27ef174f61d6e8
d7c4bf8f05fb4648a8778e884052db2c,0.31157777,09fc9f38fbbb4bfaa1c979ac9cc43f0b
e449398fb3714ef39cfae0e60e4b3fd1,0.30985016,34b71675a1ae442395b6eb1f3eda23df
b32a35611f6b4eef9cfd102e5e72766a,0.30808598,b2be859ca8f24cda86821d5383edbc18
8f46f1c9e7dc4f0184c02d6fef8f3708,0.30551702,b4150337314e40fb9e3ebb24514504a3
27074d8daee940d0ad71d8c9e50c854d,0.30478275,d74f6e7abeb84eedb9923dadb62f45f0
f36820bbc65b4c6486f479be532b159c,0.3038105,cd56b9a044c24df8a7156f661cb3d9cf
650d5c180a444d6f9e8b7d0e2bac56f2,0.3032365,9e304a9bbc7b4c22af8025fc93757357
5dce93cb07464f0db845af41bf878604,0.30223557,acee70abee2841c9b67b95e9ed079647
3d4e582564564c72b47184e7b5c0717d,0.3010524,5971501b0e8b4ef5b203c3985d7f5e88
37f240104b2040c4a8bedd933b90684e,0.298445,d4cd0b56b6f54e08aec8ebfdb6122c5c
b34eaaea52614dfe82c2df09e4121948,0.29572028,8a77dc665d8b4d95a0b1113522f7e9c3
7a81a74f4b0e49839c3fbcfd7ad02560,0.2922876,fb709e29755b44988bb252c87a2ce2f3
faf7544dd7fb43c5b63a56c55bcaafb6,0.2920226,4ad7e2502210436f9ca5735fdf7e50c3
42c545ddf97e457a8ae47f8f1229bec7,0.29116565,80921378de2b4cd3a14d449688d8b079
d26040150be642cfa0310e083cc0d204,0.29029348,bf59502a233e4b5eaff9cfa3a992c387
e0d2814553f94dafaa11cc4de14b94db,0.28732625,bf59502a233e4b5eaff9cfa3a992c387
e064b22a3b0a424498be0599ec51b26d,0.28621274,1b4e143cfc1648a5b877d7445446366a
d89a3137737e42bc94b53fd641bd17a4,0.2844673,2768d411cc374a018a898f9df0ca207d
05074ae1d6a64faf8736a89264404087,0.2797503,e492ff7fecf046a4948c5ba5631cdefe
901288a03fde4b628e2efc51f9ec6f0e,0.2772482,257aed6ca7a44f1cb5c664beb1be527b
d0fb524183bb44a9a854de124a8becb5,0.2764816,640f3bd184b7425fb22cc7773b8b2244
6b5d194c37f14e5d89385ae747199cc1,0.27551457,700f381f40ce4b039ce0df8b49fb199b
693fab3513204d1594f6d18136b865e3,0.27203733,1fde4c9a01f84c349461083b6d0ba9ed
a3a8679097e74509b7525e86a5457662,0.27176973,b4150337314e40fb9e3ebb24514504a3
08fe7d5213ea41ebafdb17d60eb36a97,0.27134198,c9e2e76e631c4d0a8013d90892350e06
bf3d001275754cb9b2c48df805901d9d,0.27075338,f615619defc4402b82845090c238e597
08b353e1649c42d6b37c9f7179dabf6e,0.2700966,d27cfea4da8f445fb4e3c55e53c6482c
3b01fad04aad4fba95d40be77808d716,0.26612982,cd60a0fcac24465a880af7d8f921dd68
0ef75de01cd14e0faadcf05c8a85a916,0.26247853,057164cf4aab45ebbefef3409359cfb1
ef4b6d47c51c4527a80e52519f3c872b,0.25969225,691a538d2372403fad2b919b48ff5f85
8498c31c9d93468caa7deb065c84e1a4,0.25661966,d74f6e7abeb84eedb9923dadb62f45f0
4a2b5888e21b471bb770cd3b5b496ae4,0.25426993,4d708e5878784386a42c2f436d2d60f0
fe079e85e77f4cd98fc3ce5e6b2476c0,0.25414896,7a4c413f5c844796bd5ffed2b65f0336
93945027f4fc4a43aedd7dc6affd5621,0.25346968,d74f6e7abeb84eedb9923dadb62f45f0
7c9553e399964910b2eb9f1c94c913b1,0.2530417,7a4c413f5c844796bd5ffed2b65f0336
444cddd136524b8792db7fe1caeec69c,0.25292295,acee70abee2841c9b67b95e9ed079647
546369a62bd740beadc07cd40b6e758e,0.2508759,a926df6d7fcf4b17b68dae6f41fbce66
9bc0b7a878a34cdd97666a27e60314a1,0.24989483,7cd1db4b50dd41e6b2f3dd15fcab3b89
173d05df5b374e3ea0eeb958b8854299,0.24863592,27eee82d7fb94b9b8b60bd3101187496
c350ff1ea49c4547b89b09403669a4b0,0.24827853,4430d47e30904eab969c1baebca184c0
06cec2d499d345bc9c033032d765acb3,0.24654883,779d7c2bad1940c8a861451964e1ce01
7f38510693a9428bbcd86009bb013321,0.24510023,6c8a24653ef04f559b88e0f27c0df63a
b2bfb37b3dd54bf0b7653b3c280b2b08,0.24333468,c8b9a0ac7c214a449c434aabdf6ef770
963dcd06789246059d5a6ecdb28e6321,0.241715,77ac5eb4b3054ca68e2b0dcbd5473fd1
0b185da1334244d1b2c7ba6695d75f1c,0.2407861,bade01bd83ec4b6786fd8c867ca7a090
ab6c85b8074c4edcb7f8d568b142ef98,0.24042681,1543a2f94aa74008914301874d98f0f5
63e06c0c69054bdd8c2690539549d9cf,0.23845753,37337ebec05640b890e4b9612776c32b
0aa6a9108b584bbf8d7c94f8d1ba84e3,0.23780206,691a538d2372403fad2b919b48ff5f85
a3693333d6ba432295feae73fcde2dce,0.23729788,bd35571850644321b86ce4fae286ce7d
37c0ed56957944cd874df80d82afca79,0.23667477,6aaae524573f477f8fdef0b83787cbee
1c017d16176a48e9a899ed772d5ff4d9,0.23630103,1543a2f94aa74008914301874d98f0f5
6ba13a7346044bfba1b6245853af401d,0.2356525,d9fbe02f04a4469dac855f69ea6ad02a
360cbc8189604ca7bed1d03379488753,0.23321918,eaca056cec224a30aaaed30c39f644c2
ac7a9829a2a24b3aa81bebb2785533ef,0.23137118,8f285540a9394706bd6ec6cda46c5058
58f93c38cc65487492ae04fd498f436b,0.23083232,fb709e29755b44988bb252c87a2ce2f3
6abbc2ba6e8241f5b7132c7bb338f92e,0.22613466,37337ebec05640b890e4b9612776c32b
2c477c4f58dc4ca1975569a1f34923fc,0.22185853,77ac5eb4b3054ca68e2b0dcbd5473fd1
d7d1062b83d0482889557ef5578d6c18,0.21840996,836ec4ef8df644328ac07b7803709323
a2c99cf18b24478a838bc5837a75721f,0.2146392,d4cd0b56b6f54e08aec8ebfdb6122c5c
7e1df8a5aabd4ab88cff299bb27c308d,0.21237998,0472051dc57d43f8b9dd08df475fc4a3
e746e83fb0634ed3b81c10391e2d74e8,0.21194592,ff218cc7835d4b5ba0de22792319050a
539c9a4dd3ac4de18415aae9107a2600,0.21143149,11ec23965d2941d0817082107996ebbb
7c890f402f38475d942c1190be3ab2a8,0.20665444,77a8b27acb0e4600bb6ff974eabc269c
5cf8596279eb4fd1a30ceda96102ef99,0.20643285,80921378de2b4cd3a14d449688d8b079
64c90aaee7904b2ab8098f0dfe8cd516,0.20158042,d576e334105247369362b05a375e88cd
abf8b91082294675ba25ab35c659daa7,0.20140624,09fc9f38fbbb4bfaa1c979ac9cc43f0b
72679574292b4dcba4cd8bf82996bc5f,0.20125501,64f1d63a671d441d9663a783f632f794
a3c8a08e370346b095ed986fc19f420d,0.2012389,89e43b092c844b5886a93091a22c894a
fa4aad3a76ce4c019895b7d73d8b496d,0.1998361,e5692bd498004d32934fbaa05af2120d
12b4b13d49b64b55ae65fe00960c4711,0.19731149,6a33c207c8b648f680dbd0e65639ef04
fcaf0031ba12457ca8cd515c95fea22b,0.19382754,bade01bd83ec4b6786fd8c867ca7a090
0ac5a5f9477a43b2b222bfec1888b8f0,0.19197646,19c9ac7b84df472c85ed6cf5a05fbbc6
f856e536fb204df3b9d9dcffebf3085f,0.18980291,88dc23909eb4415aa39b96cc3a4c2926
07ecb7f8a5f642e98200ac37c34425a5,0.18238999,0472051dc57d43f8b9dd08df475fc4a3
2fe38ce318ec41e091618386a291f79b,0.17930993,e96aa0967ab94368b381354e03dc40ad
fa350c4d307c4225b43fde340c1e9c40,0.17916769,acee70abee2841c9b67b95e9ed079647
3787d8d226fe43acab22bb2c72e2b1dd,0.1790614,cb85047b65f8468aa02744c28c075dbd
5c6c691ff9a94d5e954977de26cd9cad,0.17714001,fb695c097d5845c282f6b30c241e8cf2
2f01109a00d94d2ba4736fbea4522c20,0.17572698,78b600dd53854b018f87267d268b7b1a
924c235415de407b8fe453ecc8aa95be,0.17001678,ec281224f8ee419ebde676f291672aea
ae5e0ee1d17e4fb0839e3d41295a5479,0.16445674,903360099fb644b6b88c6edac88eecb2
712e2f3a807b4a8fa67e7bc78a2b5da6,0.16310897,b2be859ca8f24cda86821d5383edbc18
63b43033779f4fd5ba6309fb8f1fb41e,0.16296452,7ce06191f1114b4c8a00609f6867761f
43e7ebaddea142908ddeece45bfd2049,0.16112265,bab3bdc133384798b558f8fb6466a7fa
7a18d92954ca495a937856ac7ea4d263,0.16050765,564a84b1b830407e811bcfc7fd086a6f
3f44a924107f4ecabdb619dac62a5931,0.15924951,5a68e05acea4434ba08e17e1fff00057
af56dd5a3d1a403c910f7ccd67f42dd5,0.15624204,23066f7964874fd39639dbf2cb2766df
b4aed3fb5b3f491b99ace5c051b75eab,0.15374759,7ac9c94011924c09b47f9640211885a2
b7e24f3f016a422b89ff10b363c86e9d,0.15289234,09fc9f38fbbb4bfaa1c979ac9cc43f0b
8756c0e4eee54ca69baec75ff9c6f44c,0.15282638,17cc6768c9d14388b7455fea0060b62c
65120ac6b44e42f1831bb02005863657,0.15277106,fd51f3eef1a64d9a93652be481bde32e
c8a6cf1a44fb449b9f338991907da389,0.15193738,89597084b19c4902b073a2c6c6622456
52f16fa757624404b9d43dfe2885697b,0.15105547,09fc9f38fbbb4bfaa1c979ac9cc43f0b
96a40dc922f94bc78c39fadb8ecbd263,0.14939043,b7ef0a61de0e4adf9688b2c525c9ad09
0440c322e82547b787d5f173806bb341,0.14486134,e039a00eae414ebbb2205b011ac127cf
8085782f7d76421b8468fb1e61d4fd61,0.14396194,369fe18b94f54c98b554fd22b4a3b50b
4e828f821c014d5d99850f710aff0f21,0.13881315,f5a6222612ef406b8f02aef87e08c476
0f51f0e1827243a380a392150248b877,0.13865903,bd35571850644321b86ce4fae286ce7d
2613b590d7c94de09bd3bc1e4aeebb1d,0.1385039,fb709e29755b44988bb252c87a2ce2f3
af70750bd219415e93fc6c35e802091d,0.13781068,903360099fb644b6b88c6edac88eecb2
a48cffbae43148f292d3a78837fbd4ca,0.13581872,efdf40eee13d409c9955e5b84e4408f6
36b74b7a585a45e796fd8ff39bc60f3b,0.13196677,e5692bd498004d32934fbaa05af2120d
321ad870fb8943ddb55d46439d2912e0,0.11758901,1fde4c9a01f84c349461083b6d0ba9ed
b9927fff8eac41ac99d787e84af9c3da,0.11735693,95fbc6ed8bfd43c1a6bcf676e26e7f8a
8c4f8ffe681a4951928e1444bf4947d6,0.116766416,fcc9863b07fc4bd5a01fab5b9160eafb
cdb476218b73426a840ec0a8868020bd,0.1163124,d9fbe02f04a4469dac855f69ea6ad02a
b457016349004dba8b94241ddf2b6964,0.11590374,640f3bd184b7425fb22cc7773b8b2244
d02300771c8742a688cdc05ccd13d2a0,0.11452453,6c8a24653ef04f559b88e0f27c0df63a
20a91015a52d4a81bb29c195b01ed6e7,0.11429167,46ba0b979a664c7cb0c315c4cde6ac86
1c5c1558517e409b9358d9a48811062a,0.11356136,fd51f3eef1a64d9a93652be481bde32e
a5d13a0d598241769730951b2e94e7ba,0.10906641,23066f7964874fd39639dbf2cb2766df
cb70763b642a49e48c7e66689f180efb,0.10838429,0ebc441d25664c91adad96b570270f07
d23da11a51a94f54a9acb157cbe7056b,0.10564067,27eee82d7fb94b9b8b60bd3101187496
d51de57d4ced4566bed6fef2db5c099f,0.10391429,d42996c2b67443fd9b73bba7641d4f77
cea01bc4a1554d61a6b1a564073b4fc6,0.1026411,564a84b1b830407e811bcfc7fd086a6f
6fb6a2666474414e950f94d5b467b229,0.09658626,bab3bdc133384798b558f8fb6466a7fa
d2e23fe1095249c4a12577fd6efe8a65,0.09448469,700f381f40ce4b039ce0df8b49fb199b
40d03471812c4f0398b4551b5f116068,0.09429096,fb695c097d5845c282f6b30c241e8cf2
7c79c3280c0f45a693fefbeb30bb648d,0.093088225,3be388c9ab614bceb086c19f70df23c2
edae612794a548eea7fe0edde2cd8271,0.092721805,c3412c53e9ec4b6a9a1aa95cf7f0f1e4
ea60559c1a414dafbe5652b8b1ef5ffa,0.091732614,e02ad4f63c8444b79a7a56fb23a4e0f1
6cfe829d301f463ba1bc66d1c8087b0c,0.08980146,e25b9d9944cb4d7197efb8ffc4ff57a1
0f3dc35d3b4a40e79c0af54b9b3d1f66,0.088520594,fb709e29755b44988bb252c87a2ce2f3
64e6b4c018f14601949aa629c1de4014,0.084047034,779d7c2bad1940c8a861451964e1ce01
c7ddfc6b54294c34a4722f8eaa9b55b7,0.081653185,156f393f7ca046299e09d05464afa056
0f4e625476a041c88fade20efb2eabcb,0.07702265,64f1d63a671d441d9663a783f632f794
ac99786a858b4fa2a4aab5dcdd49d652,0.07697399,6a122ce1702646db918266228d48bd08
e163e00abbda4bc5adec2f85871b7c88,0.07627692,5a73e0a5c757410eb0928feed7b151c8
38407a6caf584c85afd497d9bcadcef7,0.07508455,75b0bd2240a54f6fb45bf95ca43ab5e6
c46143f6691f4af38d4779e21a33f827,0.07459183,01690d9b08164fcabd5bf0819754f71f
b43316e2218e4fb390daa362fc8eadef,0.06972571,c322b788813745e0aa7b592b4345d379
1d79bd154afd47138f529dd6f1d52902,0.06730878,c8b9a0ac7c214a449c434aabdf6ef770
911ee4e9eb0d4ed1add57e7a79dd71d6,0.06676018,eb513691b7a04d31ab1bc50bf343447b
cc88f1f679b3441cbdad8db36097e960,0.06562957,e25b9d9944cb4d7197efb8ffc4ff57a1
7727fce048c74dfba9b871f0a6bb4504,0.064622894,e27d9425c912446e947fe53c4a757375
9f44eb98cc5c4143a57358e733c1cb23,0.06439154,650afb6a1d054e59904a1b796552eb04
86339034705d41e685883013d2ef7d6a,0.058651816,9303b9f7f4984b2dac8aeba8c8da8ef6
2ca1d4b5568b484d92ce254f17374b6f,0.05333674,d79afb377f5349a69830b2b4c7cfefcb
9ebe890cdbad44f1936503311aa8efac,0.05266328,d79afb377f5349a69830b2b4c7cfefcb
253d404216244e3e8c298eef54b7424a,0.051248897,d74f6e7abeb84eedb9923dadb62f45f0
6febefdfecdd4d6dbe493b2dab3579b0,0.05107729,156f393f7ca046299e09d05464afa056
eb5fe491e3474e81865751ec9f52b3ce,0.04565405,1af4472b38cc4304841b2f1720075c9d
57a0a47943824bb28d5faf9fe31ee787,0.045408398,9e304a9bbc7b4c22af8025fc93757357
7e7b0eca4a964ddbba6f2fe892340895,0.042372406,c9628610053945f4a7998ae48cd70da3
0f1bdf98cdc7472282cb0375b87b3ba4,0.04048404,6aaae524573f477f8fdef0b83787cbee
d142f9dac4904fd9a93e4b68197a4fa9,0.037423138,ecdae9f36c6a437ea72739febbf1c89c
fa3faa7dd3774c2681f4c5b7527b1e78,0.036087845,965598a17b624a0f9bb1cd58595458a6
c0f5519b1d3842a68611736d9c0e5c9e,0.032786325,01690d9b08164fcabd5bf0819754f71f
00989f2d41344337a67e440d6506b9cf,0.03276153,73e7e41e8db447c09cb2363d76556c64
018f42d116aa4bcdb1ab9e05bfc01b63,0.03256256,640f3bd184b7425fb22cc7773b8b2244
794358e3d9a94bc48a240617b29ec0af,0.032264955,3be388c9ab614bceb086c19f70df23c2
54cad1d39001470bae1e14fe0e58f061,0.030258471,cc21026ff0d541909df56c5618d28518
52bcb0a99aff4ed18c8fd7fc24e687f6,0.029767744,7cd1db4b50dd41e6b2f3dd15fcab3b89
0ca1af4b4360463da2290c0231e7c2bc,0.027862253,acee70abee2841c9b67b95e9ed079647
39ce9102f2044852bd09b544df5b8092,0.023798067,7ac9c94011924c09b47f9640211885a2
e578d2ca90a241bcb241e65a62648a66,0.023514887,f5a6222612ef406b8f02aef87e08c476
6d60c813cd9640d0840e8567de817877,0.022993792,bade01bd83ec4b6786fd8c867ca7a090
c12ab02c4bac4b91877f10f42eb704dc,0.022656322,3b13d134762445cebcdbb02b484db77b
4d8700f8f8b3476899b9e140d2b572ea,0.021189794,e492ff7fecf046a4948c5ba5631cdefe
4dd9cf8a1b2348fd81e6ed73ea81c716,0.01666516,78b600dd53854b018f87267d268b7b1a
7c4376eae79f4bb992d0bbb206eaebc1,0.011299282,c322b788813745e0aa7b592b4345d379
390ed716ee69427f85d1d9d4da45fd20,0.009336211,526ab7eda50e4a239d03ad505832d61d
41d559a45180411298adc4fbea7618ca,0.008962598,de9328bdd1b34adda74a0363ff0a52b6
b2f096bfd95f437395470a39b9b6ada7,0.0065023154,f5a6222612ef406b8f02aef87e08c476
e3168a661d6e43b39980289c06b51f8b,0.0051954016,aa2d7a3a535243189492d4ce8e79c049
aac7a2be32044f6b908b9548ab324ed4,0.004006684,a6a551a308b9442f947ea0608ae2c3fb
f8dc989408ab412199e89745baedbb50,0.0017656349,8f285540a9394706bd6ec6cda46c5058
e3fce4db03644ebaa6d2618e06092fe7,0.00022818148,1cbfb22f84454b1fb821b602e3ad11f8
