d9b3a26c8de14ab4ad2a779d31b4f01a,7.415659,a585d23fe43f459ba86ac15645af77ff
803ab31024764a56a2ac0cda5c79c69c,7.2239385,11ec23965d2941d0817082107996ebbb
edb1a0a557354729b75b63862940d133,6.853896,01e805bb5a1845a7addf86fe9bc8d814
a290060554d143b285db3be94eac099f,6.7993803,a1d8cb16dafd4126922f985021e93631
fe079e85e77f4cd98fc3ce5e6b2476c0,6.28506,7a4c413f5c844796bd5ffed2b65f0336
96cfa510415b439da48aa661aff3500b,6.1333427,1d47a696eae94bd29f215a4787b27d8a
68ea9efe09ec467b955f3960508e08de,6.092429,23066f7964874fd39639dbf2cb2766df
3e7d386674184d34bfa0757dab4b3681,6.054551,700f381f40ce4b039ce0df8b49fb199b
7a81a74f4b0e49839c3fbcfd7ad02560,6.000476,fb709e29755b44988bb252c87a2ce2f3
d30d31b8272b4fd0ad8156bc69d4ddf5,5.9526224,d42996c2b67443fd9b73bba7641d4f77
dd671b4f80574f9b903f650ec7d65be2,5.886304,0472051dc57d43f8b9dd08df475fc4a3
f74645ebd6e74b0a8ca70c4a1a983295,5.861044,46bfd7af0ed6491fa621350963d11e35
0efa7128e7d54bb098c98a8d23fa4d55,5.679265,aa2d7a3a535243189492d4ce8e79c049
9304c56db5b34e709d22e558122d8338,5.6721573,b8ca3b6144cd48208caae952e096e7ae
780486c1076b4c48a2e7b01053d328cf,5.602993,46bfd7af0ed6491fa621350963d11e35
9ecd5b6acb6a4d10899c3464d4929105,5.586523,8f285540a9394706bd6ec6cda46c5058
0b0ee45e830245ffa3ce101af6a1a750,5.540504,855b3971c4a147cfb9a7c281fa6b915e
1c5c1558517e409b9358d9a48811062a,5.512384,fd51f3eef1a64d9a93652be481bde32e
3d87a00da06642ab94224dffed6c2ef5,5.4693384,c9e2e76e631c4d0a8013d90892350e06
8e5a5214d8844be09dabddd5a39036e3,5.449381,ec281224f8ee419ebde676f291672aea
f854f94037cd4d678dad33c5ee4d0dae,5.4380426,5a68e05acea4434ba08e17e1fff00057
ddb7ffce794746d1bcc1cbc3747fcac4,5.4226203,11ec23965d2941d0817082107996ebbb
d65ec9584a074f8494467734378fc499,5.4132223,d0a840820172465f83c8480d571e7b71
237d880c4172486781ba355b82ab8600,5.314548,e96aa0967ab94368b381354e03dc40ad
97c22deac29b43b8a2911e08c2aba299,5.312655,0f9cc12519eb4872af7be7fe49e19f59
5dce93cb07464f0db845af41bf878604,5.3113375,acee70abee2841c9b67b95e9ed079647
369716c45312435faf4f35f7fa3ecebf,5.297366,3257035cc77946d98bdc09e2fdd5cdae
a9b68d896d484e6a9c7e87b014dce89c,5.291895,c88be17376104f999b914a91aebf7220
4271098208074e6ea1a9497085061483,5.27322,6542f58c143446f280e88a6375ccf79a
b7734f7f37a349c491b96e42059f61dd,5.264538,bab3bdc133384798b558f8fb6466a7fa
51ce7c9230f540a78ecf1c757e16a6a3,5.2582607,7c1e02f3ab614e539ac901e5cd3c92d8
3391f84c6c544d63a18f7c2e8431fbe4,5.1808443,bd2f91a9415049d980e453f94327e0ce
a1e176f474f04640aedebc0ece81583e,5.0865765,965598a17b624a0f9bb1cd58595458a6
b4d2f62738d84adba1b5809481bab602,5.049321,fe6ace599de44aa19b1773dad3658fee
7e808bd74e2447d79f7d266c88de6410,5.013835,95fbc6ed8bfd43c1a6bcf676e26e7f8a
d2e23fe1095249c4a12577fd6efe8a65,4.913496,700f381f40ce4b039ce0df8b49fb199b
fcd3d852367e464bab386817f4536abb,4.899371,9e304a9bbc7b4c22af8025fc93757357
e212caf6ce0045358ab77835c78ae98a,4.8918085,7ce06191f1114b4c8a00609f6867761f
17ef3923d27b4a0d99dbc74302d79924,4.8594003,e25b9d9944cb4d7197efb8ffc4ff57a1
d723c3032ecb44e187744c460cd06e8b,4.83887,00f45d57fd3c448d8cfdf3185ebae894
5d204449172f48b1b51ca2ed9308b6d6,4.809801,11ec23965d2941d0817082107996ebbb
69f55093e5564ec098780c2feb474e04,4.753497,ad2109663af04c549385cd2ab9b3283b
0a18772678f04aad97501db427e8f725,4.7522526,d9fbe02f04a4469dac855f69ea6ad02a
e263f6646da54395823572d53a7be6e9,4.7497134,58db4c3a26c84fa68d81235d078208bc
55e30898427a472799115a2e014580a6,4.702161,d74f6e7abeb84eedb9923dadb62f45f0
b2f096bfd95f437395470a39b9b6ada7,4.690358,f5a6222612ef406b8f02aef87e08c476
2c5c1b245a194f81a943ef372c580853,4.677948,01690d9b08164fcabd5bf0819754f71f
fa3faa7dd3774c2681f4c5b7527b1e78,4.6762695,965598a17b624a0f9bb1cd58595458a6
96bcfa53901a41dfa438964a0688e82d,4.67549,88dc23909eb4415aa39b96cc3a4c2926
a2efdf5f804f446e917399345898167f,4.6465583,80948e17b5694599919e1502bfcc08f3
d74e7c71176e4554969cb9fdf7d1986c,4.644596,34b71675a1ae442395b6eb1f3eda23df
a79ab69369744d3bb4d94f1ed2d8c781,4.6442657,c8b9a0ac7c214a449c434aabdf6ef770
77f470031d7a4d3aa691e074e7215cb5,4.6185117,e96aa0967ab94368b381354e03dc40ad
78f98ba4d60845a481387741d684c46f,4.6076484,e02ad4f63c8444b79a7a56fb23a4e0f1
b5f4e559a70849b2943f3967cc08b56e,4.6013412,3be388c9ab614bceb086c19f70df23c2
1b6f4307fa4e42cda9018c5085947b48,4.598654,66b0c8a58f444ea0aec34d9403b88a49
9c299c4c6746403990eba7f18b97be71,4.5877395,9303b9f7f4984b2dac8aeba8c8da8ef6
5721ca5ad6544bb8b6995ab82d1f5fac,4.554715,80948e17b5694599919e1502bfcc08f3
774622a7382646c4ad5ef139574052c1,4.534281,9170e0bb8fe44b309f83293808d871fe
91af71c421dd4b9fa1252bd59cd4afd6,4.4708633,369fe18b94f54c98b554fd22b4a3b50b
f8a46af09cee4fd4a9c2ffe00e109f28,4.4070454,6aaae524573f477f8fdef0b83787cbee
54cad1d39001470bae1e14fe0e58f061,4.346706,cc21026ff0d541909df56c5618d28518
411837e42b564c399e9444d5403a3734,4.3453054,e52a528036014db0a7bd54b99a310fe8
c8a6cf1a44fb449b9f338991907da389,4.335984,89597084b19c4902b073a2c6c6622456
d6b4f4ad86b24c25967551b42462c386,4.294109,d443e0c5017d48d1b3f86bf4da959ed5
ee3555240e534ffc880818cf7f848c8b,4.271028,b8ca3b6144cd48208caae952e096e7ae
192ea3bc5bf1479bb3255c41ff2fa9e8,4.270272,bd2f91a9415049d980e453f94327e0ce
669388a30d174fa48b59092d2b8770cc,4.265213,a25b08e008114c9ca0266ce3e55d82bb
19697467a2f64fdcaccd3a65d2a60d7d,4.24949,23066f7964874fd39639dbf2cb2766df
17bcb53a4aac4e2d81bba1fca7bcc69f,4.239063,fcc9863b07fc4bd5a01fab5b9160eafb
42755c05cebb4531bf9b3f3297150fe1,4.2155013,e039a00eae414ebbb2205b011ac127cf
93a89031c44d4d6e87976f696e205219,4.2057533,4d708e5878784386a42c2f436d2d60f0
6776a4646460462797dc83573d630d14,4.204111,156f393f7ca046299e09d05464afa056
4975299790f047d9b4dfba901c33ee4b,4.1833305,bd2f91a9415049d980e453f94327e0ce
86584226e35e4eda9eaba4e5fe495984,4.1808257,6a33c207c8b648f680dbd0e65639ef04
2ca1d4b5568b484d92ce254f17374b6f,4.1624346,d79afb377f5349a69830b2b4c7cfefcb
1e3ef31d6bdc469a89c1eaf71cbead2a,4.1615,e5692bd498004d32934fbaa05af2120d
1ca76b297f0e46b1ab22a8cd94230582,4.1594906,27eee82d7fb94b9b8b60bd3101187496
ec9e443ba4a94ce1b32501a817565a6b,4.1589775,c26f5e7dcc8149f18f3d719bba9ae717
41e25db024634f619358f3093d8df1e8,4.1484947,3257035cc77946d98bdc09e2fdd5cdae
373a81f37e674bf381ab2c67de8df0dc,4.1483784,19c9ac7b84df472c85ed6cf5a05fbbc6
7d866819a8df47fe89b41b4cbbe0ecdd,4.1425047,ecdae9f36c6a437ea72739febbf1c89c
abf8b91082294675ba25ab35c659daa7,4.139255,09fc9f38fbbb4bfaa1c979ac9cc43f0b
39ce9102f2044852bd09b544df5b8092,4.134194,7ac9c94011924c09b47f9640211885a2
c63b9549ac384d1092aa0770e0290785,4.1341176,92d5da561f5a41bf929f3555a74cd653
b6564d12e54b4e09a41d57e66159df56,4.121129,a6a551a308b9442f947ea0608ae2c3fb
3710bf2a11584bf098b45d14f2308ef2,4.0998635,ed9b10a2879742628fce003076ef9024
34dd2bcde19344c69a51099dd39f23de,4.086649,5a68e05acea4434ba08e17e1fff00057
112c929868df4d8fa0428f2c3cf17e3d,4.0747,ad289d5052264f9c8bd0aaf9faace92e
73816ea484544387b7c1014e6b97b187,4.067819,0f9cc12519eb4872af7be7fe49e19f59
44ed303d7bde4629ae56239936f499ec,4.055926,1af4472b38cc4304841b2f1720075c9d
bb58d88db2894bbe8d84b210cc4f26ab,4.0540776,99142f1c07cd4782814f8c970eaaa40a
98a56450793d4447a21350dcb38b80eb,4.041326,efdf40eee13d409c9955e5b84e4408f6
d279eb260acc48558e34415c5c588926,4.0387936,7cd1db4b50dd41e6b2f3dd15fcab3b89
e99926e33dcd4f4082308eff2e38da35,4.038318,88dc23909eb4415aa39b96cc3a4c2926
a3c58d5d2da942aab6283a42db2a14f7,4.02648,37337ebec05640b890e4b9612776c32b
f6a57bd21bcc4009bdd07b1d8b86afa6,4.017584,630edd9b8f754b5dbd36cfbbd03ccb51
95d68b07aaac48c4a61e5fd5175885da,4.0083838,bf59502a233e4b5eaff9cfa3a992c387
e046c26587cb42afb43672bc7895ec22,3.9955845,9303b9f7f4984b2dac8aeba8c8da8ef6
d8fd098382264e93a362843242d58e0a,3.993021,8f761e1117754656ac86a3a25f241cd7
0cb422afc9b5409dbdc542e32e32d01e,3.9385762,965598a17b624a0f9bb1cd58595458a6
fbbfaaf2bc764120a3356650c7d62219,3.9163365,2768d411cc374a018a898f9df0ca207d
6cfe829d301f463ba1bc66d1c8087b0c,3.9147363,e25b9d9944cb4d7197efb8ffc4ff57a1
1e008659e5994366815fe158a9f9a26c,3.908093,9e304a9bbc7b4c22af8025fc93757357
9938803be0884fc282a350a72835a9b9,3.8889017,4a4eb12a639346b5a00557d54b51fe51
fed199237941466bbcb3b0333580ee3f,3.8604126,77ac5eb4b3054ca68e2b0dcbd5473fd1
e553e8ada4e4446ebe9a909822fb1cfa,3.8489885,f5a6222612ef406b8f02aef87e08c476
b187ddffdecd4cf9b139b97f1fe3695f,3.8318772,1b4e143cfc1648a5b877d7445446366a
32b499158c154bc2991b5799962d9b5a,3.8306942,2425086d8eaf44d2a9519f0e4e6b289a
4710bc4b3f9547e4a1b836e957787a46,3.8206034,a1d8cb16dafd4126922f985021e93631
af733079cdf649cd95e030d070b603da,3.7823524,903360099fb644b6b88c6edac88eecb2
dcaf50ce32524dee92c4fe00de88a3ab,3.7704673,a585d23fe43f459ba86ac15645af77ff
3fc67f7f85a74c5b9c118cbf60e96ca1,3.7702622,983940e0b12e4186a281c36de657406e
126cac1063d947f1b6b54ce7d54f2c68,3.7700737,e96aa0967ab94368b381354e03dc40ad
de89bc23ccf04f3387bf242e269f4ea3,3.7529643,c322b788813745e0aa7b592b4345d379
3e1186b551804ac0880d688f4ad41f5d,3.7470798,17cc6768c9d14388b7455fea0060b62c
edb63218ad374e72804e964a5ea6949a,3.7243893,a6a551a308b9442f947ea0608ae2c3fb
d142f9dac4904fd9a93e4b68197a4fa9,3.7230933,ecdae9f36c6a437ea72739febbf1c89c
f9f15f3fa87e4ecb852682898d5c2044,3.7211819,9b22c5cdbff44bdabd48dba008e6a3b2
451c5024a60b4f45afcd2f388601c16b,3.7035975,640f3bd184b7425fb22cc7773b8b2244
25f901ba444c47eab6b03184191a3151,3.6847854,4b748d6624144214b3d8a80b37aabde6
0b185da1334244d1b2c7ba6695d75f1c,3.6727524,bade01bd83ec4b6786fd8c867ca7a090
0de5d39510de4443a35bdbb6b6b2c2fd,3.6393425,7ce06191f1114b4c8a00609f6867761f
4b3202343ccc4337aa099b8a9e046db5,3.5981846,e25b9d9944cb4d7197efb8ffc4ff57a1
e16ea80e38c340678ef8f73bb189fa64,3.587162,cc21026ff0d541909df56c5618d28518
ea4bf9d0ec3d4bb9a4d910eb2ab70eb3,3.5869513,8f761e1117754656ac86a3a25f241cd7
cd1d8e8c5cbe4d4cb0b1fbaf84bec386,3.5835793,650afb6a1d054e59904a1b796552eb04
fbf3e9aa77924f2397522f3e54f91d54,3.5576634,836ec4ef8df644328ac07b7803709323
19e32ddf92c24f32a65a82f858c5c148,3.557477,0ebc441d25664c91adad96b570270f07
50b607a9b5e540148f9155693795e5d8,3.5574725,3257035cc77946d98bdc09e2fdd5cdae
980e4d1c5fe143498514e41d3c6501b3,3.5558589,eb513691b7a04d31ab1bc50bf343447b
c12ab02c4bac4b91877f10f42eb704dc,3.533738,3b13d134762445cebcdbb02b484db77b
b9e0a43c19a04981af4a6dbf15166196,3.5258398,aa2d7a3a535243189492d4ce8e79c049
d26040150be642cfa0310e083cc0d204,3.5245552,bf59502a233e4b5eaff9cfa3a992c387
1252c75b04024238b04ae25eb65cf090,3.5229435,6a122ce1702646db918266228d48bd08
4d11f7b70f1b430697bde44deb6f6e8d,3.4859052,f5a6222612ef406b8f02aef87e08c476
a95afea2e8ff4cedb3e0f1aedf6efb9f,3.477427,e02ad4f63c8444b79a7a56fb23a4e0f1
743660b5e64e440a8607fdc79aa05544,3.476883,bd35571850644321b86ce4fae286ce7d
20c77ed7406f451bac8e8bcd18b5187b,3.4764113,9e304a9bbc7b4c22af8025fc93757357
1197a3e216ea459dbc822d775b701062,3.4589944,e02ad4f63c8444b79a7a56fb23a4e0f1
6fdbbc8445214d81aef5fc22b3f4e9bc,3.4507222,c26f5e7dcc8149f18f3d719bba9ae717
2c5e568a58a646b7b291350b7145e317,3.4062274,88dc23909eb4415aa39b96cc3a4c2926
dd9bd5320911433f9d855d754095534b,3.3993702,4696c8192576454f8684954bc771aa23
173d05df5b374e3ea0eeb958b8854299,3.398418,27eee82d7fb94b9b8b60bd3101187496
1f51f549ad514b1c98445416e5acfe66,3.3977742,5831f5e280be4c02a09ce4588b56d7f3
42c545ddf97e457a8ae47f8f1229bec7,3.3974018,80921378de2b4cd3a14d449688d8b079
f745ccee7e2340918079fa1ec6e0e29a,3.3956528,7ab29c5e2f05481d8a69cc479a764ee8
b4e255878aac412187c87d835597242f,3.3934202,983940e0b12e4186a281c36de657406e
7fea4bf4a0c24e2f84ca2e69e88529fe,3.3860202,e25b9d9944cb4d7197efb8ffc4ff57a1
d6db57dd12dd48adae78eb66e24cd991,3.3790603,cb85047b65f8468aa02744c28c075dbd
74f1eb9bb1ba4fe5a565558b1ebc7a72,3.3778524,1b4e143cfc1648a5b877d7445446366a
f1f00603ac934540b2a80ef9cdc88647,3.3753605,7cd1db4b50dd41e6b2f3dd15fcab3b89
a202212d6ad9404fbc16c60a7fc73ddc,3.3522892,fb695c097d5845c282f6b30c241e8cf2
5d880a342d1a4ff987be8c9023fe6275,3.3416674,c0cb721b56f240dabf7f464e453ef72e
d896778ef12545f5b79fbe84a1c9ee58,3.3392215,80948e17b5694599919e1502bfcc08f3
3407ed3eb6d4426bb50ced20b862de96,3.325334,8f285540a9394706bd6ec6cda46c5058
8f66f54b48f64293bbb1f369f41ee3c2,3.3147235,6c8a24653ef04f559b88e0f27c0df63a
26ee506b01f6447f8db3592bd80ed39e,3.3135138,78b600dd53854b018f87267d268b7b1a
d56e8f69077e42b1aca7c99f6675c5af,3.3095164,1c97c72e076f40fcadb22b17e71beed1
824e34ffddf447618c176cfb2577eb45,3.3028827,965598a17b624a0f9bb1cd58595458a6
47b8aa81feb6443088dc32ba9aaeca66,3.2845306,3257035cc77946d98bdc09e2fdd5cdae
0a6d5cd06af2452ca1b3a4657d9e0767,3.279671,d331012ecf0c40888e0ac290184f0883
a888f13ac990426fb248349ced4a0bce,3.278864,c322b788813745e0aa7b592b4345d379
3bfce2ad291d4b7780e0e8b06d4283c7,3.2500415,6aba5a04ef8742a39d3a61644a5f0729
6ef8ff7c77a84500af8da2548cb4bcd1,3.2379804,855b3971c4a147cfb9a7c281fa6b915e
0428fe3094fc415e8fa4599480d6b434,3.2378829,17cc6768c9d14388b7455fea0060b62c
9cda69694f9945cda4d98d01dfa6bc79,3.2287893,7cd1db4b50dd41e6b2f3dd15fcab3b89
03338969d6c44f879a13c672864f6001,3.2239854,f615619defc4402b82845090c238e597
ab85f0b004fe481ebacaefa2d94bb656,3.2196815,e52a528036014db0a7bd54b99a310fe8
6de8d8e544ee4bc3b84a9aa3f56f4d30,3.214316,64fa5ce839ef406b9bc8a1b2f05094c7
ea0b41aa56ee406986b5b4f422a625ee,3.209018,f5a6222612ef406b8f02aef87e08c476
eedf84d8949845939452e2cf59d2cc6a,3.2029655,a0fe3cd34e474c3b90662ce8ef1fcac6
64310259af8e430b8a9577093b411ada,3.1990104,6a122ce1702646db918266228d48bd08
5ad95d0217fa4cccb9c2c7428bffd1f7,3.1913676,8aadcf7251724cc6858dc0db44abebe3
fa644cc0807d4d278be005d3e2f849b3,3.189487,5a26ae7959494fef99542e9b2004fd11
bb5525dd713a4a6bac622eef1a7c83c6,3.1833358,1af4472b38cc4304841b2f1720075c9d
75bd7834bfba42a0824a1918cd04b829,3.1803784,c8b9a0ac7c214a449c434aabdf6ef770
83be35bfce854dc48152629a9841375d,3.1728022,c88be17376104f999b914a91aebf7220
bfa67f429e414493a7306f4ad2e21550,3.1709416,1f8c0f02984e4139bf8043e57497fdb2
e90176ac18954403abf1a65c40838e23,3.1668167,bf59502a233e4b5eaff9cfa3a992c387
152e0362dac34ef8940b97d42520b9de,3.1612318,17cc6768c9d14388b7455fea0060b62c
347c303d1b5c48f9a21e9432327258c8,3.159069,27eee82d7fb94b9b8b60bd3101187496
6eeb265798ed440e9feda4d09e043bf5,3.158086,156f393f7ca046299e09d05464afa056
7dda222413534a90ab8e3d686a1ba461,3.152224,d27cfea4da8f445fb4e3c55e53c6482c
c2da5a4eff03435c8c936f9c5f4cf43f,3.1480656,1d47a696eae94bd29f215a4787b27d8a
2fe38ce318ec41e091618386a291f79b,3.146655,e96aa0967ab94368b381354e03dc40ad
d8ea4ac9525840edbbf19a36ad957e31,3.1457458,d4cd0b56b6f54e08aec8ebfdb6122c5c
d335f8b8c90c47229c445bda59c63cab,3.1336334,d981f2c67f764e0c84af125b563958e9
4fb63b6f9f8a48dc921c53a21d354a0e,3.1204848,73e7e41e8db447c09cb2363d76556c64
12b45c8ab28a4361a016608db99cc91a,3.1193929,01e805bb5a1845a7addf86fe9bc8d814
d51de57d4ced4566bed6fef2db5c099f,3.11934,d42996c2b67443fd9b73bba7641d4f77
13efb9d3d8904edb87940273047233f6,3.1176043,eaca056cec224a30aaaed30c39f644c2
869ede3e68734644b841477bdcecf1e7,3.115572,1b4e143cfc1648a5b877d7445446366a
0623d83a061f449f86d03b34bcacd314,3.1135736,e456afdf95e643dd926249fec4d68753
7d4bb63bd91a4617a40be8165b7fc9a6,3.1000924,7ac9c94011924c09b47f9640211885a2
4b82d1239c3f47488e057d0f3898204e,3.0970428,95fbc6ed8bfd43c1a6bcf676e26e7f8a
840915e1243641c0b502a35bfa1a9aa4,3.0774634,e456afdf95e643dd926249fec4d68753
b8355f6877f04cf583abef8dbf343f61,3.076144,a6a551a308b9442f947ea0608ae2c3fb
dd893f1f0cc94ae188e1501db4638010,3.0748725,b4150337314e40fb9e3ebb24514504a3
410b8957bc6b4370ac432ae7bddc2cd8,3.0627952,b050e9e1ef5946c297a34dda98d8f476
ed7174d9684e4c1ab43b255543d62f86,3.062136,b25fe3b79f714d38b3fc53e39fd84d36
63b43033779f4fd5ba6309fb8f1fb41e,3.0610156,7ce06191f1114b4c8a00609f6867761f
3723741c22a347c7a622bec61ab94d3f,3.0570776,64f1d63a671d441d9663a783f632f794
0c553973fbe042a7af2110e0a2fcdddd,3.0543447,bd35571850644321b86ce4fae286ce7d
e45e383a0b9844e2b5ea7eaea5eb9fea,3.0542076,156f393f7ca046299e09d05464afa056
68f3223d477e4e1cbe3830412674f8f4,3.0337026,ad2b6fb945714e6792c17bd49a1066e0
4440ec412a204073bc44b4890ee24ee9,3.0313272,d443e0c5017d48d1b3f86bf4da959ed5
8fd8f14d327f4037a26fa4bfed84f993,3.0288398,6b9b2c8f0a874bb8b6691aca6bc49565
7002381cfd40489ebf699ce239f95dd0,3.019164,d0a840820172465f83c8480d571e7b71
6f57ca99a1e54968882b1a10aed416e5,3.0188303,6a33c207c8b648f680dbd0e65639ef04
7119bcd6ffec46a3b428819c202e431e,3.0110729,257aed6ca7a44f1cb5c664beb1be527b
34a4ab8c365d469e9f634993d0a5b61a,3.0079722,fcc9863b07fc4bd5a01fab5b9160eafb
dd7aef966c97433eaa394c033bd3ed81,2.9980068,e27d9425c912446e947fe53c4a757375
bc216861a2124a6b9cd42cda34629f7a,2.9913359,257aed6ca7a44f1cb5c664beb1be527b
239190927a44453bb33c24a550d70b96,2.9804578,c26f5e7dcc8149f18f3d719bba9ae717
8baed775825049a7a98ba659c3139582,2.9804287,6c8a24653ef04f559b88e0f27c0df63a
f503f17338d443e6a873dd091898a5b6,2.9740796,855b3971c4a147cfb9a7c281fa6b915e
f83685b1d7eb4bb2912f5e7358584feb,2.9714751,691a538d2372403fad2b919b48ff5f85
c762fdf4bb4d4f4992cdcd83ef4f2222,2.9707594,fd51f3eef1a64d9a93652be481bde32e
e746e83fb0634ed3b81c10391e2d74e8,2.9619083,ff218cc7835d4b5ba0de22792319050a
ec947b46f577485bacac003c668ee2b8,2.957264,d74f6e7abeb84eedb9923dadb62f45f0
71938515de5a4c74929e6fa8edb97420,2.9564722,c9e2e76e631c4d0a8013d90892350e06
a1940599db974ded9752d1567b236c42,2.9489665,c8c201e25c0047a2ba9d9e8541ac0939
41f9870b0da34d88a3e68dd195a3e474,2.9429,27eee82d7fb94b9b8b60bd3101187496
56db49f870bb49eaac223bc725d79f26,2.9405315,17cc6768c9d14388b7455fea0060b62c
1c3bb67f3f4d455b86905cf93be96fe2,2.9399366,85e7ea30890b456084b8e85c299c8649
f46543478e9f4f0bbb721b47a528562f,2.9298263,f036aaf4ab714c598a0b6da4ca604136
0a67f23ddf014504a380fcaf9e049a2c,2.9255216,5a73e0a5c757410eb0928feed7b151c8
c61e43ceb2744ddda2e531aa77f3c6b2,2.9223766,c322b788813745e0aa7b592b4345d379
43584afca09c4071adba01dad786c329,2.9222202,e492ff7fecf046a4948c5ba5631cdefe
2c477c4f58dc4ca1975569a1f34923fc,2.911027,77ac5eb4b3054ca68e2b0dcbd5473fd1
252a2a3078134eb8876626820c9ca8aa,2.9100933,1fde4c9a01f84c349461083b6d0ba9ed
a3693333d6ba432295feae73fcde2dce,2.906442,bd35571850644321b86ce4fae286ce7d
206c38136fda4bdb97f8087fab551d1a,2.9059932,e27d9425c912446e947fe53c4a757375
38b738aa374d42a1b20afa63ccfcfd62,2.9046144,01e805bb5a1845a7addf86fe9bc8d814
722ce5c8bc4f4e07b309329bddf66d7e,2.9045105,80921378de2b4cd3a14d449688d8b079
35129a42bebe41de95138c15b348926d,2.9043698,7ac9c94011924c09b47f9640211885a2
3cb97459e3f74194b27d06def0becea3,2.9025257,c322b788813745e0aa7b592b4345d379
75a44d8541fc4f6db502671300b2ea97,2.8966293,fd51f3eef1a64d9a93652be481bde32e
9f893eb3a0eb4ad399f1eb64251cb4fa,2.8939338,d74f6e7abeb84eedb9923dadb62f45f0
693fab3513204d1594f6d18136b865e3,2.893459,1fde4c9a01f84c349461083b6d0ba9ed
dd207a6be6fb481c941ff42092bbb3da,2.887097,34b71675a1ae442395b6eb1f3eda23df
dbb7cd57e11848d399a156605f0f11c4,2.8865595,17cc6768c9d14388b7455fea0060b62c
0499bd7b39be4304b273f17a516f2eaa,2.8858128,80921378de2b4cd3a14d449688d8b079
7e211c9e52254e199e0deca74afcc524,2.881675,bd2f91a9415049d980e453f94327e0ce
9c4b40908472420e923be2dce2979c0e,2.8778176,01e805bb5a1845a7addf86fe9bc8d814
3420154012cd4b5b993f16f000a9476e,2.8754706,1216ce1ef31e4643bb1222538c206342
cb03a3e350c3487d9d636625b49d09a0,2.8743825,855b3971c4a147cfb9a7c281fa6b915e
9ac0ff71215742d1bb1d294fd8b4e240,2.866941,855b3971c4a147cfb9a7c281fa6b915e
396e243238ef431aa015a783dd23ef83,2.8587494,f5a6222612ef406b8f02aef87e08c476
d783d92ce7464edd930cf3e6a5a3ec9e,2.8558393,5a26ae7959494fef99542e9b2004fd11
632f27bc9e4b4d3b84108ebd02d27c77,2.847319,19c9ac7b84df472c85ed6cf5a05fbbc6
9d12b38606754a8ca46a62c27872e893,2.8453584,4ad7e2502210436f9ca5735fdf7e50c3
2a8517391a58458c8b4054fc225e976d,2.8451548,bd2f91a9415049d980e453f94327e0ce
56f20fa9e0904380b48d10ec3d81950e,2.8413105,ff715b4f228443e3b067c801250f3402
0111c90ac0ad4280b5cbf6b56c2d2150,2.8398771,e7d6747e8c8b4ebcb665e232240daf17
c91d4a1a75504beeb98888cfe719a863,2.8303192,1543a2f94aa74008914301874d98f0f5
590ea703d6da42979db4f6cf3ec882f4,2.8261697,1c97c72e076f40fcadb22b17e71beed1
d49f6a76fe334b5ebf72758df0f42d07,2.824841,c26f5e7dcc8149f18f3d719bba9ae717
175670fdd73e4fbc967ac1f61eeb9bec,2.8109338,9014beae94cf4f648e1663c8d5ec6803
999fb1ffa3824b0691a5dcd65625f30f,2.8020635,2a9658410614443d8a27ef174f61d6e8
fa4aad3a76ce4c019895b7d73d8b496d,2.8010654,e5692bd498004d32934fbaa05af2120d
b615eb75fd0545b397a63d7c6a86c4eb,2.7932215,ad2109663af04c549385cd2ab9b3283b
ac99786a858b4fa2a4aab5dcdd49d652,2.7925868,6a122ce1702646db918266228d48bd08
d2a4c950a6244d788c3d60d371b154f6,2.7801113,fd51f3eef1a64d9a93652be481bde32e
54371d2d71dc41b99b9d79ae757b5dbf,2.777144,4a4eb12a639346b5a00557d54b51fe51
ec6e7c2e584c4bd09dc91d1729c2c90a,2.7707162,89597084b19c4902b073a2c6c6622456
619fb307d36a42b8818b2918edc88ade,2.7679355,aa2d7a3a535243189492d4ce8e79c049
cfe22b04c2604c1fb386b852e558744b,2.7617555,ff218cc7835d4b5ba0de22792319050a
a2257482b09e449f8dc0e6a32423b610,2.761514,faaac88748714ce8a99413b952a1dac8
a7065654ab41446abde84554b4442a5b,2.7222786,7cd1db4b50dd41e6b2f3dd15fcab3b89
ff15583dc30644238b32a7302a039764,2.7197473,b2be859ca8f24cda86821d5383edbc18
bd346d134e9046b592df35bc13397ab2,2.714797,0ebc441d25664c91adad96b570270f07
c5487b5f9cec423b8ea3117173949a1c,2.709879,0472051dc57d43f8b9dd08df475fc4a3
05fadc86cab04c70ba18949f1163cea1,2.7028496,0302e7dde9074dddbbbdf85e9be57901
654c2ffb9ccf4c1a9a3f865902e7b683,2.70142,fe6ace599de44aa19b1773dad3658fee
b7a481f7374140f98117d92683d80c49,2.6982307,855b3971c4a147cfb9a7c281fa6b915e
9fb8c17411204358aa87dcf800bd36b4,2.696837,bd35571850644321b86ce4fae286ce7d
fdc1732f54e34300bc77d7b4c38ec31b,2.6956677,77a8b27acb0e4600bb6ff974eabc269c
136549c15f3f468ab2ced44ab70b0539,2.6790318,d74f6e7abeb84eedb9923dadb62f45f0
c0278f41c00f4876a3c2c551dc74e70b,2.6779695,d0a840820172465f83c8480d571e7b71
f52e6b02fcbe40089962449e4b4968db,2.6696947,cd60a0fcac24465a880af7d8f921dd68
3f284acc005e4f23a2bdf5b45700c4cc,2.6691747,f9fae977af2c4f35b29400f31267e170
5854ad482e74460797366e8eb405b2e7,2.665526,b7ef0a61de0e4adf9688b2c525c9ad09
b3d1c6603e6a4f05bfe265607ea252ba,2.6538472,e02ad4f63c8444b79a7a56fb23a4e0f1
e2543c3614294b10b21429f6a412dd3d,2.6525364,ff715b4f228443e3b067c801250f3402
01175ef138e24ed7b74c8c8ec2ad8abf,2.6504676,fb709e29755b44988bb252c87a2ce2f3
65add58592564636a49ae7417f79e9ca,2.6498814,b8ca3b6144cd48208caae952e096e7ae
6ede534375a14c609d02c3f94a41907e,2.6446018,de9328bdd1b34adda74a0363ff0a52b6
65c8efd2131b447d90bed385eeeb91a0,2.6426191,a25b08e008114c9ca0266ce3e55d82bb
546369a62bd740beadc07cd40b6e758e,2.6280127,a926df6d7fcf4b17b68dae6f41fbce66
b575522bfda54d4d83e55ab89262a216,2.6248865,6a122ce1702646db918266228d48bd08
5c6c691ff9a94d5e954977de26cd9cad,2.6239367,fb695c097d5845c282f6b30c241e8cf2
e2b6403a2141451a9febd997a026ed2d,2.6207275,8a77dc665d8b4d95a0b1113522f7e9c3
9993c4c8576c4a6cbb5cd12592fe9e72,2.6193194,11ec23965d2941d0817082107996ebbb
9c5692d8cfcc49f5ae1d1eb4577cee70,2.6080985,acee70abee2841c9b67b95e9ed079647
a030121d60a04600bb73087739ac4044,2.6015751,d981f2c67f764e0c84af125b563958e9
50be6a3978ef4b168a8256cb53fa7afb,2.5969381,1f8c0f02984e4139bf8043e57497fdb2
de06cda8b2974e1faea48a81f0d71342,2.5921173,6b9b2c8f0a874bb8b6691aca6bc49565
492d363c9d8b450da859bd06f06cf687,2.5918245,ff218cc7835d4b5ba0de22792319050a
fe0ece34523c4475bdaa3075a2cade4b,2.5817592,5831f5e280be4c02a09ce4588b56d7f3
9e2872646e314b1f97e9cb135dccd315,2.58077,92d5da561f5a41bf929f3555a74cd653
5bf9e6f5654045d28dd2225231386807,2.5793815,23066f7964874fd39639dbf2cb2766df
beaee44c26404f84a56c0c185b5bf1be,2.57867,e96aa0967ab94368b381354e03dc40ad
9557a396825b49eb93cedbab96019843,2.5711048,23066f7964874fd39639dbf2cb2766df
174196604f504ed29027427608904003,2.5616848,1216ce1ef31e4643bb1222538c206342
650d5c180a444d6f9e8b7d0e2bac56f2,2.5606167,9e304a9bbc7b4c22af8025fc93757357
c76c69c650e64dab822589767532bc87,2.5576167,89e43b092c844b5886a93091a22c894a
8dfd5233498c4be2b88b2b71cf67ed64,2.5372643,11ec23965d2941d0817082107996ebbb
f9858ec6cc4e424aacd697295e8cabbb,2.533056,ff715b4f228443e3b067c801250f3402
93879e26ebe547db997c77791c3d7fc1,2.5283651,21b1ded02d7b42618592187e287835a3
9d9b4852b8034985805080eb49678bc3,2.5192094,a1d8cb16dafd4126922f985021e93631
020f53a16c0047f9a592ac5126da2ccd,2.5160356,4696c8192576454f8684954bc771aa23
73cc10e747ca46bba886d9939cc3b768,2.507368,691a538d2372403fad2b919b48ff5f85
726d313084b349baaffae4f209998766,2.50633,b050e9e1ef5946c297a34dda98d8f476
b57d527c5d13406cadfa1a4f809cc040,2.5056863,64f1d63a671d441d9663a783f632f794
73d822e81eff46d9947b9854da4db52c,2.505491,95fbc6ed8bfd43c1a6bcf676e26e7f8a
a02994faca0a4c088e226d856518737f,2.5030522,630edd9b8f754b5dbd36cfbbd03ccb51
c7cad58f831849a6a4f0f9cbccb2f458,2.4983714,fe6ace599de44aa19b1773dad3658fee
064ec184b18e48e18255745eb01a80f5,2.4949484,640f3bd184b7425fb22cc7773b8b2244
0414265ccf0d4dd59c98749d24924fe4,2.4900546,d27cfea4da8f445fb4e3c55e53c6482c
d163c4863d9640b8b9610decb9ae92ff,2.4803352,bade01bd83ec4b6786fd8c867ca7a090
5a9a922465d14fc6b190a50e964695f5,2.4803116,6a33c207c8b648f680dbd0e65639ef04
334dd9387233405cb0ba67a8ddd52c53,2.4619966,bab3bdc133384798b558f8fb6466a7fa
9a941b16ff4840eda21ad2f9e0c81f3f,2.4596305,9b22c5cdbff44bdabd48dba008e6a3b2
142160eab552419292c34bfa817ab146,2.4494278,0ebc441d25664c91adad96b570270f07
5b6f7847212340cfb461967cbfd411f6,2.4478073,0f9cc12519eb4872af7be7fe49e19f59
e862a12dcbc4446cb1bfe03570cc7b44,2.4450433,7ce06191f1114b4c8a00609f6867761f
6237fc7134d449b9bc4158d9a707cca1,2.4351683,e9f055a212cd4e5e8601228c37713f35
567cb2c4e6b4417c89be6420cffff826,2.4327369,4aa3556b2aed469584c573868193a07a
af70750bd219415e93fc6c35e802091d,2.4295616,903360099fb644b6b88c6edac88eecb2
adcb28bfb3334cf0938efac96e34354d,2.4246275,c88be17376104f999b914a91aebf7220
a073ad7e6cff44bca20e23485bde2461,2.4242864,e52a528036014db0a7bd54b99a310fe8
28ff28dc16ac43ad9110f26f13aa339e,2.4241853,c9628610053945f4a7998ae48cd70da3
53487bcf5c684dd2ba470bf89947f7d2,2.4192426,5971501b0e8b4ef5b203c3985d7f5e88
69669e9f88dc43b68dda6126c27675ca,2.412689,e039a00eae414ebbb2205b011ac127cf
2c379dfb72da44e9988beb15638fc7db,2.409873,6a33c207c8b648f680dbd0e65639ef04
00989f2d41344337a67e440d6506b9cf,2.40505,73e7e41e8db447c09cb2363d76556c64
c2ed9246a86b4c0f93db5a4cdfa7f06c,2.4029312,d443e0c5017d48d1b3f86bf4da959ed5
d098bf81d2e34d868f274370a0a39716,2.3974078,fb695c097d5845c282f6b30c241e8cf2
91e6133ed3e2412cbd4f9450388c7eb6,2.3962061,17cc6768c9d14388b7455fea0060b62c
312939eb59d541dfa7df51991a32d5f6,2.3921547,f615619defc4402b82845090c238e597
b5712ebb3754407989fd548033fcc3d3,2.3847995,e492ff7fecf046a4948c5ba5631cdefe
be07f7c09f5c40da9ebdc231520afe90,2.3798835,cc21026ff0d541909df56c5618d28518
b116fe66d95d4c04beea8a4e5f347684,2.3784373,dc58564d0c8540bea4f3e2e3696deae8
13c651889f50420d9c7adaeac0c211d8,2.376387,d42996c2b67443fd9b73bba7641d4f77
8f2e335cd3c54f569c74283b0078f908,2.367568,f036aaf4ab714c598a0b6da4ca604136
ca5e7f899c944d258e0fe020c844ccb2,2.3644423,e52a528036014db0a7bd54b99a310fe8
18200ac0950d44d7af9f61b8b1f6467c,2.3603573,ec281224f8ee419ebde676f291672aea
63e06c0c69054bdd8c2690539549d9cf,2.3539355,37337ebec05640b890e4b9612776c32b
65654ba4d0d241cea5f12740d725d0ad,2.3510866,77a8b27acb0e4600bb6ff974eabc269c
4ce3fea9e2ab48ac805aa7b46f2cfe73,2.3425593,2425086d8eaf44d2a9519f0e4e6b289a
4866602fe3094c6789fdc1956c616d93,2.3400164,b25fe3b79f714d38b3fc53e39fd84d36
2b50f012261b4b2ba6b92ef109d17277,2.3360553,b25fe3b79f714d38b3fc53e39fd84d36
f792d5fbc00c47c59ce1791351c39504,2.3329337,1fde4c9a01f84c349461083b6d0ba9ed
f560f83f452a48fc84973544fe676991,2.330633,257aed6ca7a44f1cb5c664beb1be527b
3321422a798047078d258d49e7912855,2.3287885,6d3c42356e3b459c919e3129ff192ac4
e578d2ca90a241bcb241e65a62648a66,2.3287122,f5a6222612ef406b8f02aef87e08c476
f6577f16e3764b67b1b06fc24d9379bb,2.3230171,e96aa0967ab94368b381354e03dc40ad
2952ebe55f624860922615014214deb1,2.31748,88dc23909eb4415aa39b96cc3a4c2926
c8d0d1f2df5c4b2a8eecdd2acc610a85,2.3168733,e25b9d9944cb4d7197efb8ffc4ff57a1
b324a5fe4a374e51a39d53b0b235ca94,2.3116448,c88be17376104f999b914a91aebf7220
f3c6b6b18ad14537b64fde19aca70992,2.3102121,bd35571850644321b86ce4fae286ce7d
43d1998f5950428d94f74e0f6227fc3b,2.304274,92d5da561f5a41bf929f3555a74cd653
1946e52260f34a0695c378112d6020fa,2.3012278,1af4472b38cc4304841b2f1720075c9d
3c1c6d5089844fbe90e18a5fdab3bee4,2.2893417,8a77dc665d8b4d95a0b1113522f7e9c3
9addae0c40c248d4ab8fd02fb3861e99,2.2824244,9170e0bb8fe44b309f83293808d871fe
1c4b7fec0bd14f4d832d26dd643c4045,2.2747326,92229a391d0b418f87b32c86c42a292c
7b5adbd82a584ff6b6e23b89956dd6f2,2.2679913,bd35571850644321b86ce4fae286ce7d
d480f925a4b94f518e72ad64b3ed439a,2.2644162,9303b9f7f4984b2dac8aeba8c8da8ef6
1cab9ba05da64cb6a34b521f9b039303,2.2634892,1d47a696eae94bd29f215a4787b27d8a
2662ae81f6a6414cae732c72ef71a9a1,2.2594504,efdf40eee13d409c9955e5b84e4408f6
3827fc528c674ba6b4b692725d257a11,2.2514858,1cbfb22f84454b1fb821b602e3ad11f8
40d03471812c4f0398b4551b5f116068,2.2472873,fb695c097d5845c282f6b30c241e8cf2
21b8e136ec834f4cb7c6232d8a8ebb52,2.243661,e7d6747e8c8b4ebcb665e232240daf17
30c2e203d4e74967b5166f3da78fbe36,2.2429302,f615619defc4402b82845090c238e597
24a298b1f7cd4f74bdd60b6e1adaac53,2.241815,d0a840820172465f83c8480d571e7b71
2613b590d7c94de09bd3bc1e4aeebb1d,2.232912,fb709e29755b44988bb252c87a2ce2f3
cea01bc4a1554d61a6b1a564073b4fc6,2.2294369,564a84b1b830407e811bcfc7fd086a6f
55c82489e50948b39c0f1bfe5fbf408e,2.2263656,89597084b19c4902b073a2c6c6622456
dd9a8e0a766b4f6e81c6ace1403cd374,2.2249227,c0cb721b56f240dabf7f464e453ef72e
42b1aada557b48a0989c6a1c05378299,2.219216,17cc6768c9d14388b7455fea0060b62c
7831dfb1e07e43dbac524b0df5c28053,2.2159836,d443e0c5017d48d1b3f86bf4da959ed5
78ba6aa176c7496d85a6fdee9dad62f1,2.2058737,fe6ace599de44aa19b1773dad3658fee
c57df4a5798042df90a71b4c979df11f,2.2049491,c8c201e25c0047a2ba9d9e8541ac0939
f119f6dc27c64e5c8485b001368d839e,2.1981678,7cd1db4b50dd41e6b2f3dd15fcab3b89
429c0e9f5199454590fcd1e2560a42a7,2.1962333,1af4472b38cc4304841b2f1720075c9d
eccc933299ba48deadc3fbeb6ca6ffea,2.1940975,37337ebec05640b890e4b9612776c32b
1a3959ec40e24329b5c36ae3d8bd148b,2.1927981,d443e0c5017d48d1b3f86bf4da959ed5
c8edf9162b024bcbbab1b1a81987a40b,2.1903002,1cbfb22f84454b1fb821b602e3ad11f8
e42fa7d6b7134c18be1ea6c41a504057,2.1852872,650afb6a1d054e59904a1b796552eb04
4b39ba0bb2e54f72bf6cc4c7832b3841,2.1842368,fb709e29755b44988bb252c87a2ce2f3
02dba61169914bf6bca380e6ebba2037,2.1656113,7ce06191f1114b4c8a00609f6867761f
5ab1cd14b5304690a8f45e2bb5a92dc4,2.1644824,19c9ac7b84df472c85ed6cf5a05fbbc6
ced8e3adb0484f249ac865052953d5b6,2.1474233,58db4c3a26c84fa68d81235d078208bc
06cec2d499d345bc9c033032d765acb3,2.147033,779d7c2bad1940c8a861451964e1ce01
11ba79f894d048f9b56685491d4f3282,2.1447175,640f3bd184b7425fb22cc7773b8b2244
b4bfd87056ca4927b56965f9b8341f74,2.1395597,74e7db4222ca4a20811199afafa346a7
c75f0da05246416084af6447931742bb,2.1377616,650afb6a1d054e59904a1b796552eb04
dff829b336b64da68408d78fc0580c38,2.131195,e45844e0215f4a1596a7f9ac41367c46
287f16e644254fb4ab92c40cf4fd41e5,2.124479,fb695c097d5845c282f6b30c241e8cf2
edae612794a548eea7fe0edde2cd8271,2.123188,c3412c53e9ec4b6a9a1aa95cf7f0f1e4
052e254bff244d2f88c0d2566ddc13db,2.1159763,e52a528036014db0a7bd54b99a310fe8
b36e14c403c746758111d5c51809e382,2.1124806,b2be859ca8f24cda86821d5383edbc18
7919001f5a3f4b7ca384f7a6ade1783e,2.1101027,7cd1db4b50dd41e6b2f3dd15fcab3b89
58c7b41f2b3b4984aa23beaa1382b4f3,2.106369,e7d6747e8c8b4ebcb665e232240daf17
baa0f8290544453cb52c2a41cc0eee30,2.1001,d79afb377f5349a69830b2b4c7cfefcb
1f314e6f401c4bcb95f97316f5aceb0a,2.0915914,2425086d8eaf44d2a9519f0e4e6b289a
66f2b56505bb4a009232e327041bcff4,2.081871,5a26ae7959494fef99542e9b2004fd11
aaff66d83c1441cba7531bde3e46f124,2.0764737,1216ce1ef31e4643bb1222538c206342
c896b42105de4a53836bb12899fe2cdf,2.0658228,19c9ac7b84df472c85ed6cf5a05fbbc6
c0db9a38259c4b429eb66ba537ac8730,2.0551248,19c9ac7b84df472c85ed6cf5a05fbbc6
960fbf15535f437db3b7e4614367c633,2.0491383,e96aa0967ab94368b381354e03dc40ad
4bd7c89c496144089a9b340c20c1a8bf,2.039005,ad2b6fb945714e6792c17bd49a1066e0
360cbc8189604ca7bed1d03379488753,2.0358295,eaca056cec224a30aaaed30c39f644c2
5f5d6306678c4a0cbeb65f8580c9cdbb,2.028736,89597084b19c4902b073a2c6c6622456
7243a107cca54629976980cef4591fb0,2.020788,1b4e143cfc1648a5b877d7445446366a
0c915913c66d40f6b77e2491b30dfc9c,2.019253,a0fe3cd34e474c3b90662ce8ef1fcac6
071079b5a0494fe2b01b0dc5399d8089,2.0156388,eb513691b7a04d31ab1bc50bf343447b
7e7b0eca4a964ddbba6f2fe892340895,2.014789,c9628610053945f4a7998ae48cd70da3
0440c322e82547b787d5f173806bb341,2.0140693,e039a00eae414ebbb2205b011ac127cf
f505e4ddc7604ec896a2bc461f2bb86f,2.0129075,d0a840820172465f83c8480d571e7b71
3111ca7c585243e4aff0fad54c82a69b,1.9908304,836ec4ef8df644328ac07b7803709323
6bfef081f7a9453399f6d98d6cd01f60,1.9855282,1f8c0f02984e4139bf8043e57497fdb2
cfbebb0b8d25424bad46127adbe59343,1.9762557,3257035cc77946d98bdc09e2fdd5cdae
aa580e725d534bcc967dbef0c65b141d,1.974941,88dc23909eb4415aa39b96cc3a4c2926
e3fce4db03644ebaa6d2618e06092fe7,1.9725194,1cbfb22f84454b1fb821b602e3ad11f8
6a9e4d855e3944719a49f41d3f30b8d6,1.9666233,faaac88748714ce8a99413b952a1dac8
43e7ebaddea142908ddeece45bfd2049,1.966118,bab3bdc133384798b558f8fb6466a7fa
cc88f1f679b3441cbdad8db36097e960,1.9632797,e25b9d9944cb4d7197efb8ffc4ff57a1
275a7144962641e1a6b32428d2e025ec,1.9587034,fe6ace599de44aa19b1773dad3658fee
08fe7d5213ea41ebafdb17d60eb36a97,1.9575189,c9e2e76e631c4d0a8013d90892350e06
c60349b6f8454e529aa85264c412eb2c,1.9509408,77ac5eb4b3054ca68e2b0dcbd5473fd1
5466e5423228429ca4afb7578e83a4f3,1.9507433,fe6ace599de44aa19b1773dad3658fee
7dc9553f77c842f1848c9fe066681b67,1.9488921,bf59502a233e4b5eaff9cfa3a992c387
6983a79417f9490ca7534cc0b9e72978,1.9444171,4b748d6624144214b3d8a80b37aabde6
7986e60543204582ac542d56eef7cda9,1.9436648,9303b9f7f4984b2dac8aeba8c8da8ef6
1fa5b671cd0d4cb39567f651ef001e97,1.9395907,7cd1db4b50dd41e6b2f3dd15fcab3b89
0d47fb068dda441b9e8f8f7bf704d553,1.9361084,d4cd0b56b6f54e08aec8ebfdb6122c5c
903552e550a14d61b7dafdda426e7596,1.9342263,7c1e02f3ab614e539ac901e5cd3c92d8
3e8ebff2d8524f5aa87e3d2117dcb463,1.9339328,e7d6747e8c8b4ebcb665e232240daf17
a10fa0e95314472f9c5d9f4695a8391c,1.9308105,74e7db4222ca4a20811199afafa346a7
5d81d489a98d444a83664fe0db47fccb,1.9280531,00f45d57fd3c448d8cfdf3185ebae894
6a057932e0f440299b46bf70039cf9d7,1.921528,e492ff7fecf046a4948c5ba5631cdefe
99a4beb62cd744e5842541fd8cc9f61d,1.9156452,678725f8b914453fbc1029b7c1bc0879
1089b153884e4aca90dce90c11539615,1.9151101,b050e9e1ef5946c297a34dda98d8f476
c4e88a88103749f08d034998e76b6a35,1.91138,a0fe3cd34e474c3b90662ce8ef1fcac6
dd72a1cbe29f432bb51ae6342e0382e6,1.9110475,2768d411cc374a018a898f9df0ca207d
6b56add8c1e8488e9e85c4085e0cadc9,1.9038714,d443e0c5017d48d1b3f86bf4da959ed5
b627c84048a742d292cc9adc0f36f58d,1.8901517,5a68e05acea4434ba08e17e1fff00057
da365c80b3ac47ccb8a01a48820437a2,1.8844604,37337ebec05640b890e4b9612776c32b
deaec801f6344b9d9ffe289794354038,1.8826889,acee70abee2841c9b67b95e9ed079647
a2e363e09aed44868c4e51d9cce19eb3,1.8809793,c0cb721b56f240dabf7f464e453ef72e
e63f3979515d466faa902d724344014e,1.8803164,b050e9e1ef5946c297a34dda98d8f476
4d211e99c4d0455980e9ab87c212c2d5,1.8770685,2a9658410614443d8a27ef174f61d6e8
256d2577d4f940778857e3ae7fa8e965,1.8723387,58f53c379f7a4868a2ba6d91a06247d2
0ac5a5f9477a43b2b222bfec1888b8f0,1.8675148,19c9ac7b84df472c85ed6cf5a05fbbc6
06b4425d4dcb4aaaafb52063bd3af473,1.8650386,a6a551a308b9442f947ea0608ae2c3fb
87773e87aa4246ecb99c535106be1412,1.8642603,acee70abee2841c9b67b95e9ed079647
c0701f4c6a8e41a8a7df573b4abbe04f,1.8578908,b4150337314e40fb9e3ebb24514504a3
5491a19984a643bca536cb015e65adbe,1.8560052,92229a391d0b418f87b32c86c42a292c
fba706d6c465422cb8a6944bb92f5b97,1.856004,d0a840820172465f83c8480d571e7b71
e8d0fd5309724c1cbb4da8f5c55ac9f4,1.8539131,4696c8192576454f8684954bc771aa23
ee6a2cd2075841c6816e41a54637aa9b,1.8514628,ad289d5052264f9c8bd0aaf9faace92e
3088711035bc4a06b3595ae315f54fb2,1.8504404,c9e2e76e631c4d0a8013d90892350e06
b89cf65d34284353a3c517db67021cc0,1.8436166,691acac4a54d450697afb2c2dc4fca09
a22926b3ca894e6c80de0e172a46f36a,1.8401928,9170e0bb8fe44b309f83293808d871fe
da548115b6564ca69d846f3ea8615b6e,1.8401244,e96aa0967ab94368b381354e03dc40ad
748b2df793c94a6fa92094994cbc50c7,1.8293744,89e43b092c844b5886a93091a22c894a
4fb27ec50c5a44b9a81d230f845e3047,1.8257234,75b0bd2240a54f6fb45bf95ca43ab5e6
4c35694f60f94daa9e2cb35e66d8031f,1.8232596,f11f1682b5924181b047d757d3e20964
6fb6a2666474414e950f94d5b467b229,1.8215557,bab3bdc133384798b558f8fb6466a7fa
8195fb97514a48a7a6eddc58be5d8f37,1.8207138,691acac4a54d450697afb2c2dc4fca09
33d76c41516a4e5aa8c5b3b16cc6c6f7,1.8198277,e7d6747e8c8b4ebcb665e232240daf17
c5c5b71dc4ff4e8cb11769f0b2cd9907,1.8165975,1fde4c9a01f84c349461083b6d0ba9ed
f54fb64fd5a04f3ba5c065305856b3f5,1.8128382,d6fe6f8380464e21a27fd69de27f1f57
ba50600bf9f046bf97bbe28dc09a3ff4,1.8067275,92229a391d0b418f87b32c86c42a292c
8522edbe627049f0b00eabbb776399d3,1.8025724,aa2d7a3a535243189492d4ce8e79c049
9d91a50f84cd42d999f13adae10c4a0c,1.7931744,bab3bdc133384798b558f8fb6466a7fa
cb30b65c95af402290d013cc19a01632,1.7923644,0ebc441d25664c91adad96b570270f07
e84532113530478c84db1abdcae9a6d6,1.7913132,95fbc6ed8bfd43c1a6bcf676e26e7f8a
4207cafc0d1f4d50b76a0fe4b67edc09,1.7798326,9ff95d23c3284d31ba5e398afa520649
73ef58ddfcb54d09ac1737fdccd62d07,1.7763659,9e304a9bbc7b4c22af8025fc93757357
f1ccf2ee3c3d4cddb27a2e081d844de5,1.7732755,564a84b1b830407e811bcfc7fd086a6f
95eb2760eddb42a799eed009f1907025,1.7697668,0ebc441d25664c91adad96b570270f07
b68aafdc6e7b4188a9506c869f83ae96,1.7621185,6a33c207c8b648f680dbd0e65639ef04
168e875b6a7c4f0c83e74f55508fb7cd,1.7585701,d6fe6f8380464e21a27fd69de27f1f57
f2d238ecc2d34c4583220abec4d75ba2,1.7584169,057164cf4aab45ebbefef3409359cfb1
ba4278aa214b4c66a8da0220e99b2014,1.7578797,fcc9863b07fc4bd5a01fab5b9160eafb
04cde55231e04394a675268411aee01c,1.7506255,1af4472b38cc4304841b2f1720075c9d
faf7544dd7fb43c5b63a56c55bcaafb6,1.740599,4ad7e2502210436f9ca5735fdf7e50c3
4aeb82ff294e4be9be97a1aee9698fef,1.7377772,e456afdf95e643dd926249fec4d68753
398dcfd9b9434e5aae4fbf7f5752d33e,1.729867,ff715b4f228443e3b067c801250f3402
5d32b941bc394464a6da8d1c78aeb3ef,1.7264233,11ec23965d2941d0817082107996ebbb
a904fb4b818843aebcf6c526facb5089,1.7179139,8a77dc665d8b4d95a0b1113522f7e9c3
28f694942751431c839fe1d22e753e1c,1.717432,7cd1db4b50dd41e6b2f3dd15fcab3b89
3df0fa25822f457496cd93c2402bd292,1.7151513,aa2d7a3a535243189492d4ce8e79c049
c81dd22a150c47b8b83d8439c0024f01,1.7104487,a585d23fe43f459ba86ac15645af77ff
583a781c0b984086a93f2f1c7c5f98b9,1.7023585,f0695d7e59d64941b510a3d12f801d59
8de833e138ae4924a0cc47129cde2cb9,1.69451,1216ce1ef31e4643bb1222538c206342
d4560ab76d914af184a3cafa8ec46abc,1.6891792,983940e0b12e4186a281c36de657406e
bfd8d22a1f9a42a28b2a78c5e4323725,1.6822841,f615619defc4402b82845090c238e597
6991375b95ab4bb0b14b5ad68edc0a36,1.6807427,01e805bb5a1845a7addf86fe9bc8d814
e7484e33c0004b31996c7062d82f4819,1.6785564,678725f8b914453fbc1029b7c1bc0879
503e869546cf415ab60324f38dc8f73f,1.6740929,eaca056cec224a30aaaed30c39f644c2
f33800b2fc5d43febcbee5156e729a2c,1.6717726,ff218cc7835d4b5ba0de22792319050a
729eb469bdc343e6b5c2628e9be83fd1,1.6698862,903360099fb644b6b88c6edac88eecb2
c189a309da7a472e88194571c3354d34,1.667821,6b9b2c8f0a874bb8b6691aca6bc49565
6823a93202f146b282eb66b620ae592b,1.664639,6b9b2c8f0a874bb8b6691aca6bc49565
2d78b8e319a04caba78f81308c489ad0,1.65939,5a26ae7959494fef99542e9b2004fd11
d7b01643eac140139ea2680d74080bb7,1.6555822,c9e2e76e631c4d0a8013d90892350e06
3f44a924107f4ecabdb619dac62a5931,1.6515827,5a68e05acea4434ba08e17e1fff00057
cf4d7289a12b4ebcb7b17e8b76d82342,1.6493826,ad2109663af04c549385cd2ab9b3283b
7a63c379c6ed4b2faa1b9e863eb35d54,1.6490506,cc21026ff0d541909df56c5618d28518
33babb0b73f84a8a87d9c75c03bfbc99,1.6467439,1216ce1ef31e4643bb1222538c206342
d02300771c8742a688cdc05ccd13d2a0,1.6455065,6c8a24653ef04f559b88e0f27c0df63a
c1c018ca07df447caa530adc78d76736,1.6444552,6a33c207c8b648f680dbd0e65639ef04
977e35ba2148438f8189a592de1705c0,1.6434498,e7d6747e8c8b4ebcb665e232240daf17
4cf68d2768954335a7f7c61a045babf9,1.6386712,e7d6747e8c8b4ebcb665e232240daf17
a2adf2cbae1441e3a30cb0ce1658be8f,1.6346405,c26f5e7dcc8149f18f3d719bba9ae717
4eef43c568d642d0b7a75932102cd2f8,1.6318467,8aadcf7251724cc6858dc0db44abebe3
8105d0f3a03d43f0ba0794fe967c3c61,1.6282876,64f1d63a671d441d9663a783f632f794
9abbecd3581246798ab524e018f95ab7,1.6248108,31b69f9501c4415e929b6af28c83f6a6
acedb352e247418e9c82dcd73b857c82,1.6247177,eaca056cec224a30aaaed30c39f644c2
fdaaf6e004b04cb18e798331b9d9ebc6,1.6237702,99142f1c07cd4782814f8c970eaaa40a
371437b76fbc4eeaa709683744e7ee08,1.6140845,e45844e0215f4a1596a7f9ac41367c46
29add4c6302d4386b285a8fe68153479,1.6091051,c8b9a0ac7c214a449c434aabdf6ef770
d076d72caa2d4bff9470fe2409888904,1.6074543,88dc23909eb4415aa39b96cc3a4c2926
7d72deccbd444c5bb9b43e3a6c75f5a5,1.5967326,e52a528036014db0a7bd54b99a310fe8
a3b8ab612b544a76bfa18fd8d3c06621,1.5931271,d79afb377f5349a69830b2b4c7cfefcb
88769fc17b0e4f3a9736d45e131659d9,1.5812309,ad289d5052264f9c8bd0aaf9faace92e
00ba0de9ca0245ab8489ffd199e84c92,1.5800279,7cd1db4b50dd41e6b2f3dd15fcab3b89
b92da6fa48d248779bf06eaba1e7a2a9,1.5756884,f615619defc4402b82845090c238e597
963dcd06789246059d5a6ecdb28e6321,1.5729561,77ac5eb4b3054ca68e2b0dcbd5473fd1
8ec020ab1bfe43a58c104ac0eaa95bf7,1.5692976,0ebc441d25664c91adad96b570270f07
eaab6a29e5cf470dad7b0b66bdfa71f6,1.5655277,1216ce1ef31e4643bb1222538c206342
f6023dfadf94495fba9f43c8230ce2a3,1.5455742,a4cad92644614f78bded3ca6d6023473
512d51a776a240e1b495922587e2bbba,1.5447292,a926df6d7fcf4b17b68dae6f41fbce66
a5d7fc13c59d4aef8d24e5d15dfc363d,1.5441087,4d708e5878784386a42c2f436d2d60f0
167939f1c55740a5bd8d235691475fc4,1.5414897,11ec23965d2941d0817082107996ebbb
7347c822edd443ed856998a70357afd0,1.5371482,8a77dc665d8b4d95a0b1113522f7e9c3
911ee4e9eb0d4ed1add57e7a79dd71d6,1.5364649,eb513691b7a04d31ab1bc50bf343447b
06dafb47baf148b9ab12caa5200a4d2c,1.5292324,58f53c379f7a4868a2ba6d91a06247d2
5b1ed8f4a5bb43b59f972b95a4346c9c,1.5268962,64f1d63a671d441d9663a783f632f794
a40e1b69ce604c8198c2de59ad0c8b93,1.525397,7c1e02f3ab614e539ac901e5cd3c92d8
4593972edeb84fe49e5ad1058e0d8d35,1.524048,bf59502a233e4b5eaff9cfa3a992c387
1d79bd154afd47138f529dd6f1d52902,1.5236659,c8b9a0ac7c214a449c434aabdf6ef770
3127238ca74643c3bd2e042605dc5e25,1.5203035,983940e0b12e4186a281c36de657406e
fbffec6a21df44de80e049b741243c36,1.51685,8f285540a9394706bd6ec6cda46c5058
b717169ea8804058961095ae61a7b5fd,1.5148338,64fa5ce839ef406b9bc8a1b2f05094c7
d7f295b3018e494d84b29f498ac03fa5,1.5116669,46bfd7af0ed6491fa621350963d11e35
2a4b8f6f2f1948e587b2de1effffc8c6,1.5113549,23066f7964874fd39639dbf2cb2766df
1ea12b451b3d408baf7902165bd34a14,1.5107095,65664fb3aad341fab563409d91dddd2d
d3b55aa1a6b041cbadb5fc0139fd8cac,1.5098656,e456afdf95e643dd926249fec4d68753
eb012357f09945268a134e8461cb8cd2,1.5080383,d74f6e7abeb84eedb9923dadb62f45f0
94aeafd28e6749c09c57cbaecef9df80,1.5058657,6c8a24653ef04f559b88e0f27c0df63a
8868c5482f844182914477066c6e3287,1.5013274,b7ef0a61de0e4adf9688b2c525c9ad09
9e769043a2f5480e8f0bde6e83caf70a,1.4937663,e02ad4f63c8444b79a7a56fb23a4e0f1
4443770debc447b1b3f8c9dbb46160cd,1.4813778,e456afdf95e643dd926249fec4d68753
574b37b5f1374cd3b422354879e9f582,1.480669,6542f58c143446f280e88a6375ccf79a
0001880401724f72b4b0f8fafabbd872,1.4791813,4a4eb12a639346b5a00557d54b51fe51
aa7a7a6a0bfe40619e55e8f0b07f04fe,1.4740021,1216ce1ef31e4643bb1222538c206342
865e99466009410e82a3a9daa7d34d29,1.4723802,dc58564d0c8540bea4f3e2e3696deae8
d70588024f024cdda9e71020d4ec2183,1.4612753,c8b9a0ac7c214a449c434aabdf6ef770
413423a32eba46c2b7def04c66e6f9f2,1.4565661,19c9ac7b84df472c85ed6cf5a05fbbc6
ac23b811505944319414d3f59b4b90ef,1.4540925,01690d9b08164fcabd5bf0819754f71f
78c3087265224b479cfa12716bcf1599,1.4538388,27eee82d7fb94b9b8b60bd3101187496
52f16fa757624404b9d43dfe2885697b,1.4518038,09fc9f38fbbb4bfaa1c979ac9cc43f0b
de34f2e7e9ae4380a242b0f09f1716e6,1.44837,6aaae524573f477f8fdef0b83787cbee
36b74b7a585a45e796fd8ff39bc60f3b,1.4459603,e5692bd498004d32934fbaa05af2120d
47bdbd87490b4698bcd3b038c2baf6d4,1.4383578,4d708e5878784386a42c2f436d2d60f0
6f6fd5b2a152493e8afcb221b1b198bd,1.4298928,cc21026ff0d541909df56c5618d28518
df8769c84f5b4a8f9811c4537faa576f,1.4270868,73e7e41e8db447c09cb2363d76556c64
01213179f19e4a5d97590bdc85be49aa,1.4218154,1cbfb22f84454b1fb821b602e3ad11f8
f90990b791cf49ff9b92b9a49cd87f89,1.4193006,66b0c8a58f444ea0aec34d9403b88a49
6abbc2ba6e8241f5b7132c7bb338f92e,1.4189545,37337ebec05640b890e4b9612776c32b
861d015f426f45d6bd869c91fb7aed57,1.4169805,eaca056cec224a30aaaed30c39f644c2
f68b3be7e23c4f86addba549e41b9077,1.4159881,9b22c5cdbff44bdabd48dba008e6a3b2
0d995ee72a0b43739f37e5962dd6c907,1.4157662,0302e7dde9074dddbbbdf85e9be57901
886b1cde3d0e4f1db12bcb160b6f357a,1.4108558,0302e7dde9074dddbbbdf85e9be57901
b3d0e1f27a4c4d9dbda5877bde3bf232,1.4096491,9e304a9bbc7b4c22af8025fc93757357
5c85caaeb0fe44b19a63bae94eb3c1b2,1.4078978,c8c201e25c0047a2ba9d9e8541ac0939
f856e536fb204df3b9d9dcffebf3085f,1.398806,88dc23909eb4415aa39b96cc3a4c2926
0a8f26e2ff5d462b97d23238e36ae72d,1.3902717,cc21026ff0d541909df56c5618d28518
315bc88bb0aa4c8d8eb55bb22f811730,1.3869878,0302e7dde9074dddbbbdf85e9be57901
34bf626d6a87427281f80c0938fe0278,1.3855617,7ce06191f1114b4c8a00609f6867761f
7f8ae3801f3441f696f05e6cdd70c2fb,1.3848864,156f393f7ca046299e09d05464afa056
7cb7428e7e774e2ca33b6d9a12926311,1.3842511,23066f7964874fd39639dbf2cb2766df
bcb1b70968a74d41b4f3b9dc27129974,1.381737,b050e9e1ef5946c297a34dda98d8f476
6e11fad70c424277a969434bd2dbd8b9,1.3774778,09fc9f38fbbb4bfaa1c979ac9cc43f0b
3b065dc23322478a8128f0322c8d0678,1.3749967,8db9e204b8b841df8fd94eff0888cdf7
4838bbbf3ac543ebb0bef130f0f28d48,1.3712988,d6fe6f8380464e21a27fd69de27f1f57
2cd2c87b068749a492cdd369cb60ef9a,1.3699682,fb695c097d5845c282f6b30c241e8cf2
1bcadb1e071c4e6d82323f31e960901e,1.3685936,836ec4ef8df644328ac07b7803709323
c3b713beca8b4136b4807dc4071fe795,1.3674539,d331012ecf0c40888e0ac290184f0883
00b97e3bd70241758022cdd5d10450a9,1.3658401,fcc9863b07fc4bd5a01fab5b9160eafb
7901d858c6e44dea8acd99a79e378956,1.3624291,fcc9863b07fc4bd5a01fab5b9160eafb
4cdd959af2f14b51bed3c4107c2f0405,1.362165,80921378de2b4cd3a14d449688d8b079
ba2103e1cad442ec881f2b0d25c99bb9,1.3608781,46ba0b979a664c7cb0c315c4cde6ac86
bec8ca61a6524d90b610482e2f304259,1.3606179,ed9b10a2879742628fce003076ef9024
366c800d775a48eeb3c735cde3a881ab,1.358403,6b9b2c8f0a874bb8b6691aca6bc49565
ec892733179f48d7b907594ba63d8431,1.3577778,d79afb377f5349a69830b2b4c7cfefcb
b44be1c1621b40e1a7c06c02b225c470,1.3569912,17cc6768c9d14388b7455fea0060b62c
187dd510c41a49f4af9d4c4371e98953,1.3548222,b4150337314e40fb9e3ebb24514504a3
1caf9a18d1b74dd5b4b7841f5fa7c12f,1.3547285,37337ebec05640b890e4b9612776c32b
9f68e2380d2a40eda419370717d328b2,1.3528173,ad289d5052264f9c8bd0aaf9faace92e
c7d1e88369c14b5bbfe40bbbe31311ae,1.3503137,cd60a0fcac24465a880af7d8f921dd68
0af83a2558ad459cb3b54e5c9da02975,1.3463588,4696c8192576454f8684954bc771aa23
e0be49d601a84ae1afc8a7ca92f58087,1.34427,7c1e02f3ab614e539ac901e5cd3c92d8
b4606932b1e94119b460652c11647413,1.3436573,1d47a696eae94bd29f215a4787b27d8a
2092a0007cd74f32bd9954b25b49cf21,1.3434815,5971501b0e8b4ef5b203c3985d7f5e88
10a7715c72fc4bc7aac2b6e8ccb232d2,1.3423313,eb513691b7a04d31ab1bc50bf343447b
16b26a25f49f4efa85d21e2a4302e506,1.3420067,19c9ac7b84df472c85ed6cf5a05fbbc6
55f19079097043d4b29cd2c08fb960c5,1.3406801,58db4c3a26c84fa68d81235d078208bc
a4e40c85d10248bd9a34d6c44e22b010,1.3386252,c9628610053945f4a7998ae48cd70da3
1f8623bf930a4fcfbd914e784354ca2a,1.338061,f615619defc4402b82845090c238e597
71c46776d0a0400f9f919d0c3e578755,1.3332313,e25b9d9944cb4d7197efb8ffc4ff57a1
eed22afb847c47abb46b07ec48d1b679,1.3327731,c26f5e7dcc8149f18f3d719bba9ae717
b457016349004dba8b94241ddf2b6964,1.3261279,640f3bd184b7425fb22cc7773b8b2244
9f4712695bb64f01a331632d4e83e318,1.325212,cb85047b65f8468aa02744c28c075dbd
d4b67d4bedeb47018a353598e2262d9e,1.3250083,c3412c53e9ec4b6a9a1aa95cf7f0f1e4
ddb77e0838c941d9acdd2f02496195e2,1.3236848,e9f055a212cd4e5e8601228c37713f35
daec8c9bb81142a98349b34affefed91,1.32128,630edd9b8f754b5dbd36cfbbd03ccb51
b074150ff8a24cc9b889876ee8b52d9d,1.3194658,a926df6d7fcf4b17b68dae6f41fbce66
d7c4bf8f05fb4648a8778e884052db2c,1.316603,09fc9f38fbbb4bfaa1c979ac9cc43f0b
da58e0684cc34833a768589a2ab19e46,1.3135327,b8ca3b6144cd48208caae952e096e7ae
f9a7d6299ae54cb8bc2e6ba1b878f8cf,1.3043063,e27d9425c912446e947fe53c4a757375
3295b23d76ab4661b9a92952160eb966,1.2890296,1c97c72e076f40fcadb22b17e71beed1
3d4e582564564c72b47184e7b5c0717d,1.2857399,5971501b0e8b4ef5b203c3985d7f5e88
472240e1b5e84fdc9e2c3dc8c4ad8435,1.2841872,e96aa0967ab94368b381354e03dc40ad
a9b2741eb1ab4c8bab6bec840430968c,1.2741735,02cf82700b4f4773af3a14ad8eaa5270
863e6e460e12403393c97a12e6ce92f1,1.2702411,d0a840820172465f83c8480d571e7b71
f31d22a46dc54bd7b4dbd9366f0304d5,1.2685432,2a9658410614443d8a27ef174f61d6e8
f2b48599b4e942a098c9a2fb280c2525,1.2662427,7ac9c94011924c09b47f9640211885a2
77303cd1aba44c3abccb823ad3006b47,1.2641279,903360099fb644b6b88c6edac88eecb2
1139ff813de54ba583f9d19e3a2b6ac6,1.2626102,a585d23fe43f459ba86ac15645af77ff
d8b0fd7f373b467f8a214ebf710b5469,1.2619215,89e43b092c844b5886a93091a22c894a
305e57d28cc74f018c0ee4a93fe92c0b,1.2607383,a585d23fe43f459ba86ac15645af77ff
5c189d9231904498a16870be4936df4a,1.2570187,cc21026ff0d541909df56c5618d28518
20256e6cd14e4624979db79d84582573,1.256997,fe6ace599de44aa19b1773dad3658fee
ec1ea84e09b54849a539177f929c65cd,1.2555256,1216ce1ef31e4643bb1222538c206342
0aa6a9108b584bbf8d7c94f8d1ba84e3,1.2516001,691a538d2372403fad2b919b48ff5f85
7bdcbc60a1354e079289b50702cced90,1.2467554,5971501b0e8b4ef5b203c3985d7f5e88
dd86feab056c4c7daa68ee078e171302,1.2457247,8db9e204b8b841df8fd94eff0888cdf7
c20164d6b8844f428057133e0ab47347,1.2455754,78b600dd53854b018f87267d268b7b1a
b1574b190fd242e9a0cf3b489caa91e4,1.2359805,75b0bd2240a54f6fb45bf95ca43ab5e6
4208fd7b21964394aa023825a91e5e42,1.2357996,ff715b4f228443e3b067c801250f3402
1f2e192e12674543860d4dfb5ccbf818,1.2329175,d6fe6f8380464e21a27fd69de27f1f57
af1aeb26d52b41fea9c9af10f45c7bc3,1.2218235,7cd1db4b50dd41e6b2f3dd15fcab3b89
5c24677a92364f97aada250f8acd8f3e,1.2213215,c8b9a0ac7c214a449c434aabdf6ef770
da3ca57a5b8943839227341c423ae8f2,1.2197045,e02ad4f63c8444b79a7a56fb23a4e0f1
3b01fad04aad4fba95d40be77808d716,1.215378,cd60a0fcac24465a880af7d8f921dd68
70a1cb72566e4c6fbe46c9b03b8a31d5,1.2132967,f9fae977af2c4f35b29400f31267e170
6283b7ae96e24cb789de54f62817a522,1.2079953,e25b9d9944cb4d7197efb8ffc4ff57a1
727185eb6c4b40c7826be433f5a5d627,1.2015663,23066f7964874fd39639dbf2cb2766df
04457b683e1d4eaf8e6a37b15f5d8aa8,1.2005354,700f381f40ce4b039ce0df8b49fb199b
fc06ca8216b146f1811dbd89c4518c42,1.1980704,6a122ce1702646db918266228d48bd08
0f7f319e6bfb4438a4746cfecb70a08e,1.1944125,855b3971c4a147cfb9a7c281fa6b915e
2341754cd2ac49f79a6f98d84b177e6f,1.1940289,11ec23965d2941d0817082107996ebbb
6e4efb567c284833b93c09713f4af1df,1.1936617,0472051dc57d43f8b9dd08df475fc4a3
559208bd6fe2488081a623b7a9d92f31,1.1901294,77ac5eb4b3054ca68e2b0dcbd5473fd1
7e1df8a5aabd4ab88cff299bb27c308d,1.1898645,0472051dc57d43f8b9dd08df475fc4a3
046c13f855904119983f73a0bdc77a34,1.1807474,9014beae94cf4f648e1663c8d5ec6803
aaba5fcdec244fc79439dd67ba8a495d,1.1791816,e02ad4f63c8444b79a7a56fb23a4e0f1
0affea27dfd242bda2130ad14ef28bb9,1.1778637,903360099fb644b6b88c6edac88eecb2
9aa12e538d0c4d89ab849afde0b92d65,1.174465,c88be17376104f999b914a91aebf7220
54d65ec837ed478986a344f4bba2e423,1.1708231,64fa5ce839ef406b9bc8a1b2f05094c7
9f44eb98cc5c4143a57358e733c1cb23,1.1608027,650afb6a1d054e59904a1b796552eb04
e8ee807a789d465c99039c42dbdb3203,1.1605132,5a8cc5ff28fb4359afc7e9fcbf3bce55
65b7a423fc92497086fe55ce3a85dd55,1.1569171,99142f1c07cd4782814f8c970eaaa40a
6f8c1d69a43c4848bf3426c02ae5b938,1.1537122,f9fae977af2c4f35b29400f31267e170
b9a2d4a31cc74336b4c66e880ac51f1e,1.1524568,fe6ace599de44aa19b1773dad3658fee
d41cd804abf94f759a1f7e6da3cc6758,1.1472107,e456afdf95e643dd926249fec4d68753
1a0cefb6898c48e7a91f6448d967d1ba,1.1462581,19c9ac7b84df472c85ed6cf5a05fbbc6
45fc0cc071f44aa5a4f55b6521959f82,1.139356,7a4c413f5c844796bd5ffed2b65f0336
9b5cafae0dc14e9ba24b5c6db5381eae,1.1383824,23066f7964874fd39639dbf2cb2766df
a35d09d1bfff474a8029dcb3bbbd32dc,1.136363,e5692bd498004d32934fbaa05af2120d
e707e5790c554edeb5ab0f070fb36720,1.1348741,7c1e02f3ab614e539ac901e5cd3c92d8
914e224085a24a7c87db637c208baac5,1.1319748,6c74bedaa406493a99988c5b8a47b704
94c480de369e4fcab0aee54d6543f90b,1.1313666,630edd9b8f754b5dbd36cfbbd03ccb51
3cbe7ad4fbe64e83876d9c85f91a8237,1.1286204,d4cd0b56b6f54e08aec8ebfdb6122c5c
266d75addc654d52968c8c67300f73bb,1.1285998,e5692bd498004d32934fbaa05af2120d
37c0ed56957944cd874df80d82afca79,1.1238408,6aaae524573f477f8fdef0b83787cbee
d3b5dd91af4f4e17a5b26bd5058f3dd5,1.1169462,c26f5e7dcc8149f18f3d719bba9ae717
012773cf6c104fd8a7ded7f346c0a261,1.1088283,d981f2c67f764e0c84af125b563958e9
b7076c9ed4f545c48deaab51abdc4a6b,1.1056966,ff218cc7835d4b5ba0de22792319050a
7438e386a6a9468fad05b2507d9194e8,1.1041334,fd51f3eef1a64d9a93652be481bde32e
0ff2646f55f04a5a93328204b6fa099c,1.1026134,31b69f9501c4415e929b6af28c83f6a6
b4a8d87a40804af0ba2290010e25deb5,1.1017518,21b1ded02d7b42618592187e287835a3
1ca6f54416f4410eb8e23dab9dbf012f,1.0981896,a6a551a308b9442f947ea0608ae2c3fb
ffe5e5fc7adf437bba769a5d9fff5c27,1.0865912,19c9ac7b84df472c85ed6cf5a05fbbc6
3b038bed6122476bba5c73f7188efdcb,1.0793926,1d47a696eae94bd29f215a4787b27d8a
52b9939de81d456e831c97f43e912728,1.0757213,d0a840820172465f83c8480d571e7b71
6bf15791f42e4323bf626650477d9beb,1.0665965,8db9e204b8b841df8fd94eff0888cdf7
e3168a661d6e43b39980289c06b51f8b,1.0604265,aa2d7a3a535243189492d4ce8e79c049
b615a0420b8b49d8a7153658ccbdd788,1.0593038,aa2d7a3a535243189492d4ce8e79c049
f17e080b2680401da91c350fa7e9cfa1,1.0551813,fb695c097d5845c282f6b30c241e8cf2
9267609a976547b19a2cc08683835f4e,1.0509373,257aed6ca7a44f1cb5c664beb1be527b
8f2691e2160d4c95b5b1ec99938ea931,1.0492553,23066f7964874fd39639dbf2cb2766df
86c05c3d7552474dbf8eb503035b96b4,1.0455784,80921378de2b4cd3a14d449688d8b079
ddd74ab8b91e4e3fa6509838de7e33d4,1.0433123,e25b9d9944cb4d7197efb8ffc4ff57a1
95cfdf88f92e45f9b81a755fb1718759,1.0309296,58db4c3a26c84fa68d81235d078208bc
987dc1b016fe4664902db31211a59bd9,1.0292931,efdf40eee13d409c9955e5b84e4408f6
1c8f15d98ac3471fb966536a1bc8e9e6,1.025198,f036aaf4ab714c598a0b6da4ca604136
4dbe9a58e3cb490eab62a2bab47d13eb,1.0175685,e27d9425c912446e947fe53c4a757375
af5d2c39e4a54d8295b3a933c8bc7b43,1.0160955,bab3bdc133384798b558f8fb6466a7fa
cb3423afcfba4d688aa9cd2c23cf0c69,1.0148076,46bfd7af0ed6491fa621350963d11e35
9d9d4a9695414746b71566692311e57b,1.0147091,cd60a0fcac24465a880af7d8f921dd68
38407a6caf584c85afd497d9bcadcef7,1.0131936,75b0bd2240a54f6fb45bf95ca43ab5e6
a22b7bc93cbe40cba26f5e4456762f6e,1.0103583,f615619defc4402b82845090c238e597
ff2339e06523437eb464f18a90d5f80d,1.0062314,ff715b4f228443e3b067c801250f3402
59ad0e42bca44e7c95b0aeb6bc5ca7dd,0.9918122,a585d23fe43f459ba86ac15645af77ff
91a9ce617c5b458284f2fab317b423cd,0.9806894,1216ce1ef31e4643bb1222538c206342
14169e1048564c4689c2584a790d6696,0.9694867,1af4472b38cc4304841b2f1720075c9d
ce7e02187e74451f8fe2511db0fed0fb,0.9684012,779d7c2bad1940c8a861451964e1ce01
b982c8da93db48ddbd69de9c207f2187,0.966915,ff218cc7835d4b5ba0de22792319050a
d0fb524183bb44a9a854de124a8becb5,0.96631646,640f3bd184b7425fb22cc7773b8b2244
37a17e9368a0458aad652a8b0602892a,0.96617794,630edd9b8f754b5dbd36cfbbd03ccb51
7975ca7b6008414e8bab9d135c53eb59,0.9624988,a926df6d7fcf4b17b68dae6f41fbce66
ba0c12af5b1c4fe6ae766bf417e6498c,0.9610983,1af4472b38cc4304841b2f1720075c9d
4e48af3f82274b30b4ec6ec1533e2840,0.95627046,58db4c3a26c84fa68d81235d078208bc
dfd4d092c16c4fbca7e9aac5e15806c4,0.9541173,1cbfb22f84454b1fb821b602e3ad11f8
0c2f43def73f4f3a89a64828f97dde43,0.9481397,a6a551a308b9442f947ea0608ae2c3fb
db9abde406b849d59dadd9330fa873dd,0.93830454,d0a840820172465f83c8480d571e7b71
d8c0f66ffaf94373b23b46444c5acb4f,0.9372833,156f393f7ca046299e09d05464afa056
4ef4c104173e4986b5ea7a85d28d9330,0.9312092,983940e0b12e4186a281c36de657406e
146864f4715c4e438e2c3294df06d9b8,0.92867327,691acac4a54d450697afb2c2dc4fca09
e327090a663242caa64ea6482dabfd29,0.92838216,5a8cc5ff28fb4359afc7e9fcbf3bce55
ade56895f4dd427b8c4477aa940dc716,0.9195047,e52a528036014db0a7bd54b99a310fe8
f3f6ec5a1f4a455297eaeeb1145a0d7d,0.9175297,6b9b2c8f0a874bb8b6691aca6bc49565
a66dab00c6184b79866a0fe90c090db0,0.91388106,65664fb3aad341fab563409d91dddd2d
d404db290f094f2f9dc6ffe54216308f,0.9095518,564a84b1b830407e811bcfc7fd086a6f
2b87269c561444308fce933186cf6042,0.8997148,0ebc441d25664c91adad96b570270f07
63c3f37ef5c1455db7914313f0e0be1c,0.89847416,64fa5ce839ef406b9bc8a1b2f05094c7
8afe31852af94133a8a0e21f4b27e5d1,0.89670324,37337ebec05640b890e4b9612776c32b
6d60c813cd9640d0840e8567de817877,0.89408004,bade01bd83ec4b6786fd8c867ca7a090
bf4e8bc83a74425e8657c603c0004113,0.8935668,b25fe3b79f714d38b3fc53e39fd84d36
b513c98d376b4102a9119d959aa7ebfd,0.8925209,d6fe6f8380464e21a27fd69de27f1f57
c299003ba5bb48b3bd7eab31321b539b,0.8922151,f615619defc4402b82845090c238e597
8e454bf7a3e945bfa6efeac4dcd2ce92,0.89021814,c8b9a0ac7c214a449c434aabdf6ef770
a5acc7bcf83741208d3d3d0cc9696fcb,0.8832105,b7ef0a61de0e4adf9688b2c525c9ad09
c8e075e8f30e4586ac075d59d5be938d,0.8829267,fb709e29755b44988bb252c87a2ce2f3
fc20e7b4bfc243ef82918b7c93591747,0.88101596,a4cad92644614f78bded3ca6d6023473
70aba94871d94cf5b2d7e950982cbb8f,0.87626636,e45844e0215f4a1596a7f9ac41367c46
a2cd26a2e3b1415bb6c861ab0368b73f,0.87201583,89597084b19c4902b073a2c6c6622456
b2bd065cdfc748af858a6b41f0be933c,0.86950505,31b69f9501c4415e929b6af28c83f6a6
27a9489cf5724d47bbcc508684389f2a,0.86837125,3257035cc77946d98bdc09e2fdd5cdae
b24046864bc341499137c0e4a5d92315,0.8676063,82b01998353e4141a7613fdc96d7b600
b386bdd20171436f9c420013263490da,0.8671677,78b600dd53854b018f87267d268b7b1a
16242654caa64a669f249360ac629e5a,0.8639864,3be388c9ab614bceb086c19f70df23c2
9fbb54f6ca3747198e55e3f00ad81251,0.8633403,27eee82d7fb94b9b8b60bd3101187496
5df9b0803cc442b68e59b21fe5955092,0.86311454,e25b9d9944cb4d7197efb8ffc4ff57a1
7360c15d3abd4dd8a5af35cc13c48b1c,0.860584,89597084b19c4902b073a2c6c6622456
128de5daa04242e7b0c9eca5277071bd,0.85630786,85e7ea30890b456084b8e85c299c8649
00bdb7919575484197d63d6dfc45bf9c,0.8558612,66b0c8a58f444ea0aec34d9403b88a49
64e6b4c018f14601949aa629c1de4014,0.8550992,779d7c2bad1940c8a861451964e1ce01
7bccbe2abf334b329b400531be6a3be7,0.8510381,d443e0c5017d48d1b3f86bf4da959ed5
57cb6a69463a4f248087b39af146fdc7,0.8509948,0f9cc12519eb4872af7be7fe49e19f59
4bb93a70efe949939c13ce6a18678093,0.8492601,77a8b27acb0e4600bb6ff974eabc269c
649971e6871c4d3596bbe61f84b0e117,0.8482108,1216ce1ef31e4643bb1222538c206342
a18a19c2ef80495ea076e2ecc882c7e7,0.84576726,80948e17b5694599919e1502bfcc08f3
b894792524d841b3b24c566aa9c41b8d,0.84378976,cd56b9a044c24df8a7156f661cb3d9cf
20017566ccc94b8982c75f9f05a8eb20,0.83576006,ecdae9f36c6a437ea72739febbf1c89c
1cfa0ddd81a04ee1bcbf754e6c92c5d8,0.83156306,f5a6222612ef406b8f02aef87e08c476
f0808f396f44491a8fb26af7a42dab06,0.83066654,09fc9f38fbbb4bfaa1c979ac9cc43f0b
5302778a501c4de9bbc6c6fc6f7cd8b1,0.82996726,92d5da561f5a41bf929f3555a74cd653
8b1f6fd1fabc4cb7abbd5a7a2ed0cac9,0.829887,156f393f7ca046299e09d05464afa056
506892256fe04ccdae8ffa97993fb582,0.82663316,691acac4a54d450697afb2c2dc4fca09
dd0e1c93929b4f4d8ade4c3f39aa91e2,0.82452166,e02ad4f63c8444b79a7a56fb23a4e0f1
c350ff1ea49c4547b89b09403669a4b0,0.81698394,4430d47e30904eab969c1baebca184c0
9b8afef332b0478a954974c9be4b010f,0.81511617,2a9658410614443d8a27ef174f61d6e8
9c0fbba28fa24de2a7d3b5fff53b8ef6,0.81398237,34b71675a1ae442395b6eb1f3eda23df
af017ad1aa9c48c490bae2aaba2f1029,0.8131151,ec281224f8ee419ebde676f291672aea
63d32d729061451cbc920b4066c15339,0.81098354,6c74bedaa406493a99988c5b8a47b704
56c2b163d79149048fcdf4e0f9d5598b,0.810321,64fa5ce839ef406b9bc8a1b2f05094c7
f1015462e69f41ea9a9c663ae07f13fd,0.80951405,ad2109663af04c549385cd2ab9b3283b
335322101aa0491c89fbabfb87c21ad8,0.8071364,9ff95d23c3284d31ba5e398afa520649
6ec94917d60e4edbb8db99b5f7c18612,0.80028963,00f45d57fd3c448d8cfdf3185ebae894
34bd7137776446a3b70fb89720492e73,0.7953617,58f53c379f7a4868a2ba6d91a06247d2
d52a218e156e461f8d5f05a8a136988b,0.773203,89597084b19c4902b073a2c6c6622456
ab6c85b8074c4edcb7f8d568b142ef98,0.7682873,1543a2f94aa74008914301874d98f0f5
da809b1c982e47e48ea951dff1120841,0.76764846,369fe18b94f54c98b554fd22b4a3b50b
9ed80bde74cc4e15aaa675186748bdbb,0.76626074,58db4c3a26c84fa68d81235d078208bc
93945027f4fc4a43aedd7dc6affd5621,0.7593179,d74f6e7abeb84eedb9923dadb62f45f0
b1c2cf26538045169885251ae1a1100c,0.75405484,7ac9c94011924c09b47f9640211885a2
daaf43ca009348bfa676ca06cddcdf61,0.7479888,a1d8cb16dafd4126922f985021e93631
5880fbce1031460b8097717c0e258b33,0.7462919,e336d113184c4ebdbad7aa2b6ec64640
a5d13a0d598241769730951b2e94e7ba,0.74586487,23066f7964874fd39639dbf2cb2766df
b0eebd77fb114ff388e46e4f3d284b4d,0.74468446,e25b9d9944cb4d7197efb8ffc4ff57a1
6365bc21f6084ccd8da4d5c6afb8b26a,0.74215466,2425086d8eaf44d2a9519f0e4e6b289a
db4153df6e94413dada442eb6e6a8fee,0.73728913,2768d411cc374a018a898f9df0ca207d
f2fe001a9caf435a9e440ed89e6b806e,0.73334795,f0695d7e59d64941b510a3d12f801d59
a3b9cd8b03da4791964406ffeee48526,0.72853476,6542f58c143446f280e88a6375ccf79a
ea055ef8a6de4cdb8761ddd4dc3bf3af,0.7259549,965598a17b624a0f9bb1cd58595458a6
d067ca627837456bb0e6cc40a06d224f,0.72498876,64f1d63a671d441d9663a783f632f794
5b2c1e575e8a46daaedcab661b62235f,0.723078,34b71675a1ae442395b6eb1f3eda23df
c853cbd19ac0421eac6817429b6f8804,0.7217281,526ab7eda50e4a239d03ad505832d61d
6178ae89b15545f39f754e64a9283916,0.71989906,8a77dc665d8b4d95a0b1113522f7e9c3
e1c498af40d54c85bcea4f0ce236b966,0.7162212,d9fbe02f04a4469dac855f69ea6ad02a
98f802980f7641f39a841cd8697c5ea8,0.7158673,9170e0bb8fe44b309f83293808d871fe
f4e9b9fb265843768046ac7985c89f7a,0.7156441,a4cad92644614f78bded3ca6d6023473
5a3e95d6f7e84750a9b090dbfef91f61,0.7083936,bd2f91a9415049d980e453f94327e0ce
41fab89a8af342e5835f50c62da3910a,0.706835,1af4472b38cc4304841b2f1720075c9d
c492188137ee4adab179d07e9473fc40,0.70434654,eaca056cec224a30aaaed30c39f644c2
acb93c3b67cb4fc8bf222a8468b2b6ed,0.7004609,64f1d63a671d441d9663a783f632f794
8a53841d512741f5ac2d49f75a83780a,0.69663703,bab3bdc133384798b558f8fb6466a7fa
07d706541ba64a5a860673ea0aff78bb,0.69281363,3b13d134762445cebcdbb02b484db77b
84e237a5da704cc28748ceb897b709a3,0.69015694,11ec23965d2941d0817082107996ebbb
c40beffa8f0d4679bafb1eac1d38bd5b,0.68825626,75b0bd2240a54f6fb45bf95ca43ab5e6
924c235415de407b8fe453ecc8aa95be,0.6857213,ec281224f8ee419ebde676f291672aea
7d4cb32e892a463b96ac09595cffccf8,0.6816794,0f9cc12519eb4872af7be7fe49e19f59
e8dea0d3ff7b4340b7e4863d401e1a4c,0.6790838,95fbc6ed8bfd43c1a6bcf676e26e7f8a
2fd2926eef6c41939266c5d6a5803999,0.67148775,eaca056cec224a30aaaed30c39f644c2
387cfff049b44a62ad0215e9bcd6f912,0.6693752,ecdae9f36c6a437ea72739febbf1c89c
3fa1b0de6d4c416189e62ee40264edd1,0.6666069,e27d9425c912446e947fe53c4a757375
7f1f5ddc758b4e929452c112c70911ba,0.665298,7a4c413f5c844796bd5ffed2b65f0336
cb70763b642a49e48c7e66689f180efb,0.6650681,0ebc441d25664c91adad96b570270f07
b2b15ac784564b17b414221232730701,0.6575705,4696c8192576454f8684954bc771aa23
61bbbca9959242abaabb21b01f9f40b6,0.6512099,526ab7eda50e4a239d03ad505832d61d
eeb6b27942084fa6a8e663ec3a3dad56,0.6491752,a0fe3cd34e474c3b90662ce8ef1fcac6
edf32c81fa8c41f4ba76d882cc8f88c7,0.6484913,fd51f3eef1a64d9a93652be481bde32e
7eab4332b2af45cd8ba6c4050d814b39,0.646919,ad289d5052264f9c8bd0aaf9faace92e
c0f5519b1d3842a68611736d9c0e5c9e,0.6426064,01690d9b08164fcabd5bf0819754f71f
803051539d144fdeb70807a70a667f4a,0.63557225,11ec23965d2941d0817082107996ebbb
eead86464fcc47c9a4330692646f0973,0.6212272,1216ce1ef31e4643bb1222538c206342
6475f4fbc11942b8814094002d1133b9,0.6146814,a6a551a308b9442f947ea0608ae2c3fb
932fad47da6c474ebd763a0249ad22cd,0.60888547,f9fae977af2c4f35b29400f31267e170
299ada2bc5ef4534ad5e0b1b7d10e457,0.607202,e02ad4f63c8444b79a7a56fb23a4e0f1
a4c088804f1a458e849f356cef8bfa22,0.6019353,e336d113184c4ebdbad7aa2b6ec64640
0727ac84c4494b248aa13d6c8ffe7225,0.60013866,4d708e5878784386a42c2f436d2d60f0
b1d8d95b89ff4347aa88a86b33c0e524,0.59771746,c322b788813745e0aa7b592b4345d379
c0f3c55551da4b9fa0600e0d1b9181bb,0.5931612,0472051dc57d43f8b9dd08df475fc4a3
44e0859420c4441d8b2eab856c4e010a,0.59276056,f0695d7e59d64941b510a3d12f801d59
972aaaac6728431b983362d505543fa0,0.591636,80948e17b5694599919e1502bfcc08f3
a879a1da30c4407aa84b5fea90b60f32,0.5900049,6c74bedaa406493a99988c5b8a47b704
c0e006372bab471897981e28cf25f546,0.5881866,d4cd0b56b6f54e08aec8ebfdb6122c5c
b43316e2218e4fb390daa362fc8eadef,0.5800344,c322b788813745e0aa7b592b4345d379
95efaf80178b4a519dbf8769d415c000,0.5780323,e492ff7fecf046a4948c5ba5631cdefe
6febefdfecdd4d6dbe493b2dab3579b0,0.57784414,156f393f7ca046299e09d05464afa056
1e579d7ae9414003b1ba23d9839d8031,0.5715985,faaac88748714ce8a99413b952a1dac8
041c8b8571254958916a2b21a2e98516,0.56595314,3257035cc77946d98bdc09e2fdd5cdae
16b6598102224ec59ae691c80c17f913,0.5636588,e9f055a212cd4e5e8601228c37713f35
7e4c2a881ad24760b9775870c8ec426a,0.5497608,f036aaf4ab714c598a0b6da4ca604136
7c9553e399964910b2eb9f1c94c913b1,0.5480543,7a4c413f5c844796bd5ffed2b65f0336
5ea4394d43e44b219a8390a0b54d2982,0.54676473,46ba0b979a664c7cb0c315c4cde6ac86
174e16d27164468ea679a619b853b1a6,0.54654104,e96aa0967ab94368b381354e03dc40ad
06b6d2be43a64627b49fcfeafcec63dc,0.5376233,6b9b2c8f0a874bb8b6691aca6bc49565
061948a87df34fb3b077070194c1119c,0.5362827,1f8c0f02984e4139bf8043e57497fdb2
a9a64390a549402a87d7334ff62aa560,0.5209111,73e7e41e8db447c09cb2363d76556c64
6770b085f8cf47ee9a162fa8fbac551b,0.5199275,369fe18b94f54c98b554fd22b4a3b50b
d0dad3a420c744c3b2aaaa1604121d1f,0.5191054,e96aa0967ab94368b381354e03dc40ad
99370de3bbb74c12a92ca24b995d92b1,0.51875436,4430d47e30904eab969c1baebca184c0
78806c5668cd4a01a34eaa549dbc4021,0.5142794,d79afb377f5349a69830b2b4c7cfefcb
484bed1b612b48f3a0b37b91bf626f39,0.5107327,057164cf4aab45ebbefef3409359cfb1
cbccb64b48814193a639815717dbcc80,0.5093734,4a4eb12a639346b5a00557d54b51fe51
790d3e003e2545f9822873e830615360,0.5087042,ad289d5052264f9c8bd0aaf9faace92e
497126af5d624b7894a1cca2b3b0e57b,0.50476885,d443e0c5017d48d1b3f86bf4da959ed5
a4f6bb74f2654c17b04bb3fe4c05fd91,0.5036351,d74f6e7abeb84eedb9923dadb62f45f0
1f487d592adc46f1ba935a923c34a9c6,0.5030335,7a4c413f5c844796bd5ffed2b65f0336
29fdc29e4b23460088e7060422eb8582,0.5018055,f5a6222612ef406b8f02aef87e08c476
b593c0100abe40c4a0204ad40b73080c,0.5011421,ec281224f8ee419ebde676f291672aea
d87ab9d9a67547ccada7b9ea3d22154e,0.49929762,bade01bd83ec4b6786fd8c867ca7a090
9b18e72d85384d73bf3bc666ebd18aa9,0.49879932,f036aaf4ab714c598a0b6da4ca604136
7e29ec4675ab4e1cb521e69e6de49dfd,0.4980322,e45844e0215f4a1596a7f9ac41367c46
6e6870a557a147a9acc900ab380040fb,0.49386296,e25b9d9944cb4d7197efb8ffc4ff57a1
55472eb25f9841c2b39b9bcef06d7bf8,0.49234787,dc58564d0c8540bea4f3e2e3696deae8
4d2df900c0ef4261878a1ee108ac520d,0.48335075,ec281224f8ee419ebde676f291672aea
74b25851047d4c08840debaa0bcd9e2e,0.4775843,80948e17b5694599919e1502bfcc08f3
7de183d0b5f24efebfc15ae35f4b0fc3,0.47528422,73e7e41e8db447c09cb2363d76556c64
9146bc8522804996b5984ed63944edb7,0.46772242,01690d9b08164fcabd5bf0819754f71f
dcd792ee5ed44c18908c70bc295d64d1,0.46419197,6a122ce1702646db918266228d48bd08
474bd4189cb5456daf7a1df79784d4aa,0.46260348,e96aa0967ab94368b381354e03dc40ad
d9956ba9a7e94d0ca7496d6df99555d8,0.4611212,efdf40eee13d409c9955e5b84e4408f6
9dd0c24c21ab4b5586c29d90237b3840,0.4559993,3b13d134762445cebcdbb02b484db77b
c69f7426bfca4d959cc756572440109e,0.45253885,3b13d134762445cebcdbb02b484db77b
35280441301148638fc4b59eb169c802,0.4505061,aa2d7a3a535243189492d4ce8e79c049
5fa7699fd07e48f29a259e9b1044fab6,0.45048353,d4cd0b56b6f54e08aec8ebfdb6122c5c
89b0d50305744a53bf5c6cabc6f94b08,0.4459846,d27cfea4da8f445fb4e3c55e53c6482c
46f0f2692fe44c88963712d6f65f6dbb,0.445557,678725f8b914453fbc1029b7c1bc0879
f7d52b90e2e24549bfaa50d46ded3176,0.43985116,9303b9f7f4984b2dac8aeba8c8da8ef6
fcaf0031ba12457ca8cd515c95fea22b,0.43946666,bade01bd83ec4b6786fd8c867ca7a090
04fa52d782e34f0698238fc47401ee94,0.4381215,965598a17b624a0f9bb1cd58595458a6
d1fafb5d71ba42229f870ebc99263d20,0.4378488,836ec4ef8df644328ac07b7803709323
6193d950669f47f9a2268d0f3a41b2fd,0.43389964,faaac88748714ce8a99413b952a1dac8
d1c94e11ba214e61b63f00da3fb00a09,0.4313643,ad289d5052264f9c8bd0aaf9faace92e
22ded3f607364f7b96960f862358777a,0.42785794,de9328bdd1b34adda74a0363ff0a52b6
2f0bcda66cd34231b3a3822dd57f7f2c,0.42373884,65664fb3aad341fab563409d91dddd2d
f7c0f796a492492095abeb8469b68eeb,0.41919804,9ff95d23c3284d31ba5e398afa520649
b8052a41b1ca486aa8d1d4fd870dda88,0.4188938,64fa5ce839ef406b9bc8a1b2f05094c7
299011ed1f504bc0ac2d31f2876162d4,0.4155351,4b748d6624144214b3d8a80b37aabde6
71134a9c69f44b489217b6a7661eeb5d,0.4126984,ed9b10a2879742628fce003076ef9024
277c71d0965642b2b592f9a48534fee7,0.40987167,c8c201e25c0047a2ba9d9e8541ac0939
37f240104b2040c4a8bedd933b90684e,0.40542525,d4cd0b56b6f54e08aec8ebfdb6122c5c
c81fde53a5804d74983247fb14718050,0.40248528,bade01bd83ec4b6786fd8c867ca7a090
599db2cba5134f72b9cd514e41aa34ba,0.4010442,e5692bd498004d32934fbaa05af2120d
af33a412aeb947a8b8c53cfc9e78a69d,0.40009272,983940e0b12e4186a281c36de657406e
d8da57bead4f4bd8a90f916f7cd032ce,0.39025828,5a8cc5ff28fb4359afc7e9fcbf3bce55
d18685a2ca8c4ab48ac9d9b824ce3bc7,0.3803431,983940e0b12e4186a281c36de657406e
15171a501992488a97cd9f1f44475978,0.3794049,a1d8cb16dafd4126922f985021e93631
0c6306c2d9c64af7a28d5fd434ba9b19,0.3738479,6b9b2c8f0a874bb8b6691aca6bc49565
5b204de5b2be4f0cad1271ad9c6b1f51,0.37361848,82b01998353e4141a7613fdc96d7b600
739e45c484874024a94fec4cf8b13fba,0.37083513,c9628610053945f4a7998ae48cd70da3
a7696e4b2a7b4a87a64c7bf5ced3a129,0.3695313,efdf40eee13d409c9955e5b84e4408f6
7b77d3c7e5fe4d2abc10ed7f00ad4e1f,0.368774,ec281224f8ee419ebde676f291672aea
27074d8daee940d0ad71d8c9e50c854d,0.36844814,d74f6e7abeb84eedb9923dadb62f45f0
1f4946d6701f4d75b1b71b16833299d1,0.36572123,3be388c9ab614bceb086c19f70df23c2
580c0c6a3cd6416cb6654f177ff2498a,0.36182693,9b22c5cdbff44bdabd48dba008e6a3b2
850ffbbf78224a1b910a45c2ad3ab6cd,0.34882414,19c9ac7b84df472c85ed6cf5a05fbbc6
fccd86bf84054e46a65b37bb8808da7c,0.3476107,e492ff7fecf046a4948c5ba5631cdefe
bc74f6e0e01940f8b0e150ba65e72d34,0.34536457,74e7db4222ca4a20811199afafa346a7
d37d23786d3f4e90977fbe2a3e5be556,0.3348814,85e7ea30890b456084b8e85c299c8649
e938fc1d26e5456ba78f78d9f8514816,0.3292362,b25fe3b79f714d38b3fc53e39fd84d36
9280a530ada64a8f829e0ec528712cbe,0.3282923,65664fb3aad341fab563409d91dddd2d
27ac7ea2481844079ce6ab849edc3901,0.321383,526ab7eda50e4a239d03ad505832d61d
9f143dcef5ee44dd89610738332533b6,0.31952572,6a33c207c8b648f680dbd0e65639ef04
94e15698eca449a99528bcd1d437335a,0.3185891,00f45d57fd3c448d8cfdf3185ebae894
38003415b2fe4903b7183cdd279c09f9,0.31710538,678725f8b914453fbc1029b7c1bc0879
d3910d69c924478ea90090b8b527e0b1,0.312495,903360099fb644b6b88c6edac88eecb2
85fe4ea28be0476fb41585de18435d94,0.30895874,8a77dc665d8b4d95a0b1113522f7e9c3
cbb7beb8042e48aa868c13a6e2ee8a6c,0.30712616,27eee82d7fb94b9b8b60bd3101187496
05695e1694384bd79b37246fbab26b35,0.30338457,965598a17b624a0f9bb1cd58595458a6
3c400856520e456ebb8a1f9660e45cad,0.30163383,3b13d134762445cebcdbb02b484db77b
1dfeecb0d6cc4fd68f8fe7bddc5573f7,0.29924753,a926df6d7fcf4b17b68dae6f41fbce66
62550b8ddf604cfba4e092fbead3bc1f,0.2950421,34b71675a1ae442395b6eb1f3eda23df
82ab65484b6d475d88c52a748a8072b7,0.28700912,e9f055a212cd4e5e8601228c37713f35
2c5bf4d606bc4435af0045f6c269d043,0.28535926,7ab29c5e2f05481d8a69cc479a764ee8
f6440ad65bcb48fc8d7fb11f5accc309,0.2851051,e7d6747e8c8b4ebcb665e232240daf17
7771343be99843f58171d62a3f040005,0.2841636,e52a528036014db0a7bd54b99a310fe8
2ef6a38c8e514fb1b98b9cac832fdd14,0.27165908,8aadcf7251724cc6858dc0db44abebe3
7e41c6ad9fe846239eb8cdf3a0a3569e,0.26732868,9303b9f7f4984b2dac8aeba8c8da8ef6
dbf2f20d05034e77a9be456ee8d44377,0.26300484,564a84b1b830407e811bcfc7fd086a6f
a3c8a08e370346b095ed986fc19f420d,0.2618698,89e43b092c844b5886a93091a22c894a
7e14c6fa40384f39be08ef7ac6b7deba,0.25496083,4b748d6624144214b3d8a80b37aabde6
11626770763040b882ab69e58caa67bb,0.25321496,903360099fb644b6b88c6edac88eecb2
e163e00abbda4bc5adec2f85871b7c88,0.25214016,5a73e0a5c757410eb0928feed7b151c8
acc8825aa2cb4d06bd3574a6b36e6a40,0.2488907,c0cb721b56f240dabf7f464e453ef72e
76313e4034d24a788d6f02923f14c045,0.2486969,d79afb377f5349a69830b2b4c7cfefcb
17c07c3077cb479eaba075a5c7f99328,0.24866116,d42996c2b67443fd9b73bba7641d4f77
64c90aaee7904b2ab8098f0dfe8cd516,0.24312377,d576e334105247369362b05a375e88cd
1008087cab8f407eb2cd44e6c79658c7,0.23037595,d576e334105247369362b05a375e88cd
6c846ec45b5646b6b0d1dfce66fb8328,0.22904569,1cbfb22f84454b1fb821b602e3ad11f8
a8a7550acecf4436939c03b7e74ec8a6,0.22696722,cb85047b65f8468aa02744c28c075dbd
75bceb302d644b309181d454dbd2b59f,0.22505945,678725f8b914453fbc1029b7c1bc0879
5df786def0874c84a4a9878f379009d0,0.2239232,92d5da561f5a41bf929f3555a74cd653
73bf5efa54504a0186bd7a13def281d6,0.21780288,bab3bdc133384798b558f8fb6466a7fa
ba6e6bd633084e56bb1f91c62afff197,0.21661949,77ac5eb4b3054ca68e2b0dcbd5473fd1
84350503e37143fc8548ffcbd24070b0,0.21556735,c26f5e7dcc8149f18f3d719bba9ae717
6f5aba39f47a4d7b87f4b50122d8b660,0.2112064,7a4c413f5c844796bd5ffed2b65f0336
374f3a07f645432ca97d2116e61d6fc6,0.20992863,0472051dc57d43f8b9dd08df475fc4a3
8b1eb206468046df8b8c19637b250996,0.20756635,89e43b092c844b5886a93091a22c894a
bd2048721a484ac4925726f9a0df7499,0.20533347,e52a528036014db0a7bd54b99a310fe8
4cf01329838243b998a06d2ffab76517,0.20422074,99142f1c07cd4782814f8c970eaaa40a
1d2cd0bb5b1c471ca10d1eea0ef9b729,0.20245242,c26f5e7dcc8149f18f3d719bba9ae717
58f93c38cc65487492ae04fd498f436b,0.19128728,fb709e29755b44988bb252c87a2ce2f3
6f5ef9875cc848bbac020144e710e378,0.19052064,75b0bd2240a54f6fb45bf95ca43ab5e6
915d79767ad746c99ea804f4b5dbf60d,0.18535574,d981f2c67f764e0c84af125b563958e9
4b6eb18ba8244091a7dab36a9dd58d87,0.18244696,f5a6222612ef406b8f02aef87e08c476
bee104c3212c473da29f1f4518f4fd7a,0.1816771,4430d47e30904eab969c1baebca184c0
c27914b906234330b9a6677788aab658,0.17825851,89597084b19c4902b073a2c6c6622456
00306589ab9241cfb569f6b85c0e2843,0.17684487,7ce06191f1114b4c8a00609f6867761f
b4aee6c48c214408b310c9c345695420,0.1711956,5a73e0a5c757410eb0928feed7b151c8
0ef75de01cd14e0faadcf05c8a85a916,0.16879371,057164cf4aab45ebbefef3409359cfb1
8e80b474643e48ac86e6d8e4a23c507d,0.16729182,77ac5eb4b3054ca68e2b0dcbd5473fd1
08b353e1649c42d6b37c9f7179dabf6e,0.16617358,d27cfea4da8f445fb4e3c55e53c6482c
6d86d0062e7c4ab1a1c263fe7418697f,0.16391444,e336d113184c4ebdbad7aa2b6ec64640
b9a77513e24d477887a0d0582ca7ed7a,0.16376519,8aadcf7251724cc6858dc0db44abebe3
537772e1a2c849b2bcc68c362d5c2c16,0.16341317,d0a840820172465f83c8480d571e7b71
69705e3d3da0436881b25f42d2a6f102,0.16009738,4d708e5878784386a42c2f436d2d60f0
2eec5eb123e343b89370139c57a3ef13,0.15686458,19c9ac7b84df472c85ed6cf5a05fbbc6
e9b290a94aa44b1dbba67ba62b5153ac,0.14887571,27eee82d7fb94b9b8b60bd3101187496
454132982ecd4d5e9e6ed9c9e33f3433,0.14362073,257aed6ca7a44f1cb5c664beb1be527b
28d967465fcb488eaab515b23282c0d7,0.14327675,fe6ace599de44aa19b1773dad3658fee
8278ffeb4f7e4854a015f434887473a4,0.14294231,700f381f40ce4b039ce0df8b49fb199b
ba7add48a45e4ff8947f8a846082bf48,0.14058593,4d708e5878784386a42c2f436d2d60f0
b48f5f444c3140b38a8e756e57fd042c,0.13482115,9b22c5cdbff44bdabd48dba008e6a3b2
dace4a83a81f42048efb60a217370134,0.13315535,cb85047b65f8468aa02744c28c075dbd
71466cbf526f4ad890c742b6e4fe7449,0.1312108,6542f58c143446f280e88a6375ccf79a
91c0f6c693104690921ae87324e06692,0.12940115,73e7e41e8db447c09cb2363d76556c64
882f017418bb44afad1448d9640bd967,0.12310076,7ce06191f1114b4c8a00609f6867761f
775b2092579349f6877cebb751ba7f11,0.12022257,9b22c5cdbff44bdabd48dba008e6a3b2
503e10935d8945e8b7552e9f83309667,0.11700642,efdf40eee13d409c9955e5b84e4408f6
bbd851331a6a4da4b22326af57c9ea32,0.11103439,faaac88748714ce8a99413b952a1dac8
606a301239a6472ea371152fa2029fb6,0.10738957,75b0bd2240a54f6fb45bf95ca43ab5e6
8888abcca90946828a172b03f4e16fad,0.10316536,cd60a0fcac24465a880af7d8f921dd68
d832897254e74ba4a5515e22654b2d04,0.10193221,9303b9f7f4984b2dac8aeba8c8da8ef6
2f01109a00d94d2ba4736fbea4522c20,0.09762305,78b600dd53854b018f87267d268b7b1a
4a5a47f40e9b42f5af28b197d3e59ef7,0.09592199,3be388c9ab614bceb086c19f70df23c2
0eda051895d044f3a592d1d0098e8f01,0.087887764,2a9658410614443d8a27ef174f61d6e8
5a1096197b8648d882cdd33875519404,0.081818104,ecdae9f36c6a437ea72739febbf1c89c
2ae6d89874964a38a8d1dadc9efeded3,0.07927644,89e43b092c844b5886a93091a22c894a
15d3499d1d4a4168b863a75b7e0b7e8f,0.07892418,e456afdf95e643dd926249fec4d68753
a57effbc5a3a4d369b53ac72791e1b82,0.076444,7a2491a27f3c438a8549988f7a79e26e
c6654e244a00404a84d2f9314a7c6bd6,0.07602644,6aaae524573f477f8fdef0b83787cbee
80a892b08d854ed7ba82af259da76154,0.07537836,156f393f7ca046299e09d05464afa056
a72d6ed397c64fa7ad1aeb46a417fa4e,0.073296905,8a77dc665d8b4d95a0b1113522f7e9c3
60cfb02a92884acf8cbc7ea1abaf7046,0.071032465,e492ff7fecf046a4948c5ba5631cdefe
6e50350fd3c745e6be8f38c45f9b9148,0.066842556,fe6ace599de44aa19b1773dad3658fee
e244d77b242a4a54a7bdcb784245c01c,0.061776638,ad2109663af04c549385cd2ab9b3283b
b5db665a6be74d6d917e217bae5f59b7,0.05460632,21b1ded02d7b42618592187e287835a3
3f4f551ba9d74d6e8622c1da8b00180e,0.04530406,c322b788813745e0aa7b592b4345d379
28cae44de1fa4e56a10eb13b57a78668,0.04333961,c0cb721b56f240dabf7f464e453ef72e
e98cad653d89476483782ae1a239135b,0.041538954,5a8cc5ff28fb4359afc7e9fcbf3bce55
63e22c9413454acc8c86fb1ec33284b7,0.03988149,a25b08e008114c9ca0266ce3e55d82bb
cfa58c9270cf4b82a9a79385be571a83,0.027784586,6542f58c143446f280e88a6375ccf79a
1d2a027561834f03b680a90079cc8e25,0.02509451,4696c8192576454f8684954bc771aa23
5ebfa573972845a5842bf96fbf02053a,0.020993352,5a68e05acea4434ba08e17e1fff00057
1e5b95e7ca1a462588131ff25c545f32,0.020463437,80921378de2b4cd3a14d449688d8b079
7409ac4ac3c944aca7a9965f2568766e,0.018556893,5971501b0e8b4ef5b203c3985d7f5e88
14251437e9d7466c9909622c9fe454a4,0.017863035,257aed6ca7a44f1cb5c664beb1be527b
33a87d7db931410abdafbba3321d5b5c,0.005464077,8db9e204b8b841df8fd94eff0888cdf7
b9135422e0ba43e19be118d0eaae294f,0.0007365346,d981f2c67f764e0c84af125b563958e9
1413507f5f8f46109e5caee2e853eae9,0.00015462935,700f381f40ce4b039ce0df8b49fb199b
