c3758e6612fe4a54ae862d91d26d805f,8.10332,d331012ecf0c40888e0ac290184f0883
7f23a0de3d6649fbaa67cb1b2dae2289,7.9164267,ff715b4f228443e3b067c801250f3402
e35fef892ba84f8cbeb63132b6f7f094,7.3542905,4a4eb12a639346b5a00557d54b51fe51
3ff3a9f9ebdf41968cac02ff122f56eb,7.193323,c88be17376104f999b914a91aebf7220
f5abb68eab244fe38e79be186719a8d8,6.900421,369fe18b94f54c98b554fd22b4a3b50b
9126864790e8431db0440435469417cd,6.8051558,7ac9c94011924c09b47f9640211885a2
2e9806470e994a85904d3521b5fddaa6,6.7822466,5a26ae7959494fef99542e9b2004fd11
8a96af0f20f74b209326dd750c56a2f3,6.7610054,0ebc441d25664c91adad96b570270f07
52acdc11a8df4558867635630b69348c,6.5351014,74e7db4222ca4a20811199afafa346a7
4a1eda64c5a74dc59c1ca7cc15a429dc,6.5322356,7ce06191f1114b4c8a00609f6867761f
8d0f508b17b140db934bc95a70c06411,6.498266,78b600dd53854b018f87267d268b7b1a
45f6671f9fb64495bc585555e3b8e55c,6.449147,257aed6ca7a44f1cb5c664beb1be527b
0d281c2568314e5eac84aab63872e81c,6.420098,4430d47e30904eab969c1baebca184c0
e20a7ed561e1414ba269129124fa8186,6.2752085,f5a6222612ef406b8f02aef87e08c476
8ece6e92c7c541a2b5f597b12b7e0f92,6.2276382,82b01998353e4141a7613fdc96d7b600
9e85ec108ce944f69e9225fd35831464,6.2250257,156f393f7ca046299e09d05464afa056
7f38510693a9428bbcd86009bb013321,6.2013597,6c8a24653ef04f559b88e0f27c0df63a
b2e0675fdf93468a8fe7f4992e5ac02e,6.1621113,a1d8cb16dafd4126922f985021e93631
6f19ee43f25e4a01adfde430ceb68864,6.132239,9303b9f7f4984b2dac8aeba8c8da8ef6
f99339dff24a46dea0ac6862299d7024,6.1280785,1cbfb22f84454b1fb821b602e3ad11f8
ba6e6bd633084e56bb1f91c62afff197,6.121772,77ac5eb4b3054ca68e2b0dcbd5473fd1
9123b9ef4c9d4fde932408d0244495f7,6.115093,6d3c42356e3b459c919e3129ff192ac4
d89a3137737e42bc94b53fd641bd17a4,6.092338,2768d411cc374a018a898f9df0ca207d
b50583d5d6494691a33b4cc22373d8b5,6.0175266,e02ad4f63c8444b79a7a56fb23a4e0f1
9de5dee9dd8a425fbfb5e0c198e653be,5.972948,e492ff7fecf046a4948c5ba5631cdefe
9894b55999bc4793bee78babf6df12bd,5.8594637,09fc9f38fbbb4bfaa1c979ac9cc43f0b
d7cad8025bcb4868a7196c152770ab3d,5.7296047,fd51f3eef1a64d9a93652be481bde32e
3b9a5aa10a7d4cc9b31122f2d4258ccc,5.7260265,b25fe3b79f714d38b3fc53e39fd84d36
0effebf3021a4263bb46281f2fb33987,5.6986084,dc58564d0c8540bea4f3e2e3696deae8
93ff73f78f7c4aac9aa13de5f64205cd,5.697555,00f45d57fd3c448d8cfdf3185ebae894
cde31d7f76684d62b17e619c0f1e98d1,5.6808767,b8ca3b6144cd48208caae952e096e7ae
a0f623aff0d34804a39f4b55a08898ca,5.617161,903360099fb644b6b88c6edac88eecb2
3dd7bbe2cb1845608dc71b36bc82667a,5.5682545,dc58564d0c8540bea4f3e2e3696deae8
3cb482f381eb449b99a6b9b7707078b2,5.566242,9303b9f7f4984b2dac8aeba8c8da8ef6
1f8a0f1ab6d94f46a1c669d409295676,5.564822,d331012ecf0c40888e0ac290184f0883
00aac7746e164d80a6a257d31925297c,5.5490217,1b4e143cfc1648a5b877d7445446366a
6e651760ac2e4377abd5ff9ac4b8c9f0,5.5261307,d9fbe02f04a4469dac855f69ea6ad02a
90d603d31e104c02a43e18ee6dfe41d8,5.4813967,e492ff7fecf046a4948c5ba5631cdefe
b34eaaea52614dfe82c2df09e4121948,5.3807106,8a77dc665d8b4d95a0b1113522f7e9c3
551ec133b10e448a939d6f857cf1dc17,5.321213,0ebc441d25664c91adad96b570270f07
5f47f156e8204f808cef8696d1f8920a,5.2923155,5a68e05acea4434ba08e17e1fff00057
fe866322e3f94718be3a75be3975a37a,5.2430887,9b22c5cdbff44bdabd48dba008e6a3b2
a5e2a560340b491299c037bccbbf6d9f,5.1922226,3be388c9ab614bceb086c19f70df23c2
fcd13888ea3d4c2cba9cdbf3a7d2bbdd,5.1774297,b2be859ca8f24cda86821d5383edbc18
b344c4448c13473197e3c11682c4096e,5.136521,3257035cc77946d98bdc09e2fdd5cdae
76d6bcc61c924186ac0c0cb384856e6e,5.12334,ad2109663af04c549385cd2ab9b3283b
790595e600c949459cfe2629a30f5371,5.111094,4430d47e30904eab969c1baebca184c0
fae3e9acdc1c4860bb50119b70effcf1,5.0656624,ecdae9f36c6a437ea72739febbf1c89c
253d404216244e3e8c298eef54b7424a,5.009623,d74f6e7abeb84eedb9923dadb62f45f0
dea0770945c6460c8082a2fa1e710ccc,5.0017104,74e7db4222ca4a20811199afafa346a7
2ae6d89874964a38a8d1dadc9efeded3,4.9707823,89e43b092c844b5886a93091a22c894a
5b21a17866f54dfa8e63c58219851a21,4.9533224,d981f2c67f764e0c84af125b563958e9
81c6d98619c8406bb519ea26c477b3b7,4.9312463,d9fbe02f04a4469dac855f69ea6ad02a
525962b8d45849bf83483c6f246cf7b4,4.930258,e039a00eae414ebbb2205b011ac127cf
b8052a41b1ca486aa8d1d4fd870dda88,4.917982,64fa5ce839ef406b9bc8a1b2f05094c7
b06dc9c1726443b19aa4d4e118d8596e,4.9028463,6542f58c143446f280e88a6375ccf79a
6978d19475ab49b1ae3acf443710c48b,4.8518887,6c8a24653ef04f559b88e0f27c0df63a
8766cab3c343406587942ee9f9888671,4.842184,74e7db4222ca4a20811199afafa346a7
ca143ca992a648ca9b004f3be8a53a61,4.834025,4696c8192576454f8684954bc771aa23
6fe5e86e29684922a7b66985a0abbe4d,4.8315244,c8b9a0ac7c214a449c434aabdf6ef770
7798dea58b5a4389aca581f8efc4b17d,4.7781715,c322b788813745e0aa7b592b4345d379
bc4671732d9843eaabd57d23d84f259d,4.758828,bd35571850644321b86ce4fae286ce7d
71f93aa94339483884743fd218725216,4.7466245,9b22c5cdbff44bdabd48dba008e6a3b2
da098162d0924c6eaf6699ca87326527,4.710601,ad2b6fb945714e6792c17bd49a1066e0
07ecb7f8a5f642e98200ac37c34425a5,4.654797,0472051dc57d43f8b9dd08df475fc4a3
dc31ba78cf194fa59ae6ae94413ba0c0,4.6539497,23066f7964874fd39639dbf2cb2766df
183908f894694011b40f78d80cbeb742,4.6482325,f5a6222612ef406b8f02aef87e08c476
e08d644c0950461e843595f14ded4387,4.606042,5a68e05acea4434ba08e17e1fff00057
410190593a7f4b7e8ed63596f20c37e8,4.605135,e5692bd498004d32934fbaa05af2120d
b0f8acbb976643b7b4c8736a8d7305ef,4.567186,0ebc441d25664c91adad96b570270f07
385af4460b5a436baece6ce3fa1cd423,4.5547132,6a122ce1702646db918266228d48bd08
3477cf6029bd4abb97d2bbcc6c11509b,4.530549,1216ce1ef31e4643bb1222538c206342
af18a5f9a5aa45a191a99b4792b127c5,4.507826,78b600dd53854b018f87267d268b7b1a
b26293f2e7f54384a164fb685236aa8f,4.499624,58f53c379f7a4868a2ba6d91a06247d2
30bedeca60dd40b78dc5e6d52d6af8a8,4.4913893,acee70abee2841c9b67b95e9ed079647
211bbe2f818640a39e55304483f7aee1,4.4430747,691a538d2372403fad2b919b48ff5f85
d2b5f8ef9a8a42058f879a4e41d8d02c,4.4379168,b050e9e1ef5946c297a34dda98d8f476
8819510944174ce28e7b0d3e9d8c9fe3,4.4192796,691acac4a54d450697afb2c2dc4fca09
e8731d4569304e1aae79558458ad6797,4.4136066,01690d9b08164fcabd5bf0819754f71f
7e4f7e1030bd4e0d9be72f6761ea3def,4.3942833,77a8b27acb0e4600bb6ff974eabc269c
8db2bf7ef1ed4e16b8f31fc7a9ad0e9e,4.3854265,fe6ace599de44aa19b1773dad3658fee
06706b7f76a3492e8e814546d9bcefab,4.364689,d981f2c67f764e0c84af125b563958e9
57dfde028e58407980d373eb21be8e36,4.364594,965598a17b624a0f9bb1cd58595458a6
242f18b8efb7402a9e394515b5294eb5,4.3543196,d79afb377f5349a69830b2b4c7cfefcb
523ae070f70149be975ea27f84bdb39c,4.336117,75b0bd2240a54f6fb45bf95ca43ab5e6
00384c60922647c68bbbf144d4c751c6,4.3277287,d443e0c5017d48d1b3f86bf4da959ed5
b707dfaa86a540dd9c3fa75fed4a43af,4.3236356,b8ca3b6144cd48208caae952e096e7ae
006744853c1a4bfd9d39aea6556c7be3,4.3162313,c0cb721b56f240dabf7f464e453ef72e
8058721caad34d58a7ddae70e71c3f9e,4.2967033,c9e2e76e631c4d0a8013d90892350e06
910f58d10cac4e1896efd603e3b6247c,4.291731,ad2b6fb945714e6792c17bd49a1066e0
3fa1b0de6d4c416189e62ee40264edd1,4.2895412,e27d9425c912446e947fe53c4a757375
b98768914d8d4eaebb4632fefbad06aa,4.2574053,89e43b092c844b5886a93091a22c894a
ad13a71eb5594e529ad80ed59082fe17,4.247168,9303b9f7f4984b2dac8aeba8c8da8ef6
ad016f4559a0419297dfc6da2a37349e,4.2422795,526ab7eda50e4a239d03ad505832d61d
37cf2461e5cb4c8fa0b0751436bfa69c,4.239966,92229a391d0b418f87b32c86c42a292c
587a668f01694a1e847a97f47debb81c,4.213831,37337ebec05640b890e4b9612776c32b
091380ee73214c408bde7f510f136c4f,4.213378,c8c201e25c0047a2ba9d9e8541ac0939
7138411c54ee4ddc9519ced57941eb3e,4.2126474,78b600dd53854b018f87267d268b7b1a
7f2876c8100e4b68a311343853ebb177,4.183328,19c9ac7b84df472c85ed6cf5a05fbbc6
3b065dc23322478a8128f0322c8d0678,4.176703,8db9e204b8b841df8fd94eff0888cdf7
9da0bc8ceec24ce7bac851ca1fc67b5f,4.1428666,d6fe6f8380464e21a27fd69de27f1f57
a90f7233ac774c298df91a6eeab11626,4.0894346,d42996c2b67443fd9b73bba7641d4f77
7510f4f5df754961a921d50523718ff7,4.0838385,1af4472b38cc4304841b2f1720075c9d
054f93d33d7e494d8ddd2e57a8e4dd62,4.076271,46bfd7af0ed6491fa621350963d11e35
5a37cdd19ab741ca8f65dbc2e207ac65,4.048223,650afb6a1d054e59904a1b796552eb04
3cabf7db885244c3aef797eb94b75b3c,4.0475893,17cc6768c9d14388b7455fea0060b62c
3cfa920b06e64cb8a5dba56671ab5d59,4.0320587,3b13d134762445cebcdbb02b484db77b
92048547bb5d4e79856a1c872a2e018b,4.005313,01e805bb5a1845a7addf86fe9bc8d814
ed96d522f1d74dcb9a41c80634f5abe0,3.9995427,d0a840820172465f83c8480d571e7b71
24e177e9075a4c7ebd2cf154bcbf7b78,3.9984736,c9628610053945f4a7998ae48cd70da3
58e273c754c742a5a7557cc56e24814f,3.9968734,b7ef0a61de0e4adf9688b2c525c9ad09
88de1634c729442aa72060868b167abd,3.9966345,82b01998353e4141a7613fdc96d7b600
0a0ac8e04384494aa6efad6605bee67c,3.9825182,cd56b9a044c24df8a7156f661cb3d9cf
117ba0c13f714eadbb3a6a9d0f6f3702,3.975164,9e304a9bbc7b4c22af8025fc93757357
477b5f953efb42e6a18e9428c69b0fa6,3.9596765,ad2b6fb945714e6792c17bd49a1066e0
ba4441ee87f14d4ab951a01cf5035eb9,3.9484441,7ce06191f1114b4c8a00609f6867761f
b260e27f99814dfc9434f7e4b50702ac,3.933065,057164cf4aab45ebbefef3409359cfb1
bf4c4007f57a4055bcb4d820c06d7ca8,3.9272428,d74f6e7abeb84eedb9923dadb62f45f0
05c94abeee1e4897a6b14e8c36542ab6,3.9219303,5a26ae7959494fef99542e9b2004fd11
f023a1ec2a5e4947a0c66be38c5f67b2,3.91382,7ac9c94011924c09b47f9640211885a2
ee6aeba966504751952213ca4d85796e,3.912817,3b13d134762445cebcdbb02b484db77b
4a79ee95c2f94e6fb182632a2357e449,3.9087296,a0fe3cd34e474c3b90662ce8ef1fcac6
22a3289b29c9411cb2777c5cd4b454ab,3.9029331,ecdae9f36c6a437ea72739febbf1c89c
b0cc005e94e04a1da113c12dded0a882,3.8982322,691a538d2372403fad2b919b48ff5f85
b7e96cbc27284100ad9f3ea6005e3af7,3.8962657,34b71675a1ae442395b6eb1f3eda23df
5df786def0874c84a4a9878f379009d0,3.8947568,92d5da561f5a41bf929f3555a74cd653
28d967465fcb488eaab515b23282c0d7,3.8908808,fe6ace599de44aa19b1773dad3658fee
a2be1094a2d64ff78445a42b82c28a63,3.881062,d74f6e7abeb84eedb9923dadb62f45f0
e30792faab17454587f51314a00ae69b,3.8625872,d74f6e7abeb84eedb9923dadb62f45f0
ff710f3510b24d89a54afab54c23edc6,3.8592372,691acac4a54d450697afb2c2dc4fca09
a48cffbae43148f292d3a78837fbd4ca,3.8370786,efdf40eee13d409c9955e5b84e4408f6
9542d0008f7d40028d37ffe95d4e270c,3.8098319,a0fe3cd34e474c3b90662ce8ef1fcac6
a0720ed891c94750a6be596258ee3d43,3.8042347,678725f8b914453fbc1029b7c1bc0879
68a1587934b74c2aac31a790843f3b56,3.7886465,e5692bd498004d32934fbaa05af2120d
0f23167585384e62970cf34d4092c7a7,3.7793913,e52a528036014db0a7bd54b99a310fe8
c2732f3b888345afb3c5116a10cd9896,3.7760518,e27d9425c912446e947fe53c4a757375
fba9b7d7ae944ed889c1f11ceefd238f,3.7732472,cd60a0fcac24465a880af7d8f921dd68
98d13339052248b0b3c45e976da3acf5,3.7697072,3257035cc77946d98bdc09e2fdd5cdae
3037c91a3e5a4499827cbdaec427c82f,3.7505703,17cc6768c9d14388b7455fea0060b62c
569c47730fc949f7a3971473e07d0f6a,3.7463074,678725f8b914453fbc1029b7c1bc0879
f5a036940f0b4b219a4903d8efd2cac0,3.7419724,5831f5e280be4c02a09ce4588b56d7f3
2b4fda504eff4531832d7897265ba39f,3.7397559,d79afb377f5349a69830b2b4c7cfefcb
24f0ffec89c94e20bd898e051adcbf79,3.7092311,d27cfea4da8f445fb4e3c55e53c6482c
d5720a4e3cd34c23ac605c840bcd69ae,3.7072282,cd56b9a044c24df8a7156f661cb3d9cf
a30d8464e03848a8b72421c107f22fd5,3.7067382,d9fbe02f04a4469dac855f69ea6ad02a
840de6fde47e4e64916bdd5277bcd173,3.7045097,8f761e1117754656ac86a3a25f241cd7
d0f798b90ad04da3a8a192e16d0b1743,3.7029457,b2be859ca8f24cda86821d5383edbc18
bc1026f31e374c13a6d40e36a58b4b4c,3.6830797,4430d47e30904eab969c1baebca184c0
553209cfbadf463eb60df32bfa7da770,3.6783395,65664fb3aad341fab563409d91dddd2d
cb44ae0776e3419e8b0aab12b82dc8e2,3.6647816,23066f7964874fd39639dbf2cb2766df
4d8700f8f8b3476899b9e140d2b572ea,3.6480684,e492ff7fecf046a4948c5ba5631cdefe
4a2be481c29745e6be4e4b6a6d39ff64,3.637119,6a122ce1702646db918266228d48bd08
c8edf9162b024bcbbab1b1a81987a40b,3.6235375,1cbfb22f84454b1fb821b602e3ad11f8
bb1d29d38bf146d882c0237285e635b6,3.620934,a4cad92644614f78bded3ca6d6023473
0c472016621a42b2ace086642ed58917,3.618298,92229a391d0b418f87b32c86c42a292c
87097861fe6e492abd016be0dba27ec9,3.6116679,9e304a9bbc7b4c22af8025fc93757357
dc439e2feee54ac8a73f06f7ea3d8334,3.603128,8f285540a9394706bd6ec6cda46c5058
9555747543024d518645fa84d0dbac94,3.5989032,369fe18b94f54c98b554fd22b4a3b50b
d2d96f2a42674dfbab3101abbce904dd,3.5821562,a0fe3cd34e474c3b90662ce8ef1fcac6
8505b6622aed4fb0aeece7e02c0fa748,3.57548,4aa3556b2aed469584c573868193a07a
af1aeb26d52b41fea9c9af10f45c7bc3,3.5651927,7cd1db4b50dd41e6b2f3dd15fcab3b89
646d3b40f16d41d0952ee2bf74fff6b3,3.5535223,eb513691b7a04d31ab1bc50bf343447b
74ee886c358c466b93e307e28af9d52e,3.5469587,7cd1db4b50dd41e6b2f3dd15fcab3b89
f185dd7af4814c9e83eb8e679837ee60,3.5375066,4430d47e30904eab969c1baebca184c0
b3cc119ea5494c5d93fbf4b7d29ec6e6,3.5362291,19c9ac7b84df472c85ed6cf5a05fbbc6
00bc1d895118471ea04c2ee6a3ef3f22,3.5350811,156f393f7ca046299e09d05464afa056
173d2968abb140d2bd3ad182500686c2,3.5295355,d443e0c5017d48d1b3f86bf4da959ed5
565907298304458f80b2f4504ee3473f,3.5032992,82b01998353e4141a7613fdc96d7b600
58150298bebd4a7a81085018c220ca49,3.5017612,ad289d5052264f9c8bd0aaf9faace92e
362c00f2982342a8a518f57f7ec9a60e,3.4963055,2768d411cc374a018a898f9df0ca207d
44ed303d7bde4629ae56239936f499ec,3.4917343,1af4472b38cc4304841b2f1720075c9d
2d641fad427d4884b7624102a50d5edb,3.480038,5a68e05acea4434ba08e17e1fff00057
1f4dd46f7d93406e9b1fd33e5a2a4158,3.4755607,a1d8cb16dafd4126922f985021e93631
65b7a423fc92497086fe55ce3a85dd55,3.445431,99142f1c07cd4782814f8c970eaaa40a
0c3b7a4e78f94de7ab1a415503097c9c,3.4412212,ecdae9f36c6a437ea72739febbf1c89c
70d4373544a8407086d520841c1eb504,3.4270887,7c1e02f3ab614e539ac901e5cd3c92d8
1debf605469f435a817fe50539698246,3.4230297,34b71675a1ae442395b6eb1f3eda23df
7c890f402f38475d942c1190be3ab2a8,3.4104972,77a8b27acb0e4600bb6ff974eabc269c
ef7e074ee0664115b08c5b98bc09f83e,3.4096303,efdf40eee13d409c9955e5b84e4408f6
6fb94e9ac58f4d9694f15b78affe4f02,3.4011574,34b71675a1ae442395b6eb1f3eda23df
7a18d92954ca495a937856ac7ea4d263,3.3972578,564a84b1b830407e811bcfc7fd086a6f
96a221031ce64e98ba5fcdb2fb45c9f2,3.389335,7ce06191f1114b4c8a00609f6867761f
1c5703785c574a4a86152b8e8ceaaab1,3.3890874,4ad7e2502210436f9ca5735fdf7e50c3
a5f7a2fd13b64df595ec85f5354fecde,3.3757021,3257035cc77946d98bdc09e2fdd5cdae
2de4480d7e534fbb8564efefe43623d1,3.375373,37337ebec05640b890e4b9612776c32b
a5d2be317fc24e528df576140c0a3849,3.3704867,1543a2f94aa74008914301874d98f0f5
79ac90f7c3254209afc09b44172a29d3,3.357953,c8c201e25c0047a2ba9d9e8541ac0939
48a75cdc09f54f0e802424e74e850008,3.339017,6d3c42356e3b459c919e3129ff192ac4
fd66e1095a8d4ed89af26eb4018a0c00,3.3306148,3b13d134762445cebcdbb02b484db77b
0b7bef4f00bf42b0ac6d5e824b04daa3,3.3229792,903360099fb644b6b88c6edac88eecb2
e95715a92c0a4c8292d8599a0c1a7dec,3.3145773,1543a2f94aa74008914301874d98f0f5
08b73196f2c24757b7a87419ad378a36,3.2973652,8aadcf7251724cc6858dc0db44abebe3
8159d92e267d438e9012e936aa5fb15d,3.2892213,95fbc6ed8bfd43c1a6bcf676e26e7f8a
27ac7ea2481844079ce6ab849edc3901,3.2722673,526ab7eda50e4a239d03ad505832d61d
15d3499d1d4a4168b863a75b7e0b7e8f,3.2643104,e456afdf95e643dd926249fec4d68753
8ef2aba44c3c4a85a7499fcc0cf28ff5,3.2511935,e52a528036014db0a7bd54b99a310fe8
0785e71626c6454dadadc8359e1f696a,3.2496555,640f3bd184b7425fb22cc7773b8b2244
6983a79417f9490ca7534cc0b9e72978,3.24045,4b748d6624144214b3d8a80b37aabde6
4c0fd754fe344b9ba99a09a70be831df,3.2365077,f9fae977af2c4f35b29400f31267e170
a95f568bf31846fd86a94ef5cc3a229e,3.235396,ad289d5052264f9c8bd0aaf9faace92e
734db9fe91ae4ef4aa4f3798343785f4,3.2349741,eb513691b7a04d31ab1bc50bf343447b
e919ef1fffb2496894c9769d7ce9aacc,3.2333772,8f285540a9394706bd6ec6cda46c5058
132d0c20f3274e85bec13d5c38962750,3.2331045,8a77dc665d8b4d95a0b1113522f7e9c3
64e8bc2bd44d4328bac29a1ed2e655bd,3.2201314,8aadcf7251724cc6858dc0db44abebe3
523ac70af19e4d6988870738be0827dc,3.2196486,1fde4c9a01f84c349461083b6d0ba9ed
a8117ce7b13549fc829e0bf1a9330dc9,3.2192512,fe6ace599de44aa19b1773dad3658fee
d4cf39f8ba7e4a92b4ced7faa1218229,3.2076292,e492ff7fecf046a4948c5ba5631cdefe
b19ea3eefb454edd861821b7164f50e0,3.2009676,ad2b6fb945714e6792c17bd49a1066e0
b0f8d38771464874a4c57aa453d842ab,3.200602,4aa3556b2aed469584c573868193a07a
f7968b9dc2674ffd888bfbc7a86342d6,3.1857994,1543a2f94aa74008914301874d98f0f5
5eb93e49e2204dc9b7b5147e35d7cf84,3.1807992,7c1e02f3ab614e539ac901e5cd3c92d8
c67c378aa42248cfab4b61e502027a8c,3.1718137,9e304a9bbc7b4c22af8025fc93757357
9526a184d9234981861f184f41d509b6,3.1696005,77a8b27acb0e4600bb6ff974eabc269c
130d36b77a584c7da24a4cfeb3a00f62,3.1695313,e25b9d9944cb4d7197efb8ffc4ff57a1
6730fca5ad3b4afc8715dc16caa1a2b5,3.169327,d4cd0b56b6f54e08aec8ebfdb6122c5c
b8cb140987104f8db7456d8b3ad57ae7,3.1670592,e25b9d9944cb4d7197efb8ffc4ff57a1
54189dfe90d2466b990b9dd0c5484606,3.1533005,89e43b092c844b5886a93091a22c894a
21aae632c1bf454196e14809b781c9e2,3.1511545,6b9b2c8f0a874bb8b6691aca6bc49565
7c79c3280c0f45a693fefbeb30bb648d,3.1465628,3be388c9ab614bceb086c19f70df23c2
0f94bc21c14143a9aa839de2e99bdecd,3.1464972,7ce06191f1114b4c8a00609f6867761f
8315c41aab974f618fe59e445d7e6543,3.124509,b2be859ca8f24cda86821d5383edbc18
0b35c0eab3ef4062bc3e184951a22fa9,3.1180148,80921378de2b4cd3a14d449688d8b079
d060627e97d244e99da1e44ccf7d4a91,3.1154065,5a26ae7959494fef99542e9b2004fd11
1f14295a03ac4251b24ccf3a74772f55,3.1062522,257aed6ca7a44f1cb5c664beb1be527b
67a610b0590e4dc98c6ad2de2c47446b,3.1025858,64fa5ce839ef406b9bc8a1b2f05094c7
7320e14823a54b30b0a3fa3f42a01ffd,3.100008,1f8c0f02984e4139bf8043e57497fdb2
67807253c7c94312952c818472d4888b,3.0978305,6c8a24653ef04f559b88e0f27c0df63a
6178ae89b15545f39f754e64a9283916,3.0929933,8a77dc665d8b4d95a0b1113522f7e9c3
8058d1c206ab4268a15994fd69f5d5d0,3.0842283,1c97c72e076f40fcadb22b17e71beed1
8f46f1c9e7dc4f0184c02d6fef8f3708,3.0790272,b4150337314e40fb9e3ebb24514504a3
6f5ef9875cc848bbac020144e710e378,3.0699844,75b0bd2240a54f6fb45bf95ca43ab5e6
301e127ffa514901b5840fd47f9f7e18,3.0679355,cc21026ff0d541909df56c5618d28518
919a7551269b4f86ad471c424ce96b2a,3.0661564,fcc9863b07fc4bd5a01fab5b9160eafb
a3d947b7e3e3451bb473b1b5e22cca51,3.059226,ad2b6fb945714e6792c17bd49a1066e0
93cfb01748a246528235d46e95b6b76d,3.0482786,23066f7964874fd39639dbf2cb2766df
b1574b190fd242e9a0cf3b489caa91e4,3.0474958,75b0bd2240a54f6fb45bf95ca43ab5e6
8f8c730f26cb483da414fce61eb1b47b,3.0471406,a926df6d7fcf4b17b68dae6f41fbce66
ed60600cbe5240f29132b4cda76d4960,3.0393403,faaac88748714ce8a99413b952a1dac8
85fe4ea28be0476fb41585de18435d94,3.0387611,8a77dc665d8b4d95a0b1113522f7e9c3
d51b249d11a44ae699cd4e2854b00d4a,3.033581,4a4eb12a639346b5a00557d54b51fe51
9d9d4a9695414746b71566692311e57b,3.0331476,cd60a0fcac24465a880af7d8f921dd68
e5968b40a7054871b2ae79f18399b30f,3.0319927,6c74bedaa406493a99988c5b8a47b704
9c3a88f966094359839f8ebc3263a6ae,3.0254314,ad289d5052264f9c8bd0aaf9faace92e
fc982cca5c594093a33406ccd0a2b83c,3.019085,89597084b19c4902b073a2c6c6622456
edf32c81fa8c41f4ba76d882cc8f88c7,3.0172179,fd51f3eef1a64d9a93652be481bde32e
1ba49dc7eaca42cc9df60f6a9a04f11a,3.0052857,983940e0b12e4186a281c36de657406e
984301327f964e12a088fd8ee2361fdc,3.003456,ecdae9f36c6a437ea72739febbf1c89c
ddfb9bf3e876482b994c7955230bcda9,3.0030444,5a8cc5ff28fb4359afc7e9fcbf3bce55
f1f565a6c118448aaf377cc5c5ec0abe,2.9988465,1d47a696eae94bd29f215a4787b27d8a
fc06ca8216b146f1811dbd89c4518c42,2.9981933,6a122ce1702646db918266228d48bd08
9c74b02f802b41bab45bd626251e1d88,2.99778,4b748d6624144214b3d8a80b37aabde6
e4c05db0326140dd9c48a8179a3fb6ba,2.965345,02cf82700b4f4773af3a14ad8eaa5270
47605d3a13c9403597c879e6825e3f45,2.9644074,77a8b27acb0e4600bb6ff974eabc269c
9644dd0795c64946bd689d24d80536a4,2.9618187,a6a551a308b9442f947ea0608ae2c3fb
63e22c9413454acc8c86fb1ec33284b7,2.9590049,a25b08e008114c9ca0266ce3e55d82bb
43de32fcef1548dbb9d856b138ecf429,2.9521255,7a4c413f5c844796bd5ffed2b65f0336
705398996d6440bd986d3dfa47bb583a,2.9437678,3be388c9ab614bceb086c19f70df23c2
886b1cde3d0e4f1db12bcb160b6f357a,2.923563,0302e7dde9074dddbbbdf85e9be57901
3b54cc7ced814b6cbc6dea86f09aa770,2.9170845,ed9b10a2879742628fce003076ef9024
c81fde53a5804d74983247fb14718050,2.9078274,bade01bd83ec4b6786fd8c867ca7a090
b0428ae75a7d474bbf2e2f440fab50e9,2.9045744,e492ff7fecf046a4948c5ba5631cdefe
55cd381ef54d43069999636fdbce998d,2.9020605,46bfd7af0ed6491fa621350963d11e35
4c8ffe2f47284e42af52b98aeea87fb4,2.898646,89e43b092c844b5886a93091a22c894a
387e43ce9c334938bbfe0ae8c0419ead,2.8955638,bade01bd83ec4b6786fd8c867ca7a090
6ef20b2327be456ebe9d47d6c015c659,2.8939524,77a8b27acb0e4600bb6ff974eabc269c
246cbab9fb49461fab4520132d4fa1af,2.8873646,a585d23fe43f459ba86ac15645af77ff
d5f31f9998f5477abd572904835fad50,2.883625,9170e0bb8fe44b309f83293808d871fe
15af8d3a801645799a0656e8ff3c729f,2.8826017,691acac4a54d450697afb2c2dc4fca09
583a781c0b984086a93f2f1c7c5f98b9,2.8819742,f0695d7e59d64941b510a3d12f801d59
7771343be99843f58171d62a3f040005,2.8782969,e52a528036014db0a7bd54b99a310fe8
451c5024a60b4f45afcd2f388601c16b,2.8716886,640f3bd184b7425fb22cc7773b8b2244
c50c1d8eb4024bf080812d01310eb133,2.8630953,c8c201e25c0047a2ba9d9e8541ac0939
3464f002cd954218836b9014bcd0c620,2.862328,5a26ae7959494fef99542e9b2004fd11
383e7cf30f234aaf852e3f30de7879ed,2.8611374,4a4eb12a639346b5a00557d54b51fe51
d940c859c01449d2acaaa7b3fdf1fbe9,2.8569772,01690d9b08164fcabd5bf0819754f71f
07d706541ba64a5a860673ea0aff78bb,2.8559775,3b13d134762445cebcdbb02b484db77b
b4e94218abf54b0787b1a6e1191836d3,2.8545604,e456afdf95e643dd926249fec4d68753
ced8e3adb0484f249ac865052953d5b6,2.843035,58db4c3a26c84fa68d81235d078208bc
9fa9673a6edb4e15b5f57d97a0b16037,2.8414469,4aa3556b2aed469584c573868193a07a
5cf8596279eb4fd1a30ceda96102ef99,2.83581,80921378de2b4cd3a14d449688d8b079
eb5fe491e3474e81865751ec9f52b3ce,2.8335893,1af4472b38cc4304841b2f1720075c9d
82e2ae3e0d3c4ccab9093974f974e854,2.8324418,a6a551a308b9442f947ea0608ae2c3fb
ebaa88d224a746d786a5cf59845ee011,2.8294492,e27d9425c912446e947fe53c4a757375
7fc16d6f92a847c29cf3367644e4e835,2.8272676,b8ca3b6144cd48208caae952e096e7ae
e2b879e36e484b0992165829229529ec,2.8239539,27eee82d7fb94b9b8b60bd3101187496
936da7c6ee60477dab2d4d91e51a0931,2.8099952,526ab7eda50e4a239d03ad505832d61d
fcd022d73a35405ab8a38d11dd06ff4e,2.7985492,c88be17376104f999b914a91aebf7220
acb93c3b67cb4fc8bf222a8468b2b6ed,2.794754,64f1d63a671d441d9663a783f632f794
a3a8679097e74509b7525e86a5457662,2.7815614,b4150337314e40fb9e3ebb24514504a3
1d6f4b84093244e6915c8d2b03d11912,2.7676058,bade01bd83ec4b6786fd8c867ca7a090
b30b809bfd8141fb9aab99fe056092d2,2.7660959,65664fb3aad341fab563409d91dddd2d
8c178f61ba134a9a905810910eef239a,2.7618067,75b0bd2240a54f6fb45bf95ca43ab5e6
c6b7ad3591e84b359837e00aac91e82c,2.7581882,6a122ce1702646db918266228d48bd08
d404db290f094f2f9dc6ffe54216308f,2.7577868,564a84b1b830407e811bcfc7fd086a6f
5db16d2af83a479d85d0755051ccebb6,2.752734,b25fe3b79f714d38b3fc53e39fd84d36
7d741d7645a848d086367003b1d9a767,2.7490017,d27cfea4da8f445fb4e3c55e53c6482c
6b5d194c37f14e5d89385ae747199cc1,2.7449932,700f381f40ce4b039ce0df8b49fb199b
dade1ac92c08448e93e20a96c20f9d0a,2.7270274,f036aaf4ab714c598a0b6da4ca604136
bd9ad9e73d3d47e6bc36d0072d5d99bf,2.7249348,3be388c9ab614bceb086c19f70df23c2
e89166577a8e4c1d9c4025a06e1d5a24,2.7232647,a0fe3cd34e474c3b90662ce8ef1fcac6
85d372a0f34b42109e467e07922756ae,2.7195144,82b01998353e4141a7613fdc96d7b600
0a0d970d0884494391ed2a3bb2f00b54,2.712264,92229a391d0b418f87b32c86c42a292c
52bcb0a99aff4ed18c8fd7fc24e687f6,2.6925511,7cd1db4b50dd41e6b2f3dd15fcab3b89
1f4946d6701f4d75b1b71b16833299d1,2.6883001,3be388c9ab614bceb086c19f70df23c2
48ac74f9b05a4b4da78a5f6497555631,2.68542,a0fe3cd34e474c3b90662ce8ef1fcac6
9bc0b7a878a34cdd97666a27e60314a1,2.669067,7cd1db4b50dd41e6b2f3dd15fcab3b89
1aaf2fb4fc244f5ea6b9eb65d1183c03,2.6614504,7a4c413f5c844796bd5ffed2b65f0336
82a059da201341cea6290c541e65ce5d,2.6592884,75b0bd2240a54f6fb45bf95ca43ab5e6
53487bcf5c684dd2ba470bf89947f7d2,2.6482332,5971501b0e8b4ef5b203c3985d7f5e88
29d39b14f72c45cebe5afd433c98dd23,2.6403198,b2be859ca8f24cda86821d5383edbc18
cadfda09774f4983a79a1c20a77a7b6e,2.639012,678725f8b914453fbc1029b7c1bc0879
ee4ccba3df1844ce82f9731a2c019234,2.6341262,a25b08e008114c9ca0266ce3e55d82bb
dbf2f20d05034e77a9be456ee8d44377,2.630243,564a84b1b830407e811bcfc7fd086a6f
e163e00abbda4bc5adec2f85871b7c88,2.6253068,5a73e0a5c757410eb0928feed7b151c8
062dc7df9c4f430f87502fe7eadd5d7e,2.6151655,89597084b19c4902b073a2c6c6622456
1724b0e2e9bc4a61a23d4f7082b1d3bc,2.6125896,ec281224f8ee419ebde676f291672aea
3723741c22a347c7a622bec61ab94d3f,2.612173,64f1d63a671d441d9663a783f632f794
61e6eab2c60042858ee62e5d01968ba8,2.6113958,e039a00eae414ebbb2205b011ac127cf
8dc57aa25917490abcf294b3f73bedd6,2.6020734,ad289d5052264f9c8bd0aaf9faace92e
f7937418662b418b90963799279bc248,2.599722,09fc9f38fbbb4bfaa1c979ac9cc43f0b
78fff51240e14352b1fae67b59be4cc2,2.5902586,58f53c379f7a4868a2ba6d91a06247d2
1ca503912b5b4d3c84d0c34c0ec3f38a,2.588106,4d708e5878784386a42c2f436d2d60f0
839527c5eff74e27a3dd2e5a9336cc57,2.5877442,c9628610053945f4a7998ae48cd70da3
a56141d36b5f4520aef20a35398d8265,2.5869899,9303b9f7f4984b2dac8aeba8c8da8ef6
180f987f287248c487b83fbddc87ee09,2.5797472,17cc6768c9d14388b7455fea0060b62c
299011ed1f504bc0ac2d31f2876162d4,2.5704093,4b748d6624144214b3d8a80b37aabde6
63cf218e957a465696c4482a9d4b226b,2.546224,aa2d7a3a535243189492d4ce8e79c049
bc74f6e0e01940f8b0e150ba65e72d34,2.5278149,74e7db4222ca4a20811199afafa346a7
f7d52b90e2e24549bfaa50d46ded3176,2.5229218,9303b9f7f4984b2dac8aeba8c8da8ef6
d1a53e6e1d6b423e8bc3fb6a7986a87e,2.5205338,b2be859ca8f24cda86821d5383edbc18
06435a3004794b68b31f4c445a06fe71,2.5154436,f615619defc4402b82845090c238e597
11cd11ee574a460989af01777e154c33,2.5050364,156f393f7ca046299e09d05464afa056
41d559a45180411298adc4fbea7618ca,2.5000927,de9328bdd1b34adda74a0363ff0a52b6
613c069f276a48f2b4d203e4b49d44cb,2.4986851,fd51f3eef1a64d9a93652be481bde32e
eb00bd2670c84bb588d8454baa453007,2.4969172,a0fe3cd34e474c3b90662ce8ef1fcac6
5f9f73f06c024e65a85b3c9298c426cd,2.483312,d4cd0b56b6f54e08aec8ebfdb6122c5c
21160fabb87f4b0fb849c04438771115,2.4811893,1af4472b38cc4304841b2f1720075c9d
a3641dd6dafd40d5b8f8077b9dc3e850,2.470443,99142f1c07cd4782814f8c970eaaa40a
6f70eedb7ac1471a9d9cc5ba1a8f274b,2.4653218,4ad7e2502210436f9ca5735fdf7e50c3
984975b63ccd4be48b7aa852bed6fc65,2.4651384,c26f5e7dcc8149f18f3d719bba9ae717
6c8cdd6141244ba1b62fee70292cc68a,2.4546695,b4150337314e40fb9e3ebb24514504a3
9aca4f5f45944250973b5a08c3fa9547,2.4511561,58db4c3a26c84fa68d81235d078208bc
fdef09f89c644db89a91442b6889f7b0,2.4393742,f615619defc4402b82845090c238e597
68f3223d477e4e1cbe3830412674f8f4,2.4268336,ad2b6fb945714e6792c17bd49a1066e0
9d68d4254983475b9feb48e30494c9ae,2.4217458,66b0c8a58f444ea0aec34d9403b88a49
90f24532a2864b7aabfcb8e5d5dbce72,2.4186778,46ba0b979a664c7cb0c315c4cde6ac86
d5491c8b5caa42bfbce7ed937032b28b,2.4171653,46ba0b979a664c7cb0c315c4cde6ac86
c5693611e9044ffea24fede04ab1d9a5,2.4132109,6d3c42356e3b459c919e3129ff192ac4
3555001842e549e3b0aa8f30dcd11e0e,2.4094555,cd60a0fcac24465a880af7d8f921dd68
898b757291e64b7b982221e0a86dea5d,2.3958552,e5692bd498004d32934fbaa05af2120d
eca4d38f7ac74e9981fa9bb9495edf84,2.3937447,0472051dc57d43f8b9dd08df475fc4a3
18256c30bb5447d2bc0c5b2c56f67811,2.3921022,bab3bdc133384798b558f8fb6466a7fa
09234512603c4025b0b0b863e285fb5e,2.3901627,21b1ded02d7b42618592187e287835a3
e248745a536e4547b843917beb8bc3ea,2.3900733,cc21026ff0d541909df56c5618d28518
8c55cc4f7bc44ef7b9210ff7b7595435,2.3788526,75b0bd2240a54f6fb45bf95ca43ab5e6
86339034705d41e685883013d2ef7d6a,2.3774407,9303b9f7f4984b2dac8aeba8c8da8ef6
266d75addc654d52968c8c67300f73bb,2.377173,e5692bd498004d32934fbaa05af2120d
bacf4a682b8743f48776deb535f64eef,2.3746488,00f45d57fd3c448d8cfdf3185ebae894
27074d8daee940d0ad71d8c9e50c854d,2.3701262,d74f6e7abeb84eedb9923dadb62f45f0
554e702a075743a499899b99b73eea46,2.3652663,66b0c8a58f444ea0aec34d9403b88a49
80a892b08d854ed7ba82af259da76154,2.3640664,156f393f7ca046299e09d05464afa056
43286efab53f465da28a9d31716d392a,2.3604164,09fc9f38fbbb4bfaa1c979ac9cc43f0b
46a274267ab54ead8270c0e79ff16753,2.3564405,5a26ae7959494fef99542e9b2004fd11
f52e6b02fcbe40089962449e4b4968db,2.352266,cd60a0fcac24465a880af7d8f921dd68
b7ebc3098f284cdc8a70c21862a74b00,2.3510787,73e7e41e8db447c09cb2363d76556c64
1f2e192e12674543860d4dfb5ccbf818,2.3492706,d6fe6f8380464e21a27fd69de27f1f57
4cfe5514dcd64af29dbb1012e6e35f81,2.3467565,bab3bdc133384798b558f8fb6466a7fa
59f932ea796043fdba3c19bd87389e96,2.3459811,58f53c379f7a4868a2ba6d91a06247d2
baa0f8290544453cb52c2a41cc0eee30,2.3455327,d79afb377f5349a69830b2b4c7cfefcb
78b24e025ac34eca9b613f65bcba2f33,2.3389516,b7ef0a61de0e4adf9688b2c525c9ad09
ad251b857ef3422398c3c3aa91f9c632,2.3300624,c26f5e7dcc8149f18f3d719bba9ae717
2246c7640ba74a0d8caef1ca9f9d44dc,2.324426,564a84b1b830407e811bcfc7fd086a6f
d61fa8f9c09d4aef95f64f941a957c96,2.3214936,640f3bd184b7425fb22cc7773b8b2244
278a6d1334d949ac865e60b6199bf59d,2.3213098,a926df6d7fcf4b17b68dae6f41fbce66
95d68b07aaac48c4a61e5fd5175885da,2.3210852,bf59502a233e4b5eaff9cfa3a992c387
be9ab7f3be354f5c90bd15df7006776d,2.3198903,02cf82700b4f4773af3a14ad8eaa5270
1b136bc276a84642874e1a5427cac81f,2.3142743,e7d6747e8c8b4ebcb665e232240daf17
8b1eb206468046df8b8c19637b250996,2.3142111,89e43b092c844b5886a93091a22c894a
26463e5a5b3b4b8abdc0a436268a93cb,2.3082201,77ac5eb4b3054ca68e2b0dcbd5473fd1
2937b0fa761c4d3294bf68f522d9ab25,2.3059664,74e7db4222ca4a20811199afafa346a7
e064b22a3b0a424498be0599ec51b26d,2.3016682,1b4e143cfc1648a5b877d7445446366a
8a58d56cfe3a46549a16ce3a0f3daf0e,2.298291,bd35571850644321b86ce4fae286ce7d
2d6d2f2089614469bda4b6e9b2b33678,2.292324,bade01bd83ec4b6786fd8c867ca7a090
22fbef34478f40bbbd083e12595903b4,2.2862017,de9328bdd1b34adda74a0363ff0a52b6
fa4b1640bbdb4f0bad2435be75a94586,2.2836943,dc58564d0c8540bea4f3e2e3696deae8
2f2c1d07f46c48cc9afd407c79405b1a,2.28336,7c1e02f3ab614e539ac901e5cd3c92d8
c8e075e8f30e4586ac075d59d5be938d,2.261157,fb709e29755b44988bb252c87a2ce2f3
4a2b5888e21b471bb770cd3b5b496ae4,2.2511828,4d708e5878784386a42c2f436d2d60f0
b9135422e0ba43e19be118d0eaae294f,2.2473116,d981f2c67f764e0c84af125b563958e9
23dfaadbd50c422b9ff80be549a47391,2.2200263,cc21026ff0d541909df56c5618d28518
b4aed3fb5b3f491b99ace5c051b75eab,2.2196107,7ac9c94011924c09b47f9640211885a2
38d3a8b3543b4548ab16eca74b1ed293,2.2024364,46bfd7af0ed6491fa621350963d11e35
7e7a88a994dc4039b1e34409009b8f84,2.2004747,e27d9425c912446e947fe53c4a757375
38f1d87fba9e41ce91c3db2733f683f5,2.181457,a0fe3cd34e474c3b90662ce8ef1fcac6
4c35694f60f94daa9e2cb35e66d8031f,2.1813624,f11f1682b5924181b047d757d3e20964
51e58e676c6d4b22ac3950bcd82a8417,2.179094,fcc9863b07fc4bd5a01fab5b9160eafb
f40346321e624c7caf2e7586b7254203,2.1780229,2425086d8eaf44d2a9519f0e4e6b289a
b7e671bfae63423bab3fb47c46a0b0b9,2.1740582,8a77dc665d8b4d95a0b1113522f7e9c3
91c1e818e83d4b929c7b35f910b68663,2.1708274,a25b08e008114c9ca0266ce3e55d82bb
9c33f1dbb3ce4d8f9a3262e5fbb55cda,2.1649442,779d7c2bad1940c8a861451964e1ce01
e449398fb3714ef39cfae0e60e4b3fd1,2.1638005,34b71675a1ae442395b6eb1f3eda23df
cc8f496b43d143478be84fd74f0dfc07,2.163607,7ac9c94011924c09b47f9640211885a2
3e3a44c2636246edb0f9c1d8f041d873,2.160003,650afb6a1d054e59904a1b796552eb04
93851d403349407996bba1dfd7457f79,2.1555066,057164cf4aab45ebbefef3409359cfb1
184facf4be454b60a5fe9a953d771690,2.1513216,6b9b2c8f0a874bb8b6691aca6bc49565
d1c94e11ba214e61b63f00da3fb00a09,2.1382425,ad289d5052264f9c8bd0aaf9faace92e
e1e6878707524a03864e9b83fb89345d,2.1320944,74e7db4222ca4a20811199afafa346a7
bc216861a2124a6b9cd42cda34629f7a,2.1275709,257aed6ca7a44f1cb5c664beb1be527b
e9b290a94aa44b1dbba67ba62b5153ac,2.1270924,27eee82d7fb94b9b8b60bd3101187496
d2ed407fe4db4fa69c57cfa4bd7d002b,2.1241698,8f761e1117754656ac86a3a25f241cd7
a1a22d5f63af4418a3f33283a6013d2d,2.1146288,8f285540a9394706bd6ec6cda46c5058
26b564b6bf114f2bbe987a9490e74e89,2.1127462,d74f6e7abeb84eedb9923dadb62f45f0
83d43c7c640c4996a271c9ec70bd0746,2.1084874,0302e7dde9074dddbbbdf85e9be57901
50d0942bfc7540f2b61af337707d303b,2.1057215,4430d47e30904eab969c1baebca184c0
a5580bcfdae9468781349b4ca3ee101d,2.1032186,5831f5e280be4c02a09ce4588b56d7f3
3ce8d2e955bf406c8830f97658207859,2.101397,8f761e1117754656ac86a3a25f241cd7
a5b36f9c26ec44639e19ecba64ad7063,2.0962734,8a77dc665d8b4d95a0b1113522f7e9c3
794516c691a54f63a105c96bf716febf,2.0924826,1c97c72e076f40fcadb22b17e71beed1
ab85f0b004fe481ebacaefa2d94bb656,2.0898218,e52a528036014db0a7bd54b99a310fe8
587c1d4811034d7d8e3ccdb4af7ddbe1,2.089778,e25b9d9944cb4d7197efb8ffc4ff57a1
2ae3d79e1c8641a9892ed31117156c0e,2.079311,bd2f91a9415049d980e453f94327e0ce
707f6646366145df8e5402888ac28325,2.0787642,779d7c2bad1940c8a861451964e1ce01
c3d18896ee6e422680a3435f0ca9af84,2.0702353,95fbc6ed8bfd43c1a6bcf676e26e7f8a
d7d1062b83d0482889557ef5578d6c18,2.064071,836ec4ef8df644328ac07b7803709323
0fcfdcdd99c34d2f8c849839febcbeee,2.0543191,9303b9f7f4984b2dac8aeba8c8da8ef6
1e239dcb58ac4c869ed3fc6c4c4a06bb,2.0494113,f0695d7e59d64941b510a3d12f801d59
1fed8f37e5d44fa599aedccef449767a,2.0489032,bab3bdc133384798b558f8fb6466a7fa
7b844c15f35e4db9b884e79c271e87f9,2.0483966,a585d23fe43f459ba86ac15645af77ff
78c726c0af744ce0b72aeb59512d26d8,2.0474534,e52a528036014db0a7bd54b99a310fe8
be7a669164c1423c8ebd0ba23ce48329,2.0468423,e52a528036014db0a7bd54b99a310fe8
e5b86e97430f434591a4da778f69dcf9,2.0466013,855b3971c4a147cfb9a7c281fa6b915e
6ba13a7346044bfba1b6245853af401d,2.0440035,d9fbe02f04a4469dac855f69ea6ad02a
ade56895f4dd427b8c4477aa940dc716,2.0418148,e52a528036014db0a7bd54b99a310fe8
26b721f1caa14c70b7aa9e5a8898e76a,2.0389872,34b71675a1ae442395b6eb1f3eda23df
a306a4b51e064a1daf8766259f6f5c19,2.0371826,c8b9a0ac7c214a449c434aabdf6ef770
d37d23786d3f4e90977fbe2a3e5be556,2.0363064,85e7ea30890b456084b8e85c299c8649
3bcea4af010844979851dffe0c194e96,2.0169816,0ebc441d25664c91adad96b570270f07
96c624bf03614499b399bfbb431f5b98,2.0146396,6c74bedaa406493a99988c5b8a47b704
fcde1e3b91aa485688682e6fdc3c24e8,2.0094829,1d47a696eae94bd29f215a4787b27d8a
8e454bf7a3e945bfa6efeac4dcd2ce92,2.0076797,c8b9a0ac7c214a449c434aabdf6ef770
70c5d0168ece4f13b8553e469845fce5,2.0049927,c0cb721b56f240dabf7f464e453ef72e
c8aebab05e9d4c7e8a5e4875c217263d,1.9916909,e7d6747e8c8b4ebcb665e232240daf17
7149705cc0f243f3877d976946fcba4e,1.988356,cd60a0fcac24465a880af7d8f921dd68
d64dd5997016472488972a82c8d2148f,1.9830408,b25fe3b79f714d38b3fc53e39fd84d36
fd45ab2e058b4b5fb374e54e60aceb48,1.9559777,b050e9e1ef5946c297a34dda98d8f476
882ef5ef88af445e9dede3d98a7dd8e3,1.9521043,9b22c5cdbff44bdabd48dba008e6a3b2
7779e19852544c0a86ee54cbf58acb3c,1.9455171,e5692bd498004d32934fbaa05af2120d
a89278348142457886434482fa366f57,1.9295504,e25b9d9944cb4d7197efb8ffc4ff57a1
856daadbd4c24836a85731844393b1f4,1.9292732,9e304a9bbc7b4c22af8025fc93757357
f2f267caea8b4b99a078a6d77af06916,1.9210439,7a4c413f5c844796bd5ffed2b65f0336
484bed1b612b48f3a0b37b91bf626f39,1.9199309,057164cf4aab45ebbefef3409359cfb1
c46143f6691f4af38d4779e21a33f827,1.9102383,01690d9b08164fcabd5bf0819754f71f
9b18e72d85384d73bf3bc666ebd18aa9,1.9058751,f036aaf4ab714c598a0b6da4ca604136
010b4030f3e24d059d9e4d37cbd1963a,1.902068,66b0c8a58f444ea0aec34d9403b88a49
e9f85a6880484c3a82685b170d052a51,1.8949609,d0a840820172465f83c8480d571e7b71
9d11c4d6d3fd48a6886629be4969f055,1.8846128,a0fe3cd34e474c3b90662ce8ef1fcac6
ec947b46f577485bacac003c668ee2b8,1.8832208,d74f6e7abeb84eedb9923dadb62f45f0
5b1ed8f4a5bb43b59f972b95a4346c9c,1.8822457,64f1d63a671d441d9663a783f632f794
0f3dc35d3b4a40e79c0af54b9b3d1f66,1.8812615,fb709e29755b44988bb252c87a2ce2f3
321ad870fb8943ddb55d46439d2912e0,1.8796589,1fde4c9a01f84c349461083b6d0ba9ed
27b747520a594968b11704d54233d20e,1.8777962,e7d6747e8c8b4ebcb665e232240daf17
3427373bf8314ae5a87677132dc4874f,1.8764633,8a77dc665d8b4d95a0b1113522f7e9c3
7e7b92ee644e42a3adc00967aa9f4cf8,1.8760896,965598a17b624a0f9bb1cd58595458a6
9f6d414fa64347368d119235b14b5cbc,1.8673278,fb709e29755b44988bb252c87a2ce2f3
53ad9b6f270d43beaa19337b588c1e60,1.8653655,1543a2f94aa74008914301874d98f0f5
669388a30d174fa48b59092d2b8770cc,1.8570099,a25b08e008114c9ca0266ce3e55d82bb
a16486024d12452a9c7a4d88c7fc5efa,1.8555853,6c74bedaa406493a99988c5b8a47b704
2c2bd31efb4543d08c60180fb6fa21a2,1.8538368,1d47a696eae94bd29f215a4787b27d8a
9923a917ad644091bbc508d3ced20f75,1.8506362,369fe18b94f54c98b554fd22b4a3b50b
f6304923104f47d1ae9f82b7116051a6,1.8433917,6aba5a04ef8742a39d3a61644a5f0729
ef4b6d47c51c4527a80e52519f3c872b,1.8326484,691a538d2372403fad2b919b48ff5f85
d13abb2f14514eafa77e5ef77ae45be2,1.8323781,6c74bedaa406493a99988c5b8a47b704
1a12b7978d8e4dd5b563cf97606bfa9b,1.830785,1216ce1ef31e4643bb1222538c206342
ac23b811505944319414d3f59b4b90ef,1.830426,01690d9b08164fcabd5bf0819754f71f
ba4278aa214b4c66a8da0220e99b2014,1.8298581,fcc9863b07fc4bd5a01fab5b9160eafb
4f6887bfd8d64e9c96cb60b2fc428027,1.8204546,526ab7eda50e4a239d03ad505832d61d
3ce3c6c49a2b43c3b683ec91e9657341,1.8154037,d0a840820172465f83c8480d571e7b71
c60349b6f8454e529aa85264c412eb2c,1.803144,77ac5eb4b3054ca68e2b0dcbd5473fd1
16a030831ce1413fa733f24b6ff28501,1.8025389,a585d23fe43f459ba86ac15645af77ff
73cc10e747ca46bba886d9939cc3b768,1.8024235,691a538d2372403fad2b919b48ff5f85
1068628f10b7400aa4e87b04d24fd803,1.7929485,3257035cc77946d98bdc09e2fdd5cdae
96427260d7a740dc8e8abb4b879ac84d,1.7840099,4d708e5878784386a42c2f436d2d60f0
901288a03fde4b628e2efc51f9ec6f0e,1.7806976,257aed6ca7a44f1cb5c664beb1be527b
7f1f5ddc758b4e929452c112c70911ba,1.777528,7a4c413f5c844796bd5ffed2b65f0336
356335bb29d4424ab31c89c6931246f5,1.7775028,965598a17b624a0f9bb1cd58595458a6
e1373920ccf54979ab678e62eb165c60,1.7744898,b2be859ca8f24cda86821d5383edbc18
00a23ea3107f484f84ca76a6fb313ceb,1.7660292,e9f055a212cd4e5e8601228c37713f35
4c2fc2033f15495485965dbc18d3191d,1.743542,e336d113184c4ebdbad7aa2b6ec64640
f161ed58877741ceaa5a6f014b69de49,1.7383838,e27d9425c912446e947fe53c4a757375
e824774b41174da8a1c495885b348626,1.7373406,e492ff7fecf046a4948c5ba5631cdefe
8585971b042846729be0531195bb8d5c,1.7348166,3b13d134762445cebcdbb02b484db77b
4eae669b05f642a98f2ee1b828c4807d,1.7332582,fb709e29755b44988bb252c87a2ce2f3
a3b9cd8b03da4791964406ffeee48526,1.7323972,6542f58c143446f280e88a6375ccf79a
5ea4394d43e44b219a8390a0b54d2982,1.7278888,46ba0b979a664c7cb0c315c4cde6ac86
e0bbcc95980e4aee9f0b5f6976c5eaff,1.7212301,f5a6222612ef406b8f02aef87e08c476
01651322a4034bdba60434218dfeb79f,1.7176301,d6fe6f8380464e21a27fd69de27f1f57
24a298b1f7cd4f74bdd60b6e1adaac53,1.7137847,d0a840820172465f83c8480d571e7b71
a1855c7563c54b5c86e2f73c5fe9f8d7,1.7136015,640f3bd184b7425fb22cc7773b8b2244
56cfe84755904ae98f74d085dd2fcb7c,1.7130237,6d3c42356e3b459c919e3129ff192ac4
d3d566cecb79472ab65c2a57bc6d7b6f,1.6949186,7ce06191f1114b4c8a00609f6867761f
0186efa87e364652a49460c2436f11da,1.6947887,ec281224f8ee419ebde676f291672aea
b615a0420b8b49d8a7153658ccbdd788,1.6845536,aa2d7a3a535243189492d4ce8e79c049
eeb6b27942084fa6a8e663ec3a3dad56,1.6826127,a0fe3cd34e474c3b90662ce8ef1fcac6
b187ddffdecd4cf9b139b97f1fe3695f,1.6766269,1b4e143cfc1648a5b877d7445446366a
51ece51608b24f22b0e8d026f5e403b3,1.6744642,983940e0b12e4186a281c36de657406e
4dc64707bd42424f82f84de41d91a5fd,1.6661375,3be388c9ab614bceb086c19f70df23c2
84350503e37143fc8548ffcbd24070b0,1.6653948,c26f5e7dcc8149f18f3d719bba9ae717
08ce7eedbe124ee79566c776303ee9e5,1.6620263,c26f5e7dcc8149f18f3d719bba9ae717
5fa7699fd07e48f29a259e9b1044fab6,1.6608839,d4cd0b56b6f54e08aec8ebfdb6122c5c
50eff679bc384b72918eba1cd77a5597,1.6465205,46bfd7af0ed6491fa621350963d11e35
a2e363e09aed44868c4e51d9cce19eb3,1.6461391,c0cb721b56f240dabf7f464e453ef72e
8b5c517e199245b2b9ffe9601e9c5fd8,1.6420618,92229a391d0b418f87b32c86c42a292c
8085782f7d76421b8468fb1e61d4fd61,1.6397862,369fe18b94f54c98b554fd22b4a3b50b
4a6e09d6abf04c768a24fc91a2f17181,1.6389562,23066f7964874fd39639dbf2cb2766df
3e730fdc177b48f293b58b68d7b54313,1.6361772,aa2d7a3a535243189492d4ce8e79c049
46d21d8ab5eb41a080233ba04192b3f6,1.6329242,d576e334105247369362b05a375e88cd
195aaede1fda491bbf8495b564c9d001,1.6286354,f9fae977af2c4f35b29400f31267e170
4ef4c104173e4986b5ea7a85d28d9330,1.6284404,983940e0b12e4186a281c36de657406e
05695e1694384bd79b37246fbab26b35,1.6268023,965598a17b624a0f9bb1cd58595458a6
040e8b18e27848cb8d0850a0dcb7a77b,1.6231863,e039a00eae414ebbb2205b011ac127cf
34e6f332d53646d38eb22993afc64a02,1.6221564,02cf82700b4f4773af3a14ad8eaa5270
06dc42ee4aa4438a91f2d88754ad84cb,1.6179029,650afb6a1d054e59904a1b796552eb04
01f344e8e895424eaa3251d134512cf7,1.614487,f036aaf4ab714c598a0b6da4ca604136
f825d91f98ed4b9fbffdd2f5bcea698a,1.6085283,d79afb377f5349a69830b2b4c7cfefcb
383851cf303e47bf803a3a00b6481efe,1.6068037,fcc9863b07fc4bd5a01fab5b9160eafb
6cc7c613b8ca402b81fb2976f7a8d07e,1.5974172,e7d6747e8c8b4ebcb665e232240daf17
234999d28bb04577a48d50f076a844a6,1.593908,8aadcf7251724cc6858dc0db44abebe3
04fa52d782e34f0698238fc47401ee94,1.5856963,965598a17b624a0f9bb1cd58595458a6
302f7c4fe5f346b7b6f4c5850ccea290,1.5812254,d576e334105247369362b05a375e88cd
c244f9298eca46bebe8382249b3a300b,1.574612,e336d113184c4ebdbad7aa2b6ec64640
c71fc9273bb64cf78fcb3160724b40be,1.5736964,34b71675a1ae442395b6eb1f3eda23df
1dfeecb0d6cc4fd68f8fe7bddc5573f7,1.5715885,a926df6d7fcf4b17b68dae6f41fbce66
b25c125f6fd14177920e7f609ea6f819,1.5580797,66b0c8a58f444ea0aec34d9403b88a49
8c4f8ffe681a4951928e1444bf4947d6,1.5572445,fcc9863b07fc4bd5a01fab5b9160eafb
73816ea484544387b7c1014e6b97b187,1.5464743,0f9cc12519eb4872af7be7fe49e19f59
7bdcbc60a1354e079289b50702cced90,1.5446929,5971501b0e8b4ef5b203c3985d7f5e88
c44ae4a053bf47e5b9b2ee3ef8ae2b5b,1.5395243,ff715b4f228443e3b067c801250f3402
862ca039da124a9d80603938ab13c289,1.5387614,8a77dc665d8b4d95a0b1113522f7e9c3
7e4c2a881ad24760b9775870c8ec426a,1.5384643,f036aaf4ab714c598a0b6da4ca604136
d31e037b260346c3baa01f229c4aab45,1.535634,c26f5e7dcc8149f18f3d719bba9ae717
3741fd305b324ab4a29b14442af8f8ab,1.5337605,d576e334105247369362b05a375e88cd
e96f7d9a6eb04d7e9b3a01744c7f210e,1.5235685,836ec4ef8df644328ac07b7803709323
69ac3d3d408a45fda23c327ed1f2678f,1.5205258,1d47a696eae94bd29f215a4787b27d8a
7736e2c1dbab4b4c904c42e51fd17759,1.516024,640f3bd184b7425fb22cc7773b8b2244
957566f2fe9f4406aa561e32617baa00,1.5082026,4aa3556b2aed469584c573868193a07a
faed47ec537c4a70b2396638df56d71d,1.504115,17cc6768c9d14388b7455fea0060b62c
0077d17ffb254c86a11e301042f915e4,1.5039084,0ebc441d25664c91adad96b570270f07
8ffbcfeb411843b2bd6e513ae284b232,1.5022514,00f45d57fd3c448d8cfdf3185ebae894
d2bf482573ea4097b41b6bc649bece51,1.5001628,01690d9b08164fcabd5bf0819754f71f
0a8f26e2ff5d462b97d23238e36ae72d,1.499106,cc21026ff0d541909df56c5618d28518
64ecc00623a647a7854cf8236452c556,1.4905703,e039a00eae414ebbb2205b011ac127cf
277c71d0965642b2b592f9a48534fee7,1.4832581,c8c201e25c0047a2ba9d9e8541ac0939
cde999f7973048f5bdccda367d1eef4c,1.4793283,37337ebec05640b890e4b9612776c32b
b4aee6c48c214408b310c9c345695420,1.4725041,5a73e0a5c757410eb0928feed7b151c8
757730e7c0414b47ba2a3a52768cdb3e,1.4682608,630edd9b8f754b5dbd36cfbbd03ccb51
390ed716ee69427f85d1d9d4da45fd20,1.4666731,526ab7eda50e4a239d03ad505832d61d
6193d950669f47f9a2268d0f3a41b2fd,1.4647346,faaac88748714ce8a99413b952a1dac8
9e428df718b04a159edebe604bf4ab3f,1.4643188,c8b9a0ac7c214a449c434aabdf6ef770
c27914b906234330b9a6677788aab658,1.4582062,89597084b19c4902b073a2c6c6622456
d832897254e74ba4a5515e22654b2d04,1.4575866,9303b9f7f4984b2dac8aeba8c8da8ef6
662c1dace3274fb79254a1e59f299ccc,1.4562923,7a4c413f5c844796bd5ffed2b65f0336
5209a952bb1a4ac991ae51e8a3e9abdc,1.4533701,1cbfb22f84454b1fb821b602e3ad11f8
dd0e1c93929b4f4d8ade4c3f39aa91e2,1.4532496,e02ad4f63c8444b79a7a56fb23a4e0f1
1e61632437f042c89075c565adee2ded,1.4321634,dc58564d0c8540bea4f3e2e3696deae8
020f53a16c0047f9a592ac5126da2ccd,1.427665,4696c8192576454f8684954bc771aa23
cb3423afcfba4d688aa9cd2c23cf0c69,1.4269676,46bfd7af0ed6491fa621350963d11e35
d18685a2ca8c4ab48ac9d9b824ce3bc7,1.4243526,983940e0b12e4186a281c36de657406e
be07f7c09f5c40da9ebdc231520afe90,1.422135,cc21026ff0d541909df56c5618d28518
3b038bed6122476bba5c73f7188efdcb,1.4117497,1d47a696eae94bd29f215a4787b27d8a
3a53b02d11d74f9b84a71811f607d433,1.4050258,8f285540a9394706bd6ec6cda46c5058
9e1261d3e89b47a78e1590fa544c3df0,1.4035705,02cf82700b4f4773af3a14ad8eaa5270
a18a19c2ef80495ea076e2ecc882c7e7,1.4006875,80948e17b5694599919e1502bfcc08f3
6fa96236f4904758aed745bb8a495f66,1.3977661,e9f055a212cd4e5e8601228c37713f35
6fdbbc8445214d81aef5fc22b3f4e9bc,1.3935887,c26f5e7dcc8149f18f3d719bba9ae717
c6654e244a00404a84d2f9314a7c6bd6,1.3902377,6aaae524573f477f8fdef0b83787cbee
794358e3d9a94bc48a240617b29ec0af,1.3889756,3be388c9ab614bceb086c19f70df23c2
20256e6cd14e4624979db79d84582573,1.3884735,fe6ace599de44aa19b1773dad3658fee
7216fa39e2414501a8f87ddb54a3133b,1.3881512,fb709e29755b44988bb252c87a2ce2f3
61e1612d7fad463ea1c28d21bdc98513,1.3855177,82b01998353e4141a7613fdc96d7b600
0cee0f740cfa4b118595c4e921220588,1.3849212,92d5da561f5a41bf929f3555a74cd653
da809b1c982e47e48ea951dff1120841,1.3825966,369fe18b94f54c98b554fd22b4a3b50b
6ae7d44d811844448d0c8e5d69ff7000,1.3768415,3be388c9ab614bceb086c19f70df23c2
aef3a265256d49af8433aac1b85fe097,1.3692718,5831f5e280be4c02a09ce4588b56d7f3
a7c05ece6ffc42e9a9efdc286789bba2,1.3670285,bd35571850644321b86ce4fae286ce7d
93804e9078864c70b27336ff52724af8,1.3643798,92d5da561f5a41bf929f3555a74cd653
0b887e10733b4259bd5c30a1c724ff50,1.3601408,fb695c097d5845c282f6b30c241e8cf2
0ef75de01cd14e0faadcf05c8a85a916,1.3548532,057164cf4aab45ebbefef3409359cfb1
eed22afb847c47abb46b07ec48d1b679,1.3450987,c26f5e7dcc8149f18f3d719bba9ae717
e42fa7d6b7134c18be1ea6c41a504057,1.3446885,650afb6a1d054e59904a1b796552eb04
468609586ccd417ca9487c3c35ade3b3,1.3423167,057164cf4aab45ebbefef3409359cfb1
8aaa8f372a5346a59b85061f27d9ffc9,1.3416493,b4150337314e40fb9e3ebb24514504a3
6475f4fbc11942b8814094002d1133b9,1.3332536,a6a551a308b9442f947ea0608ae2c3fb
ca6f0e18c75849428e7dbe14c1403841,1.3296065,c26f5e7dcc8149f18f3d719bba9ae717
2c379dfb72da44e9988beb15638fc7db,1.326389,6a33c207c8b648f680dbd0e65639ef04
01bdc1af846a44eeb5a789e393d1d7fb,1.3203768,5971501b0e8b4ef5b203c3985d7f5e88
cb30b65c95af402290d013cc19a01632,1.3158576,0ebc441d25664c91adad96b570270f07
da548115b6564ca69d846f3ea8615b6e,1.3140525,e96aa0967ab94368b381354e03dc40ad
ef3589381bb34e74bf3f0f4479614d70,1.3122077,1b4e143cfc1648a5b877d7445446366a
78c3087265224b479cfa12716bcf1599,1.3107309,27eee82d7fb94b9b8b60bd3101187496
df2549937e044a9583242e2c20f87e85,1.3055034,f615619defc4402b82845090c238e597
f23847f4eab34d3ba19bf1dccbc32306,1.3038524,66b0c8a58f444ea0aec34d9403b88a49
e980c76243164587a41b4adacf1c6b50,1.2984385,58db4c3a26c84fa68d81235d078208bc
24156e9d41404d568c7e22931d2631a3,1.2916157,d79afb377f5349a69830b2b4c7cfefcb
5b578482d6cc41b9a12382c724e9e19d,1.2845953,d981f2c67f764e0c84af125b563958e9
44b833375c854450a60b5f4819e94466,1.283643,d0a840820172465f83c8480d571e7b71
10f74d10373f4f128add836b046afcdc,1.2804759,d9fbe02f04a4469dac855f69ea6ad02a
0c915913c66d40f6b77e2491b30dfc9c,1.2767525,a0fe3cd34e474c3b90662ce8ef1fcac6
12274ca89ccf49bdb0903f80560e3d7f,1.2762508,c9628610053945f4a7998ae48cd70da3
6a057932e0f440299b46bf70039cf9d7,1.2665629,e492ff7fecf046a4948c5ba5631cdefe
6cfe829d301f463ba1bc66d1c8087b0c,1.2658489,e25b9d9944cb4d7197efb8ffc4ff57a1
6f0406b6deea4302b4e44ece4eba9ef9,1.2638087,eb513691b7a04d31ab1bc50bf343447b
ac601d55d74246afa29a020b8029c7af,1.2553205,c0cb721b56f240dabf7f464e453ef72e
882f017418bb44afad1448d9640bd967,1.2516986,7ce06191f1114b4c8a00609f6867761f
fb4a9db6c94f4a49a12fa4071706242f,1.2510438,f0695d7e59d64941b510a3d12f801d59
0237bcef8eb845aaa48b53436a3ea75d,1.247477,eb513691b7a04d31ab1bc50bf343447b
735faaf6b07348a2a4d4cc31c8fbc021,1.2403755,640f3bd184b7425fb22cc7773b8b2244
fa6d529498794d1f98deb51ebbb48d55,1.2347744,89597084b19c4902b073a2c6c6622456
b781fac256574439bea7cc655923fd3a,1.2335932,f11f1682b5924181b047d757d3e20964
b904ff33d535410cb0791f1e1227e8c2,1.232826,c88be17376104f999b914a91aebf7220
1a0cefb6898c48e7a91f6448d967d1ba,1.2314935,19c9ac7b84df472c85ed6cf5a05fbbc6
27a9489cf5724d47bbcc508684389f2a,1.2299473,3257035cc77946d98bdc09e2fdd5cdae
7438e386a6a9468fad05b2507d9194e8,1.2294395,fd51f3eef1a64d9a93652be481bde32e
7f50b6b5321c44e191bc82be785455b3,1.2220931,7ce06191f1114b4c8a00609f6867761f
074732e2729c421abe906cc4077f1eae,1.2210393,369fe18b94f54c98b554fd22b4a3b50b
b9927fff8eac41ac99d787e84af9c3da,1.2208617,95fbc6ed8bfd43c1a6bcf676e26e7f8a
b2a24b751645419cb6e060319b510e79,1.2185988,cd56b9a044c24df8a7156f661cb3d9cf
19a8e983eaac433fb6e4dccab0c03fcc,1.2126184,d576e334105247369362b05a375e88cd
1c72a6a5b70a4bf08702aba29a63ead5,1.2077988,650afb6a1d054e59904a1b796552eb04
e862a12dcbc4446cb1bfe03570cc7b44,1.195519,7ce06191f1114b4c8a00609f6867761f
c36813b8ca3e42de94bfb013ddb507ed,1.1927139,1543a2f94aa74008914301874d98f0f5
91467c6be29e4dd4bf681cc05803d081,1.1886222,c88be17376104f999b914a91aebf7220
e98cad653d89476483782ae1a239135b,1.1880217,5a8cc5ff28fb4359afc7e9fcbf3bce55
7f01bceb5689442b8a024b4596c8a11e,1.1879919,34b71675a1ae442395b6eb1f3eda23df
6365bc21f6084ccd8da4d5c6afb8b26a,1.1876397,2425086d8eaf44d2a9519f0e4e6b289a
0d2bb28b114e4f4c8c688a13f967b79b,1.1835645,a4cad92644614f78bded3ca6d6023473
eccc933299ba48deadc3fbeb6ca6ffea,1.1812689,37337ebec05640b890e4b9612776c32b
512d51a776a240e1b495922587e2bbba,1.1772873,a926df6d7fcf4b17b68dae6f41fbce66
9c541c2079a0420298c16b25b87beee7,1.175452,d42996c2b67443fd9b73bba7641d4f77
eb1fe6fcc1154bfcbe523b6401451927,1.1732503,1af4472b38cc4304841b2f1720075c9d
e15d2b4a689545309a64bd4d54621cbb,1.1721067,89e43b092c844b5886a93091a22c894a
caba51ea4cb243dc87741ad2c31130b1,1.1719565,ed9b10a2879742628fce003076ef9024
c8bddc0d410d4f759537fd2e4bff533f,1.1710355,1af4472b38cc4304841b2f1720075c9d
1c0be8da9cdf4be8973e0cd18f5f8ebe,1.1704321,779d7c2bad1940c8a861451964e1ce01
57c53927cc0942b7a012edd211993b5f,1.1622319,27eee82d7fb94b9b8b60bd3101187496
0ff31fb63a044ecba52ee62968e78be6,1.1588916,65664fb3aad341fab563409d91dddd2d
0c6306c2d9c64af7a28d5fd434ba9b19,1.1585642,6b9b2c8f0a874bb8b6691aca6bc49565
c0860e1ee41347ae81ca7fee69119dc2,1.1533635,3257035cc77946d98bdc09e2fdd5cdae
7d4cb32e892a463b96ac09595cffccf8,1.1529739,0f9cc12519eb4872af7be7fe49e19f59
a4057a1aa4e948e5abc7ddcad9479b24,1.1499413,e9f055a212cd4e5e8601228c37713f35
ca9d736b288240819d620ec83c0b3f3d,1.1494868,8f761e1117754656ac86a3a25f241cd7
701ea34d0faf4b558956b1af3863b503,1.141363,acee70abee2841c9b67b95e9ed079647
3c6017018cff435f8a15557ec2740321,1.1320012,85e7ea30890b456084b8e85c299c8649
1008087cab8f407eb2cd44e6c79658c7,1.1318235,d576e334105247369362b05a375e88cd
ef0d69bfdc4e49acb1978167c6edf80e,1.130913,19c9ac7b84df472c85ed6cf5a05fbbc6
7cb075d8031f47dfb9a6b37840756bcf,1.1304967,b25fe3b79f714d38b3fc53e39fd84d36
73ef58ddfcb54d09ac1737fdccd62d07,1.1248308,9e304a9bbc7b4c22af8025fc93757357
6f6fd5b2a152493e8afcb221b1b198bd,1.1232193,cc21026ff0d541909df56c5618d28518
16242654caa64a669f249360ac629e5a,1.1228588,3be388c9ab614bceb086c19f70df23c2
bb53d0593f034d19b5b20210035e1058,1.1199292,f11f1682b5924181b047d757d3e20964
1c8f15d98ac3471fb966536a1bc8e9e6,1.1064818,f036aaf4ab714c598a0b6da4ca604136
32b7043aedf94f65af81490dfccc8b7a,1.1010776,7ac9c94011924c09b47f9640211885a2
a868fa08c4994234bd1947577c34c2f6,1.0984144,b050e9e1ef5946c297a34dda98d8f476
932fad47da6c474ebd763a0249ad22cd,1.0920117,f9fae977af2c4f35b29400f31267e170
7ee89cd6d6774885a024ad9e8abfda35,1.0902454,3257035cc77946d98bdc09e2fdd5cdae
3eb1fed1bfea482687c433b63ad56eda,1.0882186,efdf40eee13d409c9955e5b84e4408f6
726d313084b349baaffae4f209998766,1.0873245,b050e9e1ef5946c297a34dda98d8f476
7de183d0b5f24efebfc15ae35f4b0fc3,1.0839897,73e7e41e8db447c09cb2363d76556c64
45d15e5e49574f79bb6a3116fc761b83,1.0835174,369fe18b94f54c98b554fd22b4a3b50b
d0fb524183bb44a9a854de124a8becb5,1.0834641,640f3bd184b7425fb22cc7773b8b2244
71c46776d0a0400f9f919d0c3e578755,1.0808308,e25b9d9944cb4d7197efb8ffc4ff57a1
2b1ae0f0956e475c80e1ba5ca01abe84,1.0807614,b4150337314e40fb9e3ebb24514504a3
7919001f5a3f4b7ca384f7a6ade1783e,1.0748991,7cd1db4b50dd41e6b2f3dd15fcab3b89
f31d22a46dc54bd7b4dbd9366f0304d5,1.0726926,2a9658410614443d8a27ef174f61d6e8
c81dd22a150c47b8b83d8439c0024f01,1.0682298,a585d23fe43f459ba86ac15645af77ff
67cdfba89fae4e3896b9aebb4f52dae5,1.0639219,cc21026ff0d541909df56c5618d28518
f74645ebd6e74b0a8ca70c4a1a983295,1.0591459,46bfd7af0ed6491fa621350963d11e35
780760acebdc4860bb31c7a7150c19dc,1.0511899,f5a6222612ef406b8f02aef87e08c476
28cae44de1fa4e56a10eb13b57a78668,1.0497159,c0cb721b56f240dabf7f464e453ef72e
662a6fe9ae1b47f5b598c9d0ff7ad784,1.0446384,640f3bd184b7425fb22cc7773b8b2244
790d3e003e2545f9822873e830615360,1.0406024,ad289d5052264f9c8bd0aaf9faace92e
78058b8902c5442880e64005e19e3f06,1.036763,678725f8b914453fbc1029b7c1bc0879
c0db9a38259c4b429eb66ba537ac8730,1.0297438,19c9ac7b84df472c85ed6cf5a05fbbc6
0f4e625476a041c88fade20efb2eabcb,1.0244699,64f1d63a671d441d9663a783f632f794
8c85184de9ce46bdbd65f38bd49612b6,1.0236956,9b22c5cdbff44bdabd48dba008e6a3b2
3df0fa25822f457496cd93c2402bd292,1.0229466,aa2d7a3a535243189492d4ce8e79c049
e68a3201b5e74913bc61894aae617101,1.0173988,b050e9e1ef5946c297a34dda98d8f476
9385f152b6204244bd58c6107f500381,1.0131652,9303b9f7f4984b2dac8aeba8c8da8ef6
06bf7c8951c64f95bec0eb20b232e5bd,1.003634,e039a00eae414ebbb2205b011ac127cf
09a86f7239984e8faf484dba2109244d,0.99815434,4a4eb12a639346b5a00557d54b51fe51
b3d1c6603e6a4f05bfe265607ea252ba,0.99682677,e02ad4f63c8444b79a7a56fb23a4e0f1
e578d2ca90a241bcb241e65a62648a66,0.9938359,f5a6222612ef406b8f02aef87e08c476
071079b5a0494fe2b01b0dc5399d8089,0.9928148,eb513691b7a04d31ab1bc50bf343447b
503e10935d8945e8b7552e9f83309667,0.9927937,efdf40eee13d409c9955e5b84e4408f6
38407a6caf584c85afd497d9bcadcef7,0.98202956,75b0bd2240a54f6fb45bf95ca43ab5e6
2ab29c6bc859481988c1133ecd494a65,0.97936606,1f8c0f02984e4139bf8043e57497fdb2
b9a2d4a31cc74336b4c66e880ac51f1e,0.9774082,fe6ace599de44aa19b1773dad3658fee
659ae42d80174d04b5c0e2295c83e1cf,0.9745863,e7d6747e8c8b4ebcb665e232240daf17
9fbb54f6ca3747198e55e3f00ad81251,0.9733561,27eee82d7fb94b9b8b60bd3101187496
d480f925a4b94f518e72ad64b3ed439a,0.97137415,9303b9f7f4984b2dac8aeba8c8da8ef6
db9abde406b849d59dadd9330fa873dd,0.97041535,d0a840820172465f83c8480d571e7b71
4b984f558f9e4236b12f8875520bdebf,0.96821594,e25b9d9944cb4d7197efb8ffc4ff57a1
c40beffa8f0d4679bafb1eac1d38bd5b,0.9596008,75b0bd2240a54f6fb45bf95ca43ab5e6
f17e080b2680401da91c350fa7e9cfa1,0.9591438,fb695c097d5845c282f6b30c241e8cf2
15f76b93b94f4dfaa2c8b03a95b771e2,0.9564072,99142f1c07cd4782814f8c970eaaa40a
8ec020ab1bfe43a58c104ac0eaa95bf7,0.9539628,0ebc441d25664c91adad96b570270f07
7522f624f59c4d74a8703781e00414c0,0.946373,5a8cc5ff28fb4359afc7e9fcbf3bce55
6fa6aa705e9a479b9435e2367955056b,0.94337624,d6fe6f8380464e21a27fd69de27f1f57
bc3dcde96af9406186e1b5eb3b8af798,0.93922913,4696c8192576454f8684954bc771aa23
fe175ac3af5446a582bc555f10723923,0.9381051,691a538d2372403fad2b919b48ff5f85
77e2cfc79eee4e1b91f93386b436bd31,0.936164,5a8cc5ff28fb4359afc7e9fcbf3bce55
d9826bec6e1c4be6a7152f89b950fee2,0.9356967,c3412c53e9ec4b6a9a1aa95cf7f0f1e4
10ec284856b64b33a3f1095d708227c6,0.93454474,f5a6222612ef406b8f02aef87e08c476
bf3d001275754cb9b2c48df805901d9d,0.9309493,f615619defc4402b82845090c238e597
7fef3b2e0481482fb860ca2b3db02567,0.93059695,9b22c5cdbff44bdabd48dba008e6a3b2
187f475424d1406a8ea7e10ccd1f13ee,0.92883396,85e7ea30890b456084b8e85c299c8649
0f836960df064e7c96c2a78d865fd458,0.9266492,bab3bdc133384798b558f8fb6466a7fa
6c106f8a15e949a69472df18c370d213,0.92194283,75b0bd2240a54f6fb45bf95ca43ab5e6
d9956ba9a7e94d0ca7496d6df99555d8,0.91596746,efdf40eee13d409c9955e5b84e4408f6
e9ffeaac65414a5fb9df90c528ca02f2,0.9154043,e5692bd498004d32934fbaa05af2120d
99a4beb62cd744e5842541fd8cc9f61d,0.9140279,678725f8b914453fbc1029b7c1bc0879
2b87269c561444308fce933186cf6042,0.9110963,0ebc441d25664c91adad96b570270f07
11626770763040b882ab69e58caa67bb,0.9099809,903360099fb644b6b88c6edac88eecb2
b2bfb37b3dd54bf0b7653b3c280b2b08,0.9064381,c8b9a0ac7c214a449c434aabdf6ef770
f4e34063359742b7916fe2635de1aba0,0.9036813,e45844e0215f4a1596a7f9ac41367c46
455cb638bfe54346b07d85d63df40847,0.9029802,92d5da561f5a41bf929f3555a74cd653
43a78998b5f14d87bf9883d669a9ea6e,0.9011915,d42996c2b67443fd9b73bba7641d4f77
7b1d70a80254489e9de91807e6e223dc,0.8949721,5a73e0a5c757410eb0928feed7b151c8
6bc08caeb482448c85c44c89c5fee7b8,0.89478606,4aa3556b2aed469584c573868193a07a
247daf33fb4d4fa993fd572025cb5166,0.89037645,d331012ecf0c40888e0ac290184f0883
b9500ef3747d4220b748183372d8c2cf,0.8903407,f9fae977af2c4f35b29400f31267e170
10edc8c73a904e63bc4317abfd0d7213,0.89008516,66b0c8a58f444ea0aec34d9403b88a49
1d9521ba2b624c7aab43f311872c1d09,0.8887684,983940e0b12e4186a281c36de657406e
9d3df96b762f475baecfda5f306ccdc7,0.88867503,b7ef0a61de0e4adf9688b2c525c9ad09
b4606932b1e94119b460652c11647413,0.88805795,1d47a696eae94bd29f215a4787b27d8a
38f66bccfc8b47afb357b8caa5a3f286,0.8793297,691a538d2372403fad2b919b48ff5f85
96a40dc922f94bc78c39fadb8ecbd263,0.8744546,b7ef0a61de0e4adf9688b2c525c9ad09
57cb6a69463a4f248087b39af146fdc7,0.871426,0f9cc12519eb4872af7be7fe49e19f59
700d97396d164429817cb71d0e1b313f,0.86988735,f9fae977af2c4f35b29400f31267e170
c11c77b1b50e475e8b0a0df774292211,0.8660723,3257035cc77946d98bdc09e2fdd5cdae
1ef6177541694b09a66cc37c32dd92d8,0.8507972,691acac4a54d450697afb2c2dc4fca09
a5af794012384211a60360b6b1752339,0.8477523,0f9cc12519eb4872af7be7fe49e19f59
977e35ba2148438f8189a592de1705c0,0.84193426,e7d6747e8c8b4ebcb665e232240daf17
2a15a6ed7e29403295f571a40fbf5895,0.83990264,e492ff7fecf046a4948c5ba5631cdefe
4bd7c89c496144089a9b340c20c1a8bf,0.83906996,ad2b6fb945714e6792c17bd49a1066e0
018f42d116aa4bcdb1ab9e05bfc01b63,0.837675,640f3bd184b7425fb22cc7773b8b2244
469ca74fcdf244ba896fd018680b3201,0.8356464,4ad7e2502210436f9ca5735fdf7e50c3
4cf647a905be45e5b1b81a0559d834d9,0.82481676,fcc9863b07fc4bd5a01fab5b9160eafb
69705e3d3da0436881b25f42d2a6f102,0.8248005,4d708e5878784386a42c2f436d2d60f0
744af08539fd44678fb92fe2cd3adfbd,0.823611,acee70abee2841c9b67b95e9ed079647
1f487d592adc46f1ba935a923c34a9c6,0.8226653,7a4c413f5c844796bd5ffed2b65f0336
ff0622832e0e48519d375778af4f60c3,0.81976724,7ab29c5e2f05481d8a69cc479a764ee8
71938515de5a4c74929e6fa8edb97420,0.81767416,c9e2e76e631c4d0a8013d90892350e06
f9f15f3fa87e4ecb852682898d5c2044,0.8134327,9b22c5cdbff44bdabd48dba008e6a3b2
57a0a47943824bb28d5faf9fe31ee787,0.81327933,9e304a9bbc7b4c22af8025fc93757357
ce7e02187e74451f8fe2511db0fed0fb,0.8112407,779d7c2bad1940c8a861451964e1ce01
8fd8f14d327f4037a26fa4bfed84f993,0.8087326,6b9b2c8f0a874bb8b6691aca6bc49565
c8cf5bb63c7849c79141e48f0b609996,0.8055879,85e7ea30890b456084b8e85c299c8649
f8839308f8e84df6a185506e6f3f1674,0.80460536,e5692bd498004d32934fbaa05af2120d
6283b7ae96e24cb789de54f62817a522,0.79575026,e25b9d9944cb4d7197efb8ffc4ff57a1
408a26bfd8bd41529e7fa7db94cdae03,0.7928644,d4cd0b56b6f54e08aec8ebfdb6122c5c
c873b341cab549d6be3c38ca79441d7f,0.79000586,b25fe3b79f714d38b3fc53e39fd84d36
1c5c1558517e409b9358d9a48811062a,0.7883973,fd51f3eef1a64d9a93652be481bde32e
25bf72b6554d4ce0850dbd0879a47ec7,0.78489816,01690d9b08164fcabd5bf0819754f71f
7727fce048c74dfba9b871f0a6bb4504,0.7828559,e27d9425c912446e947fe53c4a757375
a72d6ed397c64fa7ad1aeb46a417fa4e,0.77706194,8a77dc665d8b4d95a0b1113522f7e9c3
14169e1048564c4689c2584a790d6696,0.7761936,1af4472b38cc4304841b2f1720075c9d
12b4b13d49b64b55ae65fe00960c4711,0.77459234,6a33c207c8b648f680dbd0e65639ef04
2c689d06459b496798e7fc1e4ce8b03e,0.7642379,6c8a24653ef04f559b88e0f27c0df63a
4a5a47f40e9b42f5af28b197d3e59ef7,0.76240003,3be388c9ab614bceb086c19f70df23c2
574579024c244c8692dbb21de8829775,0.7580891,5831f5e280be4c02a09ce4588b56d7f3
ff2339e06523437eb464f18a90d5f80d,0.75105566,ff715b4f228443e3b067c801250f3402
9280a530ada64a8f829e0ec528712cbe,0.7492689,65664fb3aad341fab563409d91dddd2d
55af16e0058942008349107e8a2e1845,0.74904287,d4cd0b56b6f54e08aec8ebfdb6122c5c
f5a783856a7f4d3ba8c3f2c29428c454,0.74596405,5a26ae7959494fef99542e9b2004fd11
07e594806c6c4bdf8d98e2995979eae1,0.73792547,0472051dc57d43f8b9dd08df475fc4a3
4483d9ae441d4fe1889099eb3acf1676,0.73726285,c8c201e25c0047a2ba9d9e8541ac0939
81506e59f5b54c66a3459e47c2bad700,0.7272682,d6fe6f8380464e21a27fd69de27f1f57
73bf5efa54504a0186bd7a13def281d6,0.7261859,bab3bdc133384798b558f8fb6466a7fa
b95ad51d19ee4ea28d5d02064e368c84,0.72284126,691a538d2372403fad2b919b48ff5f85
42dc4d44bc374b80baf0a8ac2c90c250,0.722615,1216ce1ef31e4643bb1222538c206342
18eaa3f481614cfc945c16f2cbb757fe,0.7192303,6542f58c143446f280e88a6375ccf79a
d7f295b3018e494d84b29f498ac03fa5,0.71922636,46bfd7af0ed6491fa621350963d11e35
5e369cf5939f4d15bb771d98108df034,0.7164477,9170e0bb8fe44b309f83293808d871fe
91a077bae982429595e548a2859976ab,0.7150599,7ab29c5e2f05481d8a69cc479a764ee8
a4f6bb74f2654c17b04bb3fe4c05fd91,0.71413815,d74f6e7abeb84eedb9923dadb62f45f0
4d2df900c0ef4261878a1ee108ac520d,0.71202946,ec281224f8ee419ebde676f291672aea
ac047081c69246efb1e1385bc77fb76c,0.71053624,88dc23909eb4415aa39b96cc3a4c2926
6de8d8e544ee4bc3b84a9aa3f56f4d30,0.70742935,64fa5ce839ef406b9bc8a1b2f05094c7
b5f4e559a70849b2943f3967cc08b56e,0.7004657,3be388c9ab614bceb086c19f70df23c2
c5c5b71dc4ff4e8cb11769f0b2cd9907,0.69556105,1fde4c9a01f84c349461083b6d0ba9ed
b001beeb0d384d448ff9383afc5ad45b,0.69410634,c0cb721b56f240dabf7f464e453ef72e
924127ab124d40edaac3616675e82655,0.6880226,bd35571850644321b86ce4fae286ce7d
85775741207d4d1ebf2ddd8ec7d58102,0.6751497,80921378de2b4cd3a14d449688d8b079
fccd86bf84054e46a65b37bb8808da7c,0.67347276,e492ff7fecf046a4948c5ba5631cdefe
e90176ac18954403abf1a65c40838e23,0.6730273,bf59502a233e4b5eaff9cfa3a992c387
4aeb82ff294e4be9be97a1aee9698fef,0.66963077,e456afdf95e643dd926249fec4d68753
b6406f4769234ae7828d1f1011448739,0.6608013,b25fe3b79f714d38b3fc53e39fd84d36
e2b08fa4040643048867ee258a43c077,0.6602751,678725f8b914453fbc1029b7c1bc0879
3f4f551ba9d74d6e8622c1da8b00180e,0.6587114,c322b788813745e0aa7b592b4345d379
722ce5c8bc4f4e07b309329bddf66d7e,0.65698457,80921378de2b4cd3a14d449688d8b079
6bfef081f7a9453399f6d98d6cd01f60,0.6569452,1f8c0f02984e4139bf8043e57497fdb2
d3b55aa1a6b041cbadb5fc0139fd8cac,0.6558186,e456afdf95e643dd926249fec4d68753
49ed92caa29841ae9341d53497cb8124,0.6515509,1216ce1ef31e4643bb1222538c206342
f4a11d6e649f44be960bbfc9a5aab7c9,0.65032417,b25fe3b79f714d38b3fc53e39fd84d36
b5c4664ba26443dba0dde05295158123,0.65030825,564a84b1b830407e811bcfc7fd086a6f
187dd510c41a49f4af9d4c4371e98953,0.64979756,b4150337314e40fb9e3ebb24514504a3
c3ff9a50b4c1477c812af51fd7ce9489,0.64967126,630edd9b8f754b5dbd36cfbbd03ccb51
1950440f5ca34d0bb2c737f896ec3b16,0.64608264,c322b788813745e0aa7b592b4345d379
fa4aad3a76ce4c019895b7d73d8b496d,0.6438823,e5692bd498004d32934fbaa05af2120d
b90d91a297514acd88d2d9aef7a483da,0.6424893,7a2491a27f3c438a8549988f7a79e26e
22831856b4ef4ecda0ee60656417b904,0.6424768,0f9cc12519eb4872af7be7fe49e19f59
398dcfd9b9434e5aae4fbf7f5752d33e,0.63418305,ff715b4f228443e3b067c801250f3402
d3e12207d56644628943a01c0cdd93ed,0.63093734,1216ce1ef31e4643bb1222538c206342
211c5c1ee1d042d391296b95c6c95c66,0.63070256,cc21026ff0d541909df56c5618d28518
e3ead164dcbf45f98cbf23bb77a3d989,0.6305258,64fa5ce839ef406b9bc8a1b2f05094c7
c492188137ee4adab179d07e9473fc40,0.6231618,eaca056cec224a30aaaed30c39f644c2
05074ae1d6a64faf8736a89264404087,0.62313104,e492ff7fecf046a4948c5ba5631cdefe
69fc5af906524d06b5c47a8c984a7199,0.6213894,e27d9425c912446e947fe53c4a757375
84e4c1bdea914f529a194f767629d1b7,0.61984336,2a9658410614443d8a27ef174f61d6e8
b1c2cf26538045169885251ae1a1100c,0.6171091,7ac9c94011924c09b47f9640211885a2
874d46cd1753457ab2d3b62ad0f3d867,0.6088228,75b0bd2240a54f6fb45bf95ca43ab5e6
aa8510751ea1474a90449f0bf668c26a,0.6087222,691acac4a54d450697afb2c2dc4fca09
1ab3ed9b9a4d45cc81fcf7e200bdee0f,0.60828656,ff715b4f228443e3b067c801250f3402
252a2a3078134eb8876626820c9ca8aa,0.60521084,1fde4c9a01f84c349461083b6d0ba9ed
0c553973fbe042a7af2110e0a2fcdddd,0.6049572,bd35571850644321b86ce4fae286ce7d
9557a396825b49eb93cedbab96019843,0.5984776,23066f7964874fd39639dbf2cb2766df
65c8efd2131b447d90bed385eeeb91a0,0.5978637,a25b08e008114c9ca0266ce3e55d82bb
2952ebe55f624860922615014214deb1,0.59711456,88dc23909eb4415aa39b96cc3a4c2926
cf7564fd313c4802adfcab226cb71a73,0.5948305,965598a17b624a0f9bb1cd58595458a6
1dce77fb1e9e419d8977644f0d18fd1e,0.58681667,f0695d7e59d64941b510a3d12f801d59
4593972edeb84fe49e5ad1058e0d8d35,0.5768337,bf59502a233e4b5eaff9cfa3a992c387
d41cd804abf94f759a1f7e6da3cc6758,0.568993,e456afdf95e643dd926249fec4d68753
13bc78da1120442190653a8273c4f2af,0.56736755,19c9ac7b84df472c85ed6cf5a05fbbc6
003d3f2fc0d74fc58746a9d38d310d8a,0.5651839,6b9b2c8f0a874bb8b6691aca6bc49565
72b24b9944aa43599173c03884689224,0.56037927,95fbc6ed8bfd43c1a6bcf676e26e7f8a
3d4e582564564c72b47184e7b5c0717d,0.55912495,5971501b0e8b4ef5b203c3985d7f5e88
d335f8b8c90c47229c445bda59c63cab,0.55629444,d981f2c67f764e0c84af125b563958e9
c7ddfc6b54294c34a4722f8eaa9b55b7,0.55402267,156f393f7ca046299e09d05464afa056
65fdb46393a34ac699da17059ebaa6cc,0.55224335,f9fae977af2c4f35b29400f31267e170
f7b6d1525412435fbc5af750fb1d4dfb,0.5512203,1cbfb22f84454b1fb821b602e3ad11f8
ad5f2cd68d6c448ba9532ff7665af2c1,0.5504403,1b4e143cfc1648a5b877d7445446366a
f503f17338d443e6a873dd091898a5b6,0.5488378,855b3971c4a147cfb9a7c281fa6b915e
b49ff629d01a47a284c14dc1d21a0d1a,0.5399368,a585d23fe43f459ba86ac15645af77ff
e45e383a0b9844e2b5ea7eaea5eb9fea,0.5387483,156f393f7ca046299e09d05464afa056
9a941b16ff4840eda21ad2f9e0c81f3f,0.53278935,9b22c5cdbff44bdabd48dba008e6a3b2
3295b23d76ab4661b9a92952160eb966,0.5256877,1c97c72e076f40fcadb22b17e71beed1
bfd311fb1c224274b98d99f84e3cf150,0.5190954,d42996c2b67443fd9b73bba7641d4f77
a879a1da30c4407aa84b5fea90b60f32,0.51503444,6c74bedaa406493a99988c5b8a47b704
cf020a2f14884c16bc73b159ead104b8,0.51105666,5a73e0a5c757410eb0928feed7b151c8
19ba27a603c0492ba795fba0999e589e,0.5100669,cd60a0fcac24465a880af7d8f921dd68
cdb476218b73426a840ec0a8868020bd,0.50497967,d9fbe02f04a4469dac855f69ea6ad02a
9267609a976547b19a2cc08683835f4e,0.5013474,257aed6ca7a44f1cb5c664beb1be527b
7b5270f3124740838e60c375f3003665,0.50131154,691acac4a54d450697afb2c2dc4fca09
61353a38c7e14c49ad888ed8da7d282b,0.50075084,ed9b10a2879742628fce003076ef9024
bec8ca61a6524d90b610482e2f304259,0.49779987,ed9b10a2879742628fce003076ef9024
25bc48c919b24aac818d3ddc47d461c3,0.49656746,19c9ac7b84df472c85ed6cf5a05fbbc6
600602c8b38d4fe293a8b89ca3c4b7a6,0.49617708,d0a840820172465f83c8480d571e7b71
45f269eb7e1044bfbd012ba2df2be6ad,0.48675507,4a4eb12a639346b5a00557d54b51fe51
59faf734dccd49c39c471b705bbf90a2,0.4864925,cb85047b65f8468aa02744c28c075dbd
96bc1d7521944aa9bd60c810ef28080a,0.48115358,b050e9e1ef5946c297a34dda98d8f476
c7d1e88369c14b5bbfe40bbbe31311ae,0.47676134,cd60a0fcac24465a880af7d8f921dd68
7c9553e399964910b2eb9f1c94c913b1,0.4766233,7a4c413f5c844796bd5ffed2b65f0336
47bdbd87490b4698bcd3b038c2baf6d4,0.47487196,4d708e5878784386a42c2f436d2d60f0
1bcadb1e071c4e6d82323f31e960901e,0.47403473,836ec4ef8df644328ac07b7803709323
0aa6a9108b584bbf8d7c94f8d1ba84e3,0.47150862,691a538d2372403fad2b919b48ff5f85
9f44eb98cc5c4143a57358e733c1cb23,0.46734166,650afb6a1d054e59904a1b796552eb04
6bf15791f42e4323bf626650477d9beb,0.4671886,8db9e204b8b841df8fd94eff0888cdf7
58f93c38cc65487492ae04fd498f436b,0.46423244,fb709e29755b44988bb252c87a2ce2f3
963dcd06789246059d5a6ecdb28e6321,0.46156466,77ac5eb4b3054ca68e2b0dcbd5473fd1
e8ee807a789d465c99039c42dbdb3203,0.46079582,5a8cc5ff28fb4359afc7e9fcbf3bce55
51bb2642caaa4fdfa82051cea135a8ba,0.45895916,b4150337314e40fb9e3ebb24514504a3
05de4f46aac741bd81e6bb9133542716,0.45687056,bd2f91a9415049d980e453f94327e0ce
a5188ae3f8ef46e7848bf70945078768,0.45438504,21b1ded02d7b42618592187e287835a3
3febcf126f0f4f8585113e1917eed33e,0.45363352,1fde4c9a01f84c349461083b6d0ba9ed
17bcb53a4aac4e2d81bba1fca7bcc69f,0.4524405,fcc9863b07fc4bd5a01fab5b9160eafb
b0cf2cbd50e3496996a7e649063dc127,0.44888377,8f761e1117754656ac86a3a25f241cd7
1db04d4304ab44b5a063f18b9037c0da,0.4435649,02cf82700b4f4773af3a14ad8eaa5270
e18c0d2a5ea54d0dae0481083fc0db46,0.4430078,3257035cc77946d98bdc09e2fdd5cdae
6339e9726a4b4ebaaf1b22a56c33b779,0.44136387,564a84b1b830407e811bcfc7fd086a6f
fb7510f9799745e8bb2d730dafe50aa4,0.43036368,e25b9d9944cb4d7197efb8ffc4ff57a1
3127238ca74643c3bd2e042605dc5e25,0.42911768,983940e0b12e4186a281c36de657406e
ba86837d26e64a5095e50f614cebc183,0.4275219,92d5da561f5a41bf929f3555a74cd653
acc8825aa2cb4d06bd3574a6b36e6a40,0.4230736,c0cb721b56f240dabf7f464e453ef72e
0f7f319e6bfb4438a4746cfecb70a08e,0.4217549,855b3971c4a147cfb9a7c281fa6b915e
db4153df6e94413dada442eb6e6a8fee,0.41943586,2768d411cc374a018a898f9df0ca207d
77061464d801457a80b33cbbe0f017f6,0.4114195,d4cd0b56b6f54e08aec8ebfdb6122c5c
850ffbbf78224a1b910a45c2ad3ab6cd,0.40839505,19c9ac7b84df472c85ed6cf5a05fbbc6
5a9a908d748e4c2eb30cdf4a450e189a,0.40451026,cb85047b65f8468aa02744c28c075dbd
a703ddf11df347d6a8ca6f572ef505f2,0.40444946,e45844e0215f4a1596a7f9ac41367c46
68017cd7896a412db28e47c90096b888,0.39300388,d9fbe02f04a4469dac855f69ea6ad02a
f83685b1d7eb4bb2912f5e7358584feb,0.38912535,691a538d2372403fad2b919b48ff5f85
c350ff1ea49c4547b89b09403669a4b0,0.38770515,4430d47e30904eab969c1baebca184c0
87afeec5f3cd4d9d8f6d5a0c7f48260f,0.3873803,bd2f91a9415049d980e453f94327e0ce
fdfc870c19de4b5e99b1b3cdb4acfa39,0.38503706,a585d23fe43f459ba86ac15645af77ff
2e7dec015d344fb58ce0988844becd9b,0.37708116,f5a6222612ef406b8f02aef87e08c476
d4b67d4bedeb47018a353598e2262d9e,0.3680092,c3412c53e9ec4b6a9a1aa95cf7f0f1e4
eead86464fcc47c9a4330692646f0973,0.3619612,1216ce1ef31e4643bb1222538c206342
739e45c484874024a94fec4cf8b13fba,0.35802808,c9628610053945f4a7998ae48cd70da3
aaba5fcdec244fc79439dd67ba8a495d,0.35651106,e02ad4f63c8444b79a7a56fb23a4e0f1
63c3f37ef5c1455db7914313f0e0be1c,0.3533973,64fa5ce839ef406b9bc8a1b2f05094c7
8278ffeb4f7e4854a015f434887473a4,0.34497732,700f381f40ce4b039ce0df8b49fb199b
c61e43ceb2744ddda2e531aa77f3c6b2,0.34376585,c322b788813745e0aa7b592b4345d379
8d93adac5fe7477a99015ec9ef32330a,0.33351025,dc58564d0c8540bea4f3e2e3696deae8
da58e0684cc34833a768589a2ab19e46,0.3332004,b8ca3b6144cd48208caae952e096e7ae
14f6b3f3ee164c98b2aa0e93e06070d3,0.33307523,678725f8b914453fbc1029b7c1bc0879
0d995ee72a0b43739f37e5962dd6c907,0.3317113,0302e7dde9074dddbbbdf85e9be57901
9b8afef332b0478a954974c9be4b010f,0.32530516,2a9658410614443d8a27ef174f61d6e8
2fd5284523f24eb1bae1d9e857c61d4a,0.31535387,ff218cc7835d4b5ba0de22792319050a
70a1cb72566e4c6fbe46c9b03b8a31d5,0.31518924,f9fae977af2c4f35b29400f31267e170
5ccfffd900a1434dae33727030983cc8,0.31214875,75b0bd2240a54f6fb45bf95ca43ab5e6
863e6e460e12403393c97a12e6ce92f1,0.30956632,d0a840820172465f83c8480d571e7b71
55f81e8022ee42b893d99d17d99a3f32,0.30606794,0302e7dde9074dddbbbdf85e9be57901
f230b42debc04e9ab59684ae05e721fd,0.3030367,9014beae94cf4f648e1663c8d5ec6803
6770b085f8cf47ee9a162fa8fbac551b,0.2975868,369fe18b94f54c98b554fd22b4a3b50b
4b3202343ccc4337aa099b8a9e046db5,0.2963469,e25b9d9944cb4d7197efb8ffc4ff57a1
59ad0e42bca44e7c95b0aeb6bc5ca7dd,0.29557455,a585d23fe43f459ba86ac15645af77ff
04457b683e1d4eaf8e6a37b15f5d8aa8,0.29334044,700f381f40ce4b039ce0df8b49fb199b
6ede534375a14c609d02c3f94a41907e,0.2914821,de9328bdd1b34adda74a0363ff0a52b6
6b4034f8415244f88296cacd28edca37,0.28982747,8a77dc665d8b4d95a0b1113522f7e9c3
1080188fcae241b4a5c7649114dafd64,0.2821511,5971501b0e8b4ef5b203c3985d7f5e88
c75f0da05246416084af6447931742bb,0.27810097,650afb6a1d054e59904a1b796552eb04
35129a42bebe41de95138c15b348926d,0.27709496,7ac9c94011924c09b47f9640211885a2
0de5d39510de4443a35bdbb6b6b2c2fd,0.2731254,7ce06191f1114b4c8a00609f6867761f
ec892733179f48d7b907594ba63d8431,0.2684393,d79afb377f5349a69830b2b4c7cfefcb
64310259af8e430b8a9577093b411ada,0.2673037,6a122ce1702646db918266228d48bd08
2af53201cad64c32bedf284dd06c1cea,0.26466012,f11f1682b5924181b047d757d3e20964
014b077427a84137a08055cd6ba1057f,0.26186633,fd51f3eef1a64d9a93652be481bde32e
57be916f4b9f449e85faa3e690b60115,0.25473714,678725f8b914453fbc1029b7c1bc0879
cceea5a23ce7472b9023735952df0ed8,0.2537477,6c74bedaa406493a99988c5b8a47b704
ef33ab499b054efb968d7cca5bef4a31,0.25249648,c0cb721b56f240dabf7f464e453ef72e
8b1f6fd1fabc4cb7abbd5a7a2ed0cac9,0.24894685,156f393f7ca046299e09d05464afa056
0aabe8051b1e48dc8df2680281f96731,0.24067703,89e43b092c844b5886a93091a22c894a
94e15698eca449a99528bcd1d437335a,0.23486389,00f45d57fd3c448d8cfdf3185ebae894
94c480de369e4fcab0aee54d6543f90b,0.23347694,630edd9b8f754b5dbd36cfbbd03ccb51
b575522bfda54d4d83e55ab89262a216,0.23083854,6a122ce1702646db918266228d48bd08
425fbf4deffd4fa183bfa210c296d087,0.22606057,d42996c2b67443fd9b73bba7641d4f77
de6f18bac6e4441f8dd17e252f1d993a,0.22566521,0ebc441d25664c91adad96b570270f07
b453e70a75224981b0a892bee09f9b9d,0.22156751,c9628610053945f4a7998ae48cd70da3
953a07c9b67d487f9d6ac9b71b85dff7,0.21800804,e9f055a212cd4e5e8601228c37713f35
4762d831f5884e25bb3eb6e73fd283fe,0.21639502,d79afb377f5349a69830b2b4c7cfefcb
76ffb89b5ba84a8788d68f4010821e12,0.21591681,c0cb721b56f240dabf7f464e453ef72e
3787d8d226fe43acab22bb2c72e2b1dd,0.21314865,cb85047b65f8468aa02744c28c075dbd
c6754ce8bf4346258c03509140eece37,0.21024448,65664fb3aad341fab563409d91dddd2d
3111ca7c585243e4aff0fad54c82a69b,0.20550251,836ec4ef8df644328ac07b7803709323
8f2691e2160d4c95b5b1ec99938ea931,0.20346248,23066f7964874fd39639dbf2cb2766df
2fd2926eef6c41939266c5d6a5803999,0.19983694,eaca056cec224a30aaaed30c39f644c2
f4398da2a74044829b4f7bd0808aec82,0.19934487,6c8a24653ef04f559b88e0f27c0df63a
c0e006372bab471897981e28cf25f546,0.19504255,d4cd0b56b6f54e08aec8ebfdb6122c5c
91a9ce617c5b458284f2fab317b423cd,0.19462365,1216ce1ef31e4643bb1222538c206342
4e828f821c014d5d99850f710aff0f21,0.19255576,f5a6222612ef406b8f02aef87e08c476
efd4bc5be92d4f7abb7c4bd8c19423a2,0.19162655,74e7db4222ca4a20811199afafa346a7
5f5c72816fcd4fcc8f58aa66c02daac3,0.19105935,eaca056cec224a30aaaed30c39f644c2
2090b42e4121433892402ab5724a805d,0.1867584,27eee82d7fb94b9b8b60bd3101187496
c00b77da1a6749149b7830ba636d7101,0.18433619,4a4eb12a639346b5a00557d54b51fe51
546369a62bd740beadc07cd40b6e758e,0.18242991,a926df6d7fcf4b17b68dae6f41fbce66
3b01fad04aad4fba95d40be77808d716,0.18167609,cd60a0fcac24465a880af7d8f921dd68
dd7aef966c97433eaa394c033bd3ed81,0.1775769,e27d9425c912446e947fe53c4a757375
387cfff049b44a62ad0215e9bcd6f912,0.17170122,ecdae9f36c6a437ea72739febbf1c89c
8fbf0e065e2147b39508d482b6af3901,0.17106485,855b3971c4a147cfb9a7c281fa6b915e
52b9939de81d456e831c97f43e912728,0.16960543,d0a840820172465f83c8480d571e7b71
07c0659266c446b4b413362a241214b2,0.16779071,e7d6747e8c8b4ebcb665e232240daf17
5ab1cd14b5304690a8f45e2bb5a92dc4,0.16659617,19c9ac7b84df472c85ed6cf5a05fbbc6
f1015462e69f41ea9a9c663ae07f13fd,0.16315222,ad2109663af04c549385cd2ab9b3283b
7e14c6fa40384f39be08ef7ac6b7deba,0.16291204,4b748d6624144214b3d8a80b37aabde6
47b8aa81feb6443088dc32ba9aaeca66,0.16256547,3257035cc77946d98bdc09e2fdd5cdae
899b54b766454749af73a7b5ba6ddfc9,0.16212466,eaca056cec224a30aaaed30c39f644c2
e750dd4744fd4421bd2387f0ec80c5aa,0.16145101,f5a6222612ef406b8f02aef87e08c476
e6f19de2daa24324b2c88100702126ac,0.15868461,691acac4a54d450697afb2c2dc4fca09
43584afca09c4071adba01dad786c329,0.15252197,e492ff7fecf046a4948c5ba5631cdefe
eb012357f09945268a134e8461cb8cd2,0.1507119,d74f6e7abeb84eedb9923dadb62f45f0
da365c80b3ac47ccb8a01a48820437a2,0.14861912,37337ebec05640b890e4b9612776c32b
b615eb75fd0545b397a63d7c6a86c4eb,0.1349386,ad2109663af04c549385cd2ab9b3283b
b24046864bc341499137c0e4a5d92315,0.13353416,82b01998353e4141a7613fdc96d7b600
1a3959ec40e24329b5c36ae3d8bd148b,0.13120282,d443e0c5017d48d1b3f86bf4da959ed5
a95afea2e8ff4cedb3e0f1aedf6efb9f,0.12851453,e02ad4f63c8444b79a7a56fb23a4e0f1
2582ce6fc7d14ce6bd50980959cd305c,0.12595773,cd60a0fcac24465a880af7d8f921dd68
ec6e7c2e584c4bd09dc91d1729c2c90a,0.12217903,89597084b19c4902b073a2c6c6622456
e152a0f89fe0446f998c519058feabc5,0.120512605,a0fe3cd34e474c3b90662ce8ef1fcac6
17f9d21a0f2849cd89f1718c3052e82f,0.11712265,d79afb377f5349a69830b2b4c7cfefcb
42096f8107c945a1a2cb7d0c4ba65a75,0.11483717,faaac88748714ce8a99413b952a1dac8
6555bb324c1c434ba6f2beb761ab8f1f,0.11379707,80921378de2b4cd3a14d449688d8b079
c0701f4c6a8e41a8a7df573b4abbe04f,0.11361897,b4150337314e40fb9e3ebb24514504a3
06dafb47baf148b9ab12caa5200a4d2c,0.10725951,58f53c379f7a4868a2ba6d91a06247d2
dfd4d092c16c4fbca7e9aac5e15806c4,0.103832126,1cbfb22f84454b1fb821b602e3ad11f8
45134c6dd42d4814b2fba3d713c1b3a5,0.10286981,1cbfb22f84454b1fb821b602e3ad11f8
574b37b5f1374cd3b422354879e9f582,0.08982819,6542f58c143446f280e88a6375ccf79a
5b2c1e575e8a46daaedcab661b62235f,0.086618245,34b71675a1ae442395b6eb1f3eda23df
9c5692d8cfcc49f5ae1d1eb4577cee70,0.0848324,acee70abee2841c9b67b95e9ed079647
fa644cc0807d4d278be005d3e2f849b3,0.081215024,5a26ae7959494fef99542e9b2004fd11
96a715a174b74274ad9ad1ca752169f8,0.075369656,6c8a24653ef04f559b88e0f27c0df63a
d02300771c8742a688cdc05ccd13d2a0,0.072315454,6c8a24653ef04f559b88e0f27c0df63a
ec1ea84e09b54849a539177f929c65cd,0.06878486,1216ce1ef31e4643bb1222538c206342
f745ccee7e2340918079fa1ec6e0e29a,0.06649628,7ab29c5e2f05481d8a69cc479a764ee8
c299003ba5bb48b3bd7eab31321b539b,0.05977273,f615619defc4402b82845090c238e597
48aa588059cd4883bab6da96a75c16b9,0.057697393,aa2d7a3a535243189492d4ce8e79c049
493a9c5f51a84accb411c3f643d0fba3,0.05685103,21b1ded02d7b42618592187e287835a3
4862c9b0d8ae46eb8831a66a01eeb02f,0.05463797,b050e9e1ef5946c297a34dda98d8f476
7360c15d3abd4dd8a5af35cc13c48b1c,0.05446577,89597084b19c4902b073a2c6c6622456
56fc3ec2992a4a609298efd89a7d3f59,0.05408919,e492ff7fecf046a4948c5ba5631cdefe
a1ea6d619e4045668556cef7645bb76b,0.052053973,9ff95d23c3284d31ba5e398afa520649
de34f2e7e9ae4380a242b0f09f1716e6,0.05151868,6aaae524573f477f8fdef0b83787cbee
9b0790e53e7c487885af42388d8f681a,0.05105281,1543a2f94aa74008914301874d98f0f5
a4e40c85d10248bd9a34d6c44e22b010,0.05063355,c9628610053945f4a7998ae48cd70da3
c8505b52f0aa4beb8144837de094973d,0.04522407,2425086d8eaf44d2a9519f0e4e6b289a
58c7b41f2b3b4984aa23beaa1382b4f3,0.044784427,e7d6747e8c8b4ebcb665e232240daf17
c189555deda047629ebb90350290dab8,0.042018652,1f8c0f02984e4139bf8043e57497fdb2
f09f284b59c6475baacb67116020c617,0.04098022,9ff95d23c3284d31ba5e398afa520649
1cab9ba05da64cb6a34b521f9b039303,0.03959146,1d47a696eae94bd29f215a4787b27d8a
8e80b474643e48ac86e6d8e4a23c507d,0.031822264,77ac5eb4b3054ca68e2b0dcbd5473fd1
c8d0d1f2df5c4b2a8eecdd2acc610a85,0.030025259,e25b9d9944cb4d7197efb8ffc4ff57a1
ab90f505d58d4d94afa71bd0811469b1,0.024256527,80948e17b5694599919e1502bfcc08f3
99370de3bbb74c12a92ca24b995d92b1,0.021840453,4430d47e30904eab969c1baebca184c0
c0f5519b1d3842a68611736d9c0e5c9e,0.0051664114,01690d9b08164fcabd5bf0819754f71f
1e5b95e7ca1a462588131ff25c545f32,0.0029586256,80921378de2b4cd3a14d449688d8b079
