4dbe9a58e3cb490eab62a2bab47d13eb,7.345598,e27d9425c912446e947fe53c4a757375
d6db57dd12dd48adae78eb66e24cd991,7.193367,cb85047b65f8468aa02744c28c075dbd
803051539d144fdeb70807a70a667f4a,7.1054564,11ec23965d2941d0817082107996ebbb
839527c5eff74e27a3dd2e5a9336cc57,7.0588903,c9628610053945f4a7998ae48cd70da3
6cfe829d301f463ba1bc66d1c8087b0c,6.6772923,e25b9d9944cb4d7197efb8ffc4ff57a1
cc8f496b43d143478be84fd74f0dfc07,6.1977696,7ac9c94011924c09b47f9640211885a2
ee1746342f304912aca6d1956f95bc68,6.0318565,eb513691b7a04d31ab1bc50bf343447b
91c0f6c693104690921ae87324e06692,6.0056014,73e7e41e8db447c09cb2363d76556c64
3b9a5aa10a7d4cc9b31122f2d4258ccc,5.994157,b25fe3b79f714d38b3fc53e39fd84d36
0c3b7a4e78f94de7ab1a415503097c9c,5.8700786,ecdae9f36c6a437ea72739febbf1c89c
8e454bf7a3e945bfa6efeac4dcd2ce92,5.833043,c8b9a0ac7c214a449c434aabdf6ef770
dea0770945c6460c8082a2fa1e710ccc,5.645791,74e7db4222ca4a20811199afafa346a7
10a7715c72fc4bc7aac2b6e8ccb232d2,5.626454,eb513691b7a04d31ab1bc50bf343447b
7257f3d3f31a4d5ab6a872e4e5886111,5.608015,e52a528036014db0a7bd54b99a310fe8
20017566ccc94b8982c75f9f05a8eb20,5.598489,ecdae9f36c6a437ea72739febbf1c89c
a5188ae3f8ef46e7848bf70945078768,5.5729647,21b1ded02d7b42618592187e287835a3
60b12e62313f421f9865db223f254655,5.5589027,f615619defc4402b82845090c238e597
9555747543024d518645fa84d0dbac94,5.4766917,369fe18b94f54c98b554fd22b4a3b50b
c71fc9273bb64cf78fcb3160724b40be,5.446063,34b71675a1ae442395b6eb1f3eda23df
dfd4d092c16c4fbca7e9aac5e15806c4,5.4314485,1cbfb22f84454b1fb821b602e3ad11f8
c896b42105de4a53836bb12899fe2cdf,5.3716536,19c9ac7b84df472c85ed6cf5a05fbbc6
d3b55aa1a6b041cbadb5fc0139fd8cac,5.371304,e456afdf95e643dd926249fec4d68753
19ba27a603c0492ba795fba0999e589e,5.3042974,cd60a0fcac24465a880af7d8f921dd68
b260e27f99814dfc9434f7e4b50702ac,5.300337,057164cf4aab45ebbefef3409359cfb1
554e702a075743a499899b99b73eea46,5.2281146,66b0c8a58f444ea0aec34d9403b88a49
57be916f4b9f449e85faa3e690b60115,5.2127705,678725f8b914453fbc1029b7c1bc0879
c3d18896ee6e422680a3435f0ca9af84,5.16247,95fbc6ed8bfd43c1a6bcf676e26e7f8a
0a67f23ddf014504a380fcaf9e049a2c,5.157875,5a73e0a5c757410eb0928feed7b151c8
32b7043aedf94f65af81490dfccc8b7a,5.14163,7ac9c94011924c09b47f9640211885a2
b92da6fa48d248779bf06eaba1e7a2a9,5.0943565,f615619defc4402b82845090c238e597
f54fb64fd5a04f3ba5c065305856b3f5,5.0796175,d6fe6f8380464e21a27fd69de27f1f57
6f70eedb7ac1471a9d9cc5ba1a8f274b,5.0505323,4ad7e2502210436f9ca5735fdf7e50c3
a545f38de45e4870b398a90fe9c5cbbd,5.0332785,257aed6ca7a44f1cb5c664beb1be527b
7119bcd6ffec46a3b428819c202e431e,4.9744797,257aed6ca7a44f1cb5c664beb1be527b
0f4e625476a041c88fade20efb2eabcb,4.9658556,64f1d63a671d441d9663a783f632f794
e449398fb3714ef39cfae0e60e4b3fd1,4.9374685,34b71675a1ae442395b6eb1f3eda23df
0effebf3021a4263bb46281f2fb33987,4.8145885,dc58564d0c8540bea4f3e2e3696deae8
865e99466009410e82a3a9daa7d34d29,4.810483,dc58564d0c8540bea4f3e2e3696deae8
f6304923104f47d1ae9f82b7116051a6,4.799909,6aba5a04ef8742a39d3a61644a5f0729
2f01109a00d94d2ba4736fbea4522c20,4.7874265,78b600dd53854b018f87267d268b7b1a
ba0c12af5b1c4fe6ae766bf417e6498c,4.771778,1af4472b38cc4304841b2f1720075c9d
41f9870b0da34d88a3e68dd195a3e474,4.7681313,27eee82d7fb94b9b8b60bd3101187496
dd0e1c93929b4f4d8ade4c3f39aa91e2,4.7661953,e02ad4f63c8444b79a7a56fb23a4e0f1
bec8ca61a6524d90b610482e2f304259,4.7644277,ed9b10a2879742628fce003076ef9024
69fc5af906524d06b5c47a8c984a7199,4.701843,e27d9425c912446e947fe53c4a757375
0f836960df064e7c96c2a78d865fd458,4.6940026,bab3bdc133384798b558f8fb6466a7fa
17bcb53a4aac4e2d81bba1fca7bcc69f,4.6932764,fcc9863b07fc4bd5a01fab5b9160eafb
2613b590d7c94de09bd3bc1e4aeebb1d,4.6433396,fb709e29755b44988bb252c87a2ce2f3
195aaede1fda491bbf8495b564c9d001,4.6183457,f9fae977af2c4f35b29400f31267e170
8ffbcfeb411843b2bd6e513ae284b232,4.607073,00f45d57fd3c448d8cfdf3185ebae894
656745a4e33546768385d4e040d0fb52,4.6034555,01690d9b08164fcabd5bf0819754f71f
3407ed3eb6d4426bb50ced20b862de96,4.5949802,8f285540a9394706bd6ec6cda46c5058
b43316e2218e4fb390daa362fc8eadef,4.5649385,c322b788813745e0aa7b592b4345d379
78df036c4e104457afcdf7598e9ce958,4.5385423,f615619defc4402b82845090c238e597
faf7544dd7fb43c5b63a56c55bcaafb6,4.5335503,4ad7e2502210436f9ca5735fdf7e50c3
606a301239a6472ea371152fa2029fb6,4.5118933,75b0bd2240a54f6fb45bf95ca43ab5e6
f7937418662b418b90963799279bc248,4.496124,09fc9f38fbbb4bfaa1c979ac9cc43f0b
9fb8c17411204358aa87dcf800bd36b4,4.490916,bd35571850644321b86ce4fae286ce7d
c6654e244a00404a84d2f9314a7c6bd6,4.4853406,6aaae524573f477f8fdef0b83787cbee
0ca1af4b4360463da2290c0231e7c2bc,4.4825406,acee70abee2841c9b67b95e9ed079647
910f58d10cac4e1896efd603e3b6247c,4.47508,ad2b6fb945714e6792c17bd49a1066e0
5466e5423228429ca4afb7578e83a4f3,4.4606004,fe6ace599de44aa19b1773dad3658fee
b344c4448c13473197e3c11682c4096e,4.449332,3257035cc77946d98bdc09e2fdd5cdae
be9ab7f3be354f5c90bd15df7006776d,4.4417853,02cf82700b4f4773af3a14ad8eaa5270
234999d28bb04577a48d50f076a844a6,4.4261613,8aadcf7251724cc6858dc0db44abebe3
42ce4e0d59764cd5a98455e34790c44c,4.424281,a6a551a308b9442f947ea0608ae2c3fb
6ae7d44d811844448d0c8e5d69ff7000,4.420498,3be388c9ab614bceb086c19f70df23c2
790d3e003e2545f9822873e830615360,4.409731,ad289d5052264f9c8bd0aaf9faace92e
840915e1243641c0b502a35bfa1a9aa4,4.4009447,e456afdf95e643dd926249fec4d68753
baa0f8290544453cb52c2a41cc0eee30,4.396313,d79afb377f5349a69830b2b4c7cfefcb
f503f17338d443e6a873dd091898a5b6,4.3954906,855b3971c4a147cfb9a7c281fa6b915e
46d21d8ab5eb41a080233ba04192b3f6,4.3845,d576e334105247369362b05a375e88cd
42755c05cebb4531bf9b3f3297150fe1,4.3752832,e039a00eae414ebbb2205b011ac127cf
0ea4c68a804648959f67957d17d5a323,4.3676934,ff715b4f228443e3b067c801250f3402
c0e006372bab471897981e28cf25f546,4.3509665,d4cd0b56b6f54e08aec8ebfdb6122c5c
f5a783856a7f4d3ba8c3f2c29428c454,4.328577,5a26ae7959494fef99542e9b2004fd11
671397532db64b2a86a8e790655fde58,4.287039,80948e17b5694599919e1502bfcc08f3
ba4441ee87f14d4ab951a01cf5035eb9,4.2567487,7ce06191f1114b4c8a00609f6867761f
ad5f2cd68d6c448ba9532ff7665af2c1,4.2542996,1b4e143cfc1648a5b877d7445446366a
7f1f5ddc758b4e929452c112c70911ba,4.245137,7a4c413f5c844796bd5ffed2b65f0336
a0e3b8c54d2747bf93d30efbd15a8fb1,4.233591,4a4eb12a639346b5a00557d54b51fe51
e919ef1fffb2496894c9769d7ce9aacc,4.2177105,8f285540a9394706bd6ec6cda46c5058
ff15583dc30644238b32a7302a039764,4.21283,b2be859ca8f24cda86821d5383edbc18
4a2b5888e21b471bb770cd3b5b496ae4,4.1923027,4d708e5878784386a42c2f436d2d60f0
85775741207d4d1ebf2ddd8ec7d58102,4.189987,80921378de2b4cd3a14d449688d8b079
173d05df5b374e3ea0eeb958b8854299,4.162012,27eee82d7fb94b9b8b60bd3101187496
3b065dc23322478a8128f0322c8d0678,4.154902,8db9e204b8b841df8fd94eff0888cdf7
34bd7137776446a3b70fb89720492e73,4.1421914,58f53c379f7a4868a2ba6d91a06247d2
d832897254e74ba4a5515e22654b2d04,4.140801,9303b9f7f4984b2dac8aeba8c8da8ef6
4afd31c733874e938dea46b7c0843f2f,4.1379237,e52a528036014db0a7bd54b99a310fe8
091380ee73214c408bde7f510f136c4f,4.1110635,c8c201e25c0047a2ba9d9e8541ac0939
1e579d7ae9414003b1ba23d9839d8031,4.070265,faaac88748714ce8a99413b952a1dac8
22831856b4ef4ecda0ee60656417b904,4.0693636,0f9cc12519eb4872af7be7fe49e19f59
3c1c6d5089844fbe90e18a5fdab3bee4,4.0628433,8a77dc665d8b4d95a0b1113522f7e9c3
9123b9ef4c9d4fde932408d0244495f7,4.0558453,6d3c42356e3b459c919e3129ff192ac4
a888f13ac990426fb248349ced4a0bce,4.0523624,c322b788813745e0aa7b592b4345d379
93879e26ebe547db997c77791c3d7fc1,4.0408597,21b1ded02d7b42618592187e287835a3
9da0bc8ceec24ce7bac851ca1fc67b5f,4.0163746,d6fe6f8380464e21a27fd69de27f1f57
27ac7ea2481844079ce6ab849edc3901,4.0128336,526ab7eda50e4a239d03ad505832d61d
2e9806470e994a85904d3521b5fddaa6,4.0107527,5a26ae7959494fef99542e9b2004fd11
b513c98d376b4102a9119d959aa7ebfd,4.0095115,d6fe6f8380464e21a27fd69de27f1f57
587a668f01694a1e847a97f47debb81c,4.0042257,37337ebec05640b890e4b9612776c32b
369716c45312435faf4f35f7fa3ecebf,3.9971783,3257035cc77946d98bdc09e2fdd5cdae
d335f8b8c90c47229c445bda59c63cab,3.9878106,d981f2c67f764e0c84af125b563958e9
f9f15f3fa87e4ecb852682898d5c2044,3.9609098,9b22c5cdbff44bdabd48dba008e6a3b2
aa580e725d534bcc967dbef0c65b141d,3.949332,88dc23909eb4415aa39b96cc3a4c2926
15d3499d1d4a4168b863a75b7e0b7e8f,3.9389646,e456afdf95e643dd926249fec4d68753
1e91957d9e7b4a2d9a469c627d2b37c0,3.9161,cb85047b65f8468aa02744c28c075dbd
a1a22d5f63af4418a3f33283a6013d2d,3.9145463,8f285540a9394706bd6ec6cda46c5058
8baed775825049a7a98ba659c3139582,3.9144056,6c8a24653ef04f559b88e0f27c0df63a
cb3423afcfba4d688aa9cd2c23cf0c69,3.8969576,46bfd7af0ed6491fa621350963d11e35
05de4f46aac741bd81e6bb9133542716,3.8942375,bd2f91a9415049d980e453f94327e0ce
06b4425d4dcb4aaaafb52063bd3af473,3.862481,a6a551a308b9442f947ea0608ae2c3fb
08b73196f2c24757b7a87419ad378a36,3.8525374,8aadcf7251724cc6858dc0db44abebe3
4c35694f60f94daa9e2cb35e66d8031f,3.8302112,f11f1682b5924181b047d757d3e20964
7d741d7645a848d086367003b1d9a767,3.8095388,d27cfea4da8f445fb4e3c55e53c6482c
506892256fe04ccdae8ffa97993fb582,3.8093266,691acac4a54d450697afb2c2dc4fca09
4bb93a70efe949939c13ce6a18678093,3.8057666,77a8b27acb0e4600bb6ff974eabc269c
93a89031c44d4d6e87976f696e205219,3.7992115,4d708e5878784386a42c2f436d2d60f0
a2e363e09aed44868c4e51d9cce19eb3,3.7980883,c0cb721b56f240dabf7f464e453ef72e
a879a1da30c4407aa84b5fea90b60f32,3.7936587,6c74bedaa406493a99988c5b8a47b704
e8731d4569304e1aae79558458ad6797,3.7918181,01690d9b08164fcabd5bf0819754f71f
7002381cfd40489ebf699ce239f95dd0,3.7349424,d0a840820172465f83c8480d571e7b71
780486c1076b4c48a2e7b01053d328cf,3.730593,46bfd7af0ed6491fa621350963d11e35
bfd311fb1c224274b98d99f84e3cf150,3.7291389,d42996c2b67443fd9b73bba7641d4f77
a4f6bb74f2654c17b04bb3fe4c05fd91,3.7265806,d74f6e7abeb84eedb9923dadb62f45f0
3bcea4af010844979851dffe0c194e96,3.724222,0ebc441d25664c91adad96b570270f07
dd893f1f0cc94ae188e1501db4638010,3.7031147,b4150337314e40fb9e3ebb24514504a3
48ac74f9b05a4b4da78a5f6497555631,3.6914437,a0fe3cd34e474c3b90662ce8ef1fcac6
398dcfd9b9434e5aae4fbf7f5752d33e,3.6896145,ff715b4f228443e3b067c801250f3402
ba6e6bd633084e56bb1f91c62afff197,3.6838794,77ac5eb4b3054ca68e2b0dcbd5473fd1
211c5c1ee1d042d391296b95c6c95c66,3.668735,cc21026ff0d541909df56c5618d28518
57dfde028e58407980d373eb21be8e36,3.6671774,965598a17b624a0f9bb1cd58595458a6
565907298304458f80b2f4504ee3473f,3.6630118,82b01998353e4141a7613fdc96d7b600
2f2c1d07f46c48cc9afd407c79405b1a,3.6520476,7c1e02f3ab614e539ac901e5cd3c92d8
d2b5f8ef9a8a42058f879a4e41d8d02c,3.649974,b050e9e1ef5946c297a34dda98d8f476
f745ccee7e2340918079fa1ec6e0e29a,3.6436503,7ab29c5e2f05481d8a69cc479a764ee8
9f6d414fa64347368d119235b14b5cbc,3.6403878,fb709e29755b44988bb252c87a2ce2f3
9e85ec108ce944f69e9225fd35831464,3.627546,156f393f7ca046299e09d05464afa056
34e6f332d53646d38eb22993afc64a02,3.6234717,02cf82700b4f4773af3a14ad8eaa5270
5a9a908d748e4c2eb30cdf4a450e189a,3.6140265,cb85047b65f8468aa02744c28c075dbd
9d68d4254983475b9feb48e30494c9ae,3.6088614,66b0c8a58f444ea0aec34d9403b88a49
0c915913c66d40f6b77e2491b30dfc9c,3.5979962,a0fe3cd34e474c3b90662ce8ef1fcac6
1fa5b671cd0d4cb39567f651ef001e97,3.595512,7cd1db4b50dd41e6b2f3dd15fcab3b89
fcd13888ea3d4c2cba9cdbf3a7d2bbdd,3.5926247,b2be859ca8f24cda86821d5383edbc18
f66b6efba0464f1a939d4ae426b9f217,3.5924277,fd51f3eef1a64d9a93652be481bde32e
ff710f3510b24d89a54afab54c23edc6,3.580925,691acac4a54d450697afb2c2dc4fca09
09a86f7239984e8faf484dba2109244d,3.5804772,4a4eb12a639346b5a00557d54b51fe51
44e0859420c4441d8b2eab856c4e010a,3.5780063,f0695d7e59d64941b510a3d12f801d59
a16486024d12452a9c7a4d88c7fc5efa,3.5675254,6c74bedaa406493a99988c5b8a47b704
0affea27dfd242bda2130ad14ef28bb9,3.5592322,903360099fb644b6b88c6edac88eecb2
c7ddfc6b54294c34a4722f8eaa9b55b7,3.5471847,156f393f7ca046299e09d05464afa056
2ae3d79e1c8641a9892ed31117156c0e,3.5394192,bd2f91a9415049d980e453f94327e0ce
525962b8d45849bf83483c6f246cf7b4,3.5377944,e039a00eae414ebbb2205b011ac127cf
136549c15f3f468ab2ced44ab70b0539,3.5191386,d74f6e7abeb84eedb9923dadb62f45f0
17c07c3077cb479eaba075a5c7f99328,3.513776,d42996c2b67443fd9b73bba7641d4f77
6cc7c613b8ca402b81fb2976f7a8d07e,3.509097,e7d6747e8c8b4ebcb665e232240daf17
366c800d775a48eeb3c735cde3a881ab,3.5063143,6b9b2c8f0a874bb8b6691aca6bc49565
b9500ef3747d4220b748183372d8c2cf,3.4996073,f9fae977af2c4f35b29400f31267e170
3787d8d226fe43acab22bb2c72e2b1dd,3.482996,cb85047b65f8468aa02744c28c075dbd
d9956ba9a7e94d0ca7496d6df99555d8,3.4641829,efdf40eee13d409c9955e5b84e4408f6
244bf3fd283440389af52e02feb70e02,3.453772,1cbfb22f84454b1fb821b602e3ad11f8
a3b9cd8b03da4791964406ffeee48526,3.4354866,6542f58c143446f280e88a6375ccf79a
775b2092579349f6877cebb751ba7f11,3.4173381,9b22c5cdbff44bdabd48dba008e6a3b2
fc06ca8216b146f1811dbd89c4518c42,3.4166975,6a122ce1702646db918266228d48bd08
b707dfaa86a540dd9c3fa75fed4a43af,3.407742,b8ca3b6144cd48208caae952e096e7ae
af18a5f9a5aa45a191a99b4792b127c5,3.4034524,78b600dd53854b018f87267d268b7b1a
00a23ea3107f484f84ca76a6fb313ceb,3.3923993,e9f055a212cd4e5e8601228c37713f35
6f5ef9875cc848bbac020144e710e378,3.3913162,75b0bd2240a54f6fb45bf95ca43ab5e6
11cd11ee574a460989af01777e154c33,3.3911324,156f393f7ca046299e09d05464afa056
a79ab69369744d3bb4d94f1ed2d8c781,3.389892,c8b9a0ac7c214a449c434aabdf6ef770
4866602fe3094c6789fdc1956c616d93,3.3701253,b25fe3b79f714d38b3fc53e39fd84d36
fae3e9acdc1c4860bb50119b70effcf1,3.3670883,ecdae9f36c6a437ea72739febbf1c89c
0aa6a9108b584bbf8d7c94f8d1ba84e3,3.3615904,691a538d2372403fad2b919b48ff5f85
b9135422e0ba43e19be118d0eaae294f,3.3515701,d981f2c67f764e0c84af125b563958e9
a72d6ed397c64fa7ad1aeb46a417fa4e,3.3453565,8a77dc665d8b4d95a0b1113522f7e9c3
e8d0fd5309724c1cbb4da8f5c55ac9f4,3.3428967,4696c8192576454f8684954bc771aa23
34dd2bcde19344c69a51099dd39f23de,3.3411307,5a68e05acea4434ba08e17e1fff00057
b68aafdc6e7b4188a9506c869f83ae96,3.3375504,6a33c207c8b648f680dbd0e65639ef04
acb93c3b67cb4fc8bf222a8468b2b6ed,3.3352685,64f1d63a671d441d9663a783f632f794
4710bc4b3f9547e4a1b836e957787a46,3.324261,a1d8cb16dafd4126922f985021e93631
93cfb01748a246528235d46e95b6b76d,3.3032238,23066f7964874fd39639dbf2cb2766df
6983a79417f9490ca7534cc0b9e72978,3.3020833,4b748d6624144214b3d8a80b37aabde6
cbccb64b48814193a639815717dbcc80,3.2924206,4a4eb12a639346b5a00557d54b51fe51
6ef20b2327be456ebe9d47d6c015c659,3.2902477,77a8b27acb0e4600bb6ff974eabc269c
0d0b25a05a4148d2b15c4f2ac11010e6,3.2866209,b050e9e1ef5946c297a34dda98d8f476
fbffec6a21df44de80e049b741243c36,3.284899,8f285540a9394706bd6ec6cda46c5058
ff0622832e0e48519d375778af4f60c3,3.2766676,7ab29c5e2f05481d8a69cc479a764ee8
db0b5c45c2954d12b90e29ab07c75dcd,3.276617,21b1ded02d7b42618592187e287835a3
b89cf65d34284353a3c517db67021cc0,3.2763512,691acac4a54d450697afb2c2dc4fca09
c11c77b1b50e475e8b0a0df774292211,3.2743597,3257035cc77946d98bdc09e2fdd5cdae
98a56450793d4447a21350dcb38b80eb,3.2676551,efdf40eee13d409c9955e5b84e4408f6
1c8f15d98ac3471fb966536a1bc8e9e6,3.245561,f036aaf4ab714c598a0b6da4ca604136
a202212d6ad9404fbc16c60a7fc73ddc,3.2452545,fb695c097d5845c282f6b30c241e8cf2
17f9d21a0f2849cd89f1718c3052e82f,3.2444096,d79afb377f5349a69830b2b4c7cfefcb
0a8f26e2ff5d462b97d23238e36ae72d,3.241092,cc21026ff0d541909df56c5618d28518
aef3a265256d49af8433aac1b85fe097,3.2295797,5831f5e280be4c02a09ce4588b56d7f3
187f475424d1406a8ea7e10ccd1f13ee,3.2261934,85e7ea30890b456084b8e85c299c8649
e3168a661d6e43b39980289c06b51f8b,3.2257185,aa2d7a3a535243189492d4ce8e79c049
237d880c4172486781ba355b82ab8600,3.2256982,e96aa0967ab94368b381354e03dc40ad
8c4f8ffe681a4951928e1444bf4947d6,3.2230663,fcc9863b07fc4bd5a01fab5b9160eafb
3cb97459e3f74194b27d06def0becea3,3.1869578,c322b788813745e0aa7b592b4345d379
e553e8ada4e4446ebe9a909822fb1cfa,3.1802053,f5a6222612ef406b8f02aef87e08c476
35280441301148638fc4b59eb169c802,3.1771224,aa2d7a3a535243189492d4ce8e79c049
444cddd136524b8792db7fe1caeec69c,3.173883,acee70abee2841c9b67b95e9ed079647
ebaa88d224a746d786a5cf59845ee011,3.1737611,e27d9425c912446e947fe53c4a757375
6bf15791f42e4323bf626650477d9beb,3.1658387,8db9e204b8b841df8fd94eff0888cdf7
8278ffeb4f7e4854a015f434887473a4,3.1649787,700f381f40ce4b039ce0df8b49fb199b
bf3d001275754cb9b2c48df805901d9d,3.1592839,f615619defc4402b82845090c238e597
e046c26587cb42afb43672bc7895ec22,3.1519127,9303b9f7f4984b2dac8aeba8c8da8ef6
7e4c2a881ad24760b9775870c8ec426a,3.151743,f036aaf4ab714c598a0b6da4ca604136
b0cc005e94e04a1da113c12dded0a882,3.150302,691a538d2372403fad2b919b48ff5f85
09234512603c4025b0b0b863e285fb5e,3.1452045,21b1ded02d7b42618592187e287835a3
4d8700f8f8b3476899b9e140d2b572ea,3.1298575,e492ff7fecf046a4948c5ba5631cdefe
b386bdd20171436f9c420013263490da,3.1278565,78b600dd53854b018f87267d268b7b1a
3c400856520e456ebb8a1f9660e45cad,3.1267092,3b13d134762445cebcdbb02b484db77b
6ef03128028e416e929a82f5c819206b,3.1232703,21b1ded02d7b42618592187e287835a3
c57df4a5798042df90a71b4c979df11f,3.123155,c8c201e25c0047a2ba9d9e8541ac0939
b50583d5d6494691a33b4cc22373d8b5,3.1222458,e02ad4f63c8444b79a7a56fb23a4e0f1
41d559a45180411298adc4fbea7618ca,3.110806,de9328bdd1b34adda74a0363ff0a52b6
93851d403349407996bba1dfd7457f79,3.0975301,057164cf4aab45ebbefef3409359cfb1
1bcadb1e071c4e6d82323f31e960901e,3.091931,836ec4ef8df644328ac07b7803709323
ee1a685984d741a18ad44faaa3fc553f,3.0840433,ecdae9f36c6a437ea72739febbf1c89c
b7076c9ed4f545c48deaab51abdc4a6b,3.0839205,ff218cc7835d4b5ba0de22792319050a
12274ca89ccf49bdb0903f80560e3d7f,3.0817409,c9628610053945f4a7998ae48cd70da3
ba4278aa214b4c66a8da0220e99b2014,3.0703416,fcc9863b07fc4bd5a01fab5b9160eafb
65c8efd2131b447d90bed385eeeb91a0,3.0574977,a25b08e008114c9ca0266ce3e55d82bb
ec6e7c2e584c4bd09dc91d1729c2c90a,3.0500174,89597084b19c4902b073a2c6c6622456
b36e14c403c746758111d5c51809e382,3.0282588,b2be859ca8f24cda86821d5383edbc18
1a3959ec40e24329b5c36ae3d8bd148b,3.0113335,d443e0c5017d48d1b3f86bf4da959ed5
f185dd7af4814c9e83eb8e679837ee60,3.0030231,4430d47e30904eab969c1baebca184c0
fa350c4d307c4225b43fde340c1e9c40,2.9907124,acee70abee2841c9b67b95e9ed079647
840de6fde47e4e64916bdd5277bcd173,2.9901905,8f761e1117754656ac86a3a25f241cd7
57a0a47943824bb28d5faf9fe31ee787,2.9837527,9e304a9bbc7b4c22af8025fc93757357
302f7c4fe5f346b7b6f4c5850ccea290,2.9811702,d576e334105247369362b05a375e88cd
6f0406b6deea4302b4e44ece4eba9ef9,2.9800768,eb513691b7a04d31ab1bc50bf343447b
915d79767ad746c99ea804f4b5dbf60d,2.9658933,d981f2c67f764e0c84af125b563958e9
e18211bb1b9a4eb5b5679481523d0c23,2.9541786,d981f2c67f764e0c84af125b563958e9
a2c99cf18b24478a838bc5837a75721f,2.9493985,d4cd0b56b6f54e08aec8ebfdb6122c5c
ab6c85b8074c4edcb7f8d568b142ef98,2.9492311,1543a2f94aa74008914301874d98f0f5
980e4d1c5fe143498514e41d3c6501b3,2.9383364,eb513691b7a04d31ab1bc50bf343447b
b2bd065cdfc748af858a6b41f0be933c,2.9244938,31b69f9501c4415e929b6af28c83f6a6
0681f461c4ad4ee699a843df5ab30607,2.9244816,dc58564d0c8540bea4f3e2e3696deae8
006744853c1a4bfd9d39aea6556c7be3,2.9161696,c0cb721b56f240dabf7f464e453ef72e
1c0be8da9cdf4be8973e0cd18f5f8ebe,2.9140286,779d7c2bad1940c8a861451964e1ce01
e10cdddb573548c0bd3d9eb0cef37f37,2.8991568,d0a840820172465f83c8480d571e7b71
2cd2c87b068749a492cdd369cb60ef9a,2.8953152,fb695c097d5845c282f6b30c241e8cf2
9d3679e8828845c6be8f7376e953d216,2.893854,82b01998353e4141a7613fdc96d7b600
ca6f0e18c75849428e7dbe14c1403841,2.8929212,c26f5e7dcc8149f18f3d719bba9ae717
9b5cafae0dc14e9ba24b5c6db5381eae,2.8871815,23066f7964874fd39639dbf2cb2766df
2eec5eb123e343b89370139c57a3ef13,2.8853512,19c9ac7b84df472c85ed6cf5a05fbbc6
f1015462e69f41ea9a9c663ae07f13fd,2.8851123,ad2109663af04c549385cd2ab9b3283b
f68b3be7e23c4f86addba549e41b9077,2.882329,9b22c5cdbff44bdabd48dba008e6a3b2
f4a11d6e649f44be960bbfc9a5aab7c9,2.8818138,b25fe3b79f714d38b3fc53e39fd84d36
914e224085a24a7c87db637c208baac5,2.8814735,6c74bedaa406493a99988c5b8a47b704
1068628f10b7400aa4e87b04d24fd803,2.8507864,3257035cc77946d98bdc09e2fdd5cdae
9d11c4d6d3fd48a6886629be4969f055,2.848034,a0fe3cd34e474c3b90662ce8ef1fcac6
6f8c1d69a43c4848bf3426c02ae5b938,2.8456862,f9fae977af2c4f35b29400f31267e170
3c6017018cff435f8a15557ec2740321,2.839464,85e7ea30890b456084b8e85c299c8649
1f487d592adc46f1ba935a923c34a9c6,2.8323095,7a4c413f5c844796bd5ffed2b65f0336
05fadc86cab04c70ba18949f1163cea1,2.8121314,0302e7dde9074dddbbbdf85e9be57901
c492188137ee4adab179d07e9473fc40,2.807094,eaca056cec224a30aaaed30c39f644c2
e30148a8fe434f3eafce6f2cce757060,2.790052,9170e0bb8fe44b309f83293808d871fe
43bd347a4d5e4c8c82b41970f2ddfc02,2.786601,37337ebec05640b890e4b9612776c32b
7b77d3c7e5fe4d2abc10ed7f00ad4e1f,2.782455,ec281224f8ee419ebde676f291672aea
65b7a423fc92497086fe55ce3a85dd55,2.7796717,99142f1c07cd4782814f8c970eaaa40a
06cec2d499d345bc9c033032d765acb3,2.7796462,779d7c2bad1940c8a861451964e1ce01
e99926e33dcd4f4082308eff2e38da35,2.7793875,88dc23909eb4415aa39b96cc3a4c2926
fe175ac3af5446a582bc555f10723923,2.7771606,691a538d2372403fad2b919b48ff5f85
8819510944174ce28e7b0d3e9d8c9fe3,2.7631648,691acac4a54d450697afb2c2dc4fca09
f40346321e624c7caf2e7586b7254203,2.7626338,2425086d8eaf44d2a9519f0e4e6b289a
d989c36a82a14c81ab2fe8b49f3c94f4,2.7596917,a1d8cb16dafd4126922f985021e93631
68f3223d477e4e1cbe3830412674f8f4,2.7560472,ad2b6fb945714e6792c17bd49a1066e0
73bf5efa54504a0186bd7a13def281d6,2.7514634,bab3bdc133384798b558f8fb6466a7fa
06435a3004794b68b31f4c445a06fe71,2.7344165,f615619defc4402b82845090c238e597
13c651889f50420d9c7adaeac0c211d8,2.7263908,d42996c2b67443fd9b73bba7641d4f77
5c189d9231904498a16870be4936df4a,2.7234652,cc21026ff0d541909df56c5618d28518
ba7add48a45e4ff8947f8a846082bf48,2.7223694,4d708e5878784386a42c2f436d2d60f0
d41cd804abf94f759a1f7e6da3cc6758,2.7140498,e456afdf95e643dd926249fec4d68753
8d0f508b17b140db934bc95a70c06411,2.7074175,78b600dd53854b018f87267d268b7b1a
96427260d7a740dc8e8abb4b879ac84d,2.6992579,4d708e5878784386a42c2f436d2d60f0
ec947b46f577485bacac003c668ee2b8,2.6944234,d74f6e7abeb84eedb9923dadb62f45f0
1c3bb67f3f4d455b86905cf93be96fe2,2.686902,85e7ea30890b456084b8e85c299c8649
1db0071ef86044f094e7faa2720a4ca4,2.6855931,d331012ecf0c40888e0ac290184f0883
81506e59f5b54c66a3459e47c2bad700,2.6759555,d6fe6f8380464e21a27fd69de27f1f57
a2be1094a2d64ff78445a42b82c28a63,2.6758196,d74f6e7abeb84eedb9923dadb62f45f0
b89108d9803648fab3137eb2d150c208,2.668346,d27cfea4da8f445fb4e3c55e53c6482c
b3cc119ea5494c5d93fbf4b7d29ec6e6,2.6522732,19c9ac7b84df472c85ed6cf5a05fbbc6
1c017d16176a48e9a899ed772d5ff4d9,2.6459122,1543a2f94aa74008914301874d98f0f5
ac7a9829a2a24b3aa81bebb2785533ef,2.64577,8f285540a9394706bd6ec6cda46c5058
17176251386d48d798eb18eee7208273,2.6446376,46ba0b979a664c7cb0c315c4cde6ac86
0c553973fbe042a7af2110e0a2fcdddd,2.6443133,bd35571850644321b86ce4fae286ce7d
a868fa08c4994234bd1947577c34c2f6,2.6398556,b050e9e1ef5946c297a34dda98d8f476
53487bcf5c684dd2ba470bf89947f7d2,2.6291256,5971501b0e8b4ef5b203c3985d7f5e88
2a8517391a58458c8b4054fc225e976d,2.6282532,bd2f91a9415049d980e453f94327e0ce
30bedeca60dd40b78dc5e6d52d6af8a8,2.602056,acee70abee2841c9b67b95e9ed079647
7a18d92954ca495a937856ac7ea4d263,2.6020374,564a84b1b830407e811bcfc7fd086a6f
2ef6a38c8e514fb1b98b9cac832fdd14,2.6014278,8aadcf7251724cc6858dc0db44abebe3
6365bc21f6084ccd8da4d5c6afb8b26a,2.600256,2425086d8eaf44d2a9519f0e4e6b289a
07ecb7f8a5f642e98200ac37c34425a5,2.6000614,0472051dc57d43f8b9dd08df475fc4a3
3e3a44c2636246edb0f9c1d8f041d873,2.5999463,650afb6a1d054e59904a1b796552eb04
d060627e97d244e99da1e44ccf7d4a91,2.598522,5a26ae7959494fef99542e9b2004fd11
66f2b56505bb4a009232e327041bcff4,2.597042,5a26ae7959494fef99542e9b2004fd11
7b844c15f35e4db9b884e79c271e87f9,2.5940695,a585d23fe43f459ba86ac15645af77ff
4cf01329838243b998a06d2ffab76517,2.5910625,99142f1c07cd4782814f8c970eaaa40a
ca9d736b288240819d620ec83c0b3f3d,2.5882237,8f761e1117754656ac86a3a25f241cd7
40ef7a281c80494686e90001c1421dee,2.5879676,ff715b4f228443e3b067c801250f3402
6555bb324c1c434ba6f2beb761ab8f1f,2.587449,80921378de2b4cd3a14d449688d8b079
722ce5c8bc4f4e07b309329bddf66d7e,2.5836873,80921378de2b4cd3a14d449688d8b079
4cf647a905be45e5b1b81a0559d834d9,2.5796473,fcc9863b07fc4bd5a01fab5b9160eafb
3b54cc7ced814b6cbc6dea86f09aa770,2.577765,ed9b10a2879742628fce003076ef9024
6bfc7764438f4a6caffc2e8225f5545a,2.5747197,d331012ecf0c40888e0ac290184f0883
7e29ec4675ab4e1cb521e69e6de49dfd,2.5684571,e45844e0215f4a1596a7f9ac41367c46
9126864790e8431db0440435469417cd,2.5639114,7ac9c94011924c09b47f9640211885a2
d9b3a26c8de14ab4ad2a779d31b4f01a,2.5546103,a585d23fe43f459ba86ac15645af77ff
56f20fa9e0904380b48d10ec3d81950e,2.5515587,ff715b4f228443e3b067c801250f3402
ade56895f4dd427b8c4477aa940dc716,2.5510745,e52a528036014db0a7bd54b99a310fe8
47b8aa81feb6443088dc32ba9aaeca66,2.5499482,3257035cc77946d98bdc09e2fdd5cdae
ddfb9bf3e876482b994c7955230bcda9,2.5218139,5a8cc5ff28fb4359afc7e9fcbf3bce55
ee6a2cd2075841c6816e41a54637aa9b,2.5185661,ad289d5052264f9c8bd0aaf9faace92e
f8a46af09cee4fd4a9c2ffe00e109f28,2.5170557,6aaae524573f477f8fdef0b83787cbee
d61fa8f9c09d4aef95f64f941a957c96,2.5111756,640f3bd184b7425fb22cc7773b8b2244
ec892733179f48d7b907594ba63d8431,2.5054402,d79afb377f5349a69830b2b4c7cfefcb
d7cad8025bcb4868a7196c152770ab3d,2.5024066,fd51f3eef1a64d9a93652be481bde32e
1ca503912b5b4d3c84d0c34c0ec3f38a,2.4977436,4d708e5878784386a42c2f436d2d60f0
012773cf6c104fd8a7ded7f346c0a261,2.4971213,d981f2c67f764e0c84af125b563958e9
650d5c180a444d6f9e8b7d0e2bac56f2,2.4922824,9e304a9bbc7b4c22af8025fc93757357
b7ebc3098f284cdc8a70c21862a74b00,2.4893682,73e7e41e8db447c09cb2363d76556c64
38f1d87fba9e41ce91c3db2733f683f5,2.4878652,a0fe3cd34e474c3b90662ce8ef1fcac6
794516c691a54f63a105c96bf716febf,2.4743748,1c97c72e076f40fcadb22b17e71beed1
7831dfb1e07e43dbac524b0df5c28053,2.4734125,d443e0c5017d48d1b3f86bf4da959ed5
1080188fcae241b4a5c7649114dafd64,2.469439,5971501b0e8b4ef5b203c3985d7f5e88
a3c8a08e370346b095ed986fc19f420d,2.4663546,89e43b092c844b5886a93091a22c894a
9d9d4a9695414746b71566692311e57b,2.4623327,cd60a0fcac24465a880af7d8f921dd68
9e769043a2f5480e8f0bde6e83caf70a,2.461653,e02ad4f63c8444b79a7a56fb23a4e0f1
2d641fad427d4884b7624102a50d5edb,2.4453886,5a68e05acea4434ba08e17e1fff00057
de7e2ebef31a43768b57de371f2631aa,2.4411852,057164cf4aab45ebbefef3409359cfb1
f5a036940f0b4b219a4903d8efd2cac0,2.4232802,5831f5e280be4c02a09ce4588b56d7f3
6f19ee43f25e4a01adfde430ceb68864,2.4213557,9303b9f7f4984b2dac8aeba8c8da8ef6
0d4e1854d2f24a18acc550c6afc2fda2,2.4108315,0f9cc12519eb4872af7be7fe49e19f59
2c5c1b245a194f81a943ef372c580853,2.402934,01690d9b08164fcabd5bf0819754f71f
8a96af0f20f74b209326dd750c56a2f3,2.4022465,0ebc441d25664c91adad96b570270f07
8505b6622aed4fb0aeece7e02c0fa748,2.3992171,4aa3556b2aed469584c573868193a07a
11ba79f894d048f9b56685491d4f3282,2.396939,640f3bd184b7425fb22cc7773b8b2244
ef3589381bb34e74bf3f0f4479614d70,2.3835897,1b4e143cfc1648a5b877d7445446366a
05695e1694384bd79b37246fbab26b35,2.3804696,965598a17b624a0f9bb1cd58595458a6
3e7d386674184d34bfa0757dab4b3681,2.377956,700f381f40ce4b039ce0df8b49fb199b
70c5d0168ece4f13b8553e469845fce5,2.3770022,c0cb721b56f240dabf7f464e453ef72e
07d706541ba64a5a860673ea0aff78bb,2.3700361,3b13d134762445cebcdbb02b484db77b
cfe22b04c2604c1fb386b852e558744b,2.3597245,ff218cc7835d4b5ba0de22792319050a
e15d2b4a689545309a64bd4d54621cbb,2.3567064,89e43b092c844b5886a93091a22c894a
6bc08caeb482448c85c44c89c5fee7b8,2.3551984,4aa3556b2aed469584c573868193a07a
d8da57bead4f4bd8a90f916f7cd032ce,2.3533401,5a8cc5ff28fb4359afc7e9fcbf3bce55
70eae43486ba469e9dcabff502a498ba,2.338126,11ec23965d2941d0817082107996ebbb
f9a7d6299ae54cb8bc2e6ba1b878f8cf,2.3179045,e27d9425c912446e947fe53c4a757375
ed96d522f1d74dcb9a41c80634f5abe0,2.315744,d0a840820172465f83c8480d571e7b71
ad13a71eb5594e529ad80ed59082fe17,2.3132377,9303b9f7f4984b2dac8aeba8c8da8ef6
7dba9b481a53475cb2f9bb524154fa97,2.308912,75b0bd2240a54f6fb45bf95ca43ab5e6
9e2872646e314b1f97e9cb135dccd315,2.3071144,92d5da561f5a41bf929f3555a74cd653
356781d87d504d789e58fd87a987a67d,2.306042,fe6ace599de44aa19b1773dad3658fee
b593c0100abe40c4a0204ad40b73080c,2.3006315,ec281224f8ee419ebde676f291672aea
44b833375c854450a60b5f4819e94466,2.2984488,d0a840820172465f83c8480d571e7b71
3fc67f7f85a74c5b9c118cbf60e96ca1,2.2978394,983940e0b12e4186a281c36de657406e
cadfda09774f4983a79a1c20a77a7b6e,2.2973008,678725f8b914453fbc1029b7c1bc0879
c2732f3b888345afb3c5116a10cd9896,2.2844424,e27d9425c912446e947fe53c4a757375
1b136bc276a84642874e1a5427cac81f,2.283884,e7d6747e8c8b4ebcb665e232240daf17
3cb482f381eb449b99a6b9b7707078b2,2.2786758,9303b9f7f4984b2dac8aeba8c8da8ef6
2662ae81f6a6414cae732c72ef71a9a1,2.277471,efdf40eee13d409c9955e5b84e4408f6
b48f5f444c3140b38a8e756e57fd042c,2.2759867,9b22c5cdbff44bdabd48dba008e6a3b2
cbd8f182af0646f2a5d514de46872f05,2.2622547,a25b08e008114c9ca0266ce3e55d82bb
eead86464fcc47c9a4330692646f0973,2.2585092,1216ce1ef31e4643bb1222538c206342
b4606932b1e94119b460652c11647413,2.2571344,1d47a696eae94bd29f215a4787b27d8a
7e211c9e52254e199e0deca74afcc524,2.2552378,bd2f91a9415049d980e453f94327e0ce
2c5e568a58a646b7b291350b7145e317,2.253183,88dc23909eb4415aa39b96cc3a4c2926
f792d5fbc00c47c59ce1791351c39504,2.2526817,1fde4c9a01f84c349461083b6d0ba9ed
3723741c22a347c7a622bec61ab94d3f,2.2512572,64f1d63a671d441d9663a783f632f794
a5f7a2fd13b64df595ec85f5354fecde,2.2469287,3257035cc77946d98bdc09e2fdd5cdae
4dd9cf8a1b2348fd81e6ed73ea81c716,2.2401807,78b600dd53854b018f87267d268b7b1a
a1940599db974ded9752d1567b236c42,2.2340336,c8c201e25c0047a2ba9d9e8541ac0939
4483d9ae441d4fe1889099eb3acf1676,2.2323065,c8c201e25c0047a2ba9d9e8541ac0939
b4aed3fb5b3f491b99ace5c051b75eab,2.213346,7ac9c94011924c09b47f9640211885a2
c1c018ca07df447caa530adc78d76736,2.2101588,6a33c207c8b648f680dbd0e65639ef04
90f24532a2864b7aabfcb8e5d5dbce72,2.2088962,46ba0b979a664c7cb0c315c4cde6ac86
580c0c6a3cd6416cb6654f177ff2498a,2.2073274,9b22c5cdbff44bdabd48dba008e6a3b2
fb7510f9799745e8bb2d730dafe50aa4,2.2026093,e25b9d9944cb4d7197efb8ffc4ff57a1
061948a87df34fb3b077070194c1119c,2.1988165,1f8c0f02984e4139bf8043e57497fdb2
9267609a976547b19a2cc08683835f4e,2.197791,257aed6ca7a44f1cb5c664beb1be527b
71f93aa94339483884743fd218725216,2.187367,9b22c5cdbff44bdabd48dba008e6a3b2
a1855c7563c54b5c86e2f73c5fe9f8d7,2.1851923,640f3bd184b7425fb22cc7773b8b2244
fa3faa7dd3774c2681f4c5b7527b1e78,2.1837273,965598a17b624a0f9bb1cd58595458a6
5d32b941bc394464a6da8d1c78aeb3ef,2.1740086,11ec23965d2941d0817082107996ebbb
6475f4fbc11942b8814094002d1133b9,2.1645057,a6a551a308b9442f947ea0608ae2c3fb
89d4dbe124c14550a38f6790a02abf01,2.1587534,1fde4c9a01f84c349461083b6d0ba9ed
2fd5284523f24eb1bae1d9e857c61d4a,2.156287,ff218cc7835d4b5ba0de22792319050a
aaff66d83c1441cba7531bde3e46f124,2.151517,1216ce1ef31e4643bb1222538c206342
a306a4b51e064a1daf8766259f6f5c19,2.1509547,c8b9a0ac7c214a449c434aabdf6ef770
c8a6cf1a44fb449b9f338991907da389,2.1465127,89597084b19c4902b073a2c6c6622456
6a9e4d855e3944719a49f41d3f30b8d6,2.1445365,faaac88748714ce8a99413b952a1dac8
fccd86bf84054e46a65b37bb8808da7c,2.139129,e492ff7fecf046a4948c5ba5631cdefe
f52e6b02fcbe40089962449e4b4968db,2.1372952,cd60a0fcac24465a880af7d8f921dd68
33d76c41516a4e5aa8c5b3b16cc6c6f7,2.126908,e7d6747e8c8b4ebcb665e232240daf17
632d5d8462f7480ba8e1873292371b3e,2.1251988,6b9b2c8f0a874bb8b6691aca6bc49565
a8a7550acecf4436939c03b7e74ec8a6,2.1111183,cb85047b65f8468aa02744c28c075dbd
d0c34b42e0ea475cbec6f473103ce609,2.097995,e039a00eae414ebbb2205b011ac127cf
68a1587934b74c2aac31a790843f3b56,2.0809567,e5692bd498004d32934fbaa05af2120d
c350ff1ea49c4547b89b09403669a4b0,2.0786502,4430d47e30904eab969c1baebca184c0
40d03471812c4f0398b4551b5f116068,2.0674734,fb695c097d5845c282f6b30c241e8cf2
61353a38c7e14c49ad888ed8da7d282b,2.0649498,ed9b10a2879742628fce003076ef9024
b9e0a43c19a04981af4a6dbf15166196,2.063984,aa2d7a3a535243189492d4ce8e79c049
e9f85a6880484c3a82685b170d052a51,2.0552773,d0a840820172465f83c8480d571e7b71
37a0d209e50848efb76d08c3f22eb3bd,2.051888,d576e334105247369362b05a375e88cd
e327090a663242caa64ea6482dabfd29,2.0444803,5a8cc5ff28fb4359afc7e9fcbf3bce55
25dc04ff2b704b6f9229ad7cb91efc99,2.0380049,2425086d8eaf44d2a9519f0e4e6b289a
22a3289b29c9411cb2777c5cd4b454ab,2.0376182,ecdae9f36c6a437ea72739febbf1c89c
1d9521ba2b624c7aab43f311872c1d09,2.0374978,983940e0b12e4186a281c36de657406e
91c1e818e83d4b929c7b35f910b68663,2.031815,a25b08e008114c9ca0266ce3e55d82bb
7c4376eae79f4bb992d0bbb206eaebc1,2.031564,c322b788813745e0aa7b592b4345d379
b0428ae75a7d474bbf2e2f440fab50e9,2.0278273,e492ff7fecf046a4948c5ba5631cdefe
3ce8d2e955bf406c8830f97658207859,2.0268319,8f761e1117754656ac86a3a25f241cd7
d783d92ce7464edd930cf3e6a5a3ec9e,2.0196986,5a26ae7959494fef99542e9b2004fd11
4bb46186bb5347c793ef12b4397ebcd6,2.0194461,6a33c207c8b648f680dbd0e65639ef04
6339e9726a4b4ebaaf1b22a56c33b779,2.010655,564a84b1b830407e811bcfc7fd086a6f
45e4e8abcc7d41019873e9cefcf22239,2.0044675,01690d9b08164fcabd5bf0819754f71f
f023a1ec2a5e4947a0c66be38c5f67b2,1.9994407,7ac9c94011924c09b47f9640211885a2
c50c1d8eb4024bf080812d01310eb133,1.9936335,c8c201e25c0047a2ba9d9e8541ac0939
5fa7699fd07e48f29a259e9b1044fab6,1.9872369,d4cd0b56b6f54e08aec8ebfdb6122c5c
e9b290a94aa44b1dbba67ba62b5153ac,1.9854655,27eee82d7fb94b9b8b60bd3101187496
4b6eb18ba8244091a7dab36a9dd58d87,1.984463,f5a6222612ef406b8f02aef87e08c476
7bdcbc60a1354e079289b50702cced90,1.97804,5971501b0e8b4ef5b203c3985d7f5e88
da548115b6564ca69d846f3ea8615b6e,1.9702816,e96aa0967ab94368b381354e03dc40ad
65fdb46393a34ac699da17059ebaa6cc,1.967336,f9fae977af2c4f35b29400f31267e170
703c375bffc346788123e8e9d957db42,1.9569571,bade01bd83ec4b6786fd8c867ca7a090
278a6d1334d949ac865e60b6199bf59d,1.9503546,a926df6d7fcf4b17b68dae6f41fbce66
6b4034f8415244f88296cacd28edca37,1.9321177,8a77dc665d8b4d95a0b1113522f7e9c3
b1c2cf26538045169885251ae1a1100c,1.9267193,7ac9c94011924c09b47f9640211885a2
3464f002cd954218836b9014bcd0c620,1.9254855,5a26ae7959494fef99542e9b2004fd11
3d87a00da06642ab94224dffed6c2ef5,1.9247721,c9e2e76e631c4d0a8013d90892350e06
0c2f43def73f4f3a89a64828f97dde43,1.9199698,a6a551a308b9442f947ea0608ae2c3fb
062dc7df9c4f430f87502fe7eadd5d7e,1.9197032,89597084b19c4902b073a2c6c6622456
8159d92e267d438e9012e936aa5fb15d,1.9188006,95fbc6ed8bfd43c1a6bcf676e26e7f8a
7a81a74f4b0e49839c3fbcfd7ad02560,1.9157045,fb709e29755b44988bb252c87a2ce2f3
f46543478e9f4f0bbb721b47a528562f,1.9034774,f036aaf4ab714c598a0b6da4ca604136
0b7bef4f00bf42b0ac6d5e824b04daa3,1.8964208,903360099fb644b6b88c6edac88eecb2
a5d7fc13c59d4aef8d24e5d15dfc363d,1.8892283,4d708e5878784386a42c2f436d2d60f0
e7484e33c0004b31996c7062d82f4819,1.8811052,678725f8b914453fbc1029b7c1bc0879
08fe7d5213ea41ebafdb17d60eb36a97,1.8802961,c9e2e76e631c4d0a8013d90892350e06
96c624bf03614499b399bfbb431f5b98,1.8792357,6c74bedaa406493a99988c5b8a47b704
7f23a0de3d6649fbaa67cb1b2dae2289,1.8762518,ff715b4f228443e3b067c801250f3402
c67c378aa42248cfab4b61e502027a8c,1.876118,9e304a9bbc7b4c22af8025fc93757357
8db2bf7ef1ed4e16b8f31fc7a9ad0e9e,1.8750145,fe6ace599de44aa19b1773dad3658fee
455cb638bfe54346b07d85d63df40847,1.8691407,92d5da561f5a41bf929f3555a74cd653
b615eb75fd0545b397a63d7c6a86c4eb,1.8655808,ad2109663af04c549385cd2ab9b3283b
ad016f4559a0419297dfc6da2a37349e,1.8616364,526ab7eda50e4a239d03ad505832d61d
6fe5e86e29684922a7b66985a0abbe4d,1.8605092,c8b9a0ac7c214a449c434aabdf6ef770
7975ca7b6008414e8bab9d135c53eb59,1.8601066,a926df6d7fcf4b17b68dae6f41fbce66
2090b42e4121433892402ab5724a805d,1.8582119,27eee82d7fb94b9b8b60bd3101187496
7b5270f3124740838e60c375f3003665,1.8556097,691acac4a54d450697afb2c2dc4fca09
b24046864bc341499137c0e4a5d92315,1.8548474,82b01998353e4141a7613fdc96d7b600
9d91a50f84cd42d999f13adae10c4a0c,1.8504207,bab3bdc133384798b558f8fb6466a7fa
73cc10e747ca46bba886d9939cc3b768,1.8485672,691a538d2372403fad2b919b48ff5f85
8ece6e92c7c541a2b5f597b12b7e0f92,1.8457229,82b01998353e4141a7613fdc96d7b600
9f3b0cd053d04311acf31077db03f489,1.8399572,cb85047b65f8468aa02744c28c075dbd
ddd74ab8b91e4e3fa6509838de7e33d4,1.8392825,e25b9d9944cb4d7197efb8ffc4ff57a1
e212caf6ce0045358ab77835c78ae98a,1.832654,7ce06191f1114b4c8a00609f6867761f
b3d0e1f27a4c4d9dbda5877bde3bf232,1.827636,9e304a9bbc7b4c22af8025fc93757357
8b5c517e199245b2b9ffe9601e9c5fd8,1.8257558,92229a391d0b418f87b32c86c42a292c
6febefdfecdd4d6dbe493b2dab3579b0,1.8235147,156f393f7ca046299e09d05464afa056
0f7f319e6bfb4438a4746cfecb70a08e,1.8190442,855b3971c4a147cfb9a7c281fa6b915e
266024fef71d4c25a73f93db3af86fa7,1.8062893,46bfd7af0ed6491fa621350963d11e35
a0720ed891c94750a6be596258ee3d43,1.804401,678725f8b914453fbc1029b7c1bc0879
1f2e192e12674543860d4dfb5ccbf818,1.7999154,d6fe6f8380464e21a27fd69de27f1f57
454132982ecd4d5e9e6ed9c9e33f3433,1.7962897,257aed6ca7a44f1cb5c664beb1be527b
e263f6646da54395823572d53a7be6e9,1.7771299,58db4c3a26c84fa68d81235d078208bc
a48cffbae43148f292d3a78837fbd4ca,1.7718968,efdf40eee13d409c9955e5b84e4408f6
b3d1c6603e6a4f05bfe265607ea252ba,1.7465837,e02ad4f63c8444b79a7a56fb23a4e0f1
142160eab552419292c34bfa817ab146,1.7458892,0ebc441d25664c91adad96b570270f07
0a0d970d0884494391ed2a3bb2f00b54,1.7449608,92229a391d0b418f87b32c86c42a292c
040e8b18e27848cb8d0850a0dcb7a77b,1.7343415,e039a00eae414ebbb2205b011ac127cf
86f3189426a749d5aa5851a9514f7a36,1.723868,ff715b4f228443e3b067c801250f3402
d3e12207d56644628943a01c0cdd93ed,1.7228699,1216ce1ef31e4643bb1222538c206342
9aa12e538d0c4d89ab849afde0b92d65,1.7226993,c88be17376104f999b914a91aebf7220
14251437e9d7466c9909622c9fe454a4,1.7204282,257aed6ca7a44f1cb5c664beb1be527b
3eb1fed1bfea482687c433b63ad56eda,1.7140254,efdf40eee13d409c9955e5b84e4408f6
eed22afb847c47abb46b07ec48d1b679,1.71226,c26f5e7dcc8149f18f3d719bba9ae717
61e6eab2c60042858ee62e5d01968ba8,1.7110033,e039a00eae414ebbb2205b011ac127cf
3a53b02d11d74f9b84a71811f607d433,1.7074001,8f285540a9394706bd6ec6cda46c5058
9644dd0795c64946bd689d24d80536a4,1.7066818,a6a551a308b9442f947ea0608ae2c3fb
1724b0e2e9bc4a61a23d4f7082b1d3bc,1.7064323,ec281224f8ee419ebde676f291672aea
5db16d2af83a479d85d0755051ccebb6,1.6988027,b25fe3b79f714d38b3fc53e39fd84d36
aaba5fcdec244fc79439dd67ba8a495d,1.6982718,e02ad4f63c8444b79a7a56fb23a4e0f1
8a58d56cfe3a46549a16ce3a0f3daf0e,1.6956224,bd35571850644321b86ce4fae286ce7d
f74645ebd6e74b0a8ca70c4a1a983295,1.6880845,46bfd7af0ed6491fa621350963d11e35
9385f152b6204244bd58c6107f500381,1.6878042,9303b9f7f4984b2dac8aeba8c8da8ef6
d4cf39f8ba7e4a92b4ced7faa1218229,1.6859709,e492ff7fecf046a4948c5ba5631cdefe
4ce3fea9e2ab48ac805aa7b46f2cfe73,1.6823933,2425086d8eaf44d2a9519f0e4e6b289a
43d1998f5950428d94f74e0f6227fc3b,1.6803674,92d5da561f5a41bf929f3555a74cd653
6978d19475ab49b1ae3acf443710c48b,1.6799461,6c8a24653ef04f559b88e0f27c0df63a
0237bcef8eb845aaa48b53436a3ea75d,1.6784186,eb513691b7a04d31ab1bc50bf343447b
7c79c3280c0f45a693fefbeb30bb648d,1.6774142,3be388c9ab614bceb086c19f70df23c2
3477cf6029bd4abb97d2bbcc6c11509b,1.6770875,1216ce1ef31e4643bb1222538c206342
f7968b9dc2674ffd888bfbc7a86342d6,1.6752374,1543a2f94aa74008914301874d98f0f5
d8c0f66ffaf94373b23b46444c5acb4f,1.6634282,156f393f7ca046299e09d05464afa056
748b2df793c94a6fa92094994cbc50c7,1.6619208,89e43b092c844b5886a93091a22c894a
00aac7746e164d80a6a257d31925297c,1.6589493,1b4e143cfc1648a5b877d7445446366a
a35d09d1bfff474a8029dcb3bbbd32dc,1.6569307,e5692bd498004d32934fbaa05af2120d
5209a952bb1a4ac991ae51e8a3e9abdc,1.6554828,1cbfb22f84454b1fb821b602e3ad11f8
51ece51608b24f22b0e8d026f5e403b3,1.655129,983940e0b12e4186a281c36de657406e
405e667675254ffdb3e8cb25813e586a,1.6490605,e456afdf95e643dd926249fec4d68753
5f47f156e8204f808cef8696d1f8920a,1.6398598,5a68e05acea4434ba08e17e1fff00057
5b6f7847212340cfb461967cbfd411f6,1.6388168,0f9cc12519eb4872af7be7fe49e19f59
fb4a9db6c94f4a49a12fa4071706242f,1.6386776,f0695d7e59d64941b510a3d12f801d59
4d11f7b70f1b430697bde44deb6f6e8d,1.6345874,f5a6222612ef406b8f02aef87e08c476
0fcfdcdd99c34d2f8c849839febcbeee,1.6299332,9303b9f7f4984b2dac8aeba8c8da8ef6
e0fce1d752bc4668a62db48ad4b8de4a,1.6283684,80921378de2b4cd3a14d449688d8b079
e3ead164dcbf45f98cbf23bb77a3d989,1.6213367,64fa5ce839ef406b9bc8a1b2f05094c7
b0f8acbb976643b7b4c8736a8d7305ef,1.6203775,0ebc441d25664c91adad96b570270f07
dbb7cd57e11848d399a156605f0f11c4,1.6185398,17cc6768c9d14388b7455fea0060b62c
6eeb265798ed440e9feda4d09e043bf5,1.6140971,156f393f7ca046299e09d05464afa056
a9a64390a549402a87d7334ff62aa560,1.6053306,73e7e41e8db447c09cb2363d76556c64
e35fef892ba84f8cbeb63132b6f7f094,1.6047597,4a4eb12a639346b5a00557d54b51fe51
2b1ae0f0956e475c80e1ba5ca01abe84,1.6034493,b4150337314e40fb9e3ebb24514504a3
347c303d1b5c48f9a21e9432327258c8,1.6017073,27eee82d7fb94b9b8b60bd3101187496
6fa6aa705e9a479b9435e2367955056b,1.6014199,d6fe6f8380464e21a27fd69de27f1f57
5b21a17866f54dfa8e63c58219851a21,1.6013021,d981f2c67f764e0c84af125b563958e9
65654ba4d0d241cea5f12740d725d0ad,1.5995274,77a8b27acb0e4600bb6ff974eabc269c
fcd022d73a35405ab8a38d11dd06ff4e,1.5984694,c88be17376104f999b914a91aebf7220
5ccfffd900a1434dae33727030983cc8,1.5976695,75b0bd2240a54f6fb45bf95ca43ab5e6
94c480de369e4fcab0aee54d6543f90b,1.5866597,630edd9b8f754b5dbd36cfbbd03ccb51
4c0fd754fe344b9ba99a09a70be831df,1.5864553,f9fae977af2c4f35b29400f31267e170
b4e94218abf54b0787b1a6e1191836d3,1.5859585,e456afdf95e643dd926249fec4d68753
3710bf2a11584bf098b45d14f2308ef2,1.5800002,ed9b10a2879742628fce003076ef9024
93804e9078864c70b27336ff52724af8,1.5786668,92d5da561f5a41bf929f3555a74cd653
dd7aef966c97433eaa394c033bd3ed81,1.5712662,e27d9425c912446e947fe53c4a757375
95cfdf88f92e45f9b81a755fb1718759,1.5657525,58db4c3a26c84fa68d81235d078208bc
132d0c20f3274e85bec13d5c38962750,1.564951,8a77dc665d8b4d95a0b1113522f7e9c3
646d3b40f16d41d0952ee2bf74fff6b3,1.5631888,eb513691b7a04d31ab1bc50bf343447b
882f017418bb44afad1448d9640bd967,1.550326,7ce06191f1114b4c8a00609f6867761f
74ee886c358c466b93e307e28af9d52e,1.5459851,7cd1db4b50dd41e6b2f3dd15fcab3b89
e42fa7d6b7134c18be1ea6c41a504057,1.5377355,650afb6a1d054e59904a1b796552eb04
4fb63b6f9f8a48dc921c53a21d354a0e,1.5355113,73e7e41e8db447c09cb2363d76556c64
51e58e676c6d4b22ac3950bcd82a8417,1.5316973,fcc9863b07fc4bd5a01fab5b9160eafb
ac2d96b937b24483be886056bc0c2b67,1.5308744,23066f7964874fd39639dbf2cb2766df
3cabf7db885244c3aef797eb94b75b3c,1.5224829,17cc6768c9d14388b7455fea0060b62c
bc216861a2124a6b9cd42cda34629f7a,1.5144453,257aed6ca7a44f1cb5c664beb1be527b
bf4c4007f57a4055bcb4d820c06d7ca8,1.5116509,d74f6e7abeb84eedb9923dadb62f45f0
0a6d5cd06af2452ca1b3a4657d9e0767,1.5111994,d331012ecf0c40888e0ac290184f0883
45fc0cc071f44aa5a4f55b6521959f82,1.5110337,7a4c413f5c844796bd5ffed2b65f0336
c46143f6691f4af38d4779e21a33f827,1.5096006,01690d9b08164fcabd5bf0819754f71f
f8e19b9e878142969c95441f15b0da57,1.5053493,89e43b092c844b5886a93091a22c894a
7e7a88a994dc4039b1e34409009b8f84,1.5045737,e27d9425c912446e947fe53c4a757375
dbedff835ba847d386ac1cca87b2c7bb,1.5013483,6c74bedaa406493a99988c5b8a47b704
6e651760ac2e4377abd5ff9ac4b8c9f0,1.4963005,d9fbe02f04a4469dac855f69ea6ad02a
e6f19de2daa24324b2c88100702126ac,1.4946703,691acac4a54d450697afb2c2dc4fca09
b34eaaea52614dfe82c2df09e4121948,1.4933226,8a77dc665d8b4d95a0b1113522f7e9c3
50d0942bfc7540f2b61af337707d303b,1.4908087,4430d47e30904eab969c1baebca184c0
c5693611e9044ffea24fede04ab1d9a5,1.4755962,6d3c42356e3b459c919e3129ff192ac4
a90f7233ac774c298df91a6eeab11626,1.473949,d42996c2b67443fd9b73bba7641d4f77
01f344e8e895424eaa3251d134512cf7,1.4723625,f036aaf4ab714c598a0b6da4ca604136
411837e42b564c399e9444d5403a3734,1.467787,e52a528036014db0a7bd54b99a310fe8
4975299790f047d9b4dfba901c33ee4b,1.4623966,bd2f91a9415049d980e453f94327e0ce
43286efab53f465da28a9d31716d392a,1.4576784,09fc9f38fbbb4bfaa1c979ac9cc43f0b
301e127ffa514901b5840fd47f9f7e18,1.4481311,cc21026ff0d541909df56c5618d28518
d2a4c950a6244d788c3d60d371b154f6,1.4472861,fd51f3eef1a64d9a93652be481bde32e
75bd7834bfba42a0824a1918cd04b829,1.4436948,c8b9a0ac7c214a449c434aabdf6ef770
c189555deda047629ebb90350290dab8,1.4436407,1f8c0f02984e4139bf8043e57497fdb2
edf32c81fa8c41f4ba76d882cc8f88c7,1.4424474,fd51f3eef1a64d9a93652be481bde32e
cb44ae0776e3419e8b0aab12b82dc8e2,1.4418421,23066f7964874fd39639dbf2cb2766df
c0db9a38259c4b429eb66ba537ac8730,1.4386673,19c9ac7b84df472c85ed6cf5a05fbbc6
c0e4b6d0b4ac4f978868636d7675e345,1.4369345,e456afdf95e643dd926249fec4d68753
5dce93cb07464f0db845af41bf878604,1.434161,acee70abee2841c9b67b95e9ed079647
1f8a0f1ab6d94f46a1c669d409295676,1.4341581,d331012ecf0c40888e0ac290184f0883
3dd7bbe2cb1845608dc71b36bc82667a,1.4277201,dc58564d0c8540bea4f3e2e3696deae8
9c0fbba28fa24de2a7d3b5fff53b8ef6,1.4217024,34b71675a1ae442395b6eb1f3eda23df
2ae6d89874964a38a8d1dadc9efeded3,1.4080031,89e43b092c844b5886a93091a22c894a
b781fac256574439bea7cc655923fd3a,1.402476,f11f1682b5924181b047d757d3e20964
1d2cd0bb5b1c471ca10d1eea0ef9b729,1.4012462,c26f5e7dcc8149f18f3d719bba9ae717
5ea4394d43e44b219a8390a0b54d2982,1.3931986,46ba0b979a664c7cb0c315c4cde6ac86
8b1eb206468046df8b8c19637b250996,1.3914489,89e43b092c844b5886a93091a22c894a
b2e0675fdf93468a8fe7f4992e5ac02e,1.3887839,a1d8cb16dafd4126922f985021e93631
01175ef138e24ed7b74c8c8ec2ad8abf,1.3756746,fb709e29755b44988bb252c87a2ce2f3
7736e2c1dbab4b4c904c42e51fd17759,1.3704413,640f3bd184b7425fb22cc7773b8b2244
95efaf80178b4a519dbf8769d415c000,1.3672497,e492ff7fecf046a4948c5ba5631cdefe
87afeec5f3cd4d9d8f6d5a0c7f48260f,1.3626947,bd2f91a9415049d980e453f94327e0ce
1e9c95ee032147a2aa469f8482bf5f9c,1.3621105,678725f8b914453fbc1029b7c1bc0879
b2b15ac784564b17b414221232730701,1.3543073,4696c8192576454f8684954bc771aa23
b615a0420b8b49d8a7153658ccbdd788,1.3525069,aa2d7a3a535243189492d4ce8e79c049
96bcfa53901a41dfa438964a0688e82d,1.3520503,88dc23909eb4415aa39b96cc3a4c2926
7901d858c6e44dea8acd99a79e378956,1.3472769,fcc9863b07fc4bd5a01fab5b9160eafb
863e6e460e12403393c97a12e6ce92f1,1.345473,d0a840820172465f83c8480d571e7b71
82e2ae3e0d3c4ccab9093974f974e854,1.345468,a6a551a308b9442f947ea0608ae2c3fb
fd66e1095a8d4ed89af26eb4018a0c00,1.3445299,3b13d134762445cebcdbb02b484db77b
38407a6caf584c85afd497d9bcadcef7,1.3438681,75b0bd2240a54f6fb45bf95ca43ab5e6
83be35bfce854dc48152629a9841375d,1.3421122,c88be17376104f999b914a91aebf7220
dade1ac92c08448e93e20a96c20f9d0a,1.3387084,f036aaf4ab714c598a0b6da4ca604136
e9ffeaac65414a5fb9df90c528ca02f2,1.337423,e5692bd498004d32934fbaa05af2120d
dcd792ee5ed44c18908c70bc295d64d1,1.3362567,6a122ce1702646db918266228d48bd08
17b5e130e0444402bcedf9400cf07aca,1.3355768,e456afdf95e643dd926249fec4d68753
8868c5482f844182914477066c6e3287,1.3304445,b7ef0a61de0e4adf9688b2c525c9ad09
1f8623bf930a4fcfbd914e784354ca2a,1.3301821,f615619defc4402b82845090c238e597
80a892b08d854ed7ba82af259da76154,1.329734,156f393f7ca046299e09d05464afa056
ef33ab499b054efb968d7cca5bef4a31,1.3211384,c0cb721b56f240dabf7f464e453ef72e
8de833e138ae4924a0cc47129cde2cb9,1.3123004,1216ce1ef31e4643bb1222538c206342
fed199237941466bbcb3b0333580ee3f,1.3098772,77ac5eb4b3054ca68e2b0dcbd5473fd1
9abbecd3581246798ab524e018f95ab7,1.3063381,31b69f9501c4415e929b6af28c83f6a6
75bceb302d644b309181d454dbd2b59f,1.303773,678725f8b914453fbc1029b7c1bc0879
ac601d55d74246afa29a020b8029c7af,1.2949532,c0cb721b56f240dabf7f464e453ef72e
385af4460b5a436baece6ce3fa1cd423,1.2940174,6a122ce1702646db918266228d48bd08
0b185da1334244d1b2c7ba6695d75f1c,1.2914429,bade01bd83ec4b6786fd8c867ca7a090
3bc9e7189bd1419081f54d35e956639e,1.2826151,b8ca3b6144cd48208caae952e096e7ae
c40beffa8f0d4679bafb1eac1d38bd5b,1.2802451,75b0bd2240a54f6fb45bf95ca43ab5e6
2b4fda504eff4531832d7897265ba39f,1.2794163,d79afb377f5349a69830b2b4c7cfefcb
7149705cc0f243f3877d976946fcba4e,1.272831,cd60a0fcac24465a880af7d8f921dd68
5e369cf5939f4d15bb771d98108df034,1.2625457,9170e0bb8fe44b309f83293808d871fe
38f66bccfc8b47afb357b8caa5a3f286,1.2539787,691a538d2372403fad2b919b48ff5f85
77061464d801457a80b33cbbe0f017f6,1.2416136,d4cd0b56b6f54e08aec8ebfdb6122c5c
7522f624f59c4d74a8703781e00414c0,1.2415676,5a8cc5ff28fb4359afc7e9fcbf3bce55
b904ff33d535410cb0791f1e1227e8c2,1.2413003,c88be17376104f999b914a91aebf7220
ca5e7f899c944d258e0fe020c844ccb2,1.2249552,e52a528036014db0a7bd54b99a310fe8
e2b08fa4040643048867ee258a43c077,1.2216725,678725f8b914453fbc1029b7c1bc0879
174196604f504ed29027427608904003,1.2215848,1216ce1ef31e4643bb1222538c206342
aede09058c264aa399a460be910cf10e,1.2200775,02cf82700b4f4773af3a14ad8eaa5270
589df17e77094a82933b4003a252ae26,1.2114799,e02ad4f63c8444b79a7a56fb23a4e0f1
fba9b7d7ae944ed889c1f11ceefd238f,1.2104974,cd60a0fcac24465a880af7d8f921dd68
e8dea0d3ff7b4340b7e4863d401e1a4c,1.2004316,95fbc6ed8bfd43c1a6bcf676e26e7f8a
af70750bd219415e93fc6c35e802091d,1.1943961,903360099fb644b6b88c6edac88eecb2
d5491c8b5caa42bfbce7ed937032b28b,1.1923653,46ba0b979a664c7cb0c315c4cde6ac86
7cb075d8031f47dfb9a6b37840756bcf,1.1912606,b25fe3b79f714d38b3fc53e39fd84d36
266d75addc654d52968c8c67300f73bb,1.1906564,e5692bd498004d32934fbaa05af2120d
4e48af3f82274b30b4ec6ec1533e2840,1.1879913,58db4c3a26c84fa68d81235d078208bc
8085782f7d76421b8468fb1e61d4fd61,1.1860706,369fe18b94f54c98b554fd22b4a3b50b
9923a917ad644091bbc508d3ced20f75,1.1858265,369fe18b94f54c98b554fd22b4a3b50b
2f0bcda66cd34231b3a3822dd57f7f2c,1.1773571,65664fb3aad341fab563409d91dddd2d
87773e87aa4246ecb99c535106be1412,1.1757312,acee70abee2841c9b67b95e9ed079647
a987046439f446848e7b3520dcece6d6,1.1694207,4ad7e2502210436f9ca5735fdf7e50c3
33babb0b73f84a8a87d9c75c03bfbc99,1.1626234,1216ce1ef31e4643bb1222538c206342
bfd8d22a1f9a42a28b2a78c5e4323725,1.1563246,f615619defc4402b82845090c238e597
8dc57aa25917490abcf294b3f73bedd6,1.1483961,ad289d5052264f9c8bd0aaf9faace92e
0a18772678f04aad97501db427e8f725,1.1474116,d9fbe02f04a4469dac855f69ea6ad02a
43584afca09c4071adba01dad786c329,1.1473671,e492ff7fecf046a4948c5ba5631cdefe
1f4dd46f7d93406e9b1fd33e5a2a4158,1.1429384,a1d8cb16dafd4126922f985021e93631
6730fca5ad3b4afc8715dc16caa1a2b5,1.1373429,d4cd0b56b6f54e08aec8ebfdb6122c5c
7f01bceb5689442b8a024b4596c8a11e,1.1301908,34b71675a1ae442395b6eb1f3eda23df
b074150ff8a24cc9b889876ee8b52d9d,1.1169918,a926df6d7fcf4b17b68dae6f41fbce66
5cf8596279eb4fd1a30ceda96102ef99,1.1132495,80921378de2b4cd3a14d449688d8b079
f5abb68eab244fe38e79be186719a8d8,1.1116595,369fe18b94f54c98b554fd22b4a3b50b
c75f0da05246416084af6447931742bb,1.1092402,650afb6a1d054e59904a1b796552eb04
9f0c4fc689014714bc3604b21f1a694c,1.1090717,6aaae524573f477f8fdef0b83787cbee
6776a4646460462797dc83573d630d14,1.1075449,156f393f7ca046299e09d05464afa056
f17e080b2680401da91c350fa7e9cfa1,1.1070065,fb695c097d5845c282f6b30c241e8cf2
3febcf126f0f4f8585113e1917eed33e,1.1024377,1fde4c9a01f84c349461083b6d0ba9ed
f31d22a46dc54bd7b4dbd9366f0304d5,1.1008599,2a9658410614443d8a27ef174f61d6e8
fc982cca5c594093a33406ccd0a2b83c,1.1006606,89597084b19c4902b073a2c6c6622456
b453e70a75224981b0a892bee09f9b9d,1.0995429,c9628610053945f4a7998ae48cd70da3
78f98ba4d60845a481387741d684c46f,1.0994029,e02ad4f63c8444b79a7a56fb23a4e0f1
5ebfa573972845a5842bf96fbf02053a,1.096699,5a68e05acea4434ba08e17e1fff00057
faed47ec537c4a70b2396638df56d71d,1.0883129,17cc6768c9d14388b7455fea0060b62c
474bd4189cb5456daf7a1df79784d4aa,1.0881741,e96aa0967ab94368b381354e03dc40ad
862ca039da124a9d80603938ab13c289,1.0859345,8a77dc665d8b4d95a0b1113522f7e9c3
fdaaf6e004b04cb18e798331b9d9ebc6,1.0836527,99142f1c07cd4782814f8c970eaaa40a
3f284acc005e4f23a2bdf5b45700c4cc,1.0816703,f9fae977af2c4f35b29400f31267e170
d51de57d4ced4566bed6fef2db5c099f,1.0765953,d42996c2b67443fd9b73bba7641d4f77
321ad870fb8943ddb55d46439d2912e0,1.0600128,1fde4c9a01f84c349461083b6d0ba9ed
48aa588059cd4883bab6da96a75c16b9,1.0582194,aa2d7a3a535243189492d4ce8e79c049
64e8bc2bd44d4328bac29a1ed2e655bd,1.0577705,8aadcf7251724cc6858dc0db44abebe3
9b18e72d85384d73bf3bc666ebd18aa9,1.0554368,f036aaf4ab714c598a0b6da4ca604136
96a715a174b74274ad9ad1ca752169f8,1.0512638,6c8a24653ef04f559b88e0f27c0df63a
18eaa3f481614cfc945c16f2cbb757fe,1.0458837,6542f58c143446f280e88a6375ccf79a
28d967465fcb488eaab515b23282c0d7,1.0452465,fe6ace599de44aa19b1773dad3658fee
0b35c0eab3ef4062bc3e184951a22fa9,1.0373265,80921378de2b4cd3a14d449688d8b079
184facf4be454b60a5fe9a953d771690,1.0285673,6b9b2c8f0a874bb8b6691aca6bc49565
f3c47f8050814b93a91d14f2add36403,1.0268831,efdf40eee13d409c9955e5b84e4408f6
6d86d0062e7c4ab1a1c263fe7418697f,1.0258764,e336d113184c4ebdbad7aa2b6ec64640
f4398da2a74044829b4f7bd0808aec82,1.0228341,6c8a24653ef04f559b88e0f27c0df63a
0ff31fb63a044ecba52ee62968e78be6,1.0156882,65664fb3aad341fab563409d91dddd2d
18200ac0950d44d7af9f61b8b1f6467c,1.014472,ec281224f8ee419ebde676f291672aea
60cfb02a92884acf8cbc7ea1abaf7046,1.0075985,e492ff7fecf046a4948c5ba5631cdefe
b8cb140987104f8db7456d8b3ad57ae7,1.0056748,e25b9d9944cb4d7197efb8ffc4ff57a1
22ded3f607364f7b96960f862358777a,1.0051918,de9328bdd1b34adda74a0363ff0a52b6
8f8c730f26cb483da414fce61eb1b47b,1.001419,a926df6d7fcf4b17b68dae6f41fbce66
3127238ca74643c3bd2e042605dc5e25,0.9969093,983940e0b12e4186a281c36de657406e
a0f623aff0d34804a39f4b55a08898ca,0.9876683,903360099fb644b6b88c6edac88eecb2
252a2a3078134eb8876626820c9ca8aa,0.97913426,1fde4c9a01f84c349461083b6d0ba9ed
a290060554d143b285db3be94eac099f,0.97773314,a1d8cb16dafd4126922f985021e93631
ea4bf9d0ec3d4bb9a4d910eb2ab70eb3,0.9729636,8f761e1117754656ac86a3a25f241cd7
55e30898427a472799115a2e014580a6,0.97142076,d74f6e7abeb84eedb9923dadb62f45f0
9d2b582dd0f84326a537a91a57caab4c,0.9604663,d79afb377f5349a69830b2b4c7cfefcb
383851cf303e47bf803a3a00b6481efe,0.95893073,fcc9863b07fc4bd5a01fab5b9160eafb
53a334f932ed437db303f19b0f6ea7b4,0.95833385,99142f1c07cd4782814f8c970eaaa40a
187dd510c41a49f4af9d4c4371e98953,0.95782787,b4150337314e40fb9e3ebb24514504a3
3111ca7c585243e4aff0fad54c82a69b,0.9569347,836ec4ef8df644328ac07b7803709323
6bfef081f7a9453399f6d98d6cd01f60,0.94968486,1f8c0f02984e4139bf8043e57497fdb2
c91d4a1a75504beeb98888cfe719a863,0.94734,1543a2f94aa74008914301874d98f0f5
2af53201cad64c32bedf284dd06c1cea,0.9448191,f11f1682b5924181b047d757d3e20964
c67274e9cb5b41b18336fa05f437c470,0.93998444,9ff95d23c3284d31ba5e398afa520649
e18c0d2a5ea54d0dae0481083fc0db46,0.93735665,3257035cc77946d98bdc09e2fdd5cdae
8315c41aab974f618fe59e445d7e6543,0.9364541,b2be859ca8f24cda86821d5383edbc18
167939f1c55740a5bd8d235691475fc4,0.9343399,11ec23965d2941d0817082107996ebbb
bfa67f429e414493a7306f4ad2e21550,0.934309,1f8c0f02984e4139bf8043e57497fdb2
19697467a2f64fdcaccd3a65d2a60d7d,0.9333304,23066f7964874fd39639dbf2cb2766df
af1aeb26d52b41fea9c9af10f45c7bc3,0.93032694,7cd1db4b50dd41e6b2f3dd15fcab3b89
de522abd79fd437a9ba590c4aa3aa7a1,0.92901057,a1d8cb16dafd4126922f985021e93631
d3d566cecb79472ab65c2a57bc6d7b6f,0.9273764,7ce06191f1114b4c8a00609f6867761f
413423a32eba46c2b7def04c66e6f9f2,0.92120016,19c9ac7b84df472c85ed6cf5a05fbbc6
fd45ab2e058b4b5fb374e54e60aceb48,0.92109954,b050e9e1ef5946c297a34dda98d8f476
43a78998b5f14d87bf9883d669a9ea6e,0.91712993,d42996c2b67443fd9b73bba7641d4f77
3037c91a3e5a4499827cbdaec427c82f,0.91530377,17cc6768c9d14388b7455fea0060b62c
3427373bf8314ae5a87677132dc4874f,0.9126952,8a77dc665d8b4d95a0b1113522f7e9c3
9f143dcef5ee44dd89610738332533b6,0.91088355,6a33c207c8b648f680dbd0e65639ef04
0eda051895d044f3a592d1d0098e8f01,0.91073936,2a9658410614443d8a27ef174f61d6e8
d896778ef12545f5b79fbe84a1c9ee58,0.9102311,80948e17b5694599919e1502bfcc08f3
408a26bfd8bd41529e7fa7db94cdae03,0.90730023,d4cd0b56b6f54e08aec8ebfdb6122c5c
0f1bdf98cdc7472282cb0375b87b3ba4,0.8993687,6aaae524573f477f8fdef0b83787cbee
3cfa920b06e64cb8a5dba56671ab5d59,0.89184076,3b13d134762445cebcdbb02b484db77b
5a3e95d6f7e84750a9b090dbfef91f61,0.8910868,bd2f91a9415049d980e453f94327e0ce
2937b0fa761c4d3294bf68f522d9ab25,0.8906507,74e7db4222ca4a20811199afafa346a7
78fff51240e14352b1fae67b59be4cc2,0.8899793,58f53c379f7a4868a2ba6d91a06247d2
9f893eb3a0eb4ad399f1eb64251cb4fa,0.8866153,d74f6e7abeb84eedb9923dadb62f45f0
7e1f279ed0b04e478b3bd9dbc9e6a6c0,0.8844166,6a122ce1702646db918266228d48bd08
315bc88bb0aa4c8d8eb55bb22f811730,0.883125,0302e7dde9074dddbbbdf85e9be57901
305e57d28cc74f018c0ee4a93fe92c0b,0.8817076,a585d23fe43f459ba86ac15645af77ff
ef0d69bfdc4e49acb1978167c6edf80e,0.88153017,19c9ac7b84df472c85ed6cf5a05fbbc6
04457b683e1d4eaf8e6a37b15f5d8aa8,0.88073194,700f381f40ce4b039ce0df8b49fb199b
b7734f7f37a349c491b96e42059f61dd,0.88019896,bab3bdc133384798b558f8fb6466a7fa
924c235415de407b8fe453ecc8aa95be,0.8729684,ec281224f8ee419ebde676f291672aea
4d211e99c4d0455980e9ab87c212c2d5,0.8705567,2a9658410614443d8a27ef174f61d6e8
4fb27ec50c5a44b9a81d230f845e3047,0.86998236,75b0bd2240a54f6fb45bf95ca43ab5e6
63e06c0c69054bdd8c2690539549d9cf,0.86937714,37337ebec05640b890e4b9612776c32b
1f92b7ff3de8413bb81c7346203bec40,0.8637278,630edd9b8f754b5dbd36cfbbd03ccb51
a22b7bc93cbe40cba26f5e4456762f6e,0.8478625,f615619defc4402b82845090c238e597
ab85f0b004fe481ebacaefa2d94bb656,0.8455834,e52a528036014db0a7bd54b99a310fe8
00306589ab9241cfb569f6b85c0e2843,0.8445558,7ce06191f1114b4c8a00609f6867761f
492d363c9d8b450da859bd06f06cf687,0.8422039,ff218cc7835d4b5ba0de22792319050a
f505e4ddc7604ec896a2bc461f2bb86f,0.8373308,d0a840820172465f83c8480d571e7b71
1930e2b037404eb3b7a991849e81320f,0.8270647,21b1ded02d7b42618592187e287835a3
96a221031ce64e98ba5fcdb2fb45c9f2,0.82704574,7ce06191f1114b4c8a00609f6867761f
74f89cf2b75547168060f6c31aa572f9,0.8220585,156f393f7ca046299e09d05464afa056
f560f83f452a48fc84973544fe676991,0.81717825,257aed6ca7a44f1cb5c664beb1be527b
d1fb54ad5cd34d8abd5ca9ee40b54dbd,0.8148613,b7ef0a61de0e4adf9688b2c525c9ad09
eb5fe491e3474e81865751ec9f52b3ce,0.81480587,1af4472b38cc4304841b2f1720075c9d
b0eebd77fb114ff388e46e4f3d284b4d,0.812238,e25b9d9944cb4d7197efb8ffc4ff57a1
c3758e6612fe4a54ae862d91d26d805f,0.8046291,d331012ecf0c40888e0ac290184f0883
06dc42ee4aa4438a91f2d88754ad84cb,0.8037354,650afb6a1d054e59904a1b796552eb04
c8d0d1f2df5c4b2a8eecdd2acc610a85,0.80308765,e25b9d9944cb4d7197efb8ffc4ff57a1
d4b67d4bedeb47018a353598e2262d9e,0.80298394,c3412c53e9ec4b6a9a1aa95cf7f0f1e4
5eb93e49e2204dc9b7b5147e35d7cf84,0.8005856,7c1e02f3ab614e539ac901e5cd3c92d8
d65ec9584a074f8494467734378fc499,0.8001816,d0a840820172465f83c8480d571e7b71
3cbe7ad4fbe64e83876d9c85f91a8237,0.79952455,d4cd0b56b6f54e08aec8ebfdb6122c5c
04fa52d782e34f0698238fc47401ee94,0.7986575,965598a17b624a0f9bb1cd58595458a6
7e41c6ad9fe846239eb8cdf3a0a3569e,0.7933208,9303b9f7f4984b2dac8aeba8c8da8ef6
d5f31f9998f5477abd572904835fad50,0.7861107,9170e0bb8fe44b309f83293808d871fe
7c890f402f38475d942c1190be3ab2a8,0.7825458,77a8b27acb0e4600bb6ff974eabc269c
a9b68d896d484e6a9c7e87b014dce89c,0.7818608,c88be17376104f999b914a91aebf7220
a56141d36b5f4520aef20a35398d8265,0.77983683,9303b9f7f4984b2dac8aeba8c8da8ef6
7216fa39e2414501a8f87ddb54a3133b,0.7772944,fb709e29755b44988bb252c87a2ce2f3
00ba0de9ca0245ab8489ffd199e84c92,0.77546954,7cd1db4b50dd41e6b2f3dd15fcab3b89
a7c05ece6ffc42e9a9efdc286789bba2,0.7708279,bd35571850644321b86ce4fae286ce7d
c3ff9a50b4c1477c812af51fd7ce9489,0.76618946,630edd9b8f754b5dbd36cfbbd03ccb51
42b1aada557b48a0989c6a1c05378299,0.7656542,17cc6768c9d14388b7455fea0060b62c
5f5d6306678c4a0cbeb65f8580c9cdbb,0.76146054,89597084b19c4902b073a2c6c6622456
52acdc11a8df4558867635630b69348c,0.7591061,74e7db4222ca4a20811199afafa346a7
387e43ce9c334938bbfe0ae8c0419ead,0.75822353,bade01bd83ec4b6786fd8c867ca7a090
7438e386a6a9468fad05b2507d9194e8,0.7540542,fd51f3eef1a64d9a93652be481bde32e
6c846ec45b5646b6b0d1dfce66fb8328,0.7490281,1cbfb22f84454b1fb821b602e3ad11f8
55f19079097043d4b29cd2c08fb960c5,0.7476685,58db4c3a26c84fa68d81235d078208bc
8a53841d512741f5ac2d49f75a83780a,0.7450915,bab3bdc133384798b558f8fb6466a7fa
c00b77da1a6749149b7830ba636d7101,0.7448679,4a4eb12a639346b5a00557d54b51fe51
b6564d12e54b4e09a41d57e66159df56,0.744509,a6a551a308b9442f947ea0608ae2c3fb
edb1a0a557354729b75b63862940d133,0.74263585,01e805bb5a1845a7addf86fe9bc8d814
9526a184d9234981861f184f41d509b6,0.7320557,77a8b27acb0e4600bb6ff974eabc269c
da098162d0924c6eaf6699ca87326527,0.7315708,ad2b6fb945714e6792c17bd49a1066e0
1cfa0ddd81a04ee1bcbf754e6c92c5d8,0.73039585,f5a6222612ef406b8f02aef87e08c476
9c299c4c6746403990eba7f18b97be71,0.7265347,9303b9f7f4984b2dac8aeba8c8da8ef6
d076d72caa2d4bff9470fe2409888904,0.715942,88dc23909eb4415aa39b96cc3a4c2926
57c53927cc0942b7a012edd211993b5f,0.7156032,27eee82d7fb94b9b8b60bd3101187496
bb5525dd713a4a6bac622eef1a7c83c6,0.7140597,1af4472b38cc4304841b2f1720075c9d
b8355f6877f04cf583abef8dbf343f61,0.71032274,a6a551a308b9442f947ea0608ae2c3fb
adcb28bfb3334cf0938efac96e34354d,0.70953524,c88be17376104f999b914a91aebf7220
e16ea80e38c340678ef8f73bb189fa64,0.70779616,cc21026ff0d541909df56c5618d28518
1742e7fa8f8a48728fe37d75ce11b9c4,0.7026764,1d47a696eae94bd29f215a4787b27d8a
41e25db024634f619358f3093d8df1e8,0.7016176,3257035cc77946d98bdc09e2fdd5cdae
c0f5519b1d3842a68611736d9c0e5c9e,0.69516903,01690d9b08164fcabd5bf0819754f71f
d480f925a4b94f518e72ad64b3ed439a,0.6894484,9303b9f7f4984b2dac8aeba8c8da8ef6
1c5c1558517e409b9358d9a48811062a,0.6873894,fd51f3eef1a64d9a93652be481bde32e
78058b8902c5442880e64005e19e3f06,0.6829284,678725f8b914453fbc1029b7c1bc0879
5880fbce1031460b8097717c0e258b33,0.6770849,e336d113184c4ebdbad7aa2b6ec64640
cf7564fd313c4802adfcab226cb71a73,0.6710739,965598a17b624a0f9bb1cd58595458a6
2c2bd31efb4543d08c60180fb6fa21a2,0.66595566,1d47a696eae94bd29f215a4787b27d8a
500d964011eb4cd19e61ff976d9d808f,0.6598766,46ba0b979a664c7cb0c315c4cde6ac86
ddb77e0838c941d9acdd2f02496195e2,0.65974295,e9f055a212cd4e5e8601228c37713f35
65add58592564636a49ae7417f79e9ca,0.6561707,b8ca3b6144cd48208caae952e096e7ae
f2fe001a9caf435a9e440ed89e6b806e,0.6541926,f0695d7e59d64941b510a3d12f801d59
7fc16d6f92a847c29cf3367644e4e835,0.6526737,b8ca3b6144cd48208caae952e096e7ae
e63f3979515d466faa902d724344014e,0.6461452,b050e9e1ef5946c297a34dda98d8f476
d404db290f094f2f9dc6ffe54216308f,0.6443296,564a84b1b830407e811bcfc7fd086a6f
020f53a16c0047f9a592ac5126da2ccd,0.641036,4696c8192576454f8684954bc771aa23
ff2339e06523437eb464f18a90d5f80d,0.6352814,ff715b4f228443e3b067c801250f3402
5c24677a92364f97aada250f8acd8f3e,0.6335918,c8b9a0ac7c214a449c434aabdf6ef770
fcaf0031ba12457ca8cd515c95fea22b,0.6304461,bade01bd83ec4b6786fd8c867ca7a090
8f2e335cd3c54f569c74283b0078f908,0.6252473,f036aaf4ab714c598a0b6da4ca604136
cb70763b642a49e48c7e66689f180efb,0.62365884,0ebc441d25664c91adad96b570270f07
d26040150be642cfa0310e083cc0d204,0.61663723,bf59502a233e4b5eaff9cfa3a992c387
545abc5f61374dd596a546e619a12ae8,0.6142505,5a73e0a5c757410eb0928feed7b151c8
50be6a3978ef4b168a8256cb53fa7afb,0.610851,1f8c0f02984e4139bf8043e57497fdb2
1e239dcb58ac4c869ed3fc6c4c4a06bb,0.60957134,f0695d7e59d64941b510a3d12f801d59
f161ed58877741ceaa5a6f014b69de49,0.60286826,e27d9425c912446e947fe53c4a757375
c661bf4a97394c40af06ff80bbec3a75,0.60030144,a25b08e008114c9ca0266ce3e55d82bb
c4e88a88103749f08d034998e76b6a35,0.5994741,a0fe3cd34e474c3b90662ce8ef1fcac6
83959d6f09044431b64a06cc335f08eb,0.59937453,9014beae94cf4f648e1663c8d5ec6803
e163e00abbda4bc5adec2f85871b7c88,0.5984087,5a73e0a5c757410eb0928feed7b151c8
5ad95d0217fa4cccb9c2c7428bffd1f7,0.5981128,8aadcf7251724cc6858dc0db44abebe3
d15af016ef394763b0f876df474531e4,0.5980267,057164cf4aab45ebbefef3409359cfb1
a082e18320bf47fe8c3c9506d626862a,0.59585583,b4150337314e40fb9e3ebb24514504a3
7c9553e399964910b2eb9f1c94c913b1,0.58886945,7a4c413f5c844796bd5ffed2b65f0336
211bbe2f818640a39e55304483f7aee1,0.58657473,691a538d2372403fad2b919b48ff5f85
3555001842e549e3b0aa8f30dcd11e0e,0.5731953,cd60a0fcac24465a880af7d8f921dd68
bf264d2d70b7477da4cae8ac6203a5a9,0.5691345,cc21026ff0d541909df56c5618d28518
9aca4f5f45944250973b5a08c3fa9547,0.5647329,58db4c3a26c84fa68d81235d078208bc
38d3a8b3543b4548ab16eca74b1ed293,0.56376934,46bfd7af0ed6491fa621350963d11e35
78c726c0af744ce0b72aeb59512d26d8,0.56371164,e52a528036014db0a7bd54b99a310fe8
8aaa8f372a5346a59b85061f27d9ffc9,0.56253624,b4150337314e40fb9e3ebb24514504a3
b32a35611f6b4eef9cfd102e5e72766a,0.558862,b2be859ca8f24cda86821d5383edbc18
9c4b40908472420e923be2dce2979c0e,0.5584603,01e805bb5a1845a7addf86fe9bc8d814
5df9b0803cc442b68e59b21fe5955092,0.5561707,e25b9d9944cb4d7197efb8ffc4ff57a1
c873b341cab549d6be3c38ca79441d7f,0.5537046,b25fe3b79f714d38b3fc53e39fd84d36
774622a7382646c4ad5ef139574052c1,0.53743935,9170e0bb8fe44b309f83293808d871fe
a3c58d5d2da942aab6283a42db2a14f7,0.5360992,37337ebec05640b890e4b9612776c32b
4810807024104aebb9028b6d53c9ed44,0.52875733,77ac5eb4b3054ca68e2b0dcbd5473fd1
003d3f2fc0d74fc58746a9d38d310d8a,0.51465553,6b9b2c8f0a874bb8b6691aca6bc49565
0785e71626c6454dadadc8359e1f696a,0.5145873,640f3bd184b7425fb22cc7773b8b2244
d067ca627837456bb0e6cc40a06d224f,0.51132286,64f1d63a671d441d9663a783f632f794
1c4b7fec0bd14f4d832d26dd643c4045,0.50936085,92229a391d0b418f87b32c86c42a292c
898b757291e64b7b982221e0a86dea5d,0.5077511,e5692bd498004d32934fbaa05af2120d
246cbab9fb49461fab4520132d4fa1af,0.50564325,a585d23fe43f459ba86ac15645af77ff
d0f798b90ad04da3a8a192e16d0b1743,0.50410783,b2be859ca8f24cda86821d5383edbc18
8756c0e4eee54ca69baec75ff9c6f44c,0.50296456,17cc6768c9d14388b7455fea0060b62c
9ed80bde74cc4e15aaa675186748bdbb,0.5021277,58db4c3a26c84fa68d81235d078208bc
6fa96236f4904758aed745bb8a495f66,0.4945655,e9f055a212cd4e5e8601228c37713f35
30c2e203d4e74967b5166f3da78fbe36,0.49222064,f615619defc4402b82845090c238e597
ec1ea84e09b54849a539177f929c65cd,0.49206096,1216ce1ef31e4643bb1222538c206342
7347c822edd443ed856998a70357afd0,0.4887011,8a77dc665d8b4d95a0b1113522f7e9c3
4a5a47f40e9b42f5af28b197d3e59ef7,0.48250735,3be388c9ab614bceb086c19f70df23c2
eb1fe6fcc1154bfcbe523b6401451927,0.47739333,1af4472b38cc4304841b2f1720075c9d
3b01fad04aad4fba95d40be77808d716,0.47684395,cd60a0fcac24465a880af7d8f921dd68
886b1cde3d0e4f1db12bcb160b6f357a,0.47449616,0302e7dde9074dddbbbdf85e9be57901
06706b7f76a3492e8e814546d9bcefab,0.4738428,d981f2c67f764e0c84af125b563958e9
705398996d6440bd986d3dfa47bb583a,0.47321385,3be388c9ab614bceb086c19f70df23c2
429c0e9f5199454590fcd1e2560a42a7,0.47203052,1af4472b38cc4304841b2f1720075c9d
15af8d3a801645799a0656e8ff3c729f,0.467051,691acac4a54d450697afb2c2dc4fca09
ee4ccba3df1844ce82f9731a2c019234,0.46528754,a25b08e008114c9ca0266ce3e55d82bb
eca4d38f7ac74e9981fa9bb9495edf84,0.4631589,0472051dc57d43f8b9dd08df475fc4a3
71134a9c69f44b489217b6a7661eeb5d,0.4618237,ed9b10a2879742628fce003076ef9024
10ec284856b64b33a3f1095d708227c6,0.45739144,f5a6222612ef406b8f02aef87e08c476
ea60559c1a414dafbe5652b8b1ef5ffa,0.4544791,e02ad4f63c8444b79a7a56fb23a4e0f1
a7e8389d66b049749ff42ecf8384fc99,0.45356315,ed9b10a2879742628fce003076ef9024
f9858ec6cc4e424aacd697295e8cabbb,0.44616354,ff715b4f228443e3b067c801250f3402
8564aa88c0c6416890eb773a1c47d701,0.4418642,8a77dc665d8b4d95a0b1113522f7e9c3
4b3202343ccc4337aa099b8a9e046db5,0.43526995,e25b9d9944cb4d7197efb8ffc4ff57a1
69ac3d3d408a45fda23c327ed1f2678f,0.43411386,1d47a696eae94bd29f215a4787b27d8a
ba2103e1cad442ec881f2b0d25c99bb9,0.4320755,46ba0b979a664c7cb0c315c4cde6ac86
6ba13a7346044bfba1b6245853af401d,0.4287417,d9fbe02f04a4469dac855f69ea6ad02a
619fb307d36a42b8818b2918edc88ade,0.42865437,aa2d7a3a535243189492d4ce8e79c049
d37d23786d3f4e90977fbe2a3e5be556,0.42668587,85e7ea30890b456084b8e85c299c8649
63e22c9413454acc8c86fb1ec33284b7,0.42634025,a25b08e008114c9ca0266ce3e55d82bb
cea01bc4a1554d61a6b1a564073b4fc6,0.41214812,564a84b1b830407e811bcfc7fd086a6f
7faeecafea264aeba8271a5a540bee0b,0.39782295,1543a2f94aa74008914301874d98f0f5
f4e34063359742b7916fe2635de1aba0,0.39117825,e45844e0215f4a1596a7f9ac41367c46
0f23167585384e62970cf34d4092c7a7,0.387013,e52a528036014db0a7bd54b99a310fe8
117ba0c13f714eadbb3a6a9d0f6f3702,0.38471174,9e304a9bbc7b4c22af8025fc93757357
06dafb47baf148b9ab12caa5200a4d2c,0.37928897,58f53c379f7a4868a2ba6d91a06247d2
0efa7128e7d54bb098c98a8d23fa4d55,0.36735582,aa2d7a3a535243189492d4ce8e79c049
82a059da201341cea6290c541e65ce5d,0.36664638,75b0bd2240a54f6fb45bf95ca43ab5e6
553209cfbadf463eb60df32bfa7da770,0.36596918,65664fb3aad341fab563409d91dddd2d
41fab89a8af342e5835f50c62da3910a,0.36132216,1af4472b38cc4304841b2f1720075c9d
6001044952554a14b842ed1f26cda571,0.35650128,4696c8192576454f8684954bc771aa23
4b82d1239c3f47488e057d0f3898204e,0.35418022,95fbc6ed8bfd43c1a6bcf676e26e7f8a
b26293f2e7f54384a164fb685236aa8f,0.34490243,58f53c379f7a4868a2ba6d91a06247d2
26463e5a5b3b4b8abdc0a436268a93cb,0.34436136,77ac5eb4b3054ca68e2b0dcbd5473fd1
0a0ac8e04384494aa6efad6605bee67c,0.3404596,cd56b9a044c24df8a7156f661cb3d9cf
fdc1732f54e34300bc77d7b4c38ec31b,0.33982635,77a8b27acb0e4600bb6ff974eabc269c
919a7551269b4f86ad471c424ce96b2a,0.3340723,fcc9863b07fc4bd5a01fab5b9160eafb
6fb6a2666474414e950f94d5b467b229,0.33376792,bab3bdc133384798b558f8fb6466a7fa
126cac1063d947f1b6b54ce7d54f2c68,0.32579935,e96aa0967ab94368b381354e03dc40ad
6abbc2ba6e8241f5b7132c7bb338f92e,0.32461104,37337ebec05640b890e4b9612776c32b
0f8a4be0f3094bce84e582a214feabb7,0.32299906,aa2d7a3a535243189492d4ce8e79c049
c1904c9ab6bc4ae5b4b364ea1f24b7d3,0.32095903,7a4c413f5c844796bd5ffed2b65f0336
6178ae89b15545f39f754e64a9283916,0.31873,8a77dc665d8b4d95a0b1113522f7e9c3
8fd8f14d327f4037a26fa4bfed84f993,0.3177665,6b9b2c8f0a874bb8b6691aca6bc49565
2c689d06459b496798e7fc1e4ce8b03e,0.3176187,6c8a24653ef04f559b88e0f27c0df63a
a18a19c2ef80495ea076e2ecc882c7e7,0.31550747,80948e17b5694599919e1502bfcc08f3
780760acebdc4860bb31c7a7150c19dc,0.3114149,f5a6222612ef406b8f02aef87e08c476
ab4c8222cf584ba3982f14500c005291,0.3101799,a6a551a308b9442f947ea0608ae2c3fb
a5acc7bcf83741208d3d3d0cc9696fcb,0.30736232,b7ef0a61de0e4adf9688b2c525c9ad09
6d9fe29b75544ce6b2e1c3329771cd32,0.30730367,64fa5ce839ef406b9bc8a1b2f05094c7
01bdc1af846a44eeb5a789e393d1d7fb,0.30728018,5971501b0e8b4ef5b203c3985d7f5e88
b7e671bfae63423bab3fb47c46a0b0b9,0.3051928,8a77dc665d8b4d95a0b1113522f7e9c3
1139d27eff6f4adcbf602ee48c269d3a,0.29886502,0ebc441d25664c91adad96b570270f07
10f74d10373f4f128add836b046afcdc,0.29475063,d9fbe02f04a4469dac855f69ea6ad02a
88de1634c729442aa72060868b167abd,0.29328775,82b01998353e4141a7613fdc96d7b600
1dce77fb1e9e419d8977644f0d18fd1e,0.29218486,f0695d7e59d64941b510a3d12f801d59
c81fde53a5804d74983247fb14718050,0.29139766,bade01bd83ec4b6786fd8c867ca7a090
d2ed407fe4db4fa69c57cfa4bd7d002b,0.29065636,8f761e1117754656ac86a3a25f241cd7
451c5024a60b4f45afcd2f388601c16b,0.28875625,640f3bd184b7425fb22cc7773b8b2244
89b0d50305744a53bf5c6cabc6f94b08,0.28865415,d27cfea4da8f445fb4e3c55e53c6482c
47471f2f4db14e01850ce3fd0e3b7aff,0.28493798,c9e2e76e631c4d0a8013d90892350e06
74f1eb9bb1ba4fe5a565558b1ebc7a72,0.28403097,1b4e143cfc1648a5b877d7445446366a
46a274267ab54ead8270c0e79ff16753,0.28292787,5a26ae7959494fef99542e9b2004fd11
a3693333d6ba432295feae73fcde2dce,0.2824721,bd35571850644321b86ce4fae286ce7d
c3b713beca8b4136b4807dc4071fe795,0.2793892,d331012ecf0c40888e0ac290184f0883
4a1eda64c5a74dc59c1ca7cc15a429dc,0.27786368,7ce06191f1114b4c8a00609f6867761f
59ad0e42bca44e7c95b0aeb6bc5ca7dd,0.276829,a585d23fe43f459ba86ac15645af77ff
ac99786a858b4fa2a4aab5dcdd49d652,0.27322584,6a122ce1702646db918266228d48bd08
d826d2d9a30147d59c909ec8484bf8b6,0.2719411,ed9b10a2879742628fce003076ef9024
4f6887bfd8d64e9c96cb60b2fc428027,0.26888394,526ab7eda50e4a239d03ad505832d61d
0727ac84c4494b248aa13d6c8ffe7225,0.26760566,4d708e5878784386a42c2f436d2d60f0
3391f84c6c544d63a18f7c2e8431fbe4,0.2646762,bd2f91a9415049d980e453f94327e0ce
dcd4e8a77e0c47f4bfeaedc8b8dfc397,0.26344073,bade01bd83ec4b6786fd8c867ca7a090
82ab65484b6d475d88c52a748a8072b7,0.26234323,e9f055a212cd4e5e8601228c37713f35
da88d4d5eaad4690bbe94a2165985050,0.26015356,01e805bb5a1845a7addf86fe9bc8d814
fe866322e3f94718be3a75be3975a37a,0.25782156,9b22c5cdbff44bdabd48dba008e6a3b2
010b4030f3e24d059d9e4d37cbd1963a,0.25660756,66b0c8a58f444ea0aec34d9403b88a49
fa54265caebc408591476e98de422b10,0.25449044,31b69f9501c4415e929b6af28c83f6a6
d163c4863d9640b8b9610decb9ae92ff,0.25422835,bade01bd83ec4b6786fd8c867ca7a090
b0cf2cbd50e3496996a7e649063dc127,0.2531548,8f761e1117754656ac86a3a25f241cd7
caba51ea4cb243dc87741ad2c31130b1,0.25170106,ed9b10a2879742628fce003076ef9024
5f67168bea6646a69c49dec78942dfae,0.24990547,fd51f3eef1a64d9a93652be481bde32e
cb03a3e350c3487d9d636625b49d09a0,0.2493869,855b3971c4a147cfb9a7c281fa6b915e
bc3dcde96af9406186e1b5eb3b8af798,0.24915946,4696c8192576454f8684954bc771aa23
07e166148b304b0b9c003c015628df76,0.24873382,31b69f9501c4415e929b6af28c83f6a6
16a030831ce1413fa733f24b6ff28501,0.24842197,a585d23fe43f459ba86ac15645af77ff
73d822e81eff46d9947b9854da4db52c,0.24490756,95fbc6ed8bfd43c1a6bcf676e26e7f8a
c12ab02c4bac4b91877f10f42eb704dc,0.2415654,3b13d134762445cebcdbb02b484db77b
4a5ee7ff69a445f48974483a915d4d84,0.23118252,1543a2f94aa74008914301874d98f0f5
a10fa0e95314472f9c5d9f4695a8391c,0.2310541,74e7db4222ca4a20811199afafa346a7
9938803be0884fc282a350a72835a9b9,0.22611225,4a4eb12a639346b5a00557d54b51fe51
7320e14823a54b30b0a3fa3f42a01ffd,0.22397599,1f8c0f02984e4139bf8043e57497fdb2
1f4946d6701f4d75b1b71b16833299d1,0.22308522,3be388c9ab614bceb086c19f70df23c2
e824774b41174da8a1c495885b348626,0.21768498,e492ff7fecf046a4948c5ba5631cdefe
c8505b52f0aa4beb8144837de094973d,0.21404666,2425086d8eaf44d2a9519f0e4e6b289a
0ef75de01cd14e0faadcf05c8a85a916,0.21327525,057164cf4aab45ebbefef3409359cfb1
3ff3a9f9ebdf41968cac02ff122f56eb,0.21211255,c88be17376104f999b914a91aebf7220
497126af5d624b7894a1cca2b3b0e57b,0.21165426,d443e0c5017d48d1b3f86bf4da959ed5
76313e4034d24a788d6f02923f14c045,0.2112881,d79afb377f5349a69830b2b4c7cfefcb
4bd7c89c496144089a9b340c20c1a8bf,0.20700261,ad2b6fb945714e6792c17bd49a1066e0
b8cc82e2dd7b4ef9932f2377c1bf9e53,0.20097923,6a33c207c8b648f680dbd0e65639ef04
eb012357f09945268a134e8461cb8cd2,0.2006065,d74f6e7abeb84eedb9923dadb62f45f0
4dc64707bd42424f82f84de41d91a5fd,0.19757207,3be388c9ab614bceb086c19f70df23c2
a476d6cbc62045dc948a30c9c18327a2,0.19381624,691acac4a54d450697afb2c2dc4fca09
1e5b95e7ca1a462588131ff25c545f32,0.19325323,80921378de2b4cd3a14d449688d8b079
de6f18bac6e4441f8dd17e252f1d993a,0.1889407,0ebc441d25664c91adad96b570270f07
2ab29c6bc859481988c1133ecd494a65,0.18639755,1f8c0f02984e4139bf8043e57497fdb2
371437b76fbc4eeaa709683744e7ee08,0.18265408,e45844e0215f4a1596a7f9ac41367c46
46f0f2692fe44c88963712d6f65f6dbb,0.18131244,678725f8b914453fbc1029b7c1bc0879
6237fc7134d449b9bc4158d9a707cca1,0.17826933,e9f055a212cd4e5e8601228c37713f35
982360bc10ca4c3ba78467718112babd,0.17569721,c26f5e7dcc8149f18f3d719bba9ae717
9ae0dc25880a4b1ca67998ae29c63cd9,0.17339326,eaca056cec224a30aaaed30c39f644c2
b98768914d8d4eaebb4632fefbad06aa,0.16910034,89e43b092c844b5886a93091a22c894a
734db9fe91ae4ef4aa4f3798343785f4,0.168008,eb513691b7a04d31ab1bc50bf343447b
0aabe8051b1e48dc8df2680281f96731,0.16714814,89e43b092c844b5886a93091a22c894a
5a9a922465d14fc6b190a50e964695f5,0.16677207,6a33c207c8b648f680dbd0e65639ef04
d1cbea7387cd4d1bab69dbd0238bd135,0.16343413,6a33c207c8b648f680dbd0e65639ef04
074732e2729c421abe906cc4077f1eae,0.15723443,369fe18b94f54c98b554fd22b4a3b50b
803ab31024764a56a2ac0cda5c79c69c,0.15646529,11ec23965d2941d0817082107996ebbb
e938fc1d26e5456ba78f78d9f8514816,0.14620724,b25fe3b79f714d38b3fc53e39fd84d36
7b51de0f71b142e7ba4820c5972d711f,0.14545184,b050e9e1ef5946c297a34dda98d8f476
b6406f4769234ae7828d1f1011448739,0.139467,b25fe3b79f714d38b3fc53e39fd84d36
21160fabb87f4b0fb849c04438771115,0.13867968,1af4472b38cc4304841b2f1720075c9d
bc74f6e0e01940f8b0e150ba65e72d34,0.13307905,74e7db4222ca4a20811199afafa346a7
87097861fe6e492abd016be0dba27ec9,0.12660483,9e304a9bbc7b4c22af8025fc93757357
47bdbd87490b4698bcd3b038c2baf6d4,0.12006688,4d708e5878784386a42c2f436d2d60f0
61e1612d7fad463ea1c28d21bdc98513,0.110771,82b01998353e4141a7613fdc96d7b600
b2a24b751645419cb6e060319b510e79,0.109780505,cd56b9a044c24df8a7156f661cb3d9cf
98f802980f7641f39a841cd8697c5ea8,0.109636724,9170e0bb8fe44b309f83293808d871fe
a1cb97ab677f48d0b81dedd497512989,0.10942823,a926df6d7fcf4b17b68dae6f41fbce66
130d36b77a584c7da24a4cfeb3a00f62,0.10613167,e25b9d9944cb4d7197efb8ffc4ff57a1
69705e3d3da0436881b25f42d2a6f102,0.0731185,4d708e5878784386a42c2f436d2d60f0
7f38510693a9428bbcd86009bb013321,0.071831465,6c8a24653ef04f559b88e0f27c0df63a
0f94bc21c14143a9aa839de2e99bdecd,0.06596476,7ce06191f1114b4c8a00609f6867761f
a5d2be317fc24e528df576140c0a3849,0.06153965,1543a2f94aa74008914301874d98f0f5
1b6f4307fa4e42cda9018c5085947b48,0.060240626,66b0c8a58f444ea0aec34d9403b88a49
7d72deccbd444c5bb9b43e3a6c75f5a5,0.059308466,e52a528036014db0a7bd54b99a310fe8
7d866819a8df47fe89b41b4cbbe0ecdd,0.05723214,ecdae9f36c6a437ea72739febbf1c89c
3fa1b0de6d4c416189e62ee40264edd1,0.050375283,e27d9425c912446e947fe53c4a757375
707f6646366145df8e5402888ac28325,0.045434244,779d7c2bad1940c8a861451964e1ce01
c5487b5f9cec423b8ea3117173949a1c,0.044065535,0472051dc57d43f8b9dd08df475fc4a3
76e51865ac6e4b1c83433a9fee78d5cf,0.04140985,a1d8cb16dafd4126922f985021e93631
24e177e9075a4c7ebd2cf154bcbf7b78,0.040852904,c9628610053945f4a7998ae48cd70da3
08b353e1649c42d6b37c9f7179dabf6e,0.036733687,d27cfea4da8f445fb4e3c55e53c6482c
5b2c1e575e8a46daaedcab661b62235f,0.030070141,34b71675a1ae442395b6eb1f3eda23df
3e1186b551804ac0880d688f4ad41f5d,0.020941138,17cc6768c9d14388b7455fea0060b62c
e862a12dcbc4446cb1bfe03570cc7b44,0.020099163,7ce06191f1114b4c8a00609f6867761f
a5e2a560340b491299c037bccbbf6d9f,0.019665003,3be388c9ab614bceb086c19f70df23c2
cde31d7f76684d62b17e619c0f1e98d1,0.012132883,b8ca3b6144cd48208caae952e096e7ae
9146bc8522804996b5984ed63944edb7,0.011848211,01690d9b08164fcabd5bf0819754f71f
78c3087265224b479cfa12716bcf1599,0.0060857534,27eee82d7fb94b9b8b60bd3101187496
0b0ee45e830245ffa3ce101af6a1a750,0.0025230646,855b3971c4a147cfb9a7c281fa6b915e
e349c885e3cf4b12898ea2f38cccf188,0.0017635301,f615619defc4402b82845090c238e597
