a3c58d5d2da942aab6283a42db2a14f7,6.5698175,37337ebec05640b890e4b9612776c32b
01175ef138e24ed7b74c8c8ec2ad8abf,6.068265,fb709e29755b44988bb252c87a2ce2f3
63b43033779f4fd5ba6309fb8f1fb41e,5.5735593,7ce06191f1114b4c8a00609f6867761f
7fef3b2e0481482fb860ca2b3db02567,5.5054774,9b22c5cdbff44bdabd48dba008e6a3b2
70d4373544a8407086d520841c1eb504,5.500051,7c1e02f3ab614e539ac901e5cd3c92d8
3a48941fe58c4afdb3ca7520eb9bd36e,5.3537455,a4cad92644614f78bded3ca6d6023473
78c3087265224b479cfa12716bcf1599,5.3515706,27eee82d7fb94b9b8b60bd3101187496
390b32b86ff0424dbb5e9e0d988dd09c,5.319558,9303b9f7f4984b2dac8aeba8c8da8ef6
6d9fe29b75544ce6b2e1c3329771cd32,5.148494,64fa5ce839ef406b9bc8a1b2f05094c7
c67274e9cb5b41b18336fa05f437c470,5.146066,9ff95d23c3284d31ba5e398afa520649
aba310b256004f63a3f3225cc1b813dc,5.050752,4ad7e2502210436f9ca5735fdf7e50c3
bfd8d22a1f9a42a28b2a78c5e4323725,5.027128,f615619defc4402b82845090c238e597
bb5b0894b81e4a8daf1feb3b422e35a8,5.018816,eb513691b7a04d31ab1bc50bf343447b
00bc1d895118471ea04c2ee6a3ef3f22,5.0055895,156f393f7ca046299e09d05464afa056
10f74d10373f4f128add836b046afcdc,4.9709134,d9fbe02f04a4469dac855f69ea6ad02a
c0278f41c00f4876a3c2c551dc74e70b,4.947834,d0a840820172465f83c8480d571e7b71
faed47ec537c4a70b2396638df56d71d,4.896461,17cc6768c9d14388b7455fea0060b62c
180f987f287248c487b83fbddc87ee09,4.857652,17cc6768c9d14388b7455fea0060b62c
6f0406b6deea4302b4e44ece4eba9ef9,4.8396554,eb513691b7a04d31ab1bc50bf343447b
f66bd53c07c7410ca1da94b1c1f96480,4.7966084,a0fe3cd34e474c3b90662ce8ef1fcac6
3e8ebff2d8524f5aa87e3d2117dcb463,4.7945523,e7d6747e8c8b4ebcb665e232240daf17
9146bc8522804996b5984ed63944edb7,4.7775717,01690d9b08164fcabd5bf0819754f71f
3827fc528c674ba6b4b692725d257a11,4.764907,1cbfb22f84454b1fb821b602e3ad11f8
7de183d0b5f24efebfc15ae35f4b0fc3,4.7634926,73e7e41e8db447c09cb2363d76556c64
9d11c4d6d3fd48a6886629be4969f055,4.7594037,a0fe3cd34e474c3b90662ce8ef1fcac6
0ff31fb63a044ecba52ee62968e78be6,4.666729,65664fb3aad341fab563409d91dddd2d
4975299790f047d9b4dfba901c33ee4b,4.586158,bd2f91a9415049d980e453f94327e0ce
1bcadb1e071c4e6d82323f31e960901e,4.558117,836ec4ef8df644328ac07b7803709323
8278ffeb4f7e4854a015f434887473a4,4.5250416,700f381f40ce4b039ce0df8b49fb199b
1dfeecb0d6cc4fd68f8fe7bddc5573f7,4.4782834,a926df6d7fcf4b17b68dae6f41fbce66
42058ac0b3ff4d34b26f6d53d69b27be,4.4426093,9b22c5cdbff44bdabd48dba008e6a3b2
a30d8464e03848a8b72421c107f22fd5,4.401336,d9fbe02f04a4469dac855f69ea6ad02a
c8bddc0d410d4f759537fd2e4bff533f,4.3985834,1af4472b38cc4304841b2f1720075c9d
e750dd4744fd4421bd2387f0ec80c5aa,4.3813677,f5a6222612ef406b8f02aef87e08c476
0f94bc21c14143a9aa839de2e99bdecd,4.361288,7ce06191f1114b4c8a00609f6867761f
e63f3979515d466faa902d724344014e,4.3535194,b050e9e1ef5946c297a34dda98d8f476
662c1dace3274fb79254a1e59f299ccc,4.311546,7a4c413f5c844796bd5ffed2b65f0336
d335f8b8c90c47229c445bda59c63cab,4.3104444,d981f2c67f764e0c84af125b563958e9
be7a669164c1423c8ebd0ba23ce48329,4.2957478,e52a528036014db0a7bd54b99a310fe8
a030121d60a04600bb73087739ac4044,4.269858,d981f2c67f764e0c84af125b563958e9
fdef09f89c644db89a91442b6889f7b0,4.25223,f615619defc4402b82845090c238e597
94c480de369e4fcab0aee54d6543f90b,4.230865,630edd9b8f754b5dbd36cfbbd03ccb51
e96f7d9a6eb04d7e9b3a01744c7f210e,4.209988,836ec4ef8df644328ac07b7803709323
315bc88bb0aa4c8d8eb55bb22f811730,4.196811,0302e7dde9074dddbbbdf85e9be57901
8dfd5233498c4be2b88b2b71cf67ed64,4.192299,11ec23965d2941d0817082107996ebbb
9aa12e538d0c4d89ab849afde0b92d65,4.1174135,c88be17376104f999b914a91aebf7220
014b077427a84137a08055cd6ba1057f,4.1047325,fd51f3eef1a64d9a93652be481bde32e
8058d1c206ab4268a15994fd69f5d5d0,4.07582,1c97c72e076f40fcadb22b17e71beed1
c60349b6f8454e529aa85264c412eb2c,4.040253,77ac5eb4b3054ca68e2b0dcbd5473fd1
1d79bd154afd47138f529dd6f1d52902,4.019173,c8b9a0ac7c214a449c434aabdf6ef770
c2732f3b888345afb3c5116a10cd9896,4.0178103,e27d9425c912446e947fe53c4a757375
4a79ee95c2f94e6fb182632a2357e449,4.009539,a0fe3cd34e474c3b90662ce8ef1fcac6
d7cad8025bcb4868a7196c152770ab3d,3.9629405,fd51f3eef1a64d9a93652be481bde32e
af18a5f9a5aa45a191a99b4792b127c5,3.9539812,78b600dd53854b018f87267d268b7b1a
d2ed407fe4db4fa69c57cfa4bd7d002b,3.951565,8f761e1117754656ac86a3a25f241cd7
551ec133b10e448a939d6f857cf1dc17,3.9166567,0ebc441d25664c91adad96b570270f07
565907298304458f80b2f4504ee3473f,3.894004,82b01998353e4141a7613fdc96d7b600
06706b7f76a3492e8e814546d9bcefab,3.886469,d981f2c67f764e0c84af125b563958e9
4593972edeb84fe49e5ad1058e0d8d35,3.8331127,bf59502a233e4b5eaff9cfa3a992c387
64e8bc2bd44d4328bac29a1ed2e655bd,3.8293188,8aadcf7251724cc6858dc0db44abebe3
b2e0675fdf93468a8fe7f4992e5ac02e,3.774168,a1d8cb16dafd4126922f985021e93631
28cae44de1fa4e56a10eb13b57a78668,3.769263,c0cb721b56f240dabf7f464e453ef72e
62550b8ddf604cfba4e092fbead3bc1f,3.7448997,34b71675a1ae442395b6eb1f3eda23df
68ea9efe09ec467b955f3960508e08de,3.7386208,23066f7964874fd39639dbf2cb2766df
d3b5dd91af4f4e17a5b26bd5058f3dd5,3.728412,c26f5e7dcc8149f18f3d719bba9ae717
ff0622832e0e48519d375778af4f60c3,3.723162,7ab29c5e2f05481d8a69cc479a764ee8
a0f623aff0d34804a39f4b55a08898ca,3.7043097,903360099fb644b6b88c6edac88eecb2
88769fc17b0e4f3a9736d45e131659d9,3.6894722,ad289d5052264f9c8bd0aaf9faace92e
63d32d729061451cbc920b4066c15339,3.68547,6c74bedaa406493a99988c5b8a47b704
506892256fe04ccdae8ffa97993fb582,3.6709018,691acac4a54d450697afb2c2dc4fca09
8505b6622aed4fb0aeece7e02c0fa748,3.6452737,4aa3556b2aed469584c573868193a07a
c6b7ad3591e84b359837e00aac91e82c,3.6405404,6a122ce1702646db918266228d48bd08
3cfa920b06e64cb8a5dba56671ab5d59,3.6366246,3b13d134762445cebcdbb02b484db77b
3a53b02d11d74f9b84a71811f607d433,3.6361923,8f285540a9394706bd6ec6cda46c5058
fcd022d73a35405ab8a38d11dd06ff4e,3.6213052,c88be17376104f999b914a91aebf7220
128de5daa04242e7b0c9eca5277071bd,3.6149597,85e7ea30890b456084b8e85c299c8649
27b747520a594968b11704d54233d20e,3.6088054,e7d6747e8c8b4ebcb665e232240daf17
503e10935d8945e8b7552e9f83309667,3.5967517,efdf40eee13d409c9955e5b84e4408f6
cb03a3e350c3487d9d636625b49d09a0,3.5947318,855b3971c4a147cfb9a7c281fa6b915e
84e237a5da704cc28748ceb897b709a3,3.5668755,11ec23965d2941d0817082107996ebbb
6ae7d44d811844448d0c8e5d69ff7000,3.5493507,3be388c9ab614bceb086c19f70df23c2
25dc04ff2b704b6f9229ad7cb91efc99,3.5322769,2425086d8eaf44d2a9519f0e4e6b289a
f46543478e9f4f0bbb721b47a528562f,3.5320244,f036aaf4ab714c598a0b6da4ca604136
d9826bec6e1c4be6a7152f89b950fee2,3.521786,c3412c53e9ec4b6a9a1aa95cf7f0f1e4
9c541c2079a0420298c16b25b87beee7,3.4947739,d42996c2b67443fd9b73bba7641d4f77
52f16fa757624404b9d43dfe2885697b,3.4861126,09fc9f38fbbb4bfaa1c979ac9cc43f0b
4185600f230d4b21b2e32c2d85caa90f,3.4139473,75b0bd2240a54f6fb45bf95ca43ab5e6
b9135422e0ba43e19be118d0eaae294f,3.406121,d981f2c67f764e0c84af125b563958e9
0cee0f740cfa4b118595c4e921220588,3.4050093,92d5da561f5a41bf929f3555a74cd653
405e667675254ffdb3e8cb25813e586a,3.3843017,e456afdf95e643dd926249fec4d68753
fc20e7b4bfc243ef82918b7c93591747,3.3733678,a4cad92644614f78bded3ca6d6023473
93cfb01748a246528235d46e95b6b76d,3.370942,23066f7964874fd39639dbf2cb2766df
94aeafd28e6749c09c57cbaecef9df80,3.3708136,6c8a24653ef04f559b88e0f27c0df63a
56cfe84755904ae98f74d085dd2fcb7c,3.3420238,6d3c42356e3b459c919e3129ff192ac4
b25c125f6fd14177920e7f609ea6f819,3.3391798,66b0c8a58f444ea0aec34d9403b88a49
8c55cc4f7bc44ef7b9210ff7b7595435,3.329483,75b0bd2240a54f6fb45bf95ca43ab5e6
6770b085f8cf47ee9a162fa8fbac551b,3.329133,369fe18b94f54c98b554fd22b4a3b50b
fcde1e3b91aa485688682e6fdc3c24e8,3.3142357,1d47a696eae94bd29f215a4787b27d8a
fa644cc0807d4d278be005d3e2f849b3,3.3072832,5a26ae7959494fef99542e9b2004fd11
c69f7426bfca4d959cc756572440109e,3.2936938,3b13d134762445cebcdbb02b484db77b
fe175ac3af5446a582bc555f10723923,3.2734153,691a538d2372403fad2b919b48ff5f85
865e99466009410e82a3a9daa7d34d29,3.261854,dc58564d0c8540bea4f3e2e3696deae8
2ae6d89874964a38a8d1dadc9efeded3,3.2584238,89e43b092c844b5886a93091a22c894a
c9d40d7967754291b6d16c34879f008c,3.2576804,73e7e41e8db447c09cb2363d76556c64
d51de57d4ced4566bed6fef2db5c099f,3.2550452,d42996c2b67443fd9b73bba7641d4f77
edb63218ad374e72804e964a5ea6949a,3.2549167,a6a551a308b9442f947ea0608ae2c3fb
b074150ff8a24cc9b889876ee8b52d9d,3.2479584,a926df6d7fcf4b17b68dae6f41fbce66
d783d92ce7464edd930cf3e6a5a3ec9e,3.240587,5a26ae7959494fef99542e9b2004fd11
70aba94871d94cf5b2d7e950982cbb8f,3.2200954,e45844e0215f4a1596a7f9ac41367c46
dcaf50ce32524dee92c4fe00de88a3ab,3.2173367,a585d23fe43f459ba86ac15645af77ff
899b54b766454749af73a7b5ba6ddfc9,3.2164233,eaca056cec224a30aaaed30c39f644c2
a1cb97ab677f48d0b81dedd497512989,3.2131588,a926df6d7fcf4b17b68dae6f41fbce66
8315c41aab974f618fe59e445d7e6543,3.206469,b2be859ca8f24cda86821d5383edbc18
1f487d592adc46f1ba935a923c34a9c6,3.2013495,7a4c413f5c844796bd5ffed2b65f0336
803051539d144fdeb70807a70a667f4a,3.193326,11ec23965d2941d0817082107996ebbb
fae3e9acdc1c4860bb50119b70effcf1,3.1919794,ecdae9f36c6a437ea72739febbf1c89c
dbedff835ba847d386ac1cca87b2c7bb,3.1856596,6c74bedaa406493a99988c5b8a47b704
58c7b41f2b3b4984aa23beaa1382b4f3,3.1702092,e7d6747e8c8b4ebcb665e232240daf17
cfbebb0b8d25424bad46127adbe59343,3.159261,3257035cc77946d98bdc09e2fdd5cdae
321ad870fb8943ddb55d46439d2912e0,3.147898,1fde4c9a01f84c349461083b6d0ba9ed
a3d947b7e3e3451bb473b1b5e22cca51,3.146058,ad2b6fb945714e6792c17bd49a1066e0
b92da6fa48d248779bf06eaba1e7a2a9,3.144353,f615619defc4402b82845090c238e597
d23da11a51a94f54a9acb157cbe7056b,3.1350918,27eee82d7fb94b9b8b60bd3101187496
61353a38c7e14c49ad888ed8da7d282b,3.12272,ed9b10a2879742628fce003076ef9024
ed96d522f1d74dcb9a41c80634f5abe0,3.1150174,d0a840820172465f83c8480d571e7b71
f2b48599b4e942a098c9a2fb280c2525,3.1144314,7ac9c94011924c09b47f9640211885a2
5a9a922465d14fc6b190a50e964695f5,3.1114974,6a33c207c8b648f680dbd0e65639ef04
d65ec9584a074f8494467734378fc499,3.107369,d0a840820172465f83c8480d571e7b71
c1904c9ab6bc4ae5b4b364ea1f24b7d3,3.101644,7a4c413f5c844796bd5ffed2b65f0336
04cde55231e04394a675268411aee01c,3.101299,1af4472b38cc4304841b2f1720075c9d
6f5aba39f47a4d7b87f4b50122d8b660,3.095086,7a4c413f5c844796bd5ffed2b65f0336
f856e536fb204df3b9d9dcffebf3085f,3.0913894,88dc23909eb4415aa39b96cc3a4c2926
0d4e1854d2f24a18acc550c6afc2fda2,3.084208,0f9cc12519eb4872af7be7fe49e19f59
7118df93df274839b3c1c622ac4b53f0,3.0796995,f11f1682b5924181b047d757d3e20964
7149705cc0f243f3877d976946fcba4e,3.0764704,cd60a0fcac24465a880af7d8f921dd68
0d281c2568314e5eac84aab63872e81c,3.0694726,4430d47e30904eab969c1baebca184c0
2a15a6ed7e29403295f571a40fbf5895,3.0633357,e492ff7fecf046a4948c5ba5631cdefe
38b738aa374d42a1b20afa63ccfcfd62,3.0516005,01e805bb5a1845a7addf86fe9bc8d814
2613b590d7c94de09bd3bc1e4aeebb1d,3.0401046,fb709e29755b44988bb252c87a2ce2f3
c5693611e9044ffea24fede04ab1d9a5,3.02954,6d3c42356e3b459c919e3129ff192ac4
69705e3d3da0436881b25f42d2a6f102,3.027151,4d708e5878784386a42c2f436d2d60f0
c853cbd19ac0421eac6817429b6f8804,3.0099125,526ab7eda50e4a239d03ad505832d61d
1a0cefb6898c48e7a91f6448d967d1ba,3.0039432,19c9ac7b84df472c85ed6cf5a05fbbc6
57a0a47943824bb28d5faf9fe31ee787,3.0033653,9e304a9bbc7b4c22af8025fc93757357
d15af016ef394763b0f876df474531e4,3.0032248,057164cf4aab45ebbefef3409359cfb1
cea01bc4a1554d61a6b1a564073b4fc6,2.9953194,564a84b1b830407e811bcfc7fd086a6f
c0e006372bab471897981e28cf25f546,2.988103,d4cd0b56b6f54e08aec8ebfdb6122c5c
16a030831ce1413fa733f24b6ff28501,2.9865465,a585d23fe43f459ba86ac15645af77ff
4ec7a9ba5579479e8eb75b6a39172728,2.9826505,5831f5e280be4c02a09ce4588b56d7f3
656745a4e33546768385d4e040d0fb52,2.977216,01690d9b08164fcabd5bf0819754f71f
08b353e1649c42d6b37c9f7179dabf6e,2.9707885,d27cfea4da8f445fb4e3c55e53c6482c
b0535812250c45b497a6bad12645aca1,2.9701774,2a9658410614443d8a27ef174f61d6e8
3b065dc23322478a8128f0322c8d0678,2.9607933,8db9e204b8b841df8fd94eff0888cdf7
da88d4d5eaad4690bbe94a2165985050,2.9543138,01e805bb5a1845a7addf86fe9bc8d814
fe866322e3f94718be3a75be3975a37a,2.9462268,9b22c5cdbff44bdabd48dba008e6a3b2
7771343be99843f58171d62a3f040005,2.9449668,e52a528036014db0a7bd54b99a310fe8
af93b48dee3a4f0a924c31d87144d7fc,2.9436674,b7ef0a61de0e4adf9688b2c525c9ad09
8c4f8ffe681a4951928e1444bf4947d6,2.943623,fcc9863b07fc4bd5a01fab5b9160eafb
f8e19b9e878142969c95441f15b0da57,2.939354,89e43b092c844b5886a93091a22c894a
9267609a976547b19a2cc08683835f4e,2.925651,257aed6ca7a44f1cb5c664beb1be527b
1d6f4b84093244e6915c8d2b03d11912,2.9255226,bade01bd83ec4b6786fd8c867ca7a090
ce7e02187e74451f8fe2511db0fed0fb,2.9096332,779d7c2bad1940c8a861451964e1ce01
5302778a501c4de9bbc6c6fc6f7cd8b1,2.9065092,92d5da561f5a41bf929f3555a74cd653
5f9f73f06c024e65a85b3c9298c426cd,2.9021058,d4cd0b56b6f54e08aec8ebfdb6122c5c
ca6f0e18c75849428e7dbe14c1403841,2.8920019,c26f5e7dcc8149f18f3d719bba9ae717
56db49f870bb49eaac223bc725d79f26,2.8907561,17cc6768c9d14388b7455fea0060b62c
58e273c754c742a5a7557cc56e24814f,2.8809707,b7ef0a61de0e4adf9688b2c525c9ad09
faafc7c371d240a29c764c0074231e6a,2.87992,779d7c2bad1940c8a861451964e1ce01
5ccfffd900a1434dae33727030983cc8,2.8723683,75b0bd2240a54f6fb45bf95ca43ab5e6
de7e2ebef31a43768b57de371f2631aa,2.8682714,057164cf4aab45ebbefef3409359cfb1
7320e14823a54b30b0a3fa3f42a01ffd,2.8593335,1f8c0f02984e4139bf8043e57497fdb2
c7ddfc6b54294c34a4722f8eaa9b55b7,2.854991,156f393f7ca046299e09d05464afa056
7919001f5a3f4b7ca384f7a6ade1783e,2.8350484,7cd1db4b50dd41e6b2f3dd15fcab3b89
42755c05cebb4531bf9b3f3297150fe1,2.8336163,e039a00eae414ebbb2205b011ac127cf
6fa6aa705e9a479b9435e2367955056b,2.8335528,d6fe6f8380464e21a27fd69de27f1f57
2af53201cad64c32bedf284dd06c1cea,2.828577,f11f1682b5924181b047d757d3e20964
914e224085a24a7c87db637c208baac5,2.8262594,6c74bedaa406493a99988c5b8a47b704
a7e8389d66b049749ff42ecf8384fc99,2.8065534,ed9b10a2879742628fce003076ef9024
e4c05db0326140dd9c48a8179a3fb6ba,2.7967563,02cf82700b4f4773af3a14ad8eaa5270
1d2cd0bb5b1c471ca10d1eea0ef9b729,2.7932544,c26f5e7dcc8149f18f3d719bba9ae717
ff2339e06523437eb464f18a90d5f80d,2.7932105,ff715b4f228443e3b067c801250f3402
6fe5e86e29684922a7b66985a0abbe4d,2.7776015,c8b9a0ac7c214a449c434aabdf6ef770
63c3f37ef5c1455db7914313f0e0be1c,2.7737489,64fa5ce839ef406b9bc8a1b2f05094c7
b24046864bc341499137c0e4a5d92315,2.7709048,82b01998353e4141a7613fdc96d7b600
bc216861a2124a6b9cd42cda34629f7a,2.7599783,257aed6ca7a44f1cb5c664beb1be527b
4a5ee7ff69a445f48974483a915d4d84,2.7549899,1543a2f94aa74008914301874d98f0f5
87097861fe6e492abd016be0dba27ec9,2.7473204,9e304a9bbc7b4c22af8025fc93757357
743660b5e64e440a8607fdc79aa05544,2.744719,bd35571850644321b86ce4fae286ce7d
7c9553e399964910b2eb9f1c94c913b1,2.7403088,7a4c413f5c844796bd5ffed2b65f0336
1f4946d6701f4d75b1b71b16833299d1,2.7396088,3be388c9ab614bceb086c19f70df23c2
8ef2aba44c3c4a85a7499fcc0cf28ff5,2.7338076,e52a528036014db0a7bd54b99a310fe8
61e6eab2c60042858ee62e5d01968ba8,2.7292757,e039a00eae414ebbb2205b011ac127cf
567cb2c4e6b4417c89be6420cffff826,2.7247403,4aa3556b2aed469584c573868193a07a
360cbc8189604ca7bed1d03379488753,2.7193909,eaca056cec224a30aaaed30c39f644c2
7dc9553f77c842f1848c9fe066681b67,2.70636,bf59502a233e4b5eaff9cfa3a992c387
3420154012cd4b5b993f16f000a9476e,2.7030282,1216ce1ef31e4643bb1222538c206342
654c2ffb9ccf4c1a9a3f865902e7b683,2.694416,fe6ace599de44aa19b1773dad3658fee
3b01fad04aad4fba95d40be77808d716,2.6711745,cd60a0fcac24465a880af7d8f921dd68
af56dd5a3d1a403c910f7ccd67f42dd5,2.6605635,23066f7964874fd39639dbf2cb2766df
c294e4564fbd465e948be4cb38ab0f2d,2.6491203,d42996c2b67443fd9b73bba7641d4f77
ab4c8222cf584ba3982f14500c005291,2.6465743,a6a551a308b9442f947ea0608ae2c3fb
86584226e35e4eda9eaba4e5fe495984,2.6447885,6a33c207c8b648f680dbd0e65639ef04
d1cbea7387cd4d1bab69dbd0238bd135,2.6426368,6a33c207c8b648f680dbd0e65639ef04
e90176ac18954403abf1a65c40838e23,2.6314702,bf59502a233e4b5eaff9cfa3a992c387
eedf84d8949845939452e2cf59d2cc6a,2.6151903,a0fe3cd34e474c3b90662ce8ef1fcac6
4cf68d2768954335a7f7c61a045babf9,2.609393,e7d6747e8c8b4ebcb665e232240daf17
b001beeb0d384d448ff9383afc5ad45b,2.6059232,c0cb721b56f240dabf7f464e453ef72e
1ef6177541694b09a66cc37c32dd92d8,2.6030648,691acac4a54d450697afb2c2dc4fca09
f52e6b02fcbe40089962449e4b4968db,2.5985436,cd60a0fcac24465a880af7d8f921dd68
9ae0dc25880a4b1ca67998ae29c63cd9,2.5710213,eaca056cec224a30aaaed30c39f644c2
0f51f0e1827243a380a392150248b877,2.5564444,bd35571850644321b86ce4fae286ce7d
729eb469bdc343e6b5c2628e9be83fd1,2.5545137,903360099fb644b6b88c6edac88eecb2
15d3499d1d4a4168b863a75b7e0b7e8f,2.5533543,e456afdf95e643dd926249fec4d68753
a3641dd6dafd40d5b8f8077b9dc3e850,2.5510154,99142f1c07cd4782814f8c970eaaa40a
45e4e8abcc7d41019873e9cefcf22239,2.5383348,01690d9b08164fcabd5bf0819754f71f
73d822e81eff46d9947b9854da4db52c,2.5334284,95fbc6ed8bfd43c1a6bcf676e26e7f8a
9e769043a2f5480e8f0bde6e83caf70a,2.5291348,e02ad4f63c8444b79a7a56fb23a4e0f1
1ea12b451b3d408baf7902165bd34a14,2.527029,65664fb3aad341fab563409d91dddd2d
d6db57dd12dd48adae78eb66e24cd991,2.5268748,cb85047b65f8468aa02744c28c075dbd
17f9d21a0f2849cd89f1718c3052e82f,2.5051506,d79afb377f5349a69830b2b4c7cfefcb
d02300771c8742a688cdc05ccd13d2a0,2.4980624,6c8a24653ef04f559b88e0f27c0df63a
5ea4394d43e44b219a8390a0b54d2982,2.4931064,46ba0b979a664c7cb0c315c4cde6ac86
6cc7c613b8ca402b81fb2976f7a8d07e,2.4792116,e7d6747e8c8b4ebcb665e232240daf17
f6023dfadf94495fba9f43c8230ce2a3,2.4684656,a4cad92644614f78bded3ca6d6023473
301e127ffa514901b5840fd47f9f7e18,2.4612005,cc21026ff0d541909df56c5618d28518
a5d7fc13c59d4aef8d24e5d15dfc363d,2.4599965,4d708e5878784386a42c2f436d2d60f0
da3ca57a5b8943839227341c423ae8f2,2.4485824,e02ad4f63c8444b79a7a56fb23a4e0f1
22ded3f607364f7b96960f862358777a,2.4484682,de9328bdd1b34adda74a0363ff0a52b6
0ff2646f55f04a5a93328204b6fa099c,2.4478123,31b69f9501c4415e929b6af28c83f6a6
64c90aaee7904b2ab8098f0dfe8cd516,2.445339,d576e334105247369362b05a375e88cd
ced8e3adb0484f249ac865052953d5b6,2.4442797,58db4c3a26c84fa68d81235d078208bc
1d2a027561834f03b680a90079cc8e25,2.4434419,4696c8192576454f8684954bc771aa23
4208fd7b21964394aa023825a91e5e42,2.4396622,ff715b4f228443e3b067c801250f3402
d74e7c71176e4554969cb9fdf7d1986c,2.4285073,34b71675a1ae442395b6eb1f3eda23df
649971e6871c4d3596bbe61f84b0e117,2.4156544,1216ce1ef31e4643bb1222538c206342
bc74f6e0e01940f8b0e150ba65e72d34,2.4103646,74e7db4222ca4a20811199afafa346a7
b2bd065cdfc748af858a6b41f0be933c,2.4033968,31b69f9501c4415e929b6af28c83f6a6
cb3423afcfba4d688aa9cd2c23cf0c69,2.4031343,46bfd7af0ed6491fa621350963d11e35
06b4425d4dcb4aaaafb52063bd3af473,2.3971052,a6a551a308b9442f947ea0608ae2c3fb
7d52dc1203ef4f9e9149a1557341406b,2.3882608,a1d8cb16dafd4126922f985021e93631
9d68d4254983475b9feb48e30494c9ae,2.3844063,66b0c8a58f444ea0aec34d9403b88a49
50eff679bc384b72918eba1cd77a5597,2.373504,46bfd7af0ed6491fa621350963d11e35
6ef03128028e416e929a82f5c819206b,2.3724678,21b1ded02d7b42618592187e287835a3
0077d17ffb254c86a11e301042f915e4,2.3718414,0ebc441d25664c91adad96b570270f07
6b56add8c1e8488e9e85c4085e0cadc9,2.3686845,d443e0c5017d48d1b3f86bf4da959ed5
78058b8902c5442880e64005e19e3f06,2.3609939,678725f8b914453fbc1029b7c1bc0879
dbf2f20d05034e77a9be456ee8d44377,2.3558402,564a84b1b830407e811bcfc7fd086a6f
09234512603c4025b0b0b863e285fb5e,2.3519776,21b1ded02d7b42618592187e287835a3
117ba0c13f714eadbb3a6a9d0f6f3702,2.3512788,9e304a9bbc7b4c22af8025fc93757357
b9500ef3747d4220b748183372d8c2cf,2.3443768,f9fae977af2c4f35b29400f31267e170
239190927a44453bb33c24a550d70b96,2.3383486,c26f5e7dcc8149f18f3d719bba9ae717
71f93aa94339483884743fd218725216,2.3310137,9b22c5cdbff44bdabd48dba008e6a3b2
de34f2e7e9ae4380a242b0f09f1716e6,2.328663,6aaae524573f477f8fdef0b83787cbee
ef4b6d47c51c4527a80e52519f3c872b,2.3001876,691a538d2372403fad2b919b48ff5f85
ebaa88d224a746d786a5cf59845ee011,2.2993188,e27d9425c912446e947fe53c4a757375
f0808f396f44491a8fb26af7a42dab06,2.2901382,09fc9f38fbbb4bfaa1c979ac9cc43f0b
7bd320ff5d6f4bfc906470499b8ae3b6,2.28949,80921378de2b4cd3a14d449688d8b079
2d78b8e319a04caba78f81308c489ad0,2.2746077,5a26ae7959494fef99542e9b2004fd11
b5db665a6be74d6d917e217bae5f59b7,2.266643,21b1ded02d7b42618592187e287835a3
55f81e8022ee42b893d99d17d99a3f32,2.262207,0302e7dde9074dddbbbdf85e9be57901
9280a530ada64a8f829e0ec528712cbe,2.2550974,65664fb3aad341fab563409d91dddd2d
1c0be8da9cdf4be8973e0cd18f5f8ebe,2.2498376,779d7c2bad1940c8a861451964e1ce01
11cd11ee574a460989af01777e154c33,2.2478206,156f393f7ca046299e09d05464afa056
42c545ddf97e457a8ae47f8f1229bec7,2.2433362,80921378de2b4cd3a14d449688d8b079
64e6b4c018f14601949aa629c1de4014,2.2365367,779d7c2bad1940c8a861451964e1ce01
86339034705d41e685883013d2ef7d6a,2.230266,9303b9f7f4984b2dac8aeba8c8da8ef6
28f694942751431c839fe1d22e753e1c,2.2292216,7cd1db4b50dd41e6b2f3dd15fcab3b89
b4d2f62738d84adba1b5809481bab602,2.2070062,fe6ace599de44aa19b1773dad3658fee
712e2f3a807b4a8fa67e7bc78a2b5da6,2.2029648,b2be859ca8f24cda86821d5383edbc18
1aaf2fb4fc244f5ea6b9eb65d1183c03,2.1933672,7a4c413f5c844796bd5ffed2b65f0336
e707e5790c554edeb5ab0f070fb36720,2.1914337,7c1e02f3ab614e539ac901e5cd3c92d8
790595e600c949459cfe2629a30f5371,2.190303,4430d47e30904eab969c1baebca184c0
7e211c9e52254e199e0deca74afcc524,2.1812592,bd2f91a9415049d980e453f94327e0ce
9b8afef332b0478a954974c9be4b010f,2.1722999,2a9658410614443d8a27ef174f61d6e8
67cdfba89fae4e3896b9aebb4f52dae5,2.169501,cc21026ff0d541909df56c5618d28518
a5af794012384211a60360b6b1752339,2.1688778,0f9cc12519eb4872af7be7fe49e19f59
6fb94e9ac58f4d9694f15b78affe4f02,2.1685643,34b71675a1ae442395b6eb1f3eda23df
41f9870b0da34d88a3e68dd195a3e474,2.1673582,27eee82d7fb94b9b8b60bd3101187496
9f0c4fc689014714bc3604b21f1a694c,2.1668518,6aaae524573f477f8fdef0b83787cbee
1724b0e2e9bc4a61a23d4f7082b1d3bc,2.1664686,ec281224f8ee419ebde676f291672aea
7d72deccbd444c5bb9b43e3a6c75f5a5,2.1627288,e52a528036014db0a7bd54b99a310fe8
613c069f276a48f2b4d203e4b49d44cb,2.1554537,fd51f3eef1a64d9a93652be481bde32e
b30b809bfd8141fb9aab99fe056092d2,2.153904,65664fb3aad341fab563409d91dddd2d
246cbab9fb49461fab4520132d4fa1af,2.153431,a585d23fe43f459ba86ac15645af77ff
1e5b95e7ca1a462588131ff25c545f32,2.1517248,80921378de2b4cd3a14d449688d8b079
adcb28bfb3334cf0938efac96e34354d,2.145537,c88be17376104f999b914a91aebf7220
44b833375c854450a60b5f4819e94466,2.1394057,d0a840820172465f83c8480d571e7b71
cf020a2f14884c16bc73b159ead104b8,2.1162634,5a73e0a5c757410eb0928feed7b151c8
4271098208074e6ea1a9497085061483,2.1009095,6542f58c143446f280e88a6375ccf79a
206c38136fda4bdb97f8087fab551d1a,2.0976284,e27d9425c912446e947fe53c4a757375
5209a952bb1a4ac991ae51e8a3e9abdc,2.0958536,1cbfb22f84454b1fb821b602e3ad11f8
96427260d7a740dc8e8abb4b879ac84d,2.0920627,4d708e5878784386a42c2f436d2d60f0
5b204de5b2be4f0cad1271ad9c6b1f51,2.0855992,82b01998353e4141a7613fdc96d7b600
c8e075e8f30e4586ac075d59d5be938d,2.0845785,fb709e29755b44988bb252c87a2ce2f3
2582ce6fc7d14ce6bd50980959cd305c,2.0821028,cd60a0fcac24465a880af7d8f921dd68
26463e5a5b3b4b8abdc0a436268a93cb,2.078842,77ac5eb4b3054ca68e2b0dcbd5473fd1
16b6598102224ec59ae691c80c17f913,2.0735574,e9f055a212cd4e5e8601228c37713f35
b1d8d95b89ff4347aa88a86b33c0e524,2.070985,c322b788813745e0aa7b592b4345d379
37cf2461e5cb4c8fa0b0751436bfa69c,2.070198,92229a391d0b418f87b32c86c42a292c
cb30b65c95af402290d013cc19a01632,2.0687106,0ebc441d25664c91adad96b570270f07
ba2103e1cad442ec881f2b0d25c99bb9,2.0606918,46ba0b979a664c7cb0c315c4cde6ac86
512d51a776a240e1b495922587e2bbba,2.0544946,a926df6d7fcf4b17b68dae6f41fbce66
734db9fe91ae4ef4aa4f3798343785f4,2.0501254,eb513691b7a04d31ab1bc50bf343447b
041c8b8571254958916a2b21a2e98516,2.0493166,3257035cc77946d98bdc09e2fdd5cdae
9d12b38606754a8ca46a62c27872e893,2.0463262,4ad7e2502210436f9ca5735fdf7e50c3
9993c4c8576c4a6cbb5cd12592fe9e72,2.0462937,11ec23965d2941d0817082107996ebbb
6978d19475ab49b1ae3acf443710c48b,2.0395546,6c8a24653ef04f559b88e0f27c0df63a
38f1d87fba9e41ce91c3db2733f683f5,2.0395255,a0fe3cd34e474c3b90662ce8ef1fcac6
8f66f54b48f64293bbb1f369f41ee3c2,2.0392485,6c8a24653ef04f559b88e0f27c0df63a
89b0d50305744a53bf5c6cabc6f94b08,2.0252724,d27cfea4da8f445fb4e3c55e53c6482c
5ebfa573972845a5842bf96fbf02053a,2.0219357,5a68e05acea4434ba08e17e1fff00057
ab90f505d58d4d94afa71bd0811469b1,2.016304,80948e17b5694599919e1502bfcc08f3
6e50350fd3c745e6be8f38c45f9b9148,2.0123188,fe6ace599de44aa19b1773dad3658fee
f9a7d6299ae54cb8bc2e6ba1b878f8cf,2.0078447,e27d9425c912446e947fe53c4a757375
0001880401724f72b4b0f8fafabbd872,2.0054777,4a4eb12a639346b5a00557d54b51fe51
8a53841d512741f5ac2d49f75a83780a,2.0049186,bab3bdc133384798b558f8fb6466a7fa
28ff28dc16ac43ad9110f26f13aa339e,1.9909492,c9628610053945f4a7998ae48cd70da3
0fcfdcdd99c34d2f8c849839febcbeee,1.9905453,9303b9f7f4984b2dac8aeba8c8da8ef6
05695e1694384bd79b37246fbab26b35,1.9903824,965598a17b624a0f9bb1cd58595458a6
c81dd22a150c47b8b83d8439c0024f01,1.9873214,a585d23fe43f459ba86ac15645af77ff
d7af13217f9446bc8d46c21e5d91114a,1.9840342,836ec4ef8df644328ac07b7803709323
a5188ae3f8ef46e7848bf70945078768,1.9803414,21b1ded02d7b42618592187e287835a3
f6304923104f47d1ae9f82b7116051a6,1.9786246,6aba5a04ef8742a39d3a61644a5f0729
ca143ca992a648ca9b004f3be8a53a61,1.9700183,4696c8192576454f8684954bc771aa23
daaf43ca009348bfa676ca06cddcdf61,1.9616725,a1d8cb16dafd4126922f985021e93631
7736e2c1dbab4b4c904c42e51fd17759,1.9576237,640f3bd184b7425fb22cc7773b8b2244
b187ddffdecd4cf9b139b97f1fe3695f,1.9555901,1b4e143cfc1648a5b877d7445446366a
d8b0fd7f373b467f8a214ebf710b5469,1.9544564,89e43b092c844b5886a93091a22c894a
d52b00145e914e48aa1e81cc1b399901,1.9501429,cc21026ff0d541909df56c5618d28518
ef3589381bb34e74bf3f0f4479614d70,1.9391338,1b4e143cfc1648a5b877d7445446366a
19c57283f04a4c338b9625f43642f886,1.9340891,d576e334105247369362b05a375e88cd
2090b42e4121433892402ab5724a805d,1.9316589,27eee82d7fb94b9b8b60bd3101187496
064ec184b18e48e18255745eb01a80f5,1.9298611,640f3bd184b7425fb22cc7773b8b2244
e99926e33dcd4f4082308eff2e38da35,1.9258071,88dc23909eb4415aa39b96cc3a4c2926
e212caf6ce0045358ab77835c78ae98a,1.9171444,7ce06191f1114b4c8a00609f6867761f
e152a0f89fe0446f998c519058feabc5,1.9078679,a0fe3cd34e474c3b90662ce8ef1fcac6
6776a4646460462797dc83573d630d14,1.9015672,156f393f7ca046299e09d05464afa056
b38ef262d489438c979703e3e503f1b7,1.8985051,b050e9e1ef5946c297a34dda98d8f476
9fb8c17411204358aa87dcf800bd36b4,1.8977783,bd35571850644321b86ce4fae286ce7d
ac601d55d74246afa29a020b8029c7af,1.896787,c0cb721b56f240dabf7f464e453ef72e
1a28f3dacbd74510b8f8f45e80348e68,1.8920076,0472051dc57d43f8b9dd08df475fc4a3
d2e23fe1095249c4a12577fd6efe8a65,1.8897173,700f381f40ce4b039ce0df8b49fb199b
a9b68d896d484e6a9c7e87b014dce89c,1.882104,c88be17376104f999b914a91aebf7220
234999d28bb04577a48d50f076a844a6,1.8784571,8aadcf7251724cc6858dc0db44abebe3
a8a7550acecf4436939c03b7e74ec8a6,1.8675952,cb85047b65f8468aa02744c28c075dbd
73816ea484544387b7c1014e6b97b187,1.8672371,0f9cc12519eb4872af7be7fe49e19f59
9f44eb98cc5c4143a57358e733c1cb23,1.866742,650afb6a1d054e59904a1b796552eb04
ffe5e5fc7adf437bba769a5d9fff5c27,1.8620116,19c9ac7b84df472c85ed6cf5a05fbbc6
1cab9ba05da64cb6a34b521f9b039303,1.8604417,1d47a696eae94bd29f215a4787b27d8a
2c689d06459b496798e7fc1e4ce8b03e,1.8526821,6c8a24653ef04f559b88e0f27c0df63a
6fb6a2666474414e950f94d5b467b229,1.845773,bab3bdc133384798b558f8fb6466a7fa
790d3e003e2545f9822873e830615360,1.8340454,ad289d5052264f9c8bd0aaf9faace92e
780486c1076b4c48a2e7b01053d328cf,1.8247441,46bfd7af0ed6491fa621350963d11e35
305e57d28cc74f018c0ee4a93fe92c0b,1.8163955,a585d23fe43f459ba86ac15645af77ff
0c6306c2d9c64af7a28d5fd434ba9b19,1.8131812,6b9b2c8f0a874bb8b6691aca6bc49565
5dce93cb07464f0db845af41bf878604,1.8032776,acee70abee2841c9b67b95e9ed079647
43286efab53f465da28a9d31716d392a,1.8009399,09fc9f38fbbb4bfaa1c979ac9cc43f0b
8868c5482f844182914477066c6e3287,1.7987975,b7ef0a61de0e4adf9688b2c525c9ad09
7cb075d8031f47dfb9a6b37840756bcf,1.7947168,b25fe3b79f714d38b3fc53e39fd84d36
39ce9102f2044852bd09b544df5b8092,1.7941375,7ac9c94011924c09b47f9640211885a2
a22926b3ca894e6c80de0e172a46f36a,1.7866526,9170e0bb8fe44b309f83293808d871fe
dd7aef966c97433eaa394c033bd3ed81,1.7834544,e27d9425c912446e947fe53c4a757375
6e4efb567c284833b93c09713f4af1df,1.782176,0472051dc57d43f8b9dd08df475fc4a3
bb1d29d38bf146d882c0237285e635b6,1.7802341,a4cad92644614f78bded3ca6d6023473
0f836960df064e7c96c2a78d865fd458,1.7796538,bab3bdc133384798b558f8fb6466a7fa
6eeb265798ed440e9feda4d09e043bf5,1.7765666,156f393f7ca046299e09d05464afa056
edf32c81fa8c41f4ba76d882cc8f88c7,1.7722629,fd51f3eef1a64d9a93652be481bde32e
4eae669b05f642a98f2ee1b828c4807d,1.7714398,fb709e29755b44988bb252c87a2ce2f3
a082e18320bf47fe8c3c9506d626862a,1.7608625,b4150337314e40fb9e3ebb24514504a3
efd4bc5be92d4f7abb7c4bd8c19423a2,1.7570517,74e7db4222ca4a20811199afafa346a7
2c379dfb72da44e9988beb15638fc7db,1.7565565,6a33c207c8b648f680dbd0e65639ef04
0499bd7b39be4304b273f17a516f2eaa,1.7534506,80921378de2b4cd3a14d449688d8b079
903552e550a14d61b7dafdda426e7596,1.751864,7c1e02f3ab614e539ac901e5cd3c92d8
3111ca7c585243e4aff0fad54c82a69b,1.7430389,836ec4ef8df644328ac07b7803709323
f5a036940f0b4b219a4903d8efd2cac0,1.7335454,5831f5e280be4c02a09ce4588b56d7f3
3dd7bbe2cb1845608dc71b36bc82667a,1.7298295,dc58564d0c8540bea4f3e2e3696deae8
98a56450793d4447a21350dcb38b80eb,1.7268796,efdf40eee13d409c9955e5b84e4408f6
9ac0ff71215742d1bb1d294fd8b4e240,1.7207483,855b3971c4a147cfb9a7c281fa6b915e
27074d8daee940d0ad71d8c9e50c854d,1.7195933,d74f6e7abeb84eedb9923dadb62f45f0
ad016f4559a0419297dfc6da2a37349e,1.7185928,526ab7eda50e4a239d03ad505832d61d
5d2dcf398cf24f1fa650c7f0c8035ffa,1.7166386,d27cfea4da8f445fb4e3c55e53c6482c
b5712ebb3754407989fd548033fcc3d3,1.7165592,e492ff7fecf046a4948c5ba5631cdefe
d0fb524183bb44a9a854de124a8becb5,1.7159199,640f3bd184b7425fb22cc7773b8b2244
d3d566cecb79472ab65c2a57bc6d7b6f,1.710983,7ce06191f1114b4c8a00609f6867761f
d02c0b31ac9a428fb46248742eb502fa,1.7072958,e7d6747e8c8b4ebcb665e232240daf17
ec9e443ba4a94ce1b32501a817565a6b,1.7057343,c26f5e7dcc8149f18f3d719bba9ae717
f825d91f98ed4b9fbffdd2f5bcea698a,1.7054625,d79afb377f5349a69830b2b4c7cfefcb
c6754ce8bf4346258c03509140eece37,1.704601,65664fb3aad341fab563409d91dddd2d
e9ffeaac65414a5fb9df90c528ca02f2,1.7005887,e5692bd498004d32934fbaa05af2120d
4fb27ec50c5a44b9a81d230f845e3047,1.6948968,75b0bd2240a54f6fb45bf95ca43ab5e6
00bddd864f6b4c06bdae75aa6a690693,1.6932104,ad2109663af04c549385cd2ab9b3283b
537772e1a2c849b2bcc68c362d5c2c16,1.6928444,d0a840820172465f83c8480d571e7b71
4c0fd754fe344b9ba99a09a70be831df,1.6926048,f9fae977af2c4f35b29400f31267e170
f3c6b6b18ad14537b64fde19aca70992,1.6904023,bd35571850644321b86ce4fae286ce7d
632d5d8462f7480ba8e1873292371b3e,1.6852992,6b9b2c8f0a874bb8b6691aca6bc49565
30c2e203d4e74967b5166f3da78fbe36,1.6849645,f615619defc4402b82845090c238e597
c0f3c55551da4b9fa0600e0d1b9181bb,1.6843979,0472051dc57d43f8b9dd08df475fc4a3
c8cf5bb63c7849c79141e48f0b609996,1.6793417,85e7ea30890b456084b8e85c299c8649
0414265ccf0d4dd59c98749d24924fe4,1.6786394,d27cfea4da8f445fb4e3c55e53c6482c
82ab65484b6d475d88c52a748a8072b7,1.6776649,e9f055a212cd4e5e8601228c37713f35
2ecb2538a079498991304b0864fbe039,1.676589,e456afdf95e643dd926249fec4d68753
7138411c54ee4ddc9519ced57941eb3e,1.6756631,78b600dd53854b018f87267d268b7b1a
c299003ba5bb48b3bd7eab31321b539b,1.6751494,f615619defc4402b82845090c238e597
f6a57bd21bcc4009bdd07b1d8b86afa6,1.6746097,630edd9b8f754b5dbd36cfbbd03ccb51
d4cf39f8ba7e4a92b4ced7faa1218229,1.6670455,e492ff7fecf046a4948c5ba5631cdefe
c3758e6612fe4a54ae862d91d26d805f,1.6631386,d331012ecf0c40888e0ac290184f0883
4a2b5888e21b471bb770cd3b5b496ae4,1.6608301,4d708e5878784386a42c2f436d2d60f0
be220fecc0fe4c75a466c1f760eed397,1.6606442,3be388c9ab614bceb086c19f70df23c2
003d3f2fc0d74fc58746a9d38d310d8a,1.6588738,6b9b2c8f0a874bb8b6691aca6bc49565
ae8dce8e4fd84a42916e2a2ea4ab7c38,1.6463029,fb709e29755b44988bb252c87a2ce2f3
553209cfbadf463eb60df32bfa7da770,1.6405292,65664fb3aad341fab563409d91dddd2d
f854f94037cd4d678dad33c5ee4d0dae,1.6347983,5a68e05acea4434ba08e17e1fff00057
d52a218e156e461f8d5f05a8a136988b,1.6329434,89597084b19c4902b073a2c6c6622456
eccc933299ba48deadc3fbeb6ca6ffea,1.6317588,37337ebec05640b890e4b9612776c32b
f4a11d6e649f44be960bbfc9a5aab7c9,1.6306231,b25fe3b79f714d38b3fc53e39fd84d36
2341754cd2ac49f79a6f98d84b177e6f,1.629652,11ec23965d2941d0817082107996ebbb
7dda222413534a90ab8e3d686a1ba461,1.6284204,d27cfea4da8f445fb4e3c55e53c6482c
64ecc00623a647a7854cf8236452c556,1.6279032,e039a00eae414ebbb2205b011ac127cf
b457016349004dba8b94241ddf2b6964,1.6236846,640f3bd184b7425fb22cc7773b8b2244
972aaaac6728431b983362d505543fa0,1.6206827,80948e17b5694599919e1502bfcc08f3
6237fc7134d449b9bc4158d9a707cca1,1.6069396,e9f055a212cd4e5e8601228c37713f35
4d211e99c4d0455980e9ab87c212c2d5,1.6063259,2a9658410614443d8a27ef174f61d6e8
a5d13a0d598241769730951b2e94e7ba,1.6058671,23066f7964874fd39639dbf2cb2766df
fbffec6a21df44de80e049b741243c36,1.6051466,8f285540a9394706bd6ec6cda46c5058
31d3239dbec34e65a0e239ffec9138ea,1.6048295,257aed6ca7a44f1cb5c664beb1be527b
a22b7bc93cbe40cba26f5e4456762f6e,1.6028849,f615619defc4402b82845090c238e597
4c35694f60f94daa9e2cb35e66d8031f,1.6002464,f11f1682b5924181b047d757d3e20964
580c0c6a3cd6416cb6654f177ff2498a,1.5998229,9b22c5cdbff44bdabd48dba008e6a3b2
98f802980f7641f39a841cd8697c5ea8,1.5966804,9170e0bb8fe44b309f83293808d871fe
953a07c9b67d487f9d6ac9b71b85dff7,1.5840482,e9f055a212cd4e5e8601228c37713f35
a2e363e09aed44868c4e51d9cce19eb3,1.5795214,c0cb721b56f240dabf7f464e453ef72e
af1aeb26d52b41fea9c9af10f45c7bc3,1.5791814,7cd1db4b50dd41e6b2f3dd15fcab3b89
dd207a6be6fb481c941ff42092bbb3da,1.5778198,34b71675a1ae442395b6eb1f3eda23df
6c106f8a15e949a69472df18c370d213,1.5761665,75b0bd2240a54f6fb45bf95ca43ab5e6
13bc78da1120442190653a8273c4f2af,1.5713627,19c9ac7b84df472c85ed6cf5a05fbbc6
d098bf81d2e34d868f274370a0a39716,1.5686928,fb695c097d5845c282f6b30c241e8cf2
5cf8596279eb4fd1a30ceda96102ef99,1.5681831,80921378de2b4cd3a14d449688d8b079
492d363c9d8b450da859bd06f06cf687,1.5606819,ff218cc7835d4b5ba0de22792319050a
0c472016621a42b2ace086642ed58917,1.5575697,92229a391d0b418f87b32c86c42a292c
97c22deac29b43b8a2911e08c2aba299,1.548367,0f9cc12519eb4872af7be7fe49e19f59
3f284acc005e4f23a2bdf5b45700c4cc,1.5473158,f9fae977af2c4f35b29400f31267e170
a1ea6d619e4045668556cef7645bb76b,1.5336105,9ff95d23c3284d31ba5e398afa520649
51bb2642caaa4fdfa82051cea135a8ba,1.5306041,b4150337314e40fb9e3ebb24514504a3
01bdc1af846a44eeb5a789e393d1d7fb,1.5299184,5971501b0e8b4ef5b203c3985d7f5e88
4d8700f8f8b3476899b9e140d2b572ea,1.5192854,e492ff7fecf046a4948c5ba5631cdefe
dcd792ee5ed44c18908c70bc295d64d1,1.5190096,6a122ce1702646db918266228d48bd08
c492188137ee4adab179d07e9473fc40,1.5189695,eaca056cec224a30aaaed30c39f644c2
3b9a5aa10a7d4cc9b31122f2d4258ccc,1.5180676,b25fe3b79f714d38b3fc53e39fd84d36
3d87a00da06642ab94224dffed6c2ef5,1.5175754,c9e2e76e631c4d0a8013d90892350e06
f2210503df2e4ed297faefd9a1152e2c,1.516692,8f761e1117754656ac86a3a25f241cd7
146864f4715c4e438e2c3294df06d9b8,1.5166783,691acac4a54d450697afb2c2dc4fca09
e578d2ca90a241bcb241e65a62648a66,1.5164855,f5a6222612ef406b8f02aef87e08c476
9a941b16ff4840eda21ad2f9e0c81f3f,1.5127361,9b22c5cdbff44bdabd48dba008e6a3b2
0c3b7a4e78f94de7ab1a415503097c9c,1.5116858,ecdae9f36c6a437ea72739febbf1c89c
09a86f7239984e8faf484dba2109244d,1.5106286,4a4eb12a639346b5a00557d54b51fe51
915862b474ab4f229d4311709b20bd58,1.5075102,6d3c42356e3b459c919e3129ff192ac4
f33800b2fc5d43febcbee5156e729a2c,1.4999943,ff218cc7835d4b5ba0de22792319050a
ab6c85b8074c4edcb7f8d568b142ef98,1.4863695,1543a2f94aa74008914301874d98f0f5
1f92b7ff3de8413bb81c7346203bec40,1.4762474,630edd9b8f754b5dbd36cfbbd03ccb51
574579024c244c8692dbb21de8829775,1.4730043,5831f5e280be4c02a09ce4588b56d7f3
757730e7c0414b47ba2a3a52768cdb3e,1.4679152,630edd9b8f754b5dbd36cfbbd03ccb51
d8fd098382264e93a362843242d58e0a,1.4667659,8f761e1117754656ac86a3a25f241cd7
9f6d414fa64347368d119235b14b5cbc,1.4662431,fb709e29755b44988bb252c87a2ce2f3
0f8a4be0f3094bce84e582a214feabb7,1.465027,aa2d7a3a535243189492d4ce8e79c049
7901d858c6e44dea8acd99a79e378956,1.4614012,fcc9863b07fc4bd5a01fab5b9160eafb
78fff51240e14352b1fae67b59be4cc2,1.4598511,58f53c379f7a4868a2ba6d91a06247d2
8b5c517e199245b2b9ffe9601e9c5fd8,1.4517165,92229a391d0b418f87b32c86c42a292c
8ffbcfeb411843b2bd6e513ae284b232,1.44908,00f45d57fd3c448d8cfdf3185ebae894
b98768914d8d4eaebb4632fefbad06aa,1.4296857,89e43b092c844b5886a93091a22c894a
e6f19de2daa24324b2c88100702126ac,1.4242973,691acac4a54d450697afb2c2dc4fca09
43de32fcef1548dbb9d856b138ecf429,1.4216667,7a4c413f5c844796bd5ffed2b65f0336
7dcdd31673a44edaa5df70306899ce60,1.4207234,de9328bdd1b34adda74a0363ff0a52b6
11626770763040b882ab69e58caa67bb,1.4198775,903360099fb644b6b88c6edac88eecb2
3fc67f7f85a74c5b9c118cbf60e96ca1,1.4180248,983940e0b12e4186a281c36de657406e
07e166148b304b0b9c003c015628df76,1.4153794,31b69f9501c4415e929b6af28c83f6a6
1c5703785c574a4a86152b8e8ceaaab1,1.4112839,4ad7e2502210436f9ca5735fdf7e50c3
0b887e10733b4259bd5c30a1c724ff50,1.4108738,fb695c097d5845c282f6b30c241e8cf2
3c400856520e456ebb8a1f9660e45cad,1.4100293,3b13d134762445cebcdbb02b484db77b
7f38510693a9428bbcd86009bb013321,1.4078245,6c8a24653ef04f559b88e0f27c0df63a
23dfaadbd50c422b9ff80be549a47391,1.4044268,cc21026ff0d541909df56c5618d28518
24a298b1f7cd4f74bdd60b6e1adaac53,1.4014369,d0a840820172465f83c8480d571e7b71
7975ca7b6008414e8bab9d135c53eb59,1.3941631,a926df6d7fcf4b17b68dae6f41fbce66
a9b2741eb1ab4c8bab6bec840430968c,1.3912549,02cf82700b4f4773af3a14ad8eaa5270
6bfef081f7a9453399f6d98d6cd01f60,1.3888233,1f8c0f02984e4139bf8043e57497fdb2
5df9b0803cc442b68e59b21fe5955092,1.3866242,e25b9d9944cb4d7197efb8ffc4ff57a1
93804e9078864c70b27336ff52724af8,1.3770661,92d5da561f5a41bf929f3555a74cd653
850ffbbf78224a1b910a45c2ad3ab6cd,1.3763475,19c9ac7b84df472c85ed6cf5a05fbbc6
42b1aada557b48a0989c6a1c05378299,1.3743869,17cc6768c9d14388b7455fea0060b62c
469ca74fcdf244ba896fd018680b3201,1.3730338,4ad7e2502210436f9ca5735fdf7e50c3
d4560ab76d914af184a3cafa8ec46abc,1.3696164,983940e0b12e4186a281c36de657406e
410190593a7f4b7e8ed63596f20c37e8,1.3655322,e5692bd498004d32934fbaa05af2120d
fccd86bf84054e46a65b37bb8808da7c,1.357715,e492ff7fecf046a4948c5ba5631cdefe
53487bcf5c684dd2ba470bf89947f7d2,1.3571391,5971501b0e8b4ef5b203c3985d7f5e88
fa54265caebc408591476e98de422b10,1.3398252,31b69f9501c4415e929b6af28c83f6a6
c3a842974e16433d9488c7df87df853b,1.3373324,92229a391d0b418f87b32c86c42a292c
383851cf303e47bf803a3a00b6481efe,1.3321928,fcc9863b07fc4bd5a01fab5b9160eafb
8e5a5214d8844be09dabddd5a39036e3,1.3297163,ec281224f8ee419ebde676f291672aea
b513c98d376b4102a9119d959aa7ebfd,1.3292339,d6fe6f8380464e21a27fd69de27f1f57
1c017d16176a48e9a899ed772d5ff4d9,1.3278196,1543a2f94aa74008914301874d98f0f5
bee778e5989a42b98f01c3f28373b730,1.3258679,ec281224f8ee419ebde676f291672aea
1252c75b04024238b04ae25eb65cf090,1.325539,6a122ce1702646db918266228d48bd08
4bb46186bb5347c793ef12b4397ebcd6,1.323837,6a33c207c8b648f680dbd0e65639ef04
366c800d775a48eeb3c735cde3a881ab,1.3048937,6b9b2c8f0a874bb8b6691aca6bc49565
856daadbd4c24836a85731844393b1f4,1.3046727,9e304a9bbc7b4c22af8025fc93757357
8819510944174ce28e7b0d3e9d8c9fe3,1.3006647,691acac4a54d450697afb2c2dc4fca09
b1574b190fd242e9a0cf3b489caa91e4,1.2981395,75b0bd2240a54f6fb45bf95ca43ab5e6
50b607a9b5e540148f9155693795e5d8,1.2955594,3257035cc77946d98bdc09e2fdd5cdae
2c5c1b245a194f81a943ef372c580853,1.2935022,01690d9b08164fcabd5bf0819754f71f
c8edf9162b024bcbbab1b1a81987a40b,1.2931035,1cbfb22f84454b1fb821b602e3ad11f8
bc4671732d9843eaabd57d23d84f259d,1.2921046,bd35571850644321b86ce4fae286ce7d
4e48af3f82274b30b4ec6ec1533e2840,1.2792454,58db4c3a26c84fa68d81235d078208bc
0cb422afc9b5409dbdc542e32e32d01e,1.270407,965598a17b624a0f9bb1cd58595458a6
a72d6ed397c64fa7ad1aeb46a417fa4e,1.2694411,8a77dc665d8b4d95a0b1113522f7e9c3
0b0ee45e830245ffa3ce101af6a1a750,1.2642175,855b3971c4a147cfb9a7c281fa6b915e
9c74b02f802b41bab45bd626251e1d88,1.2583132,4b748d6624144214b3d8a80b37aabde6
006744853c1a4bfd9d39aea6556c7be3,1.2576407,c0cb721b56f240dabf7f464e453ef72e
374f3a07f645432ca97d2116e61d6fc6,1.2538545,0472051dc57d43f8b9dd08df475fc4a3
4b39ba0bb2e54f72bf6cc4c7832b3841,1.2523783,fb709e29755b44988bb252c87a2ce2f3
cbd8f182af0646f2a5d514de46872f05,1.2482038,a25b08e008114c9ca0266ce3e55d82bb
477b5f953efb42e6a18e9428c69b0fa6,1.2452501,ad2b6fb945714e6792c17bd49a1066e0
4bb93a70efe949939c13ce6a18678093,1.2376574,77a8b27acb0e4600bb6ff974eabc269c
95efaf80178b4a519dbf8769d415c000,1.2359775,e492ff7fecf046a4948c5ba5631cdefe
c244f9298eca46bebe8382249b3a300b,1.2305274,e336d113184c4ebdbad7aa2b6ec64640
0428fe3094fc415e8fa4599480d6b434,1.2250717,17cc6768c9d14388b7455fea0060b62c
8779ed6ba8014232ae6caf2ff9ef4317,1.2237072,156f393f7ca046299e09d05464afa056
a5d2be317fc24e528df576140c0a3849,1.219101,1543a2f94aa74008914301874d98f0f5
bcb1b70968a74d41b4f3b9dc27129974,1.2181017,b050e9e1ef5946c297a34dda98d8f476
299ada2bc5ef4534ad5e0b1b7d10e457,1.2164924,e02ad4f63c8444b79a7a56fb23a4e0f1
9555747543024d518645fa84d0dbac94,1.2160969,369fe18b94f54c98b554fd22b4a3b50b
4dbe9a58e3cb490eab62a2bab47d13eb,1.2147847,e27d9425c912446e947fe53c4a757375
7c44128ff20b427f8ee22047fba9882b,1.2140508,1f8c0f02984e4139bf8043e57497fdb2
33d76c41516a4e5aa8c5b3b16cc6c6f7,1.2078807,e7d6747e8c8b4ebcb665e232240daf17
2b1ae0f0956e475c80e1ba5ca01abe84,1.2066064,b4150337314e40fb9e3ebb24514504a3
7e41c6ad9fe846239eb8cdf3a0a3569e,1.2057214,9303b9f7f4984b2dac8aeba8c8da8ef6
ac99786a858b4fa2a4aab5dcdd49d652,1.2013195,6a122ce1702646db918266228d48bd08
37f240104b2040c4a8bedd933b90684e,1.2002087,d4cd0b56b6f54e08aec8ebfdb6122c5c
16242654caa64a669f249360ac629e5a,1.1891376,3be388c9ab614bceb086c19f70df23c2
b32a35611f6b4eef9cfd102e5e72766a,1.1876065,b2be859ca8f24cda86821d5383edbc18
2b87269c561444308fce933186cf6042,1.1804249,0ebc441d25664c91adad96b570270f07
34bf626d6a87427281f80c0938fe0278,1.1802227,7ce06191f1114b4c8a00609f6867761f
6c8cdd6141244ba1b62fee70292cc68a,1.1756462,b4150337314e40fb9e3ebb24514504a3
d8c0f66ffaf94373b23b46444c5acb4f,1.1742604,156f393f7ca046299e09d05464afa056
a3b8ab612b544a76bfa18fd8d3c06621,1.1719594,d79afb377f5349a69830b2b4c7cfefcb
73ef58ddfcb54d09ac1737fdccd62d07,1.1717856,9e304a9bbc7b4c22af8025fc93757357
50d0942bfc7540f2b61af337707d303b,1.171315,4430d47e30904eab969c1baebca184c0
b7e671bfae63423bab3fb47c46a0b0b9,1.168866,8a77dc665d8b4d95a0b1113522f7e9c3
af70750bd219415e93fc6c35e802091d,1.1686591,903360099fb644b6b88c6edac88eecb2
57be916f4b9f449e85faa3e690b60115,1.165859,678725f8b914453fbc1029b7c1bc0879
5fa7699fd07e48f29a259e9b1044fab6,1.1618865,d4cd0b56b6f54e08aec8ebfdb6122c5c
335322101aa0491c89fbabfb87c21ad8,1.1592793,9ff95d23c3284d31ba5e398afa520649
7986e60543204582ac542d56eef7cda9,1.155661,9303b9f7f4984b2dac8aeba8c8da8ef6
960fbf15535f437db3b7e4614367c633,1.1520662,e96aa0967ab94368b381354e03dc40ad
6cfe829d301f463ba1bc66d1c8087b0c,1.1489751,e25b9d9944cb4d7197efb8ffc4ff57a1
7119bcd6ffec46a3b428819c202e431e,1.1477613,257aed6ca7a44f1cb5c664beb1be527b
924127ab124d40edaac3616675e82655,1.1465786,bd35571850644321b86ce4fae286ce7d
0d0b25a05a4148d2b15c4f2ac11010e6,1.1450007,b050e9e1ef5946c297a34dda98d8f476
89d4dbe124c14550a38f6790a02abf01,1.1433313,1fde4c9a01f84c349461083b6d0ba9ed
0b7bef4f00bf42b0ac6d5e824b04daa3,1.1416804,903360099fb644b6b88c6edac88eecb2
600602c8b38d4fe293a8b89ca3c4b7a6,1.1416601,d0a840820172465f83c8480d571e7b71
425fbf4deffd4fa183bfa210c296d087,1.1410962,d42996c2b67443fd9b73bba7641d4f77
824e34ffddf447618c176cfb2577eb45,1.14082,965598a17b624a0f9bb1cd58595458a6
b4a8d87a40804af0ba2290010e25deb5,1.135862,21b1ded02d7b42618592187e287835a3
9644dd0795c64946bd689d24d80536a4,1.1294523,a6a551a308b9442f947ea0608ae2c3fb
b9e0a43c19a04981af4a6dbf15166196,1.1281215,aa2d7a3a535243189492d4ce8e79c049
7409ac4ac3c944aca7a9965f2568766e,1.1194835,5971501b0e8b4ef5b203c3985d7f5e88
72679574292b4dcba4cd8bf82996bc5f,1.1179159,64f1d63a671d441d9663a783f632f794
410b8957bc6b4370ac432ae7bddc2cd8,1.1158565,b050e9e1ef5946c297a34dda98d8f476
b3d0e1f27a4c4d9dbda5877bde3bf232,1.1142153,9e304a9bbc7b4c22af8025fc93757357
f745ccee7e2340918079fa1ec6e0e29a,1.1131731,7ab29c5e2f05481d8a69cc479a764ee8
0f23167585384e62970cf34d4092c7a7,1.1128781,e52a528036014db0a7bd54b99a310fe8
64310259af8e430b8a9577093b411ada,1.1008352,6a122ce1702646db918266228d48bd08
dd893f1f0cc94ae188e1501db4638010,1.1002631,b4150337314e40fb9e3ebb24514504a3
a5b36f9c26ec44639e19ecba64ad7063,1.0973907,8a77dc665d8b4d95a0b1113522f7e9c3
1e579d7ae9414003b1ba23d9839d8031,1.0966876,faaac88748714ce8a99413b952a1dac8
982360bc10ca4c3ba78467718112babd,1.0963323,c26f5e7dcc8149f18f3d719bba9ae717
136549c15f3f468ab2ced44ab70b0539,1.0962898,d74f6e7abeb84eedb9923dadb62f45f0
7b1d70a80254489e9de91807e6e223dc,1.0928005,5a73e0a5c757410eb0928feed7b151c8
07ecb7f8a5f642e98200ac37c34425a5,1.0924275,0472051dc57d43f8b9dd08df475fc4a3
91c1e818e83d4b929c7b35f910b68663,1.0756438,a25b08e008114c9ca0266ce3e55d82bb
7510f4f5df754961a921d50523718ff7,1.0621871,1af4472b38cc4304841b2f1720075c9d
6e11fad70c424277a969434bd2dbd8b9,1.0621805,09fc9f38fbbb4bfaa1c979ac9cc43f0b
7f1f5ddc758b4e929452c112c70911ba,1.0572964,7a4c413f5c844796bd5ffed2b65f0336
eb1fe6fcc1154bfcbe523b6401451927,1.0565932,1af4472b38cc4304841b2f1720075c9d
d7f295b3018e494d84b29f498ac03fa5,1.0537499,46bfd7af0ed6491fa621350963d11e35
383e7cf30f234aaf852e3f30de7879ed,1.0505165,4a4eb12a639346b5a00557d54b51fe51
b7e24f3f016a422b89ff10b363c86e9d,1.047841,09fc9f38fbbb4bfaa1c979ac9cc43f0b
3ce8d2e955bf406c8830f97658207859,1.0475315,8f761e1117754656ac86a3a25f241cd7
484bed1b612b48f3a0b37b91bf626f39,1.0432647,057164cf4aab45ebbefef3409359cfb1
d0c34b42e0ea475cbec6f473103ce609,1.0359125,e039a00eae414ebbb2205b011ac127cf
6283b7ae96e24cb789de54f62817a522,1.0329747,e25b9d9944cb4d7197efb8ffc4ff57a1
8f8c730f26cb483da414fce61eb1b47b,1.0307447,a926df6d7fcf4b17b68dae6f41fbce66
8e57d7771c084620b4bc95981a394b34,1.0241919,4aa3556b2aed469584c573868193a07a
5f5c72816fcd4fcc8f58aa66c02daac3,1.0188192,eaca056cec224a30aaaed30c39f644c2
278a6d1334d949ac865e60b6199bf59d,1.0183122,a926df6d7fcf4b17b68dae6f41fbce66
e42fa7d6b7134c18be1ea6c41a504057,1.015114,650afb6a1d054e59904a1b796552eb04
86c05c3d7552474dbf8eb503035b96b4,1.0136863,80921378de2b4cd3a14d449688d8b079
be9ab7f3be354f5c90bd15df7006776d,1.0086254,02cf82700b4f4773af3a14ad8eaa5270
de06cda8b2974e1faea48a81f0d71342,1.0086249,6b9b2c8f0a874bb8b6691aca6bc49565
d480f925a4b94f518e72ad64b3ed439a,1.006829,9303b9f7f4984b2dac8aeba8c8da8ef6
26ee506b01f6447f8db3592bd80ed39e,1.0009903,78b600dd53854b018f87267d268b7b1a
c873b341cab549d6be3c38ca79441d7f,0.99467593,b25fe3b79f714d38b3fc53e39fd84d36
13c651889f50420d9c7adaeac0c211d8,0.9943992,d42996c2b67443fd9b73bba7641d4f77
9d91a50f84cd42d999f13adae10c4a0c,0.98583484,bab3bdc133384798b558f8fb6466a7fa
b89108d9803648fab3137eb2d150c208,0.98116213,d27cfea4da8f445fb4e3c55e53c6482c
fed199237941466bbcb3b0333580ee3f,0.98051983,77ac5eb4b3054ca68e2b0dcbd5473fd1
47b8aa81feb6443088dc32ba9aaeca66,0.97280896,3257035cc77946d98bdc09e2fdd5cdae
dd9bd5320911433f9d855d754095534b,0.9717475,4696c8192576454f8684954bc771aa23
a02994faca0a4c088e226d856518737f,0.9708377,630edd9b8f754b5dbd36cfbbd03ccb51
6d60c813cd9640d0840e8567de817877,0.9707837,bade01bd83ec4b6786fd8c867ca7a090
275a7144962641e1a6b32428d2e025ec,0.97010744,fe6ace599de44aa19b1773dad3658fee
587c1d4811034d7d8e3ccdb4af7ddbe1,0.9626056,e25b9d9944cb4d7197efb8ffc4ff57a1
669388a30d174fa48b59092d2b8770cc,0.95679414,a25b08e008114c9ca0266ce3e55d82bb
c81fde53a5804d74983247fb14718050,0.95425725,bade01bd83ec4b6786fd8c867ca7a090
a3b9cd8b03da4791964406ffeee48526,0.95318687,6542f58c143446f280e88a6375ccf79a
ddfb9bf3e876482b994c7955230bcda9,0.9529739,5a8cc5ff28fb4359afc7e9fcbf3bce55
15171a501992488a97cd9f1f44475978,0.9468107,a1d8cb16dafd4126922f985021e93631
a904fb4b818843aebcf6c526facb5089,0.92527354,8a77dc665d8b4d95a0b1113522f7e9c3
cd1d8e8c5cbe4d4cb0b1fbaf84bec386,0.9231961,650afb6a1d054e59904a1b796552eb04
abc9ab04fed74e638625e3e6f26de13d,0.92284,a0fe3cd34e474c3b90662ce8ef1fcac6
493a9c5f51a84accb411c3f643d0fba3,0.91818726,21b1ded02d7b42618592187e287835a3
54371d2d71dc41b99b9d79ae757b5dbf,0.9165583,4a4eb12a639346b5a00557d54b51fe51
a95f568bf31846fd86a94ef5cc3a229e,0.91315246,ad289d5052264f9c8bd0aaf9faace92e
c8a6cf1a44fb449b9f338991907da389,0.91156864,89597084b19c4902b073a2c6c6622456
7d866819a8df47fe89b41b4cbbe0ecdd,0.9091292,ecdae9f36c6a437ea72739febbf1c89c
429c0e9f5199454590fcd1e2560a42a7,0.90507394,1af4472b38cc4304841b2f1720075c9d
c8d0d1f2df5c4b2a8eecdd2acc610a85,0.90369725,e25b9d9944cb4d7197efb8ffc4ff57a1
05fadc86cab04c70ba18949f1163cea1,0.9009808,0302e7dde9074dddbbbdf85e9be57901
e0bbcc95980e4aee9f0b5f6976c5eaff,0.899372,f5a6222612ef406b8f02aef87e08c476
71466cbf526f4ad890c742b6e4fe7449,0.89833164,6542f58c143446f280e88a6375ccf79a
05de4f46aac741bd81e6bb9133542716,0.8955625,bd2f91a9415049d980e453f94327e0ce
6f57ca99a1e54968882b1a10aed416e5,0.8944898,6a33c207c8b648f680dbd0e65639ef04
5d880a342d1a4ff987be8c9023fe6275,0.8926583,c0cb721b56f240dabf7f464e453ef72e
b74ab07a7c004219aee7bd6d643ebfb1,0.8878646,64f1d63a671d441d9663a783f632f794
9aca4f5f45944250973b5a08c3fa9547,0.88486606,58db4c3a26c84fa68d81235d078208bc
9addae0c40c248d4ab8fd02fb3861e99,0.8791877,9170e0bb8fe44b309f83293808d871fe
c71fc9273bb64cf78fcb3160724b40be,0.8766237,34b71675a1ae442395b6eb1f3eda23df
f7937418662b418b90963799279bc248,0.87556165,09fc9f38fbbb4bfaa1c979ac9cc43f0b
ba86837d26e64a5095e50f614cebc183,0.8753872,92d5da561f5a41bf929f3555a74cd653
1aa2b5e2dcdf4c4c954c4af1b2112143,0.86932623,e02ad4f63c8444b79a7a56fb23a4e0f1
8f46f1c9e7dc4f0184c02d6fef8f3708,0.8666452,b4150337314e40fb9e3ebb24514504a3
55e30898427a472799115a2e014580a6,0.86339104,d74f6e7abeb84eedb9923dadb62f45f0
83be35bfce854dc48152629a9841375d,0.8598218,c88be17376104f999b914a91aebf7220
b2bfb37b3dd54bf0b7653b3c280b2b08,0.852188,c8b9a0ac7c214a449c434aabdf6ef770
3e85ec80c479459598052f2abc51cc73,0.84770274,c9e2e76e631c4d0a8013d90892350e06
980e4d1c5fe143498514e41d3c6501b3,0.8470062,eb513691b7a04d31ab1bc50bf343447b
22dbea142f4c45988a0efcb3c3633249,0.8461868,d42996c2b67443fd9b73bba7641d4f77
7a81a74f4b0e49839c3fbcfd7ad02560,0.8455539,fb709e29755b44988bb252c87a2ce2f3
1e008659e5994366815fe158a9f9a26c,0.84512544,9e304a9bbc7b4c22af8025fc93757357
61bbbca9959242abaabb21b01f9f40b6,0.8448064,526ab7eda50e4a239d03ad505832d61d
00aac7746e164d80a6a257d31925297c,0.84428906,1b4e143cfc1648a5b877d7445446366a
9ed80bde74cc4e15aaa675186748bdbb,0.8345649,58db4c3a26c84fa68d81235d078208bc
1ca76b297f0e46b1ab22a8cd94230582,0.8325895,27eee82d7fb94b9b8b60bd3101187496
ff15583dc30644238b32a7302a039764,0.82391554,b2be859ca8f24cda86821d5383edbc18
5d32b941bc394464a6da8d1c78aeb3ef,0.8218282,11ec23965d2941d0817082107996ebbb
0d995ee72a0b43739f37e5962dd6c907,0.820174,0302e7dde9074dddbbbdf85e9be57901
3088711035bc4a06b3595ae315f54fb2,0.81959623,c9e2e76e631c4d0a8013d90892350e06
3127238ca74643c3bd2e042605dc5e25,0.8187654,983940e0b12e4186a281c36de657406e
8756c0e4eee54ca69baec75ff9c6f44c,0.8187586,17cc6768c9d14388b7455fea0060b62c
e746e83fb0634ed3b81c10391e2d74e8,0.8178633,ff218cc7835d4b5ba0de22792319050a
68f3223d477e4e1cbe3830412674f8f4,0.81471205,ad2b6fb945714e6792c17bd49a1066e0
afb3f7ad74ad422c8162326a9647de92,0.8138699,73e7e41e8db447c09cb2363d76556c64
82e2ae3e0d3c4ccab9093974f974e854,0.8122512,a6a551a308b9442f947ea0608ae2c3fb
1080188fcae241b4a5c7649114dafd64,0.8077562,5971501b0e8b4ef5b203c3985d7f5e88
b0f8d38771464874a4c57aa453d842ab,0.806597,4aa3556b2aed469584c573868193a07a
0ef75de01cd14e0faadcf05c8a85a916,0.8056726,057164cf4aab45ebbefef3409359cfb1
8c5aff69d92e4556bbd5cfdb17a74109,0.8052253,5a73e0a5c757410eb0928feed7b151c8
d5f31f9998f5477abd572904835fad50,0.8046291,9170e0bb8fe44b309f83293808d871fe
b8355f6877f04cf583abef8dbf343f61,0.8043461,a6a551a308b9442f947ea0608ae2c3fb
061948a87df34fb3b077070194c1119c,0.80016124,1f8c0f02984e4139bf8043e57497fdb2
780760acebdc4860bb31c7a7150c19dc,0.7986737,f5a6222612ef406b8f02aef87e08c476
910f58d10cac4e1896efd603e3b6247c,0.7958683,ad2b6fb945714e6792c17bd49a1066e0
e263f6646da54395823572d53a7be6e9,0.79234606,58db4c3a26c84fa68d81235d078208bc
6d86d0062e7c4ab1a1c263fe7418697f,0.79092264,e336d113184c4ebdbad7aa2b6ec64640
c7d1e88369c14b5bbfe40bbbe31311ae,0.78753173,cd60a0fcac24465a880af7d8f921dd68
fa3faa7dd3774c2681f4c5b7527b1e78,0.7811903,965598a17b624a0f9bb1cd58595458a6
7c79c3280c0f45a693fefbeb30bb648d,0.7786275,3be388c9ab614bceb086c19f70df23c2
e84532113530478c84db1abdcae9a6d6,0.77822983,95fbc6ed8bfd43c1a6bcf676e26e7f8a
f560f83f452a48fc84973544fe676991,0.771313,257aed6ca7a44f1cb5c664beb1be527b
37a17e9368a0458aad652a8b0602892a,0.7661127,630edd9b8f754b5dbd36cfbbd03ccb51
062dc7df9c4f430f87502fe7eadd5d7e,0.7571569,89597084b19c4902b073a2c6c6622456
4bd7c89c496144089a9b340c20c1a8bf,0.7567683,ad2b6fb945714e6792c17bd49a1066e0
b717169ea8804058961095ae61a7b5fd,0.7550117,64fa5ce839ef406b9bc8a1b2f05094c7
1f8623bf930a4fcfbd914e784354ca2a,0.7546158,f615619defc4402b82845090c238e597
8a58d56cfe3a46549a16ce3a0f3daf0e,0.75430906,bd35571850644321b86ce4fae286ce7d
69ac3d3d408a45fda23c327ed1f2678f,0.75247836,1d47a696eae94bd29f215a4787b27d8a
b112a5b1b2e44b49971304154011c418,0.74889725,1c97c72e076f40fcadb22b17e71beed1
ea055ef8a6de4cdb8761ddd4dc3bf3af,0.7462932,965598a17b624a0f9bb1cd58595458a6
0d47fb068dda441b9e8f8f7bf704d553,0.7423779,d4cd0b56b6f54e08aec8ebfdb6122c5c
a18a19c2ef80495ea076e2ecc882c7e7,0.74206215,80948e17b5694599919e1502bfcc08f3
da548115b6564ca69d846f3ea8615b6e,0.73890126,e96aa0967ab94368b381354e03dc40ad
b9927fff8eac41ac99d787e84af9c3da,0.73844284,95fbc6ed8bfd43c1a6bcf676e26e7f8a
52bcb0a99aff4ed18c8fd7fc24e687f6,0.7348888,7cd1db4b50dd41e6b2f3dd15fcab3b89
7b77d3c7e5fe4d2abc10ed7f00ad4e1f,0.7327864,ec281224f8ee419ebde676f291672aea
8fbf0e065e2147b39508d482b6af3901,0.73122406,855b3971c4a147cfb9a7c281fa6b915e
b34eaaea52614dfe82c2df09e4121948,0.7299406,8a77dc665d8b4d95a0b1113522f7e9c3
b48f5f444c3140b38a8e756e57fd042c,0.72808087,9b22c5cdbff44bdabd48dba008e6a3b2
ef0d69bfdc4e49acb1978167c6edf80e,0.72222185,19c9ac7b84df472c85ed6cf5a05fbbc6
a90f7233ac774c298df91a6eeab11626,0.72068405,d42996c2b67443fd9b73bba7641d4f77
1debf605469f435a817fe50539698246,0.71925235,34b71675a1ae442395b6eb1f3eda23df
56c2b163d79149048fcdf4e0f9d5598b,0.7125654,64fa5ce839ef406b9bc8a1b2f05094c7
1f4dd46f7d93406e9b1fd33e5a2a4158,0.70821047,a1d8cb16dafd4126922f985021e93631
e938fc1d26e5456ba78f78d9f8514816,0.70175296,b25fe3b79f714d38b3fc53e39fd84d36
b7076c9ed4f545c48deaab51abdc4a6b,0.7000794,ff218cc7835d4b5ba0de22792319050a
3c6017018cff435f8a15557ec2740321,0.69916075,85e7ea30890b456084b8e85c299c8649
19e32ddf92c24f32a65a82f858c5c148,0.6977862,0ebc441d25664c91adad96b570270f07
75bd7834bfba42a0824a1918cd04b829,0.69196916,c8b9a0ac7c214a449c434aabdf6ef770
43bd347a4d5e4c8c82b41970f2ddfc02,0.6899248,37337ebec05640b890e4b9612776c32b
c2da5a4eff03435c8c936f9c5f4cf43f,0.6826272,1d47a696eae94bd29f215a4787b27d8a
6178ae89b15545f39f754e64a9283916,0.6734434,8a77dc665d8b4d95a0b1113522f7e9c3
67807253c7c94312952c818472d4888b,0.6730076,6c8a24653ef04f559b88e0f27c0df63a
85775741207d4d1ebf2ddd8ec7d58102,0.66910064,80921378de2b4cd3a14d449688d8b079
c00b77da1a6749149b7830ba636d7101,0.6647514,4a4eb12a639346b5a00557d54b51fe51
5f47f156e8204f808cef8696d1f8920a,0.663092,5a68e05acea4434ba08e17e1fff00057
cb44ae0776e3419e8b0aab12b82dc8e2,0.65004444,23066f7964874fd39639dbf2cb2766df
0f7f319e6bfb4438a4746cfecb70a08e,0.64901215,855b3971c4a147cfb9a7c281fa6b915e
90d603d31e104c02a43e18ee6dfe41d8,0.64824593,e492ff7fecf046a4948c5ba5631cdefe
ade56895f4dd427b8c4477aa940dc716,0.64757645,e52a528036014db0a7bd54b99a310fe8
803ab31024764a56a2ac0cda5c79c69c,0.6470485,11ec23965d2941d0817082107996ebbb
b7e96cbc27284100ad9f3ea6005e3af7,0.6455271,34b71675a1ae442395b6eb1f3eda23df
13260f69234944ae8feb384dae6510ab,0.6435492,eaca056cec224a30aaaed30c39f644c2
242f18b8efb7402a9e394515b5294eb5,0.6405234,d79afb377f5349a69830b2b4c7cfefcb
d5491c8b5caa42bfbce7ed937032b28b,0.6373476,46ba0b979a664c7cb0c315c4cde6ac86
8564aa88c0c6416890eb773a1c47d701,0.6311806,8a77dc665d8b4d95a0b1113522f7e9c3
05c94abeee1e4897a6b14e8c36542ab6,0.61613595,5a26ae7959494fef99542e9b2004fd11
01f344e8e895424eaa3251d134512cf7,0.60969144,f036aaf4ab714c598a0b6da4ca604136
3555001842e549e3b0aa8f30dcd11e0e,0.60487664,cd60a0fcac24465a880af7d8f921dd68
e248745a536e4547b843917beb8bc3ea,0.6036672,cc21026ff0d541909df56c5618d28518
277c71d0965642b2b592f9a48534fee7,0.59963703,c8c201e25c0047a2ba9d9e8541ac0939
e30792faab17454587f51314a00ae69b,0.598899,d74f6e7abeb84eedb9923dadb62f45f0
3d62fd7345e249eca395731c94b53eba,0.5936368,d42996c2b67443fd9b73bba7641d4f77
06cec2d499d345bc9c033032d765acb3,0.5930138,779d7c2bad1940c8a861451964e1ce01
d26040150be642cfa0310e083cc0d204,0.59215534,bf59502a233e4b5eaff9cfa3a992c387
237d880c4172486781ba355b82ab8600,0.59025115,e96aa0967ab94368b381354e03dc40ad
2fa8c386148647ccaeee6adf877a7ac6,0.584925,8aadcf7251724cc6858dc0db44abebe3
5b21a17866f54dfa8e63c58219851a21,0.58380294,d981f2c67f764e0c84af125b563958e9
9bc0b7a878a34cdd97666a27e60314a1,0.58298874,7cd1db4b50dd41e6b2f3dd15fcab3b89
45134c6dd42d4814b2fba3d713c1b3a5,0.582381,1cbfb22f84454b1fb821b602e3ad11f8
5a1096197b8648d882cdd33875519404,0.5807744,ecdae9f36c6a437ea72739febbf1c89c
619fb307d36a42b8818b2918edc88ade,0.5805813,aa2d7a3a535243189492d4ce8e79c049
c896b42105de4a53836bb12899fe2cdf,0.58029443,19c9ac7b84df472c85ed6cf5a05fbbc6
a48cffbae43148f292d3a78837fbd4ca,0.58026564,efdf40eee13d409c9955e5b84e4408f6
b36e14c403c746758111d5c51809e382,0.57139397,b2be859ca8f24cda86821d5383edbc18
59f932ea796043fdba3c19bd87389e96,0.57049114,58f53c379f7a4868a2ba6d91a06247d2
1f125654980e402e84e676e3b1c1db15,0.5620993,73e7e41e8db447c09cb2363d76556c64
f1ccf2ee3c3d4cddb27a2e081d844de5,0.5504159,564a84b1b830407e811bcfc7fd086a6f
34dd2bcde19344c69a51099dd39f23de,0.5481448,5a68e05acea4434ba08e17e1fff00057
8db2bf7ef1ed4e16b8f31fc7a9ad0e9e,0.5454056,fe6ace599de44aa19b1773dad3658fee
c8aebab05e9d4c7e8a5e4875c217263d,0.5405719,e7d6747e8c8b4ebcb665e232240daf17
6ba13a7346044bfba1b6245853af401d,0.53662384,d9fbe02f04a4469dac855f69ea6ad02a
8b1eb206468046df8b8c19637b250996,0.53033805,89e43b092c844b5886a93091a22c894a
e18211bb1b9a4eb5b5679481523d0c23,0.52700144,d981f2c67f764e0c84af125b563958e9
b6406f4769234ae7828d1f1011448739,0.5251889,b25fe3b79f714d38b3fc53e39fd84d36
ac047081c69246efb1e1385bc77fb76c,0.51816964,88dc23909eb4415aa39b96cc3a4c2926
bd11eda8c59c41a383c769c428ce6d6a,0.51731396,a1d8cb16dafd4126922f985021e93631
21160fabb87f4b0fb849c04438771115,0.5146997,1af4472b38cc4304841b2f1720075c9d
901288a03fde4b628e2efc51f9ec6f0e,0.50804114,257aed6ca7a44f1cb5c664beb1be527b
83d43c7c640c4996a271c9ec70bd0746,0.50629497,0302e7dde9074dddbbbdf85e9be57901
eead86464fcc47c9a4330692646f0973,0.50622994,1216ce1ef31e4643bb1222538c206342
8c85184de9ce46bdbd65f38bd49612b6,0.5055747,9b22c5cdbff44bdabd48dba008e6a3b2
58556ab04cfc4acf9ea2865485923949,0.50501573,630edd9b8f754b5dbd36cfbbd03ccb51
00ba0de9ca0245ab8489ffd199e84c92,0.5042348,7cd1db4b50dd41e6b2f3dd15fcab3b89
f7d9f745835a44c4a947a141f080ed24,0.5033896,c0cb721b56f240dabf7f464e453ef72e
e9b290a94aa44b1dbba67ba62b5153ac,0.502925,27eee82d7fb94b9b8b60bd3101187496
c27914b906234330b9a6677788aab658,0.49757272,89597084b19c4902b073a2c6c6622456
e919ef1fffb2496894c9769d7ce9aacc,0.49666053,8f285540a9394706bd6ec6cda46c5058
1db0071ef86044f094e7faa2720a4ca4,0.49178421,d331012ecf0c40888e0ac290184f0883
987dc1b016fe4664902db31211a59bd9,0.48915732,efdf40eee13d409c9955e5b84e4408f6
8f2691e2160d4c95b5b1ec99938ea931,0.483994,23066f7964874fd39639dbf2cb2766df
e8dea0d3ff7b4340b7e4863d401e1a4c,0.4816314,95fbc6ed8bfd43c1a6bcf676e26e7f8a
3c1c6d5089844fbe90e18a5fdab3bee4,0.480104,8a77dc665d8b4d95a0b1113522f7e9c3
db4153df6e94413dada442eb6e6a8fee,0.47738028,2768d411cc374a018a898f9df0ca207d
ef7e074ee0664115b08c5b98bc09f83e,0.4732021,efdf40eee13d409c9955e5b84e4408f6
840915e1243641c0b502a35bfa1a9aa4,0.47222185,e456afdf95e643dd926249fec4d68753
844cc162c90c4ad0bf5be9750450f4f7,0.47196335,89e43b092c844b5886a93091a22c894a
55c82489e50948b39c0f1bfe5fbf408e,0.47074774,89597084b19c4902b073a2c6c6622456
66c69be4b87942098f652198c91df0bd,0.4700992,77ac5eb4b3054ca68e2b0dcbd5473fd1
9e85ec108ce944f69e9225fd35831464,0.46468326,156f393f7ca046299e09d05464afa056
c0860e1ee41347ae81ca7fee69119dc2,0.4595919,3257035cc77946d98bdc09e2fdd5cdae
e3168a661d6e43b39980289c06b51f8b,0.45721254,aa2d7a3a535243189492d4ce8e79c049
22fbef34478f40bbbd083e12595903b4,0.4553174,de9328bdd1b34adda74a0363ff0a52b6
6bf15791f42e4323bf626650477d9beb,0.45271978,8db9e204b8b841df8fd94eff0888cdf7
b0eebd77fb114ff388e46e4f3d284b4d,0.4526538,e25b9d9944cb4d7197efb8ffc4ff57a1
86f3189426a749d5aa5851a9514f7a36,0.4520989,ff715b4f228443e3b067c801250f3402
f83685b1d7eb4bb2912f5e7358584feb,0.45069313,691a538d2372403fad2b919b48ff5f85
63e22c9413454acc8c86fb1ec33284b7,0.44197565,a25b08e008114c9ca0266ce3e55d82bb
620d85d5d0b947dfb2f0574a0d4dfe72,0.44155228,8db9e204b8b841df8fd94eff0888cdf7
e20a7ed561e1414ba269129124fa8186,0.43194133,f5a6222612ef406b8f02aef87e08c476
d87ab9d9a67547ccada7b9ea3d22154e,0.43020552,bade01bd83ec4b6786fd8c867ca7a090
0c915913c66d40f6b77e2491b30dfc9c,0.4276098,a0fe3cd34e474c3b90662ce8ef1fcac6
bf4e8bc83a74425e8657c603c0004113,0.4259692,b25fe3b79f714d38b3fc53e39fd84d36
f8a46af09cee4fd4a9c2ffe00e109f28,0.42527482,6aaae524573f477f8fdef0b83787cbee
a34c38121a3948f8949f49df67186c78,0.41844434,92229a391d0b418f87b32c86c42a292c
4762d831f5884e25bb3eb6e73fd283fe,0.4145581,d79afb377f5349a69830b2b4c7cfefcb
a40e1b69ce604c8198c2de59ad0c8b93,0.41375336,7c1e02f3ab614e539ac901e5cd3c92d8
2246c7640ba74a0d8caef1ca9f9d44dc,0.4126677,564a84b1b830407e811bcfc7fd086a6f
4862c9b0d8ae46eb8831a66a01eeb02f,0.40703186,b050e9e1ef5946c297a34dda98d8f476
b344c4448c13473197e3c11682c4096e,0.40314707,3257035cc77946d98bdc09e2fdd5cdae
589df17e77094a82933b4003a252ae26,0.39675802,e02ad4f63c8444b79a7a56fb23a4e0f1
af33a412aeb947a8b8c53cfc9e78a69d,0.3950009,983940e0b12e4186a281c36de657406e
869ede3e68734644b841477bdcecf1e7,0.39327326,1b4e143cfc1648a5b877d7445446366a
211c5c1ee1d042d391296b95c6c95c66,0.39277682,cc21026ff0d541909df56c5618d28518
d37d23786d3f4e90977fbe2a3e5be556,0.39186805,85e7ea30890b456084b8e85c299c8649
4d11f7b70f1b430697bde44deb6f6e8d,0.3908356,f5a6222612ef406b8f02aef87e08c476
919a7551269b4f86ad471c424ce96b2a,0.387691,fcc9863b07fc4bd5a01fab5b9160eafb
2c2bd31efb4543d08c60180fb6fa21a2,0.38596854,1d47a696eae94bd29f215a4787b27d8a
454132982ecd4d5e9e6ed9c9e33f3433,0.3819862,257aed6ca7a44f1cb5c664beb1be527b
0c2f43def73f4f3a89a64828f97dde43,0.38064665,a6a551a308b9442f947ea0608ae2c3fb
fa350c4d307c4225b43fde340c1e9c40,0.36768103,acee70abee2841c9b67b95e9ed079647
a7c72b26df5e476a8a8efd1d597ead90,0.3660563,9ff95d23c3284d31ba5e398afa520649
d2a4c950a6244d788c3d60d371b154f6,0.3627416,fd51f3eef1a64d9a93652be481bde32e
432fd48d8c1946838e62f7912527deae,0.36201122,7c1e02f3ab614e539ac901e5cd3c92d8
b3d1c6603e6a4f05bfe265607ea252ba,0.3617801,e02ad4f63c8444b79a7a56fb23a4e0f1
edae612794a548eea7fe0edde2cd8271,0.35616353,c3412c53e9ec4b6a9a1aa95cf7f0f1e4
17176251386d48d798eb18eee7208273,0.35268146,46ba0b979a664c7cb0c315c4cde6ac86
0478a4dd439f4218a9194cd283b15aca,0.35175022,ed9b10a2879742628fce003076ef9024
2a8517391a58458c8b4054fc225e976d,0.350906,bd2f91a9415049d980e453f94327e0ce
5db16d2af83a479d85d0755051ccebb6,0.35064906,b25fe3b79f714d38b3fc53e39fd84d36
e5968b40a7054871b2ae79f18399b30f,0.34949857,6c74bedaa406493a99988c5b8a47b704
b2b15ac784564b17b414221232730701,0.34916866,4696c8192576454f8684954bc771aa23
a202212d6ad9404fbc16c60a7fc73ddc,0.34912774,fb695c097d5845c282f6b30c241e8cf2
4cf01329838243b998a06d2ffab76517,0.34824768,99142f1c07cd4782814f8c970eaaa40a
5d81d489a98d444a83664fe0db47fccb,0.34735262,00f45d57fd3c448d8cfdf3185ebae894
92048547bb5d4e79856a1c872a2e018b,0.3448463,01e805bb5a1845a7addf86fe9bc8d814
6a057932e0f440299b46bf70039cf9d7,0.34137583,e492ff7fecf046a4948c5ba5631cdefe
e2b6403a2141451a9febd997a026ed2d,0.34117156,8a77dc665d8b4d95a0b1113522f7e9c3
211bbe2f818640a39e55304483f7aee1,0.33888832,691a538d2372403fad2b919b48ff5f85
bc1026f31e374c13a6d40e36a58b4b4c,0.3372059,4430d47e30904eab969c1baebca184c0
1089b153884e4aca90dce90c11539615,0.33320466,b050e9e1ef5946c297a34dda98d8f476
b5ac47314a344318be396fd6fdef8239,0.3305478,6aba5a04ef8742a39d3a61644a5f0729
df2549937e044a9583242e2c20f87e85,0.33028528,f615619defc4402b82845090c238e597
4aa10500630647f891ae1bf725a8f169,0.32897848,700f381f40ce4b039ce0df8b49fb199b
6f8c1d69a43c4848bf3426c02ae5b938,0.32752734,f9fae977af2c4f35b29400f31267e170
a89278348142457886434482fa366f57,0.32603288,e25b9d9944cb4d7197efb8ffc4ff57a1
356335bb29d4424ab31c89c6931246f5,0.32484603,965598a17b624a0f9bb1cd58595458a6
539c9a4dd3ac4de18415aae9107a2600,0.32430586,11ec23965d2941d0817082107996ebbb
06dc42ee4aa4438a91f2d88754ad84cb,0.31626847,650afb6a1d054e59904a1b796552eb04
eed22afb847c47abb46b07ec48d1b679,0.31033468,c26f5e7dcc8149f18f3d719bba9ae717
ba4278aa214b4c66a8da0220e99b2014,0.3085447,fcc9863b07fc4bd5a01fab5b9160eafb
6475f4fbc11942b8814094002d1133b9,0.30792075,a6a551a308b9442f947ea0608ae2c3fb
b8cb140987104f8db7456d8b3ad57ae7,0.3059559,e25b9d9944cb4d7197efb8ffc4ff57a1
a073ad7e6cff44bca20e23485bde2461,0.30536702,e52a528036014db0a7bd54b99a310fe8
2937b0fa761c4d3294bf68f522d9ab25,0.30446184,74e7db4222ca4a20811199afafa346a7
794516c691a54f63a105c96bf716febf,0.303239,1c97c72e076f40fcadb22b17e71beed1
a987046439f446848e7b3520dcece6d6,0.3024976,4ad7e2502210436f9ca5735fdf7e50c3
6e651760ac2e4377abd5ff9ac4b8c9f0,0.29921365,d9fbe02f04a4469dac855f69ea6ad02a
d167d4759915411bbe1bbe1051622883,0.2978447,4a4eb12a639346b5a00557d54b51fe51
b0428ae75a7d474bbf2e2f440fab50e9,0.29584658,e492ff7fecf046a4948c5ba5631cdefe
f68b3be7e23c4f86addba549e41b9077,0.29444787,9b22c5cdbff44bdabd48dba008e6a3b2
c0f5519b1d3842a68611736d9c0e5c9e,0.29201812,01690d9b08164fcabd5bf0819754f71f
f4398da2a74044829b4f7bd0808aec82,0.29183978,6c8a24653ef04f559b88e0f27c0df63a
aa8510751ea1474a90449f0bf668c26a,0.2907097,691acac4a54d450697afb2c2dc4fca09
1f2e192e12674543860d4dfb5ccbf818,0.28995237,d6fe6f8380464e21a27fd69de27f1f57
99370de3bbb74c12a92ca24b995d92b1,0.2855779,4430d47e30904eab969c1baebca184c0
ea0b41aa56ee406986b5b4f422a625ee,0.28366297,f5a6222612ef406b8f02aef87e08c476
b6564d12e54b4e09a41d57e66159df56,0.27402705,a6a551a308b9442f947ea0608ae2c3fb
48ac74f9b05a4b4da78a5f6497555631,0.2723837,a0fe3cd34e474c3b90662ce8ef1fcac6
13efb9d3d8904edb87940273047233f6,0.27138337,eaca056cec224a30aaaed30c39f644c2
e046c26587cb42afb43672bc7895ec22,0.2704959,9303b9f7f4984b2dac8aeba8c8da8ef6
4eef43c568d642d0b7a75932102cd2f8,0.26988268,8aadcf7251724cc6858dc0db44abebe3
27a9489cf5724d47bbcc508684389f2a,0.26915592,3257035cc77946d98bdc09e2fdd5cdae
9e1261d3e89b47a78e1590fa544c3df0,0.2642643,02cf82700b4f4773af3a14ad8eaa5270
0af83a2558ad459cb3b54e5c9da02975,0.263151,4696c8192576454f8684954bc771aa23
9b18e72d85384d73bf3bc666ebd18aa9,0.25674164,f036aaf4ab714c598a0b6da4ca604136
c3b713beca8b4136b4807dc4071fe795,0.2560279,d331012ecf0c40888e0ac290184f0883
e0d2814553f94dafaa11cc4de14b94db,0.2541153,bf59502a233e4b5eaff9cfa3a992c387
6e6870a557a147a9acc900ab380040fb,0.24580479,e25b9d9944cb4d7197efb8ffc4ff57a1
0a8f26e2ff5d462b97d23238e36ae72d,0.24579942,cc21026ff0d541909df56c5618d28518
999fb1ffa3824b0691a5dcd65625f30f,0.24185055,2a9658410614443d8a27ef174f61d6e8
4b3202343ccc4337aa099b8a9e046db5,0.23965116,e25b9d9944cb4d7197efb8ffc4ff57a1
b4bfd87056ca4927b56965f9b8341f74,0.23909244,74e7db4222ca4a20811199afafa346a7
6365bc21f6084ccd8da4d5c6afb8b26a,0.23896334,2425086d8eaf44d2a9519f0e4e6b289a
b50583d5d6494691a33b4cc22373d8b5,0.23120582,e02ad4f63c8444b79a7a56fb23a4e0f1
1f14295a03ac4251b24ccf3a74772f55,0.22674805,257aed6ca7a44f1cb5c664beb1be527b
d989c36a82a14c81ab2fe8b49f3c94f4,0.22203064,a1d8cb16dafd4126922f985021e93631
fc06ca8216b146f1811dbd89c4518c42,0.22034985,6a122ce1702646db918266228d48bd08
387e43ce9c334938bbfe0ae8c0419ead,0.21928418,bade01bd83ec4b6786fd8c867ca7a090
11ba79f894d048f9b56685491d4f3282,0.21081634,640f3bd184b7425fb22cc7773b8b2244
3eb1fed1bfea482687c433b63ad56eda,0.20719984,efdf40eee13d409c9955e5b84e4408f6
77061464d801457a80b33cbbe0f017f6,0.20359415,d4cd0b56b6f54e08aec8ebfdb6122c5c
77303cd1aba44c3abccb823ad3006b47,0.20131811,903360099fb644b6b88c6edac88eecb2
9fbb54f6ca3747198e55e3f00ad81251,0.19969669,27eee82d7fb94b9b8b60bd3101187496
2a4b8f6f2f1948e587b2de1effffc8c6,0.19913977,23066f7964874fd39639dbf2cb2766df
195aaede1fda491bbf8495b564c9d001,0.19904394,f9fae977af2c4f35b29400f31267e170
299011ed1f504bc0ac2d31f2876162d4,0.1976043,4b748d6624144214b3d8a80b37aabde6
81506e59f5b54c66a3459e47c2bad700,0.19579397,d6fe6f8380464e21a27fd69de27f1f57
472240e1b5e84fdc9e2c3dc8c4ad8435,0.19421636,e96aa0967ab94368b381354e03dc40ad
29d39b14f72c45cebe5afd433c98dd23,0.19206315,b2be859ca8f24cda86821d5383edbc18
012773cf6c104fd8a7ded7f346c0a261,0.18877605,d981f2c67f764e0c84af125b563958e9
b7a481f7374140f98117d92683d80c49,0.18693501,855b3971c4a147cfb9a7c281fa6b915e
fba706d6c465422cb8a6944bb92f5b97,0.18460366,d0a840820172465f83c8480d571e7b71
11bb2992a06243158ef845965bbb79ec,0.17847991,efdf40eee13d409c9955e5b84e4408f6
707f6646366145df8e5402888ac28325,0.17526668,779d7c2bad1940c8a861451964e1ce01
4aeb82ff294e4be9be97a1aee9698fef,0.1729784,e456afdf95e643dd926249fec4d68753
b7734f7f37a349c491b96e42059f61dd,0.17293799,bab3bdc133384798b558f8fb6466a7fa
7e808bd74e2447d79f7d266c88de6410,0.17214167,95fbc6ed8bfd43c1a6bcf676e26e7f8a
3bc9e7189bd1419081f54d35e956639e,0.17176023,b8ca3b6144cd48208caae952e096e7ae
87773e87aa4246ecb99c535106be1412,0.16494729,acee70abee2841c9b67b95e9ed079647
9557a396825b49eb93cedbab96019843,0.16382971,23066f7964874fd39639dbf2cb2766df
b57d527c5d13406cadfa1a4f809cc040,0.16093081,64f1d63a671d441d9663a783f632f794
977e35ba2148438f8189a592de1705c0,0.16022688,e7d6747e8c8b4ebcb665e232240daf17
a4e40c85d10248bd9a34d6c44e22b010,0.15987098,c9628610053945f4a7998ae48cd70da3
91c0f6c693104690921ae87324e06692,0.15745175,73e7e41e8db447c09cb2363d76556c64
671397532db64b2a86a8e790655fde58,0.1564789,80948e17b5694599919e1502bfcc08f3
e7484e33c0004b31996c7062d82f4819,0.15630284,678725f8b914453fbc1029b7c1bc0879
93851d403349407996bba1dfd7457f79,0.15497541,057164cf4aab45ebbefef3409359cfb1
2ae3d79e1c8641a9892ed31117156c0e,0.15471816,bd2f91a9415049d980e453f94327e0ce
874d46cd1753457ab2d3b62ad0f3d867,0.15361388,75b0bd2240a54f6fb45bf95ca43ab5e6
6b4034f8415244f88296cacd28edca37,0.15291329,8a77dc665d8b4d95a0b1113522f7e9c3
9526a184d9234981861f184f41d509b6,0.14729445,77a8b27acb0e4600bb6ff974eabc269c
8766cab3c343406587942ee9f9888671,0.14618361,74e7db4222ca4a20811199afafa346a7
5b578482d6cc41b9a12382c724e9e19d,0.14202052,d981f2c67f764e0c84af125b563958e9
455cb638bfe54346b07d85d63df40847,0.1388402,92d5da561f5a41bf929f3555a74cd653
71938515de5a4c74929e6fa8edb97420,0.13785928,c9e2e76e631c4d0a8013d90892350e06
fa4aad3a76ce4c019895b7d73d8b496d,0.1378293,e5692bd498004d32934fbaa05af2120d
898b757291e64b7b982221e0a86dea5d,0.13643041,e5692bd498004d32934fbaa05af2120d
b4e94218abf54b0787b1a6e1191836d3,0.13034892,e456afdf95e643dd926249fec4d68753
a4f6bb74f2654c17b04bb3fe4c05fd91,0.1294573,d74f6e7abeb84eedb9923dadb62f45f0
3e5dd993b40a449fa94dcff02439d160,0.1284976,9ff95d23c3284d31ba5e398afa520649
ba50600bf9f046bf97bbe28dc09a3ff4,0.12813504,92229a391d0b418f87b32c86c42a292c
9c3a88f966094359839f8ebc3263a6ae,0.12802881,ad289d5052264f9c8bd0aaf9faace92e
2b50f012261b4b2ba6b92ef109d17277,0.12717676,b25fe3b79f714d38b3fc53e39fd84d36
dace4a83a81f42048efb60a217370134,0.12621205,cb85047b65f8468aa02744c28c075dbd
1f51f549ad514b1c98445416e5acfe66,0.12522964,5831f5e280be4c02a09ce4588b56d7f3
b707dfaa86a540dd9c3fa75fed4a43af,0.11949341,b8ca3b6144cd48208caae952e096e7ae
957566f2fe9f4406aa561e32617baa00,0.11316711,4aa3556b2aed469584c573868193a07a
6bfc7764438f4a6caffc2e8225f5545a,0.10943319,d331012ecf0c40888e0ac290184f0883
1ba49dc7eaca42cc9df60f6a9a04f11a,0.108688295,983940e0b12e4186a281c36de657406e
6b5d194c37f14e5d89385ae747199cc1,0.106030375,700f381f40ce4b039ce0df8b49fb199b
55cd381ef54d43069999636fdbce998d,0.09814811,46bfd7af0ed6491fa621350963d11e35
6728135560274c459d26043145918a59,0.08880858,ed9b10a2879742628fce003076ef9024
f54fb64fd5a04f3ba5c065305856b3f5,0.07653642,d6fe6f8380464e21a27fd69de27f1f57
a3693333d6ba432295feae73fcde2dce,0.073690176,bd35571850644321b86ce4fae286ce7d
d70588024f024cdda9e71020d4ec2183,0.07187969,c8b9a0ac7c214a449c434aabdf6ef770
27ac7ea2481844079ce6ab849edc3901,0.07108112,526ab7eda50e4a239d03ad505832d61d
19697467a2f64fdcaccd3a65d2a60d7d,0.066921234,23066f7964874fd39639dbf2cb2766df
173d05df5b374e3ea0eeb958b8854299,0.059633702,27eee82d7fb94b9b8b60bd3101187496
deaec801f6344b9d9ffe289794354038,0.056799382,acee70abee2841c9b67b95e9ed079647
886b1cde3d0e4f1db12bcb160b6f357a,0.056696057,0302e7dde9074dddbbbdf85e9be57901
83959d6f09044431b64a06cc335f08eb,0.055290997,9014beae94cf4f648e1663c8d5ec6803
47bdbd87490b4698bcd3b038c2baf6d4,0.055027097,4d708e5878784386a42c2f436d2d60f0
ae5e0ee1d17e4fb0839e3d41295a5479,0.05329542,903360099fb644b6b88c6edac88eecb2
41e25db024634f619358f3093d8df1e8,0.044699103,3257035cc77946d98bdc09e2fdd5cdae
07d706541ba64a5a860673ea0aff78bb,0.03347321,3b13d134762445cebcdbb02b484db77b
d404db290f094f2f9dc6ffe54216308f,0.029892087,564a84b1b830407e811bcfc7fd086a6f
cc8f496b43d143478be84fd74f0dfc07,0.029459953,7ac9c94011924c09b47f9640211885a2
b4aed3fb5b3f491b99ace5c051b75eab,0.027795106,7ac9c94011924c09b47f9640211885a2
659ae42d80174d04b5c0e2295c83e1cf,0.027766451,e7d6747e8c8b4ebcb665e232240daf17
fbf3e9aa77924f2397522f3e54f91d54,0.027089179,836ec4ef8df644328ac07b7803709323
75bceb302d644b309181d454dbd2b59f,0.023231,678725f8b914453fbc1029b7c1bc0879
7e1df8a5aabd4ab88cff299bb27c308d,0.020085037,0472051dc57d43f8b9dd08df475fc4a3
d0f798b90ad04da3a8a192e16d0b1743,0.019085906,b2be859ca8f24cda86821d5383edbc18
6a3f2a9e86ed4054acf8db2265158d6b,0.012425423,2425086d8eaf44d2a9519f0e4e6b289a
26b721f1caa14c70b7aa9e5a8898e76a,0.008834124,34b71675a1ae442395b6eb1f3eda23df
0aabe8051b1e48dc8df2680281f96731,0.0027518421,89e43b092c844b5886a93091a22c894a
9ebe890cdbad44f1936503311aa8efac,0.0022909045,d79afb377f5349a69830b2b4c7cfefcb
3391f84c6c544d63a18f7c2e8431fbe4,0.001817584,bd2f91a9415049d980e453f94327e0ce
