e18211bb1b9a4eb5b5679481523d0c23,5.7124767,d981f2c67f764e0c84af125b563958e9
7faeecafea264aeba8271a5a540bee0b,5.360451,1543a2f94aa74008914301874d98f0f5
a8a7550acecf4436939c03b7e74ec8a6,4.776724,cb85047b65f8468aa02744c28c075dbd
ea60559c1a414dafbe5652b8b1ef5ffa,4.732999,e02ad4f63c8444b79a7a56fb23a4e0f1
46d21d8ab5eb41a080233ba04192b3f6,4.6190605,d576e334105247369362b05a375e88cd
dbedff835ba847d386ac1cca87b2c7bb,4.6147957,6c74bedaa406493a99988c5b8a47b704
0e07a1ba34174816a6e96d6ffb215671,4.5047846,ad2b6fb945714e6792c17bd49a1066e0
2fa8c386148647ccaeee6adf877a7ac6,4.4011755,8aadcf7251724cc6858dc0db44abebe3
87773e87aa4246ecb99c535106be1412,4.394873,acee70abee2841c9b67b95e9ed079647
af93b48dee3a4f0a924c31d87144d7fc,4.3233986,b7ef0a61de0e4adf9688b2c525c9ad09
5f67168bea6646a69c49dec78942dfae,4.315663,fd51f3eef1a64d9a93652be481bde32e
37a0d209e50848efb76d08c3f22eb3bd,4.2489557,d576e334105247369362b05a375e88cd
4a2b5888e21b471bb770cd3b5b496ae4,4.226851,4d708e5878784386a42c2f436d2d60f0
2f01109a00d94d2ba4736fbea4522c20,4.220553,78b600dd53854b018f87267d268b7b1a
4810807024104aebb9028b6d53c9ed44,4.220199,77ac5eb4b3054ca68e2b0dcbd5473fd1
5d32b941bc394464a6da8d1c78aeb3ef,4.204368,11ec23965d2941d0817082107996ebbb
266024fef71d4c25a73f93db3af86fa7,4.1906567,46bfd7af0ed6491fa621350963d11e35
70c5d0168ece4f13b8553e469845fce5,4.1747775,c0cb721b56f240dabf7f464e453ef72e
86f3189426a749d5aa5851a9514f7a36,4.155766,ff715b4f228443e3b067c801250f3402
1cfa0ddd81a04ee1bcbf754e6c92c5d8,4.1295204,f5a6222612ef406b8f02aef87e08c476
25dc04ff2b704b6f9229ad7cb91efc99,4.098849,2425086d8eaf44d2a9519f0e4e6b289a
78fff51240e14352b1fae67b59be4cc2,4.09845,58f53c379f7a4868a2ba6d91a06247d2
c7ddfc6b54294c34a4722f8eaa9b55b7,4.0718164,156f393f7ca046299e09d05464afa056
c189555deda047629ebb90350290dab8,4.0349503,1f8c0f02984e4139bf8043e57497fdb2
9e769043a2f5480e8f0bde6e83caf70a,4.033384,e02ad4f63c8444b79a7a56fb23a4e0f1
6d9fe29b75544ce6b2e1c3329771cd32,4.0134625,64fa5ce839ef406b9bc8a1b2f05094c7
6a3f2a9e86ed4054acf8db2265158d6b,3.9998767,2425086d8eaf44d2a9519f0e4e6b289a
ebaa88d224a746d786a5cf59845ee011,3.9299252,e27d9425c912446e947fe53c4a757375
6ef03128028e416e929a82f5c819206b,3.9262812,21b1ded02d7b42618592187e287835a3
1e91957d9e7b4a2d9a469c627d2b37c0,3.8952863,cb85047b65f8468aa02744c28c075dbd
1c017d16176a48e9a899ed772d5ff4d9,3.8788877,1543a2f94aa74008914301874d98f0f5
168e875b6a7c4f0c83e74f55508fb7cd,3.8687649,d6fe6f8380464e21a27fd69de27f1f57
34e6f332d53646d38eb22993afc64a02,3.8679247,02cf82700b4f4773af3a14ad8eaa5270
a7c72b26df5e476a8a8efd1d597ead90,3.83975,9ff95d23c3284d31ba5e398afa520649
bfd311fb1c224274b98d99f84e3cf150,3.833535,d42996c2b67443fd9b73bba7641d4f77
911ee4e9eb0d4ed1add57e7a79dd71d6,3.828808,eb513691b7a04d31ab1bc50bf343447b
298a7ef0260542fb9aec7190927220c8,3.8184505,bd2f91a9415049d980e453f94327e0ce
c3d18896ee6e422680a3435f0ca9af84,3.7358487,95fbc6ed8bfd43c1a6bcf676e26e7f8a
e6f19de2daa24324b2c88100702126ac,3.725527,691acac4a54d450697afb2c2dc4fca09
3a48941fe58c4afdb3ca7520eb9bd36e,3.7242675,a4cad92644614f78bded3ca6d6023473
8de833e138ae4924a0cc47129cde2cb9,3.684825,1216ce1ef31e4643bb1222538c206342
518dcd746ac344f692cc34db6c714430,3.6775222,4ad7e2502210436f9ca5735fdf7e50c3
c661bf4a97394c40af06ff80bbec3a75,3.652817,a25b08e008114c9ca0266ce3e55d82bb
b5ac47314a344318be396fd6fdef8239,3.5874474,6aba5a04ef8742a39d3a61644a5f0729
83959d6f09044431b64a06cc335f08eb,3.5694559,9014beae94cf4f648e1663c8d5ec6803
4bb46186bb5347c793ef12b4397ebcd6,3.5625267,6a33c207c8b648f680dbd0e65639ef04
712e2f3a807b4a8fa67e7bc78a2b5da6,3.5603943,b2be859ca8f24cda86821d5383edbc18
f90990b791cf49ff9b92b9a49cd87f89,3.5587804,66b0c8a58f444ea0aec34d9403b88a49
46f0f2692fe44c88963712d6f65f6dbb,3.5579133,678725f8b914453fbc1029b7c1bc0879
d1cbea7387cd4d1bab69dbd0238bd135,3.520985,6a33c207c8b648f680dbd0e65639ef04
40ef7a281c80494686e90001c1421dee,3.513907,ff715b4f228443e3b067c801250f3402
914e224085a24a7c87db637c208baac5,3.4901793,6c74bedaa406493a99988c5b8a47b704
7257f3d3f31a4d5ab6a872e4e5886111,3.4897943,e52a528036014db0a7bd54b99a310fe8
0ea4c68a804648959f67957d17d5a323,3.4783862,ff715b4f228443e3b067c801250f3402
c1904c9ab6bc4ae5b4b364ea1f24b7d3,3.4547832,7a4c413f5c844796bd5ffed2b65f0336
600602c8b38d4fe293a8b89ca3c4b7a6,3.4402642,d0a840820172465f83c8480d571e7b71
33d76c41516a4e5aa8c5b3b16cc6c6f7,3.4119241,e7d6747e8c8b4ebcb665e232240daf17
b0cf2cbd50e3496996a7e649063dc127,3.4009652,8f761e1117754656ac86a3a25f241cd7
f792d5fbc00c47c59ce1791351c39504,3.3870912,1fde4c9a01f84c349461083b6d0ba9ed
a02994faca0a4c088e226d856518737f,3.386502,630edd9b8f754b5dbd36cfbbd03ccb51
3464f002cd954218836b9014bcd0c620,3.3560953,5a26ae7959494fef99542e9b2004fd11
606a301239a6472ea371152fa2029fb6,3.3549666,75b0bd2240a54f6fb45bf95ca43ab5e6
6001044952554a14b842ed1f26cda571,3.3441489,4696c8192576454f8684954bc771aa23
10a7715c72fc4bc7aac2b6e8ccb232d2,3.337955,eb513691b7a04d31ab1bc50bf343447b
a5acc7bcf83741208d3d3d0cc9696fcb,3.3336544,b7ef0a61de0e4adf9688b2c525c9ad09
0eda051895d044f3a592d1d0098e8f01,3.3230443,2a9658410614443d8a27ef174f61d6e8
874d46cd1753457ab2d3b62ad0f3d867,3.2698767,75b0bd2240a54f6fb45bf95ca43ab5e6
ef33ab499b054efb968d7cca5bef4a31,3.2649312,c0cb721b56f240dabf7f464e453ef72e
5c189d9231904498a16870be4936df4a,3.2381802,cc21026ff0d541909df56c5618d28518
7c4376eae79f4bb992d0bbb206eaebc1,3.2313237,c322b788813745e0aa7b592b4345d379
f4e9b9fb265843768046ac7985c89f7a,3.230553,a4cad92644614f78bded3ca6d6023473
9644dd0795c64946bd689d24d80536a4,3.2297711,a6a551a308b9442f947ea0608ae2c3fb
42dc4d44bc374b80baf0a8ac2c90c250,3.2127352,1216ce1ef31e4643bb1222538c206342
60b12e62313f421f9865db223f254655,3.2100754,f615619defc4402b82845090c238e597
f161ed58877741ceaa5a6f014b69de49,3.2059445,e27d9425c912446e947fe53c4a757375
d8da57bead4f4bd8a90f916f7cd032ce,3.2049508,5a8cc5ff28fb4359afc7e9fcbf3bce55
84e237a5da704cc28748ceb897b709a3,3.19125,11ec23965d2941d0817082107996ebbb
301e127ffa514901b5840fd47f9f7e18,3.1853304,cc21026ff0d541909df56c5618d28518
2af53201cad64c32bedf284dd06c1cea,3.1840715,f11f1682b5924181b047d757d3e20964
c7cad58f831849a6a4f0f9cbccb2f458,3.1834924,fe6ace599de44aa19b1773dad3658fee
0b887e10733b4259bd5c30a1c724ff50,3.1817775,fb695c097d5845c282f6b30c241e8cf2
a3c8a08e370346b095ed986fc19f420d,3.1640775,89e43b092c844b5886a93091a22c894a
775b2092579349f6877cebb751ba7f11,3.1606803,9b22c5cdbff44bdabd48dba008e6a3b2
e7484e33c0004b31996c7062d82f4819,3.133335,678725f8b914453fbc1029b7c1bc0879
93cfb01748a246528235d46e95b6b76d,3.115311,23066f7964874fd39639dbf2cb2766df
5a9a922465d14fc6b190a50e964695f5,3.1105459,6a33c207c8b648f680dbd0e65639ef04
4dbe9a58e3cb490eab62a2bab47d13eb,3.0990365,e27d9425c912446e947fe53c4a757375
19ba27a603c0492ba795fba0999e589e,3.095285,cd60a0fcac24465a880af7d8f921dd68
9d91a50f84cd42d999f13adae10c4a0c,3.0911736,bab3bdc133384798b558f8fb6466a7fa
4208fd7b21964394aa023825a91e5e42,3.0848489,ff715b4f228443e3b067c801250f3402
28ff28dc16ac43ad9110f26f13aa339e,3.0756774,c9628610053945f4a7998ae48cd70da3
8dfd5233498c4be2b88b2b71cf67ed64,3.0743256,11ec23965d2941d0817082107996ebbb
4185600f230d4b21b2e32c2d85caa90f,3.0486705,75b0bd2240a54f6fb45bf95ca43ab5e6
17d4b37e6cf045b691ff88ff7ec2d5fa,3.0327535,85e7ea30890b456084b8e85c299c8649
656745a4e33546768385d4e040d0fb52,3.0265174,01690d9b08164fcabd5bf0819754f71f
1caf9a18d1b74dd5b4b7841f5fa7c12f,3.0247097,37337ebec05640b890e4b9612776c32b
0beb47a537e14562b509e395d77dc749,3.0173912,526ab7eda50e4a239d03ad505832d61d
6d86d0062e7c4ab1a1c263fe7418697f,3.015749,e336d113184c4ebdbad7aa2b6ec64640
ee1746342f304912aca6d1956f95bc68,2.9940255,eb513691b7a04d31ab1bc50bf343447b
13964a2d472649b59d5126c24da8d4b1,2.9908967,23066f7964874fd39639dbf2cb2766df
d989c36a82a14c81ab2fe8b49f3c94f4,2.9864159,a1d8cb16dafd4126922f985021e93631
803051539d144fdeb70807a70a667f4a,2.9846616,11ec23965d2941d0817082107996ebbb
ee1a685984d741a18ad44faaa3fc553f,2.9738505,ecdae9f36c6a437ea72739febbf1c89c
43bd347a4d5e4c8c82b41970f2ddfc02,2.9522612,37337ebec05640b890e4b9612776c32b
5cf8596279eb4fd1a30ceda96102ef99,2.9430509,80921378de2b4cd3a14d449688d8b079
86c05c3d7552474dbf8eb503035b96b4,2.9394066,80921378de2b4cd3a14d449688d8b079
b68aafdc6e7b4188a9506c869f83ae96,2.9332657,6a33c207c8b648f680dbd0e65639ef04
be220fecc0fe4c75a466c1f760eed397,2.9228463,3be388c9ab614bceb086c19f70df23c2
6f2088d6c7bc418f90e6328cd345c77a,2.9199924,00f45d57fd3c448d8cfdf3185ebae894
b43316e2218e4fb390daa362fc8eadef,2.9079144,c322b788813745e0aa7b592b4345d379
78ba6aa176c7496d85a6fdee9dad62f1,2.887413,fe6ace599de44aa19b1773dad3658fee
0f1bdf98cdc7472282cb0375b87b3ba4,2.88555,6aaae524573f477f8fdef0b83787cbee
974a8661873f458193c891d3ef4dd208,2.8815675,691acac4a54d450697afb2c2dc4fca09
42058ac0b3ff4d34b26f6d53d69b27be,2.870667,9b22c5cdbff44bdabd48dba008e6a3b2
8e57d7771c084620b4bc95981a394b34,2.869395,4aa3556b2aed469584c573868193a07a
f8e19b9e878142969c95441f15b0da57,2.8675292,89e43b092c844b5886a93091a22c894a
65654ba4d0d241cea5f12740d725d0ad,2.855874,77a8b27acb0e4600bb6ff974eabc269c
e10cdddb573548c0bd3d9eb0cef37f37,2.8515985,d0a840820172465f83c8480d571e7b71
187dd510c41a49f4af9d4c4371e98953,2.8371885,b4150337314e40fb9e3ebb24514504a3
554e702a075743a499899b99b73eea46,2.8316333,66b0c8a58f444ea0aec34d9403b88a49
f36820bbc65b4c6486f479be532b159c,2.8314793,cd56b9a044c24df8a7156f661cb3d9cf
067c039494914485ad6e06b72bbb8e13,2.8208048,58db4c3a26c84fa68d81235d078208bc
6fa6aa705e9a479b9435e2367955056b,2.8165402,d6fe6f8380464e21a27fd69de27f1f57
d5491c8b5caa42bfbce7ed937032b28b,2.816052,46ba0b979a664c7cb0c315c4cde6ac86
57c53927cc0942b7a012edd211993b5f,2.799982,27eee82d7fb94b9b8b60bd3101187496
4cf647a905be45e5b1b81a0559d834d9,2.7967637,fcc9863b07fc4bd5a01fab5b9160eafb
f66b6efba0464f1a939d4ae426b9f217,2.78573,fd51f3eef1a64d9a93652be481bde32e
bacf4a682b8743f48776deb535f64eef,2.7840433,00f45d57fd3c448d8cfdf3185ebae894
77061464d801457a80b33cbbe0f017f6,2.7759223,d4cd0b56b6f54e08aec8ebfdb6122c5c
afb3f7ad74ad422c8162326a9647de92,2.7757764,73e7e41e8db447c09cb2363d76556c64
3e1186b551804ac0880d688f4ad41f5d,2.7673163,17cc6768c9d14388b7455fea0060b62c
2ecb2538a079498991304b0864fbe039,2.7631452,e456afdf95e643dd926249fec4d68753
ef3589381bb34e74bf3f0f4479614d70,2.7491302,1b4e143cfc1648a5b877d7445446366a
587a668f01694a1e847a97f47debb81c,2.7468138,37337ebec05640b890e4b9612776c32b
be9ab7f3be354f5c90bd15df7006776d,2.7412682,02cf82700b4f4773af3a14ad8eaa5270
43e7ebaddea142908ddeece45bfd2049,2.73898,bab3bdc133384798b558f8fb6466a7fa
00306589ab9241cfb569f6b85c0e2843,2.7327337,7ce06191f1114b4c8a00609f6867761f
2f0bcda66cd34231b3a3822dd57f7f2c,2.73242,65664fb3aad341fab563409d91dddd2d
f5a783856a7f4d3ba8c3f2c29428c454,2.726254,5a26ae7959494fef99542e9b2004fd11
356781d87d504d789e58fd87a987a67d,2.7224638,fe6ace599de44aa19b1773dad3658fee
dcaf50ce32524dee92c4fe00de88a3ab,2.716567,a585d23fe43f459ba86ac15645af77ff
47471f2f4db14e01850ce3fd0e3b7aff,2.7151983,c9e2e76e631c4d0a8013d90892350e06
49b80615188d4680a95923cff4718e3d,2.709763,8f761e1117754656ac86a3a25f241cd7
6ba13a7346044bfba1b6245853af401d,2.705292,d9fbe02f04a4469dac855f69ea6ad02a
3d62fd7345e249eca395731c94b53eba,2.690922,d42996c2b67443fd9b73bba7641d4f77
f119f6dc27c64e5c8485b001368d839e,2.6688755,7cd1db4b50dd41e6b2f3dd15fcab3b89
7bccbe2abf334b329b400531be6a3be7,2.6685648,d443e0c5017d48d1b3f86bf4da959ed5
6ae7d44d811844448d0c8e5d69ff7000,2.6609821,3be388c9ab614bceb086c19f70df23c2
9aca4f5f45944250973b5a08c3fa9547,2.6570845,58db4c3a26c84fa68d81235d078208bc
a35d09d1bfff474a8029dcb3bbbd32dc,2.656003,e5692bd498004d32934fbaa05af2120d
6b4034f8415244f88296cacd28edca37,2.6506362,8a77dc665d8b4d95a0b1113522f7e9c3
a545f38de45e4870b398a90fe9c5cbbd,2.6257987,257aed6ca7a44f1cb5c664beb1be527b
d15af016ef394763b0f876df474531e4,2.6234827,057164cf4aab45ebbefef3409359cfb1
fdc1732f54e34300bc77d7b4c38ec31b,2.6233454,77a8b27acb0e4600bb6ff974eabc269c
757730e7c0414b47ba2a3a52768cdb3e,2.6030042,630edd9b8f754b5dbd36cfbbd03ccb51
7e1df8a5aabd4ab88cff299bb27c308d,2.6020904,0472051dc57d43f8b9dd08df475fc4a3
0d0b25a05a4148d2b15c4f2ac11010e6,2.5948238,b050e9e1ef5946c297a34dda98d8f476
4b39ba0bb2e54f72bf6cc4c7832b3841,2.5870926,fb709e29755b44988bb252c87a2ce2f3
794358e3d9a94bc48a240617b29ec0af,2.585391,3be388c9ab614bceb086c19f70df23c2
957566f2fe9f4406aa561e32617baa00,2.5832953,4aa3556b2aed469584c573868193a07a
5f5c72816fcd4fcc8f58aa66c02daac3,2.5790424,eaca056cec224a30aaaed30c39f644c2
a888f13ac990426fb248349ced4a0bce,2.5703678,c322b788813745e0aa7b592b4345d379
0ff74b4b29e044ffb307f3598dbbd1b7,2.5627477,e52a528036014db0a7bd54b99a310fe8
53a334f932ed437db303f19b0f6ea7b4,2.5530834,99142f1c07cd4782814f8c970eaaa40a
3c400856520e456ebb8a1f9660e45cad,2.544226,3b13d134762445cebcdbb02b484db77b
041c8b8571254958916a2b21a2e98516,2.5338445,3257035cc77946d98bdc09e2fdd5cdae
05de4f46aac741bd81e6bb9133542716,2.5321326,bd2f91a9415049d980e453f94327e0ce
ac7a9829a2a24b3aa81bebb2785533ef,2.5285575,8f285540a9394706bd6ec6cda46c5058
619fb307d36a42b8818b2918edc88ade,2.528345,aa2d7a3a535243189492d4ce8e79c049
aede09058c264aa399a460be910cf10e,2.5207393,02cf82700b4f4773af3a14ad8eaa5270
fcd13888ea3d4c2cba9cdbf3a7d2bbdd,2.5040994,b2be859ca8f24cda86821d5383edbc18
e8dea0d3ff7b4340b7e4863d401e1a4c,2.5001652,95fbc6ed8bfd43c1a6bcf676e26e7f8a
e30148a8fe434f3eafce6f2cce757060,2.4916544,9170e0bb8fe44b309f83293808d871fe
3407ed3eb6d4426bb50ced20b862de96,2.4869218,8f285540a9394706bd6ec6cda46c5058
17176251386d48d798eb18eee7208273,2.4866295,46ba0b979a664c7cb0c315c4cde6ac86
10f74d10373f4f128add836b046afcdc,2.4832144,d9fbe02f04a4469dac855f69ea6ad02a
9f3b0cd053d04311acf31077db03f489,2.4817681,cb85047b65f8468aa02744c28c075dbd
05074ae1d6a64faf8736a89264404087,2.4794867,e492ff7fecf046a4948c5ba5631cdefe
7b5270f3124740838e60c375f3003665,2.473837,691acac4a54d450697afb2c2dc4fca09
1ea12b451b3d408baf7902165bd34a14,2.4727013,65664fb3aad341fab563409d91dddd2d
7b51de0f71b142e7ba4820c5972d711f,2.468692,b050e9e1ef5946c297a34dda98d8f476
7779e19852544c0a86ee54cbf58acb3c,2.4655116,e5692bd498004d32934fbaa05af2120d
cb70763b642a49e48c7e66689f180efb,2.4517617,0ebc441d25664c91adad96b570270f07
64ecc00623a647a7854cf8236452c556,2.4472225,e039a00eae414ebbb2205b011ac127cf
06b6d2be43a64627b49fcfeafcec63dc,2.4463494,6b9b2c8f0a874bb8b6691aca6bc49565
c50c1d8eb4024bf080812d01310eb133,2.4326382,c8c201e25c0047a2ba9d9e8541ac0939
bb5525dd713a4a6bac622eef1a7c83c6,2.4314945,1af4472b38cc4304841b2f1720075c9d
89b0d50305744a53bf5c6cabc6f94b08,2.4207675,d27cfea4da8f445fb4e3c55e53c6482c
454132982ecd4d5e9e6ed9c9e33f3433,2.4096334,257aed6ca7a44f1cb5c664beb1be527b
74f89cf2b75547168060f6c31aa572f9,2.3915963,156f393f7ca046299e09d05464afa056
824e34ffddf447618c176cfb2577eb45,2.3906655,965598a17b624a0f9bb1cd58595458a6
366c800d775a48eeb3c735cde3a881ab,2.3866258,6b9b2c8f0a874bb8b6691aca6bc49565
b0535812250c45b497a6bad12645aca1,2.382404,2a9658410614443d8a27ef174f61d6e8
1db0071ef86044f094e7faa2720a4ca4,2.3820426,d331012ecf0c40888e0ac290184f0883
95efaf80178b4a519dbf8769d415c000,2.3791356,e492ff7fecf046a4948c5ba5631cdefe
0ca1af4b4360463da2290c0231e7c2bc,2.3754685,acee70abee2841c9b67b95e9ed079647
972aaaac6728431b983362d505543fa0,2.3685384,80948e17b5694599919e1502bfcc08f3
7986e60543204582ac542d56eef7cda9,2.3683903,9303b9f7f4984b2dac8aeba8c8da8ef6
7975ca7b6008414e8bab9d135c53eb59,2.357904,a926df6d7fcf4b17b68dae6f41fbce66
dd9a8e0a766b4f6e81c6ace1403cd374,2.3560627,c0cb721b56f240dabf7f464e453ef72e
f41620f1a5c84928b422bcd3fb97c109,2.3510454,09fc9f38fbbb4bfaa1c979ac9cc43f0b
c6754ce8bf4346258c03509140eece37,2.35006,65664fb3aad341fab563409d91dddd2d
c350ff1ea49c4547b89b09403669a4b0,2.3486056,4430d47e30904eab969c1baebca184c0
98d13339052248b0b3c45e976da3acf5,2.3404562,3257035cc77946d98bdc09e2fdd5cdae
953a07c9b67d487f9d6ac9b71b85dff7,2.3402452,e9f055a212cd4e5e8601228c37713f35
89d4dbe124c14550a38f6790a02abf01,2.3362968,1fde4c9a01f84c349461083b6d0ba9ed
cbccb64b48814193a639815717dbcc80,2.333257,4a4eb12a639346b5a00557d54b51fe51
cf7564fd313c4802adfcab226cb71a73,2.3279693,965598a17b624a0f9bb1cd58595458a6
d3d566cecb79472ab65c2a57bc6d7b6f,2.3246586,7ce06191f1114b4c8a00609f6867761f
1d9521ba2b624c7aab43f311872c1d09,2.3235395,983940e0b12e4186a281c36de657406e
a030121d60a04600bb73087739ac4044,2.3204195,d981f2c67f764e0c84af125b563958e9
b593c0100abe40c4a0204ad40b73080c,2.318797,ec281224f8ee419ebde676f291672aea
b453e70a75224981b0a892bee09f9b9d,2.317792,c9628610053945f4a7998ae48cd70da3
982360bc10ca4c3ba78467718112babd,2.313011,c26f5e7dcc8149f18f3d719bba9ae717
22831856b4ef4ecda0ee60656417b904,2.312571,0f9cc12519eb4872af7be7fe49e19f59
1f92b7ff3de8413bb81c7346203bec40,2.30549,630edd9b8f754b5dbd36cfbbd03ccb51
f4e34063359742b7916fe2635de1aba0,2.2951386,e45844e0215f4a1596a7f9ac41367c46
bfd8d22a1f9a42a28b2a78c5e4323725,2.2859523,f615619defc4402b82845090c238e597
14251437e9d7466c9909622c9fe454a4,2.2844062,257aed6ca7a44f1cb5c664beb1be527b
1e9c95ee032147a2aa469f8482bf5f9c,2.2820232,678725f8b914453fbc1029b7c1bc0879
ddd74ab8b91e4e3fa6509838de7e33d4,2.2818751,e25b9d9944cb4d7197efb8ffc4ff57a1
7342516c90ad4776bc0f64a3358d530c,2.2704256,02cf82700b4f4773af3a14ad8eaa5270
408a26bfd8bd41529e7fa7db94cdae03,2.2591162,d4cd0b56b6f54e08aec8ebfdb6122c5c
a40e1b69ce604c8198c2de59ad0c8b93,2.2458057,7c1e02f3ab614e539ac901e5cd3c92d8
632d5d8462f7480ba8e1873292371b3e,2.2380946,6b9b2c8f0a874bb8b6691aca6bc49565
960fbf15535f437db3b7e4614367c633,2.2288878,e96aa0967ab94368b381354e03dc40ad
179de20d4413414c92aa7828d5950f5d,2.2250307,5a26ae7959494fef99542e9b2004fd11
1aaf2fb4fc244f5ea6b9eb65d1183c03,2.2246263,7a4c413f5c844796bd5ffed2b65f0336
30c2e203d4e74967b5166f3da78fbe36,2.223709,f615619defc4402b82845090c238e597
e064b22a3b0a424498be0599ec51b26d,2.219812,1b4e143cfc1648a5b877d7445446366a
cceea5a23ce7472b9023735952df0ed8,2.2179801,6c74bedaa406493a99988c5b8a47b704
c3a842974e16433d9488c7df87df853b,2.2170446,92229a391d0b418f87b32c86c42a292c
37a21040d578476783ff8751dfb91faa,2.2151067,02cf82700b4f4773af3a14ad8eaa5270
8564aa88c0c6416890eb773a1c47d701,2.2016244,8a77dc665d8b4d95a0b1113522f7e9c3
edb63218ad374e72804e964a5ea6949a,2.19775,a6a551a308b9442f947ea0608ae2c3fb
537772e1a2c849b2bcc68c362d5c2c16,2.1890085,d0a840820172465f83c8480d571e7b71
ddb77e0838c941d9acdd2f02496195e2,2.1877618,e9f055a212cd4e5e8601228c37713f35
b4aed3fb5b3f491b99ace5c051b75eab,2.1806345,7ac9c94011924c09b47f9640211885a2
0f4e625476a041c88fade20efb2eabcb,2.1771574,64f1d63a671d441d9663a783f632f794
ca5e7f899c944d258e0fe020c844ccb2,2.1689367,e52a528036014db0a7bd54b99a310fe8
46328d405c424838a7c023c33af7ec2c,2.1687496,c88be17376104f999b914a91aebf7220
474bd4189cb5456daf7a1df79784d4aa,2.1686933,e96aa0967ab94368b381354e03dc40ad
4afd31c733874e938dea46b7c0843f2f,2.1652982,e52a528036014db0a7bd54b99a310fe8
51e58e676c6d4b22ac3950bcd82a8417,2.1569984,fcc9863b07fc4bd5a01fab5b9160eafb
0681f461c4ad4ee699a843df5ab30607,2.1568017,dc58564d0c8540bea4f3e2e3696deae8
08fe7d5213ea41ebafdb17d60eb36a97,2.1475224,c9e2e76e631c4d0a8013d90892350e06
1724b0e2e9bc4a61a23d4f7082b1d3bc,2.1440587,ec281224f8ee419ebde676f291672aea
234999d28bb04577a48d50f076a844a6,2.1368403,8aadcf7251724cc6858dc0db44abebe3
4dd9cf8a1b2348fd81e6ed73ea81c716,2.1360826,78b600dd53854b018f87267d268b7b1a
c76c69c650e64dab822589767532bc87,2.1241047,89e43b092c844b5886a93091a22c894a
20a91015a52d4a81bb29c195b01ed6e7,2.1221488,46ba0b979a664c7cb0c315c4cde6ac86
34bd7137776446a3b70fb89720492e73,2.1183665,58f53c379f7a4868a2ba6d91a06247d2
a306a4b51e064a1daf8766259f6f5c19,2.1178856,c8b9a0ac7c214a449c434aabdf6ef770
85775741207d4d1ebf2ddd8ec7d58102,2.1052303,80921378de2b4cd3a14d449688d8b079
6f57ca99a1e54968882b1a10aed416e5,2.1037755,6a33c207c8b648f680dbd0e65639ef04
7a81a74f4b0e49839c3fbcfd7ad02560,2.0969188,fb709e29755b44988bb252c87a2ce2f3
d2bf482573ea4097b41b6bc649bece51,2.0952368,01690d9b08164fcabd5bf0819754f71f
65add58592564636a49ae7417f79e9ca,2.08741,b8ca3b6144cd48208caae952e096e7ae
68a1587934b74c2aac31a790843f3b56,2.0773568,e5692bd498004d32934fbaa05af2120d
b112a5b1b2e44b49971304154011c418,2.0751476,1c97c72e076f40fcadb22b17e71beed1
c189a309da7a472e88194571c3354d34,2.0726779,6b9b2c8f0a874bb8b6691aca6bc49565
17b5e130e0444402bcedf9400cf07aca,2.059244,e456afdf95e643dd926249fec4d68753
87097861fe6e492abd016be0dba27ec9,2.0588927,9e304a9bbc7b4c22af8025fc93757357
31d3239dbec34e65a0e239ffec9138ea,2.057332,257aed6ca7a44f1cb5c664beb1be527b
2a8517391a58458c8b4054fc225e976d,2.04586,bd2f91a9415049d980e453f94327e0ce
69fc5af906524d06b5c47a8c984a7199,2.045792,e27d9425c912446e947fe53c4a757375
468609586ccd417ca9487c3c35ade3b3,2.0449433,057164cf4aab45ebbefef3409359cfb1
f2210503df2e4ed297faefd9a1152e2c,2.0406811,8f761e1117754656ac86a3a25f241cd7
9267609a976547b19a2cc08683835f4e,2.0400498,257aed6ca7a44f1cb5c664beb1be527b
0ff2646f55f04a5a93328204b6fa099c,2.0390458,31b69f9501c4415e929b6af28c83f6a6
b89108d9803648fab3137eb2d150c208,2.0381122,d27cfea4da8f445fb4e3c55e53c6482c
ba0c12af5b1c4fe6ae766bf417e6498c,2.033257,1af4472b38cc4304841b2f1720075c9d
7e7a88a994dc4039b1e34409009b8f84,2.0318906,e27d9425c912446e947fe53c4a757375
1252c75b04024238b04ae25eb65cf090,2.0298908,6a122ce1702646db918266228d48bd08
292a36cd38ba43bf86a043e2de9d7bef,2.024797,eaca056cec224a30aaaed30c39f644c2
6555bb324c1c434ba6f2beb761ab8f1f,2.0103872,80921378de2b4cd3a14d449688d8b079
6abbc2ba6e8241f5b7132c7bb338f92e,2.0097249,37337ebec05640b890e4b9612776c32b
839527c5eff74e27a3dd2e5a9336cc57,2.008075,c9628610053945f4a7998ae48cd70da3
f7937418662b418b90963799279bc248,2.0073743,09fc9f38fbbb4bfaa1c979ac9cc43f0b
0af83a2558ad459cb3b54e5c9da02975,2.0050027,4696c8192576454f8684954bc771aa23
7b77d3c7e5fe4d2abc10ed7f00ad4e1f,2.003844,ec281224f8ee419ebde676f291672aea
405e667675254ffdb3e8cb25813e586a,2.0029774,e456afdf95e643dd926249fec4d68753
a3641dd6dafd40d5b8f8077b9dc3e850,1.995564,99142f1c07cd4782814f8c970eaaa40a
fcde1e3b91aa485688682e6fdc3c24e8,1.9948397,1d47a696eae94bd29f215a4787b27d8a
93879e26ebe547db997c77791c3d7fc1,1.99265,21b1ded02d7b42618592187e287835a3
7216fa39e2414501a8f87ddb54a3133b,1.9772868,fb709e29755b44988bb252c87a2ce2f3
5b21a17866f54dfa8e63c58219851a21,1.9751763,d981f2c67f764e0c84af125b563958e9
aef3a265256d49af8433aac1b85fe097,1.9736233,5831f5e280be4c02a09ce4588b56d7f3
1080188fcae241b4a5c7649114dafd64,1.9725254,5971501b0e8b4ef5b203c3985d7f5e88
a5f7a2fd13b64df595ec85f5354fecde,1.9690411,3257035cc77946d98bdc09e2fdd5cdae
fa350c4d307c4225b43fde340c1e9c40,1.9665296,acee70abee2841c9b67b95e9ed079647
96c624bf03614499b399bfbb431f5b98,1.9562273,6c74bedaa406493a99988c5b8a47b704
1a28f3dacbd74510b8f8f45e80348e68,1.9558109,0472051dc57d43f8b9dd08df475fc4a3
8db2bf7ef1ed4e16b8f31fc7a9ad0e9e,1.9549589,fe6ace599de44aa19b1773dad3658fee
844cc162c90c4ad0bf5be9750450f4f7,1.9546673,89e43b092c844b5886a93091a22c894a
0f836960df064e7c96c2a78d865fd458,1.9523067,bab3bdc133384798b558f8fb6466a7fa
0f8a4be0f3094bce84e582a214feabb7,1.9502182,aa2d7a3a535243189492d4ce8e79c049
60cfb02a92884acf8cbc7ea1abaf7046,1.949323,e492ff7fecf046a4948c5ba5631cdefe
b49ff629d01a47a284c14dc1d21a0d1a,1.9470927,a585d23fe43f459ba86ac15645af77ff
76e51865ac6e4b1c83433a9fee78d5cf,1.9413323,a1d8cb16dafd4126922f985021e93631
bd346d134e9046b592df35bc13397ab2,1.9393953,0ebc441d25664c91adad96b570270f07
0d281c2568314e5eac84aab63872e81c,1.9387584,4430d47e30904eab969c1baebca184c0
ba7add48a45e4ff8947f8a846082bf48,1.9372579,4d708e5878784386a42c2f436d2d60f0
de6f18bac6e4441f8dd17e252f1d993a,1.9227899,0ebc441d25664c91adad96b570270f07
41f9870b0da34d88a3e68dd195a3e474,1.9221991,27eee82d7fb94b9b8b60bd3101187496
5ebfa573972845a5842bf96fbf02053a,1.9204686,5a68e05acea4434ba08e17e1fff00057
11bb2992a06243158ef845965bbb79ec,1.9091585,efdf40eee13d409c9955e5b84e4408f6
6fa96236f4904758aed745bb8a495f66,1.908441,e9f055a212cd4e5e8601228c37713f35
0077d17ffb254c86a11e301042f915e4,1.9018615,0ebc441d25664c91adad96b570270f07
48aa588059cd4883bab6da96a75c16b9,1.9016497,aa2d7a3a535243189492d4ce8e79c049
a868fa08c4994234bd1947577c34c2f6,1.8831723,b050e9e1ef5946c297a34dda98d8f476
1b6f4307fa4e42cda9018c5085947b48,1.8813612,66b0c8a58f444ea0aec34d9403b88a49
21160fabb87f4b0fb849c04438771115,1.8809144,1af4472b38cc4304841b2f1720075c9d
cadfda09774f4983a79a1c20a77a7b6e,1.8708489,678725f8b914453fbc1029b7c1bc0879
98a56450793d4447a21350dcb38b80eb,1.8623503,efdf40eee13d409c9955e5b84e4408f6
4aa10500630647f891ae1bf725a8f169,1.860052,700f381f40ce4b039ce0df8b49fb199b
8ffbcfeb411843b2bd6e513ae284b232,1.8534957,00f45d57fd3c448d8cfdf3185ebae894
7eab4332b2af45cd8ba6c4050d814b39,1.8472997,ad289d5052264f9c8bd0aaf9faace92e
73bf5efa54504a0186bd7a13def281d6,1.8412073,bab3bdc133384798b558f8fb6466a7fa
ae8dce8e4fd84a42916e2a2ea4ab7c38,1.8399799,fb709e29755b44988bb252c87a2ce2f3
9b0790e53e7c487885af42388d8f681a,1.8399413,1543a2f94aa74008914301874d98f0f5
6d60c813cd9640d0840e8567de817877,1.8392056,bade01bd83ec4b6786fd8c867ca7a090
444cddd136524b8792db7fe1caeec69c,1.8389335,acee70abee2841c9b67b95e9ed079647
5c6c691ff9a94d5e954977de26cd9cad,1.8334429,fb695c097d5845c282f6b30c241e8cf2
40d03471812c4f0398b4551b5f116068,1.8245121,fb695c097d5845c282f6b30c241e8cf2
e7477d785b474565a0c4aea10f9060f1,1.8211557,64f1d63a671d441d9663a783f632f794
315bc88bb0aa4c8d8eb55bb22f811730,1.8152558,0302e7dde9074dddbbbdf85e9be57901
5a3e95d6f7e84750a9b090dbfef91f61,1.8087002,bd2f91a9415049d980e453f94327e0ce
a1855c7563c54b5c86e2f73c5fe9f8d7,1.8050847,640f3bd184b7425fb22cc7773b8b2244
66c69be4b87942098f652198c91df0bd,1.7991745,77ac5eb4b3054ca68e2b0dcbd5473fd1
2613b590d7c94de09bd3bc1e4aeebb1d,1.7953224,fb709e29755b44988bb252c87a2ce2f3
1ee540e56f46476f8d452e04f0490075,1.7931037,2768d411cc374a018a898f9df0ca207d
a987046439f446848e7b3520dcece6d6,1.7796586,4ad7e2502210436f9ca5735fdf7e50c3
91af71c421dd4b9fa1252bd59cd4afd6,1.7793105,369fe18b94f54c98b554fd22b4a3b50b
745463c1ff2c43398a488057b94b7dd5,1.7780931,8f761e1117754656ac86a3a25f241cd7
7d741d7645a848d086367003b1d9a767,1.7727149,d27cfea4da8f445fb4e3c55e53c6482c
0c2f43def73f4f3a89a64828f97dde43,1.7611661,a6a551a308b9442f947ea0608ae2c3fb
f3c47f8050814b93a91d14f2add36403,1.7455277,efdf40eee13d409c9955e5b84e4408f6
6cf7328bcc2c487e8e43953245e0f4af,1.7409482,0302e7dde9074dddbbbdf85e9be57901
17c07c3077cb479eaba075a5c7f99328,1.7397728,d42996c2b67443fd9b73bba7641d4f77
3cb97459e3f74194b27d06def0becea3,1.7385865,c322b788813745e0aa7b592b4345d379
fb4a9db6c94f4a49a12fa4071706242f,1.7333978,f0695d7e59d64941b510a3d12f801d59
07e166148b304b0b9c003c015628df76,1.7317524,31b69f9501c4415e929b6af28c83f6a6
5c24677a92364f97aada250f8acd8f3e,1.7309313,c8b9a0ac7c214a449c434aabdf6ef770
22dbea142f4c45988a0efcb3c3633249,1.7253103,d42996c2b67443fd9b73bba7641d4f77
26b564b6bf114f2bbe987a9490e74e89,1.7247931,d74f6e7abeb84eedb9923dadb62f45f0
0d4e1854d2f24a18acc550c6afc2fda2,1.7219274,0f9cc12519eb4872af7be7fe49e19f59
b2b15ac784564b17b414221232730701,1.7210677,4696c8192576454f8684954bc771aa23
003d3f2fc0d74fc58746a9d38d310d8a,1.718379,6b9b2c8f0a874bb8b6691aca6bc49565
e327090a663242caa64ea6482dabfd29,1.7176018,5a8cc5ff28fb4359afc7e9fcbf3bce55
f913fbb165604ca09fa3b9c547ab4d04,1.7155837,5a73e0a5c757410eb0928feed7b151c8
ae244311f36c42c19709ec36d518171c,1.7143593,0472051dc57d43f8b9dd08df475fc4a3
545abc5f61374dd596a546e619a12ae8,1.7019968,5a73e0a5c757410eb0928feed7b151c8
faafc7c371d240a29c764c0074231e6a,1.6960158,779d7c2bad1940c8a861451964e1ce01
167939f1c55740a5bd8d235691475fc4,1.6915895,11ec23965d2941d0817082107996ebbb
c67c378aa42248cfab4b61e502027a8c,1.6870652,9e304a9bbc7b4c22af8025fc93757357
6f8c1d69a43c4848bf3426c02ae5b938,1.6804247,f9fae977af2c4f35b29400f31267e170
5302778a501c4de9bbc6c6fc6f7cd8b1,1.6759598,92d5da561f5a41bf929f3555a74cd653
347c303d1b5c48f9a21e9432327258c8,1.6656618,27eee82d7fb94b9b8b60bd3101187496
4b984f558f9e4236b12f8875520bdebf,1.6555551,e25b9d9944cb4d7197efb8ffc4ff57a1
671397532db64b2a86a8e790655fde58,1.6540266,80948e17b5694599919e1502bfcc08f3
a2cd26a2e3b1415bb6c861ab0368b73f,1.6531858,89597084b19c4902b073a2c6c6622456
19c57283f04a4c338b9625f43642f886,1.6497236,d576e334105247369362b05a375e88cd
8aaa8f372a5346a59b85061f27d9ffc9,1.6492636,b4150337314e40fb9e3ebb24514504a3
ae5e0ee1d17e4fb0839e3d41295a5479,1.6468133,903360099fb644b6b88c6edac88eecb2
0a0ac8e04384494aa6efad6605bee67c,1.6440119,cd56b9a044c24df8a7156f661cb3d9cf
7dba9b481a53475cb2f9bb524154fa97,1.6334182,75b0bd2240a54f6fb45bf95ca43ab5e6
79ac90f7c3254209afc09b44172a29d3,1.6322086,c8c201e25c0047a2ba9d9e8541ac0939
174196604f504ed29027427608904003,1.6317371,1216ce1ef31e4643bb1222538c206342
9123b9ef4c9d4fde932408d0244495f7,1.6317,6d3c42356e3b459c919e3129ff192ac4
ab90f505d58d4d94afa71bd0811469b1,1.631499,80948e17b5694599919e1502bfcc08f3
b4a8d87a40804af0ba2290010e25deb5,1.616139,21b1ded02d7b42618592187e287835a3
c0e006372bab471897981e28cf25f546,1.6146344,d4cd0b56b6f54e08aec8ebfdb6122c5c
e5b86e97430f434591a4da778f69dcf9,1.6063974,855b3971c4a147cfb9a7c281fa6b915e
6febefdfecdd4d6dbe493b2dab3579b0,1.6063727,156f393f7ca046299e09d05464afa056
8a53841d512741f5ac2d49f75a83780a,1.6046174,bab3bdc133384798b558f8fb6466a7fa
432fd48d8c1946838e62f7912527deae,1.6033499,7c1e02f3ab614e539ac901e5cd3c92d8
f5a036940f0b4b219a4903d8efd2cac0,1.6030918,5831f5e280be4c02a09ce4588b56d7f3
8498c31c9d93468caa7deb065c84e1a4,1.5953646,d74f6e7abeb84eedb9923dadb62f45f0
b92da6fa48d248779bf06eaba1e7a2a9,1.5932535,f615619defc4402b82845090c238e597
00bddd864f6b4c06bdae75aa6a690693,1.5926217,ad2109663af04c549385cd2ab9b3283b
c2da5a4eff03435c8c936f9c5f4cf43f,1.5905231,1d47a696eae94bd29f215a4787b27d8a
4cf01329838243b998a06d2ffab76517,1.5893714,99142f1c07cd4782814f8c970eaaa40a
c873b341cab549d6be3c38ca79441d7f,1.5874327,b25fe3b79f714d38b3fc53e39fd84d36
ad5f2cd68d6c448ba9532ff7665af2c1,1.5858921,1b4e143cfc1648a5b877d7445446366a
b386bdd20171436f9c420013263490da,1.5821104,78b600dd53854b018f87267d268b7b1a
f6304923104f47d1ae9f82b7116051a6,1.5812781,6aba5a04ef8742a39d3a61644a5f0729
b32a35611f6b4eef9cfd102e5e72766a,1.5759851,b2be859ca8f24cda86821d5383edbc18
8d0f508b17b140db934bc95a70c06411,1.5723364,78b600dd53854b018f87267d268b7b1a
3e730fdc177b48f293b58b68d7b54313,1.5635177,aa2d7a3a535243189492d4ce8e79c049
b9500ef3747d4220b748183372d8c2cf,1.5575155,f9fae977af2c4f35b29400f31267e170
6339e9726a4b4ebaaf1b22a56c33b779,1.5571097,564a84b1b830407e811bcfc7fd086a6f
b89cf65d34284353a3c517db67021cc0,1.5570252,691acac4a54d450697afb2c2dc4fca09
15f76b93b94f4dfaa2c8b03a95b771e2,1.5482229,99142f1c07cd4782814f8c970eaaa40a
bd11eda8c59c41a383c769c428ce6d6a,1.5399954,a1d8cb16dafd4126922f985021e93631
d19e2961aa1846aea691337aa1f275e0,1.539408,faaac88748714ce8a99413b952a1dac8
f8dc989408ab412199e89745baedbb50,1.5307506,8f285540a9394706bd6ec6cda46c5058
d3e12207d56644628943a01c0cdd93ed,1.5284,1216ce1ef31e4643bb1222538c206342
2090b42e4121433892402ab5724a805d,1.5259802,27eee82d7fb94b9b8b60bd3101187496
4c2fc2033f15495485965dbc18d3191d,1.5220417,e336d113184c4ebdbad7aa2b6ec64640
b2a24b751645419cb6e060319b510e79,1.5211064,cd56b9a044c24df8a7156f661cb3d9cf
42ce4e0d59764cd5a98455e34790c44c,1.5167785,a6a551a308b9442f947ea0608ae2c3fb
e449398fb3714ef39cfae0e60e4b3fd1,1.5163385,34b71675a1ae442395b6eb1f3eda23df
b894792524d841b3b24c566aa9c41b8d,1.5084304,cd56b9a044c24df8a7156f661cb3d9cf
63cf218e957a465696c4482a9d4b226b,1.5072494,aa2d7a3a535243189492d4ce8e79c049
bd2048721a484ac4925726f9a0df7499,1.5003906,e52a528036014db0a7bd54b99a310fe8
b256661e96a042c28b299514e4e6e4cf,1.4992151,5831f5e280be4c02a09ce4588b56d7f3
206c38136fda4bdb97f8087fab551d1a,1.4974852,e27d9425c912446e947fe53c4a757375
14f6b3f3ee164c98b2aa0e93e06070d3,1.4950442,678725f8b914453fbc1029b7c1bc0879
2092a0007cd74f32bd9954b25b49cf21,1.4949136,5971501b0e8b4ef5b203c3985d7f5e88
9cda69694f9945cda4d98d01dfa6bc79,1.4947186,7cd1db4b50dd41e6b2f3dd15fcab3b89
f66bd53c07c7410ca1da94b1c1f96480,1.4940238,a0fe3cd34e474c3b90662ce8ef1fcac6
65985829f37342a3b2560fd757d02169,1.4887267,19c9ac7b84df472c85ed6cf5a05fbbc6
96bc1d7521944aa9bd60c810ef28080a,1.473399,b050e9e1ef5946c297a34dda98d8f476
2c5e568a58a646b7b291350b7145e317,1.4730648,88dc23909eb4415aa39b96cc3a4c2926
b324a5fe4a374e51a39d53b0b235ca94,1.4670352,c88be17376104f999b914a91aebf7220
b3d0e1f27a4c4d9dbda5877bde3bf232,1.4605793,9e304a9bbc7b4c22af8025fc93757357
12b4b13d49b64b55ae65fe00960c4711,1.4589952,6a33c207c8b648f680dbd0e65639ef04
71f93aa94339483884743fd218725216,1.458895,9b22c5cdbff44bdabd48dba008e6a3b2
6bfc7764438f4a6caffc2e8225f5545a,1.458301,d331012ecf0c40888e0ac290184f0883
f17e080b2680401da91c350fa7e9cfa1,1.4546124,fb695c097d5845c282f6b30c241e8cf2
d167d4759915411bbe1bbe1051622883,1.4520978,4a4eb12a639346b5a00557d54b51fe51
f4398da2a74044829b4f7bd0808aec82,1.4499798,6c8a24653ef04f559b88e0f27c0df63a
b8cb140987104f8db7456d8b3ad57ae7,1.4463905,e25b9d9944cb4d7197efb8ffc4ff57a1
0001880401724f72b4b0f8fafabbd872,1.4453886,4a4eb12a639346b5a00557d54b51fe51
1f314e6f401c4bcb95f97316f5aceb0a,1.4414487,2425086d8eaf44d2a9519f0e4e6b289a
9555747543024d518645fa84d0dbac94,1.4362327,369fe18b94f54c98b554fd22b4a3b50b
c71fc9273bb64cf78fcb3160724b40be,1.4348438,34b71675a1ae442395b6eb1f3eda23df
ac2d96b937b24483be886056bc0c2b67,1.4344075,23066f7964874fd39639dbf2cb2766df
9c541c2079a0420298c16b25b87beee7,1.430798,d42996c2b67443fd9b73bba7641d4f77
10ec284856b64b33a3f1095d708227c6,1.4288743,f5a6222612ef406b8f02aef87e08c476
1e61632437f042c89075c565adee2ded,1.4282734,dc58564d0c8540bea4f3e2e3696deae8
455cb638bfe54346b07d85d63df40847,1.4279014,92d5da561f5a41bf929f3555a74cd653
2fd5284523f24eb1bae1d9e857c61d4a,1.4252963,ff218cc7835d4b5ba0de22792319050a
45134c6dd42d4814b2fba3d713c1b3a5,1.4231827,1cbfb22f84454b1fb821b602e3ad11f8
0f7f319e6bfb4438a4746cfecb70a08e,1.4230201,855b3971c4a147cfb9a7c281fa6b915e
b6406f4769234ae7828d1f1011448739,1.4174047,b25fe3b79f714d38b3fc53e39fd84d36
a5188ae3f8ef46e7848bf70945078768,1.4157054,21b1ded02d7b42618592187e287835a3
fba706d6c465422cb8a6944bb92f5b97,1.4156044,d0a840820172465f83c8480d571e7b71
66f2b56505bb4a009232e327041bcff4,1.4114779,5a26ae7959494fef99542e9b2004fd11
565907298304458f80b2f4504ee3473f,1.4082518,82b01998353e4141a7613fdc96d7b600
da88d4d5eaad4690bbe94a2165985050,1.4056633,01e805bb5a1845a7addf86fe9bc8d814
492d363c9d8b450da859bd06f06cf687,1.4052868,ff218cc7835d4b5ba0de22792319050a
882ef5ef88af445e9dede3d98a7dd8e3,1.3993852,9b22c5cdbff44bdabd48dba008e6a3b2
41d559a45180411298adc4fbea7618ca,1.3846579,de9328bdd1b34adda74a0363ff0a52b6
00a23ea3107f484f84ca76a6fb313ceb,1.3831213,e9f055a212cd4e5e8601228c37713f35
cb44ae0776e3419e8b0aab12b82dc8e2,1.3796924,23066f7964874fd39639dbf2cb2766df
9ed80bde74cc4e15aaa675186748bdbb,1.3790572,58db4c3a26c84fa68d81235d078208bc
38f66bccfc8b47afb357b8caa5a3f286,1.378118,691a538d2372403fad2b919b48ff5f85
65fdb46393a34ac699da17059ebaa6cc,1.3762851,f9fae977af2c4f35b29400f31267e170
fe175ac3af5446a582bc555f10723923,1.3683391,691a538d2372403fad2b919b48ff5f85
e89166577a8e4c1d9c4025a06e1d5a24,1.3677607,a0fe3cd34e474c3b90662ce8ef1fcac6
de7e2ebef31a43768b57de371f2631aa,1.3676655,057164cf4aab45ebbefef3409359cfb1
06bf7c8951c64f95bec0eb20b232e5bd,1.3583859,e039a00eae414ebbb2205b011ac127cf
e919ef1fffb2496894c9769d7ce9aacc,1.3562515,8f285540a9394706bd6ec6cda46c5058
f93d08dd757f4cb9a593f27024c614ff,1.3524485,4aa3556b2aed469584c573868193a07a
db0b5c45c2954d12b90e29ab07c75dcd,1.3524418,21b1ded02d7b42618592187e287835a3
45fc0cc071f44aa5a4f55b6521959f82,1.3523396,7a4c413f5c844796bd5ffed2b65f0336
334dd9387233405cb0ba67a8ddd52c53,1.351569,bab3bdc133384798b558f8fb6466a7fa
360cbc8189604ca7bed1d03379488753,1.3488175,eaca056cec224a30aaaed30c39f644c2
1c8f15d98ac3471fb966536a1bc8e9e6,1.3437144,f036aaf4ab714c598a0b6da4ca604136
246cbab9fb49461fab4520132d4fa1af,1.341397,a585d23fe43f459ba86ac15645af77ff
0ff31fb63a044ecba52ee62968e78be6,1.3392162,65664fb3aad341fab563409d91dddd2d
af33a412aeb947a8b8c53cfc9e78a69d,1.3362149,983940e0b12e4186a281c36de657406e
c492188137ee4adab179d07e9473fc40,1.3282615,eaca056cec224a30aaaed30c39f644c2
ed96d522f1d74dcb9a41c80634f5abe0,1.327627,d0a840820172465f83c8480d571e7b71
bbd851331a6a4da4b22326af57c9ea32,1.3242581,faaac88748714ce8a99413b952a1dac8
bee104c3212c473da29f1f4518f4fd7a,1.3181765,4430d47e30904eab969c1baebca184c0
55f81e8022ee42b893d99d17d99a3f32,1.3156626,0302e7dde9074dddbbbdf85e9be57901
e63f3979515d466faa902d724344014e,1.313099,b050e9e1ef5946c297a34dda98d8f476
195aaede1fda491bbf8495b564c9d001,1.31269,f9fae977af2c4f35b29400f31267e170
0a67f23ddf014504a380fcaf9e049a2c,1.3104856,5a73e0a5c757410eb0928feed7b151c8
6475f4fbc11942b8814094002d1133b9,1.310341,a6a551a308b9442f947ea0608ae2c3fb
d163c4863d9640b8b9610decb9ae92ff,1.3046851,bade01bd83ec4b6786fd8c867ca7a090
3bcea4af010844979851dffe0c194e96,1.2924161,0ebc441d25664c91adad96b570270f07
3a824fd4eb9c426291f1b6fadad0d90e,1.2915138,fe6ace599de44aa19b1773dad3658fee
9f6d414fa64347368d119235b14b5cbc,1.2866184,fb709e29755b44988bb252c87a2ce2f3
05fadc86cab04c70ba18949f1163cea1,1.2845592,0302e7dde9074dddbbbdf85e9be57901
7f01bceb5689442b8a024b4596c8a11e,1.2844683,34b71675a1ae442395b6eb1f3eda23df
44e0859420c4441d8b2eab856c4e010a,1.2799482,f0695d7e59d64941b510a3d12f801d59
b0cc005e94e04a1da113c12dded0a882,1.2760065,691a538d2372403fad2b919b48ff5f85
9f893eb3a0eb4ad399f1eb64251cb4fa,1.2748705,d74f6e7abeb84eedb9923dadb62f45f0
a72d6ed397c64fa7ad1aeb46a417fa4e,1.2685382,8a77dc665d8b4d95a0b1113522f7e9c3
ec6e7c2e584c4bd09dc91d1729c2c90a,1.2667394,89597084b19c4902b073a2c6c6622456
b904ff33d535410cb0791f1e1227e8c2,1.2667049,c88be17376104f999b914a91aebf7220
2d641fad427d4884b7624102a50d5edb,1.2616745,5a68e05acea4434ba08e17e1fff00057
1089b153884e4aca90dce90c11539615,1.2585024,b050e9e1ef5946c297a34dda98d8f476
04457b683e1d4eaf8e6a37b15f5d8aa8,1.2579002,700f381f40ce4b039ce0df8b49fb199b
a703ddf11df347d6a8ca6f572ef505f2,1.254101,e45844e0215f4a1596a7f9ac41367c46
96a715a174b74274ad9ad1ca752169f8,1.2533531,6c8a24653ef04f559b88e0f27c0df63a
78df036c4e104457afcdf7598e9ce958,1.246852,f615619defc4402b82845090c238e597
7e211c9e52254e199e0deca74afcc524,1.2461221,bd2f91a9415049d980e453f94327e0ce
43d1998f5950428d94f74e0f6227fc3b,1.2366443,92d5da561f5a41bf929f3555a74cd653
6f70eedb7ac1471a9d9cc5ba1a8f274b,1.2341993,4ad7e2502210436f9ca5735fdf7e50c3
9ddc0583ec0e4cc0bbaa79c812c97afa,1.2340689,73e7e41e8db447c09cb2363d76556c64
e09735216b1f4e3f9fd7eb54f6aa2b1a,1.2335557,b7ef0a61de0e4adf9688b2c525c9ad09
1e579d7ae9414003b1ba23d9839d8031,1.2328163,faaac88748714ce8a99413b952a1dac8
09a86f7239984e8faf484dba2109244d,1.2259294,4a4eb12a639346b5a00557d54b51fe51
1db04d4304ab44b5a063f18b9037c0da,1.2134023,02cf82700b4f4773af3a14ad8eaa5270
8819510944174ce28e7b0d3e9d8c9fe3,1.2128334,691acac4a54d450697afb2c2dc4fca09
803ab31024764a56a2ac0cda5c79c69c,1.2101759,11ec23965d2941d0817082107996ebbb
a34c38121a3948f8949f49df67186c78,1.1963378,92229a391d0b418f87b32c86c42a292c
96a40dc922f94bc78c39fadb8ecbd263,1.1939789,b7ef0a61de0e4adf9688b2c525c9ad09
ab6c85b8074c4edcb7f8d568b142ef98,1.1936504,1543a2f94aa74008914301874d98f0f5
ef0d69bfdc4e49acb1978167c6edf80e,1.1906661,19c9ac7b84df472c85ed6cf5a05fbbc6
2b50f012261b4b2ba6b92ef109d17277,1.1848258,b25fe3b79f714d38b3fc53e39fd84d36
3bc9e7189bd1419081f54d35e956639e,1.1787188,b8ca3b6144cd48208caae952e096e7ae
a1a22d5f63af4418a3f33283a6013d2d,1.1742626,8f285540a9394706bd6ec6cda46c5058
ab4c8222cf584ba3982f14500c005291,1.1726749,a6a551a308b9442f947ea0608ae2c3fb
984301327f964e12a088fd8ee2361fdc,1.1710775,ecdae9f36c6a437ea72739febbf1c89c
96427260d7a740dc8e8abb4b879ac84d,1.1695095,4d708e5878784386a42c2f436d2d60f0
f68b3be7e23c4f86addba549e41b9077,1.1694802,9b22c5cdbff44bdabd48dba008e6a3b2
56cfe84755904ae98f74d085dd2fcb7c,1.1676639,6d3c42356e3b459c919e3129ff192ac4
a286b690dbf845d9b5651b98f76845a7,1.1571056,5a68e05acea4434ba08e17e1fff00057
f9858ec6cc4e424aacd697295e8cabbb,1.153536,ff715b4f228443e3b067c801250f3402
b2486195994b46178a02231ec766d3ea,1.1525,b050e9e1ef5946c297a34dda98d8f476
eb1fe6fcc1154bfcbe523b6401451927,1.151525,1af4472b38cc4304841b2f1720075c9d
006744853c1a4bfd9d39aea6556c7be3,1.1486324,c0cb721b56f240dabf7f464e453ef72e
ffe5e5fc7adf437bba769a5d9fff5c27,1.1466049,19c9ac7b84df472c85ed6cf5a05fbbc6
78c726c0af744ce0b72aeb59512d26d8,1.1409497,e52a528036014db0a7bd54b99a310fe8
cde31d7f76684d62b17e619c0f1e98d1,1.1384584,b8ca3b6144cd48208caae952e096e7ae
e30792faab17454587f51314a00ae69b,1.1369984,d74f6e7abeb84eedb9923dadb62f45f0
4b6eb18ba8244091a7dab36a9dd58d87,1.1353768,f5a6222612ef406b8f02aef87e08c476
f54fb64fd5a04f3ba5c065305856b3f5,1.1340165,d6fe6f8380464e21a27fd69de27f1f57
3febcf126f0f4f8585113e1917eed33e,1.1337441,1fde4c9a01f84c349461083b6d0ba9ed
3827fc528c674ba6b4b692725d257a11,1.1312885,1cbfb22f84454b1fb821b602e3ad11f8
5c85caaeb0fe44b19a63bae94eb3c1b2,1.1304433,c8c201e25c0047a2ba9d9e8541ac0939
727185eb6c4b40c7826be433f5a5d627,1.1289734,23066f7964874fd39639dbf2cb2766df
0a0d970d0884494391ed2a3bb2f00b54,1.1208651,92229a391d0b418f87b32c86c42a292c
88de1634c729442aa72060868b167abd,1.1163107,82b01998353e4141a7613fdc96d7b600
0affea27dfd242bda2130ad14ef28bb9,1.1125296,903360099fb644b6b88c6edac88eecb2
70a1cb72566e4c6fbe46c9b03b8a31d5,1.110113,f9fae977af2c4f35b29400f31267e170
587c1d4811034d7d8e3ccdb4af7ddbe1,1.1096773,e25b9d9944cb4d7197efb8ffc4ff57a1
e18c0d2a5ea54d0dae0481083fc0db46,1.1070948,3257035cc77946d98bdc09e2fdd5cdae
1aa2b5e2dcdf4c4c954c4af1b2112143,1.1059216,e02ad4f63c8444b79a7a56fb23a4e0f1
9ae0dc25880a4b1ca67998ae29c63cd9,1.1030474,eaca056cec224a30aaaed30c39f644c2
840915e1243641c0b502a35bfa1a9aa4,1.0985543,e456afdf95e643dd926249fec4d68753
ca6f0e18c75849428e7dbe14c1403841,1.0983113,c26f5e7dcc8149f18f3d719bba9ae717
7118df93df274839b3c1c622ac4b53f0,1.0961174,f11f1682b5924181b047d757d3e20964
e0bbcc95980e4aee9f0b5f6976c5eaff,1.0947416,f5a6222612ef406b8f02aef87e08c476
cf020a2f14884c16bc73b159ead104b8,1.0942888,5a73e0a5c757410eb0928feed7b151c8
012773cf6c104fd8a7ded7f346c0a261,1.0914494,d981f2c67f764e0c84af125b563958e9
43286efab53f465da28a9d31716d392a,1.0900074,09fc9f38fbbb4bfaa1c979ac9cc43f0b
7736e2c1dbab4b4c904c42e51fd17759,1.0885649,640f3bd184b7425fb22cc7773b8b2244
08b73196f2c24757b7a87419ad378a36,1.0814366,8aadcf7251724cc6858dc0db44abebe3
f6440ad65bcb48fc8d7fb11f5accc309,1.0788954,e7d6747e8c8b4ebcb665e232240daf17
c6654e244a00404a84d2f9314a7c6bd6,1.0779941,6aaae524573f477f8fdef0b83787cbee
4207cafc0d1f4d50b76a0fe4b67edc09,1.0755752,9ff95d23c3284d31ba5e398afa520649
13260f69234944ae8feb384dae6510ab,1.0690845,eaca056cec224a30aaaed30c39f644c2
b1d8d95b89ff4347aa88a86b33c0e524,1.0690775,c322b788813745e0aa7b592b4345d379
39ce9102f2044852bd09b544df5b8092,1.0677035,7ac9c94011924c09b47f9640211885a2
00bdb7919575484197d63d6dfc45bf9c,1.0672544,66b0c8a58f444ea0aec34d9403b88a49
1139d27eff6f4adcbf602ee48c269d3a,1.0667609,0ebc441d25664c91adad96b570270f07
95cfdf88f92e45f9b81a755fb1718759,1.0647285,58db4c3a26c84fa68d81235d078208bc
61353a38c7e14c49ad888ed8da7d282b,1.0612737,ed9b10a2879742628fce003076ef9024
18200ac0950d44d7af9f61b8b1f6467c,1.0575106,ec281224f8ee419ebde676f291672aea
ac99786a858b4fa2a4aab5dcdd49d652,1.056255,6a122ce1702646db918266228d48bd08
3e85ec80c479459598052f2abc51cc73,1.0554862,c9e2e76e631c4d0a8013d90892350e06
35280441301148638fc4b59eb169c802,1.0521302,aa2d7a3a535243189492d4ce8e79c049
6ec94917d60e4edbb8db99b5f7c18612,1.0474665,00f45d57fd3c448d8cfdf3185ebae894
a22b7bc93cbe40cba26f5e4456762f6e,1.0468736,f615619defc4402b82845090c238e597
6e50350fd3c745e6be8f38c45f9b9148,1.0405865,fe6ace599de44aa19b1773dad3658fee
e0be49d601a84ae1afc8a7ca92f58087,1.0367293,7c1e02f3ab614e539ac901e5cd3c92d8
f1ccf2ee3c3d4cddb27a2e081d844de5,1.0314728,564a84b1b830407e811bcfc7fd086a6f
c896b42105de4a53836bb12899fe2cdf,1.0300661,19c9ac7b84df472c85ed6cf5a05fbbc6
fccd86bf84054e46a65b37bb8808da7c,1.0260243,e492ff7fecf046a4948c5ba5631cdefe
e3ead164dcbf45f98cbf23bb77a3d989,1.024793,64fa5ce839ef406b9bc8a1b2f05094c7
b7e24f3f016a422b89ff10b363c86e9d,1.0231721,09fc9f38fbbb4bfaa1c979ac9cc43f0b
8c4f8ffe681a4951928e1444bf4947d6,1.0188711,fcc9863b07fc4bd5a01fab5b9160eafb
c0e4b6d0b4ac4f978868636d7675e345,1.0182409,e456afdf95e643dd926249fec4d68753
dcd4e8a77e0c47f4bfeaedc8b8dfc397,1.016742,bade01bd83ec4b6786fd8c867ca7a090
790d3e003e2545f9822873e830615360,1.0160966,ad289d5052264f9c8bd0aaf9faace92e
654c2ffb9ccf4c1a9a3f865902e7b683,1.0136747,fe6ace599de44aa19b1773dad3658fee
a1940599db974ded9752d1567b236c42,1.0058819,c8c201e25c0047a2ba9d9e8541ac0939
ef4b6d47c51c4527a80e52519f3c872b,1.0048584,691a538d2372403fad2b919b48ff5f85
8e5a5214d8844be09dabddd5a39036e3,1.004307,ec281224f8ee419ebde676f291672aea
a0e3b8c54d2747bf93d30efbd15a8fb1,1.003919,4a4eb12a639346b5a00557d54b51fe51
45f269eb7e1044bfbd012ba2df2be6ad,1.0010142,4a4eb12a639346b5a00557d54b51fe51
bc1026f31e374c13a6d40e36a58b4b4c,1.0007275,4430d47e30904eab969c1baebca184c0
1acb0cb3f1f54789891682122e4013b4,0.99942815,7cd1db4b50dd41e6b2f3dd15fcab3b89
ee6aeba966504751952213ca4d85796e,0.99941325,3b13d134762445cebcdbb02b484db77b
cc8f496b43d143478be84fd74f0dfc07,0.9983481,7ac9c94011924c09b47f9640211885a2
d3b55aa1a6b041cbadb5fc0139fd8cac,0.9950049,e456afdf95e643dd926249fec4d68753
3c1c6d5089844fbe90e18a5fdab3bee4,0.9919056,8a77dc665d8b4d95a0b1113522f7e9c3
69ac3d3d408a45fda23c327ed1f2678f,0.9883541,1d47a696eae94bd29f215a4787b27d8a
4483d9ae441d4fe1889099eb3acf1676,0.9874769,c8c201e25c0047a2ba9d9e8541ac0939
bfc3042d6d684128b937f9d9878d4eaf,0.9866123,f036aaf4ab714c598a0b6da4ca604136
ba86837d26e64a5095e50f614cebc183,0.9860984,92d5da561f5a41bf929f3555a74cd653
f825d91f98ed4b9fbffdd2f5bcea698a,0.97776496,d79afb377f5349a69830b2b4c7cfefcb
390ed716ee69427f85d1d9d4da45fd20,0.977396,526ab7eda50e4a239d03ad505832d61d
5466e5423228429ca4afb7578e83a4f3,0.9767968,fe6ace599de44aa19b1773dad3658fee
1413507f5f8f46109e5caee2e853eae9,0.97353107,700f381f40ce4b039ce0df8b49fb199b
7e41c6ad9fe846239eb8cdf3a0a3569e,0.96353036,9303b9f7f4984b2dac8aeba8c8da8ef6
d826d2d9a30147d59c909ec8484bf8b6,0.96209514,ed9b10a2879742628fce003076ef9024
11cd11ee574a460989af01777e154c33,0.96081024,156f393f7ca046299e09d05464afa056
b74ab07a7c004219aee7bd6d643ebfb1,0.9598897,64f1d63a671d441d9663a783f632f794
0478a4dd439f4218a9194cd283b15aca,0.9559237,ed9b10a2879742628fce003076ef9024
68f3223d477e4e1cbe3830412674f8f4,0.95532584,ad2b6fb945714e6792c17bd49a1066e0
75bceb302d644b309181d454dbd2b59f,0.9517537,678725f8b914453fbc1029b7c1bc0879
a082e18320bf47fe8c3c9506d626862a,0.94944036,b4150337314e40fb9e3ebb24514504a3
86339034705d41e685883013d2ef7d6a,0.946574,9303b9f7f4984b2dac8aeba8c8da8ef6
e15d2b4a689545309a64bd4d54621cbb,0.94582504,89e43b092c844b5886a93091a22c894a
fa4b1640bbdb4f0bad2435be75a94586,0.9456925,dc58564d0c8540bea4f3e2e3696deae8
8505b6622aed4fb0aeece7e02c0fa748,0.94061375,4aa3556b2aed469584c573868193a07a
984975b63ccd4be48b7aa852bed6fc65,0.93900883,c26f5e7dcc8149f18f3d719bba9ae717
ddbc9d9a558041779711fd17e89ec33f,0.92981154,eaca056cec224a30aaaed30c39f644c2
de522abd79fd437a9ba590c4aa3aa7a1,0.92842263,a1d8cb16dafd4126922f985021e93631
701ea34d0faf4b558956b1af3863b503,0.9281108,acee70abee2841c9b67b95e9ed079647
ba2103e1cad442ec881f2b0d25c99bb9,0.92595273,46ba0b979a664c7cb0c315c4cde6ac86
064ec184b18e48e18255745eb01a80f5,0.92506397,640f3bd184b7425fb22cc7773b8b2244
a5af794012384211a60360b6b1752339,0.9247233,0f9cc12519eb4872af7be7fe49e19f59
915d79767ad746c99ea804f4b5dbf60d,0.92464507,d981f2c67f764e0c84af125b563958e9
91e6133ed3e2412cbd4f9450388c7eb6,0.9242747,17cc6768c9d14388b7455fea0060b62c
fcd022d73a35405ab8a38d11dd06ff4e,0.9222331,c88be17376104f999b914a91aebf7220
4ec7a9ba5579479e8eb75b6a39172728,0.92086583,5831f5e280be4c02a09ce4588b56d7f3
6991375b95ab4bb0b14b5ad68edc0a36,0.9131455,01e805bb5a1845a7addf86fe9bc8d814
70eae43486ba469e9dcabff502a498ba,0.9099492,11ec23965d2941d0817082107996ebbb
6cfe829d301f463ba1bc66d1c8087b0c,0.90993893,e25b9d9944cb4d7197efb8ffc4ff57a1
93a89031c44d4d6e87976f696e205219,0.904463,4d708e5878784386a42c2f436d2d60f0
1f8623bf930a4fcfbd914e784354ca2a,0.9021226,f615619defc4402b82845090c238e597
b8cc82e2dd7b4ef9932f2377c1bf9e53,0.89702755,6a33c207c8b648f680dbd0e65639ef04
2eec5eb123e343b89370139c57a3ef13,0.8934201,19c9ac7b84df472c85ed6cf5a05fbbc6
493a9c5f51a84accb411c3f643d0fba3,0.89202154,21b1ded02d7b42618592187e287835a3
ec892733179f48d7b907594ba63d8431,0.89069366,d79afb377f5349a69830b2b4c7cfefcb
287f16e644254fb4ab92c40cf4fd41e5,0.8846742,fb695c097d5845c282f6b30c241e8cf2
369716c45312435faf4f35f7fa3ecebf,0.8846182,3257035cc77946d98bdc09e2fdd5cdae
8522edbe627049f0b00eabbb776399d3,0.8835077,aa2d7a3a535243189492d4ce8e79c049
83be35bfce854dc48152629a9841375d,0.8816395,c88be17376104f999b914a91aebf7220
7e7b92ee644e42a3adc00967aa9f4cf8,0.87256324,965598a17b624a0f9bb1cd58595458a6
1a3959ec40e24329b5c36ae3d8bd148b,0.8711175,d443e0c5017d48d1b3f86bf4da959ed5
d8c0f66ffaf94373b23b46444c5acb4f,0.86700207,156f393f7ca046299e09d05464afa056
96cfa510415b439da48aa661aff3500b,0.86637026,1d47a696eae94bd29f215a4787b27d8a
04cde55231e04394a675268411aee01c,0.8656893,1af4472b38cc4304841b2f1720075c9d
d0c34b42e0ea475cbec6f473103ce609,0.8656174,e039a00eae414ebbb2205b011ac127cf
69669e9f88dc43b68dda6126c27675ca,0.86550355,e039a00eae414ebbb2205b011ac127cf
662a6fe9ae1b47f5b598c9d0ff7ad784,0.8563812,640f3bd184b7425fb22cc7773b8b2244
dcd792ee5ed44c18908c70bc295d64d1,0.8554104,6a122ce1702646db918266228d48bd08
aaba5fcdec244fc79439dd67ba8a495d,0.85360676,e02ad4f63c8444b79a7a56fb23a4e0f1
ff0622832e0e48519d375778af4f60c3,0.852243,7ab29c5e2f05481d8a69cc479a764ee8
7a18d92954ca495a937856ac7ea4d263,0.85034275,564a84b1b830407e811bcfc7fd086a6f
aa580e725d534bcc967dbef0c65b141d,0.8500937,88dc23909eb4415aa39b96cc3a4c2926
01f344e8e895424eaa3251d134512cf7,0.84714913,f036aaf4ab714c598a0b6da4ca604136
589df17e77094a82933b4003a252ae26,0.84052646,e02ad4f63c8444b79a7a56fb23a4e0f1
d2a4c950a6244d788c3d60d371b154f6,0.83449703,fd51f3eef1a64d9a93652be481bde32e
af017ad1aa9c48c490bae2aaba2f1029,0.83425784,ec281224f8ee419ebde676f291672aea
3427373bf8314ae5a87677132dc4874f,0.8331249,8a77dc665d8b4d95a0b1113522f7e9c3
6fb6a2666474414e950f94d5b467b229,0.8313527,bab3bdc133384798b558f8fb6466a7fa
7119bcd6ffec46a3b428819c202e431e,0.82868415,257aed6ca7a44f1cb5c664beb1be527b
34bf626d6a87427281f80c0938fe0278,0.8259744,7ce06191f1114b4c8a00609f6867761f
184facf4be454b60a5fe9a953d771690,0.82113445,6b9b2c8f0a874bb8b6691aca6bc49565
a5d2be317fc24e528df576140c0a3849,0.81701905,1543a2f94aa74008914301874d98f0f5
65b7a423fc92497086fe55ce3a85dd55,0.81503534,99142f1c07cd4782814f8c970eaaa40a
19697467a2f64fdcaccd3a65d2a60d7d,0.8148538,23066f7964874fd39639dbf2cb2766df
15af8d3a801645799a0656e8ff3c729f,0.8137342,691acac4a54d450697afb2c2dc4fca09
93851d403349407996bba1dfd7457f79,0.8115822,057164cf4aab45ebbefef3409359cfb1
a66dab00c6184b79866a0fe90c090db0,0.8114023,65664fb3aad341fab563409d91dddd2d
57be916f4b9f449e85faa3e690b60115,0.8104141,678725f8b914453fbc1029b7c1bc0879
8d93adac5fe7477a99015ec9ef32330a,0.8077375,dc58564d0c8540bea4f3e2e3696deae8
fc982cca5c594093a33406ccd0a2b83c,0.8037753,89597084b19c4902b073a2c6c6622456
ea4bf9d0ec3d4bb9a4d910eb2ab70eb3,0.8002222,8f761e1117754656ac86a3a25f241cd7
3df61db7681f47ecbe9f92df83b36e59,0.79800475,bd35571850644321b86ce4fae286ce7d
5ccfffd900a1434dae33727030983cc8,0.7975457,75b0bd2240a54f6fb45bf95ca43ab5e6
4975299790f047d9b4dfba901c33ee4b,0.7955098,bd2f91a9415049d980e453f94327e0ce
662c1dace3274fb79254a1e59f299ccc,0.7954216,7a4c413f5c844796bd5ffed2b65f0336
e1c498af40d54c85bcea4f0ce236b966,0.7917254,d9fbe02f04a4469dac855f69ea6ad02a
cbd8f182af0646f2a5d514de46872f05,0.7911748,a25b08e008114c9ca0266ce3e55d82bb
faed47ec537c4a70b2396638df56d71d,0.78931093,17cc6768c9d14388b7455fea0060b62c
9d2b582dd0f84326a537a91a57caab4c,0.78561246,d79afb377f5349a69830b2b4c7cfefcb
f230b42debc04e9ab59684ae05e721fd,0.78501487,9014beae94cf4f648e1663c8d5ec6803
0effebf3021a4263bb46281f2fb33987,0.78443,dc58564d0c8540bea4f3e2e3696deae8
371437b76fbc4eeaa709683744e7ee08,0.78193265,e45844e0215f4a1596a7f9ac41367c46
fa3faa7dd3774c2681f4c5b7527b1e78,0.78127307,965598a17b624a0f9bb1cd58595458a6
387cfff049b44a62ad0215e9bcd6f912,0.7782988,ecdae9f36c6a437ea72739febbf1c89c
98f802980f7641f39a841cd8697c5ea8,0.77464825,9170e0bb8fe44b309f83293808d871fe
c244f9298eca46bebe8382249b3a300b,0.7740585,e336d113184c4ebdbad7aa2b6ec64640
8a58d56cfe3a46549a16ce3a0f3daf0e,0.7738997,bd35571850644321b86ce4fae286ce7d
503e869546cf415ab60324f38dc8f73f,0.7735288,eaca056cec224a30aaaed30c39f644c2
e95f49fcbcd542bf8815319116a39edd,0.7726629,0302e7dde9074dddbbbdf85e9be57901
1ca6f54416f4410eb8e23dab9dbf012f,0.76573133,a6a551a308b9442f947ea0608ae2c3fb
6ef20b2327be456ebe9d47d6c015c659,0.7612982,77a8b27acb0e4600bb6ff974eabc269c
10edc8c73a904e63bc4317abfd0d7213,0.7610471,66b0c8a58f444ea0aec34d9403b88a49
130d36b77a584c7da24a4cfeb3a00f62,0.7562505,e25b9d9944cb4d7197efb8ffc4ff57a1
ed60600cbe5240f29132b4cda76d4960,0.7537375,faaac88748714ce8a99413b952a1dac8
19a8e983eaac433fb6e4dccab0c03fcc,0.74988174,d576e334105247369362b05a375e88cd
d1fb54ad5cd34d8abd5ca9ee40b54dbd,0.746634,b7ef0a61de0e4adf9688b2c525c9ad09
65c8efd2131b447d90bed385eeeb91a0,0.7447666,a25b08e008114c9ca0266ce3e55d82bb
ddfb9bf3e876482b994c7955230bcda9,0.7402244,5a8cc5ff28fb4359afc7e9fcbf3bce55
e349c885e3cf4b12898ea2f38cccf188,0.73806417,f615619defc4402b82845090c238e597
5a9a908d748e4c2eb30cdf4a450e189a,0.7272599,cb85047b65f8468aa02744c28c075dbd
2fd2926eef6c41939266c5d6a5803999,0.7267189,eaca056cec224a30aaaed30c39f644c2
83d43c7c640c4996a271c9ec70bd0746,0.72532463,0302e7dde9074dddbbbdf85e9be57901
13efb9d3d8904edb87940273047233f6,0.7251022,eaca056cec224a30aaaed30c39f644c2
8fbf0e065e2147b39508d482b6af3901,0.72109735,855b3971c4a147cfb9a7c281fa6b915e
af56dd5a3d1a403c910f7ccd67f42dd5,0.71688735,23066f7964874fd39639dbf2cb2766df
cb03a3e350c3487d9d636625b49d09a0,0.71671957,855b3971c4a147cfb9a7c281fa6b915e
780760acebdc4860bb31c7a7150c19dc,0.7072872,f5a6222612ef406b8f02aef87e08c476
2b1ae0f0956e475c80e1ba5ca01abe84,0.70728457,b4150337314e40fb9e3ebb24514504a3
3420154012cd4b5b993f16f000a9476e,0.7041499,1216ce1ef31e4643bb1222538c206342
0f51f0e1827243a380a392150248b877,0.7038199,bd35571850644321b86ce4fae286ce7d
580c0c6a3cd6416cb6654f177ff2498a,0.6998886,9b22c5cdbff44bdabd48dba008e6a3b2
3f4f551ba9d74d6e8622c1da8b00180e,0.6911272,c322b788813745e0aa7b592b4345d379
5d81d489a98d444a83664fe0db47fccb,0.6886985,00f45d57fd3c448d8cfdf3185ebae894
a879a1da30c4407aa84b5fea90b60f32,0.68796647,6c74bedaa406493a99988c5b8a47b704
91c0f6c693104690921ae87324e06692,0.6859559,73e7e41e8db447c09cb2363d76556c64
2937b0fa761c4d3294bf68f522d9ab25,0.6838801,74e7db4222ca4a20811199afafa346a7
6f0406b6deea4302b4e44ece4eba9ef9,0.6831438,eb513691b7a04d31ab1bc50bf343447b
caba51ea4cb243dc87741ad2c31130b1,0.6812258,ed9b10a2879742628fce003076ef9024
a7e8389d66b049749ff42ecf8384fc99,0.67642784,ed9b10a2879742628fce003076ef9024
01651322a4034bdba60434218dfeb79f,0.674145,d6fe6f8380464e21a27fd69de27f1f57
9b5cafae0dc14e9ba24b5c6db5381eae,0.6733673,23066f7964874fd39639dbf2cb2766df
2cd2c87b068749a492cdd369cb60ef9a,0.6724913,fb695c097d5845c282f6b30c241e8cf2
3fc67f7f85a74c5b9c118cbf60e96ca1,0.6714974,983940e0b12e4186a281c36de657406e
d8abdab9cd7145c19d33fe76e47d0c1e,0.6681614,31b69f9501c4415e929b6af28c83f6a6
57dfde028e58407980d373eb21be8e36,0.6659745,965598a17b624a0f9bb1cd58595458a6
3e3a44c2636246edb0f9c1d8f041d873,0.66535395,650afb6a1d054e59904a1b796552eb04
eead86464fcc47c9a4330692646f0973,0.6638003,1216ce1ef31e4643bb1222538c206342
b5db665a6be74d6d917e217bae5f59b7,0.66124165,21b1ded02d7b42618592187e287835a3
187f475424d1406a8ea7e10ccd1f13ee,0.65764314,85e7ea30890b456084b8e85c299c8649
0fcfdcdd99c34d2f8c849839febcbeee,0.657021,9303b9f7f4984b2dac8aeba8c8da8ef6
64e8bc2bd44d4328bac29a1ed2e655bd,0.655294,8aadcf7251724cc6858dc0db44abebe3
1f4dd46f7d93406e9b1fd33e5a2a4158,0.65449667,a1d8cb16dafd4126922f985021e93631
e2543c3614294b10b21429f6a412dd3d,0.6544116,ff715b4f228443e3b067c801250f3402
a5580bcfdae9468781349b4ca3ee101d,0.6512984,5831f5e280be4c02a09ce4588b56d7f3
e9b290a94aa44b1dbba67ba62b5153ac,0.64928,27eee82d7fb94b9b8b60bd3101187496
a2c99cf18b24478a838bc5837a75721f,0.64888084,d4cd0b56b6f54e08aec8ebfdb6122c5c
500d964011eb4cd19e61ff976d9d808f,0.64442474,46ba0b979a664c7cb0c315c4cde6ac86
77303cd1aba44c3abccb823ad3006b47,0.63276523,903360099fb644b6b88c6edac88eecb2
4e48af3f82274b30b4ec6ec1533e2840,0.6317702,58db4c3a26c84fa68d81235d078208bc
2a4b8f6f2f1948e587b2de1effffc8c6,0.6313639,23066f7964874fd39639dbf2cb2766df
07ecb7f8a5f642e98200ac37c34425a5,0.6219847,0472051dc57d43f8b9dd08df475fc4a3
0cee0f740cfa4b118595c4e921220588,0.619626,92d5da561f5a41bf929f3555a74cd653
69f55093e5564ec098780c2feb474e04,0.6172471,ad2109663af04c549385cd2ab9b3283b
d0dad3a420c744c3b2aaaa1604121d1f,0.6168703,e96aa0967ab94368b381354e03dc40ad
ff2339e06523437eb464f18a90d5f80d,0.616283,ff715b4f228443e3b067c801250f3402
739e45c484874024a94fec4cf8b13fba,0.6100882,c9628610053945f4a7998ae48cd70da3
356335bb29d4424ab31c89c6931246f5,0.6076312,965598a17b624a0f9bb1cd58595458a6
57a0a47943824bb28d5faf9fe31ee787,0.60688007,9e304a9bbc7b4c22af8025fc93757357
5b6f7847212340cfb461967cbfd411f6,0.6064607,0f9cc12519eb4872af7be7fe49e19f59
c0f3c55551da4b9fa0600e0d1b9181bb,0.6030654,0472051dc57d43f8b9dd08df475fc4a3
1930e2b037404eb3b7a991849e81320f,0.60195285,21b1ded02d7b42618592187e287835a3
47b8aa81feb6443088dc32ba9aaeca66,0.6003721,3257035cc77946d98bdc09e2fdd5cdae
b7a481f7374140f98117d92683d80c49,0.5993288,855b3971c4a147cfb9a7c281fa6b915e
3b9a5aa10a7d4cc9b31122f2d4258ccc,0.59808695,b25fe3b79f714d38b3fc53e39fd84d36
b25c125f6fd14177920e7f609ea6f819,0.5968641,66b0c8a58f444ea0aec34d9403b88a49
0727ac84c4494b248aa13d6c8ffe7225,0.59679097,4d708e5878784386a42c2f436d2d60f0
e9ffeaac65414a5fb9df90c528ca02f2,0.5966842,e5692bd498004d32934fbaa05af2120d
5b578482d6cc41b9a12382c724e9e19d,0.5963757,d981f2c67f764e0c84af125b563958e9
5880fbce1031460b8097717c0e258b33,0.5955409,e336d113184c4ebdbad7aa2b6ec64640
9addae0c40c248d4ab8fd02fb3861e99,0.5943685,9170e0bb8fe44b309f83293808d871fe
49f4672f4be94535a516b1013cea2b54,0.5932872,c9e2e76e631c4d0a8013d90892350e06
5d2dcf398cf24f1fa650c7f0c8035ffa,0.5927185,d27cfea4da8f445fb4e3c55e53c6482c
6ad7781d238a4ed28cba7dda16397459,0.59156644,1c97c72e076f40fcadb22b17e71beed1
a476d6cbc62045dc948a30c9c18327a2,0.58742875,691acac4a54d450697afb2c2dc4fca09
f1015462e69f41ea9a9c663ae07f13fd,0.58444107,ad2109663af04c549385cd2ab9b3283b
7e1f279ed0b04e478b3bd9dbc9e6a6c0,0.5827169,6a122ce1702646db918266228d48bd08
4d8700f8f8b3476899b9e140d2b572ea,0.5821714,e492ff7fecf046a4948c5ba5631cdefe
ba50600bf9f046bf97bbe28dc09a3ff4,0.5800703,92229a391d0b418f87b32c86c42a292c
ad016f4559a0419297dfc6da2a37349e,0.5793941,526ab7eda50e4a239d03ad505832d61d
6776a4646460462797dc83573d630d14,0.57693535,156f393f7ca046299e09d05464afa056
cb3423afcfba4d688aa9cd2c23cf0c69,0.57668304,46bfd7af0ed6491fa621350963d11e35
7bd320ff5d6f4bfc906470499b8ae3b6,0.5726291,80921378de2b4cd3a14d449688d8b079
75a44d8541fc4f6db502671300b2ea97,0.57064843,fd51f3eef1a64d9a93652be481bde32e
c4060e0878a944af9730a8113eacafc9,0.5668143,37337ebec05640b890e4b9612776c32b
d9956ba9a7e94d0ca7496d6df99555d8,0.56478035,efdf40eee13d409c9955e5b84e4408f6
1e008659e5994366815fe158a9f9a26c,0.5610475,9e304a9bbc7b4c22af8025fc93757357
2e9806470e994a85904d3521b5fddaa6,0.5605223,5a26ae7959494fef99542e9b2004fd11
96a221031ce64e98ba5fcdb2fb45c9f2,0.55933195,7ce06191f1114b4c8a00609f6867761f
5a7c0160ff224dc08e280c9d93a87c66,0.55900514,1c97c72e076f40fcadb22b17e71beed1
76313e4034d24a788d6f02923f14c045,0.5586317,d79afb377f5349a69830b2b4c7cfefcb
a7fe5588b97f435caa29a3b507cd51f1,0.5576494,0ebc441d25664c91adad96b570270f07
7320e14823a54b30b0a3fa3f42a01ffd,0.5569043,1f8c0f02984e4139bf8043e57497fdb2
ee4ccba3df1844ce82f9731a2c019234,0.55656415,a25b08e008114c9ca0266ce3e55d82bb
f503f17338d443e6a873dd091898a5b6,0.55638987,855b3971c4a147cfb9a7c281fa6b915e
a7696e4b2a7b4a87a64c7bf5ced3a129,0.55635417,efdf40eee13d409c9955e5b84e4408f6
425fbf4deffd4fa183bfa210c296d087,0.55502105,d42996c2b67443fd9b73bba7641d4f77
9f143dcef5ee44dd89610738332533b6,0.55483675,6a33c207c8b648f680dbd0e65639ef04
b19ea3eefb454edd861821b7164f50e0,0.5517784,ad2b6fb945714e6792c17bd49a1066e0
173d05df5b374e3ea0eeb958b8854299,0.54848444,27eee82d7fb94b9b8b60bd3101187496
8f2e335cd3c54f569c74283b0078f908,0.5463877,f036aaf4ab714c598a0b6da4ca604136
4838bbbf3ac543ebb0bef130f0f28d48,0.54439044,d6fe6f8380464e21a27fd69de27f1f57
45e4e8abcc7d41019873e9cefcf22239,0.5415931,01690d9b08164fcabd5bf0819754f71f
2c689d06459b496798e7fc1e4ce8b03e,0.53512937,6c8a24653ef04f559b88e0f27c0df63a
0b185da1334244d1b2c7ba6695d75f1c,0.53416944,bade01bd83ec4b6786fd8c867ca7a090
48ac74f9b05a4b4da78a5f6497555631,0.5338539,a0fe3cd34e474c3b90662ce8ef1fcac6
e750dd4744fd4421bd2387f0ec80c5aa,0.5323995,f5a6222612ef406b8f02aef87e08c476
e2b6403a2141451a9febd997a026ed2d,0.53173524,8a77dc665d8b4d95a0b1113522f7e9c3
d13abb2f14514eafa77e5ef77ae45be2,0.53013855,6c74bedaa406493a99988c5b8a47b704
6770b085f8cf47ee9a162fa8fbac551b,0.52690446,369fe18b94f54c98b554fd22b4a3b50b
b513c98d376b4102a9119d959aa7ebfd,0.5261437,d6fe6f8380464e21a27fd69de27f1f57
d31e037b260346c3baa01f229c4aab45,0.5223018,c26f5e7dcc8149f18f3d719bba9ae717
0a18772678f04aad97501db427e8f725,0.52199006,d9fbe02f04a4469dac855f69ea6ad02a
2d6d2f2089614469bda4b6e9b2b33678,0.5179181,bade01bd83ec4b6786fd8c867ca7a090
6365bc21f6084ccd8da4d5c6afb8b26a,0.5129532,2425086d8eaf44d2a9519f0e4e6b289a
ff15583dc30644238b32a7302a039764,0.5117182,b2be859ca8f24cda86821d5383edbc18
bf264d2d70b7477da4cae8ac6203a5a9,0.5073993,cc21026ff0d541909df56c5618d28518
bcb1b70968a74d41b4f3b9dc27129974,0.50273526,b050e9e1ef5946c297a34dda98d8f476
a7c05ece6ffc42e9a9efdc286789bba2,0.49912173,bd35571850644321b86ce4fae286ce7d
8b5c517e199245b2b9ffe9601e9c5fd8,0.49607158,92229a391d0b418f87b32c86c42a292c
506892256fe04ccdae8ffa97993fb582,0.49447784,691acac4a54d450697afb2c2dc4fca09
0f94bc21c14143a9aa839de2e99bdecd,0.49284655,7ce06191f1114b4c8a00609f6867761f
65120ac6b44e42f1831bb02005863657,0.48414513,fd51f3eef1a64d9a93652be481bde32e
a5d7fc13c59d4aef8d24e5d15dfc363d,0.46999556,4d708e5878784386a42c2f436d2d60f0
3787d8d226fe43acab22bb2c72e2b1dd,0.46348628,cb85047b65f8468aa02744c28c075dbd
26b721f1caa14c70b7aa9e5a8898e76a,0.46298286,34b71675a1ae442395b6eb1f3eda23df
b9a77513e24d477887a0d0582ca7ed7a,0.45980272,8aadcf7251724cc6858dc0db44abebe3
00b97e3bd70241758022cdd5d10450a9,0.45520276,fcc9863b07fc4bd5a01fab5b9160eafb
d7af13217f9446bc8d46c21e5d91114a,0.4506207,836ec4ef8df644328ac07b7803709323
b95ad51d19ee4ea28d5d02064e368c84,0.44504452,691a538d2372403fad2b919b48ff5f85
f2fe001a9caf435a9e440ed89e6b806e,0.4430196,f0695d7e59d64941b510a3d12f801d59
d6db57dd12dd48adae78eb66e24cd991,0.44192564,cb85047b65f8468aa02744c28c075dbd
dd86feab056c4c7daa68ee078e171302,0.43556964,8db9e204b8b841df8fd94eff0888cdf7
2b4fda504eff4531832d7897265ba39f,0.42928624,d79afb377f5349a69830b2b4c7cfefcb
7409ac4ac3c944aca7a9965f2568766e,0.428869,5971501b0e8b4ef5b203c3985d7f5e88
244bf3fd283440389af52e02feb70e02,0.42797124,1cbfb22f84454b1fb821b602e3ad11f8
8756c0e4eee54ca69baec75ff9c6f44c,0.42750996,17cc6768c9d14388b7455fea0060b62c
c91d4a1a75504beeb98888cfe719a863,0.42051625,1543a2f94aa74008914301874d98f0f5
3e5dd993b40a449fa94dcff02439d160,0.41927752,9ff95d23c3284d31ba5e398afa520649
53ad9b6f270d43beaa19337b588c1e60,0.4178516,1543a2f94aa74008914301874d98f0f5
8779ed6ba8014232ae6caf2ff9ef4317,0.4133057,156f393f7ca046299e09d05464afa056
52f16fa757624404b9d43dfe2885697b,0.40623355,09fc9f38fbbb4bfaa1c979ac9cc43f0b
03338969d6c44f879a13c672864f6001,0.4059376,f615619defc4402b82845090c238e597
a57effbc5a3a4d369b53ac72791e1b82,0.40527248,7a2491a27f3c438a8549988f7a79e26e
743660b5e64e440a8607fdc79aa05544,0.40326536,bd35571850644321b86ce4fae286ce7d
74b25851047d4c08840debaa0bcd9e2e,0.40265423,80948e17b5694599919e1502bfcc08f3
9938803be0884fc282a350a72835a9b9,0.39588153,4a4eb12a639346b5a00557d54b51fe51
7968aaf915264497a603da45beabd178,0.394269,5a26ae7959494fef99542e9b2004fd11
3cabf7db885244c3aef797eb94b75b3c,0.38840175,17cc6768c9d14388b7455fea0060b62c
0d2bb28b114e4f4c8c688a13f967b79b,0.38723448,a4cad92644614f78bded3ca6d6023473
42096f8107c945a1a2cb7d0c4ba65a75,0.38664433,faaac88748714ce8a99413b952a1dac8
51bb2642caaa4fdfa82051cea135a8ba,0.3780767,b4150337314e40fb9e3ebb24514504a3
924c235415de407b8fe453ecc8aa95be,0.37437913,ec281224f8ee419ebde676f291672aea
b57d527c5d13406cadfa1a4f809cc040,0.37366596,64f1d63a671d441d9663a783f632f794
c00b77da1a6749149b7830ba636d7101,0.3726978,4a4eb12a639346b5a00557d54b51fe51
38b738aa374d42a1b20afa63ccfcfd62,0.37215805,01e805bb5a1845a7addf86fe9bc8d814
335322101aa0491c89fbabfb87c21ad8,0.36901525,9ff95d23c3284d31ba5e398afa520649
22a3289b29c9411cb2777c5cd4b454ab,0.36777776,ecdae9f36c6a437ea72739febbf1c89c
01175ef138e24ed7b74c8c8ec2ad8abf,0.36597973,fb709e29755b44988bb252c87a2ce2f3
d098bf81d2e34d868f274370a0a39716,0.3658246,fb695c097d5845c282f6b30c241e8cf2
91c1e818e83d4b929c7b35f910b68663,0.36484897,a25b08e008114c9ca0266ce3e55d82bb
70aba94871d94cf5b2d7e950982cbb8f,0.36438382,e45844e0215f4a1596a7f9ac41367c46
546369a62bd740beadc07cd40b6e758e,0.36304152,a926df6d7fcf4b17b68dae6f41fbce66
91a9ce617c5b458284f2fab317b423cd,0.3613497,1216ce1ef31e4643bb1222538c206342
ac601d55d74246afa29a020b8029c7af,0.359766,c0cb721b56f240dabf7f464e453ef72e
4f6887bfd8d64e9c96cb60b2fc428027,0.35746038,526ab7eda50e4a239d03ad505832d61d
539c9a4dd3ac4de18415aae9107a2600,0.3573031,11ec23965d2941d0817082107996ebbb
07e594806c6c4bdf8d98e2995979eae1,0.34816164,0472051dc57d43f8b9dd08df475fc4a3
4805a294e65b4d4db75948e86d3fdee4,0.34701848,acee70abee2841c9b67b95e9ed079647
f8839308f8e84df6a185506e6f3f1674,0.3430473,e5692bd498004d32934fbaa05af2120d
71c46776d0a0400f9f919d0c3e578755,0.33853072,e25b9d9944cb4d7197efb8ffc4ff57a1
82a059da201341cea6290c541e65ce5d,0.33799368,75b0bd2240a54f6fb45bf95ca43ab5e6
32b7043aedf94f65af81490dfccc8b7a,0.33356848,7ac9c94011924c09b47f9640211885a2
239190927a44453bb33c24a550d70b96,0.3327726,c26f5e7dcc8149f18f3d719bba9ae717
f6023dfadf94495fba9f43c8230ce2a3,0.32564846,a4cad92644614f78bded3ca6d6023473
5fa7699fd07e48f29a259e9b1044fab6,0.32095495,d4cd0b56b6f54e08aec8ebfdb6122c5c
3f44a924107f4ecabdb619dac62a5931,0.32000637,5a68e05acea4434ba08e17e1fff00057
93945027f4fc4a43aedd7dc6affd5621,0.31750157,d74f6e7abeb84eedb9923dadb62f45f0
96ad923a06f54d79a74431cd06b8adea,0.31537047,fb709e29755b44988bb252c87a2ce2f3
a9b2741eb1ab4c8bab6bec840430968c,0.31509954,02cf82700b4f4773af3a14ad8eaa5270
5491a19984a643bca536cb015e65adbe,0.31068906,92229a391d0b418f87b32c86c42a292c
c294e4564fbd465e948be4cb38ab0f2d,0.31037888,d42996c2b67443fd9b73bba7641d4f77
71134a9c69f44b489217b6a7661eeb5d,0.30982417,ed9b10a2879742628fce003076ef9024
e08d644c0950461e843595f14ded4387,0.3073647,5a68e05acea4434ba08e17e1fff00057
29add4c6302d4386b285a8fe68153479,0.30556548,c8b9a0ac7c214a449c434aabdf6ef770
dade1ac92c08448e93e20a96c20f9d0a,0.30552092,f036aaf4ab714c598a0b6da4ca604136
9ac0ff71215742d1bb1d294fd8b4e240,0.30506742,855b3971c4a147cfb9a7c281fa6b915e
f023a1ec2a5e4947a0c66be38c5f67b2,0.3018727,7ac9c94011924c09b47f9640211885a2
fe0ece34523c4475bdaa3075a2cade4b,0.3014257,5831f5e280be4c02a09ce4588b56d7f3
054f93d33d7e494d8ddd2e57a8e4dd62,0.29961252,46bfd7af0ed6491fa621350963d11e35
a9b68d896d484e6a9c7e87b014dce89c,0.29900825,c88be17376104f999b914a91aebf7220
898b757291e64b7b982221e0a86dea5d,0.2983725,e5692bd498004d32934fbaa05af2120d
f23847f4eab34d3ba19bf1dccbc32306,0.297274,66b0c8a58f444ea0aec34d9403b88a49
61bbbca9959242abaabb21b01f9f40b6,0.29588777,526ab7eda50e4a239d03ad505832d61d
34dd2bcde19344c69a51099dd39f23de,0.29435065,5a68e05acea4434ba08e17e1fff00057
1c0be8da9cdf4be8973e0cd18f5f8ebe,0.2913257,779d7c2bad1940c8a861451964e1ce01
fdaaf6e004b04cb18e798331b9d9ebc6,0.2892064,99142f1c07cd4782814f8c970eaaa40a
9f68e2380d2a40eda419370717d328b2,0.28878194,ad289d5052264f9c8bd0aaf9faace92e
0c3b7a4e78f94de7ab1a415503097c9c,0.28818685,ecdae9f36c6a437ea72739febbf1c89c
774622a7382646c4ad5ef139574052c1,0.28750217,9170e0bb8fe44b309f83293808d871fe
d896778ef12545f5b79fbe84a1c9ee58,0.28662726,80948e17b5694599919e1502bfcc08f3
9f4712695bb64f01a331632d4e83e318,0.2856259,cb85047b65f8468aa02744c28c075dbd
1c72a6a5b70a4bf08702aba29a63ead5,0.28522304,650afb6a1d054e59904a1b796552eb04
9d11c4d6d3fd48a6886629be4969f055,0.28234857,a0fe3cd34e474c3b90662ce8ef1fcac6
4e828f821c014d5d99850f710aff0f21,0.28107357,f5a6222612ef406b8f02aef87e08c476
b7076c9ed4f545c48deaab51abdc4a6b,0.27806672,ff218cc7835d4b5ba0de22792319050a
d832897254e74ba4a5515e22654b2d04,0.274863,9303b9f7f4984b2dac8aeba8c8da8ef6
9c5692d8cfcc49f5ae1d1eb4577cee70,0.2747562,acee70abee2841c9b67b95e9ed079647
1d2cd0bb5b1c471ca10d1eea0ef9b729,0.27242675,c26f5e7dcc8149f18f3d719bba9ae717
8c5aff69d92e4556bbd5cfdb17a74109,0.26856932,5a73e0a5c757410eb0928feed7b151c8
8105d0f3a03d43f0ba0794fe967c3c61,0.26706177,64f1d63a671d441d9663a783f632f794
b627c84048a742d292cc9adc0f36f58d,0.26455003,5a68e05acea4434ba08e17e1fff00057
50d0942bfc7540f2b61af337707d303b,0.26443684,4430d47e30904eab969c1baebca184c0
729eb469bdc343e6b5c2628e9be83fd1,0.26212746,903360099fb644b6b88c6edac88eecb2
ec947b46f577485bacac003c668ee2b8,0.25947136,d74f6e7abeb84eedb9923dadb62f45f0
cfe22b04c2604c1fb386b852e558744b,0.25917104,ff218cc7835d4b5ba0de22792319050a
c0f5519b1d3842a68611736d9c0e5c9e,0.25903073,01690d9b08164fcabd5bf0819754f71f
4eae669b05f642a98f2ee1b828c4807d,0.2583193,fb709e29755b44988bb252c87a2ce2f3
ccf605a5ad9c406f9876e141954e5e80,0.25725862,903360099fb644b6b88c6edac88eecb2
865e99466009410e82a3a9daa7d34d29,0.2566851,dc58564d0c8540bea4f3e2e3696deae8
c12ab02c4bac4b91877f10f42eb704dc,0.25634938,3b13d134762445cebcdbb02b484db77b
58f93c38cc65487492ae04fd498f436b,0.2507405,fb709e29755b44988bb252c87a2ce2f3
72679574292b4dcba4cd8bf82996bc5f,0.25029528,64f1d63a671d441d9663a783f632f794
18eaa3f481614cfc945c16f2cbb757fe,0.24777833,6542f58c143446f280e88a6375ccf79a
d2eed3a46ce744eab6ced2424b2593b2,0.24411777,d331012ecf0c40888e0ac290184f0883
3321422a798047078d258d49e7912855,0.23824412,6d3c42356e3b459c919e3129ff192ac4
8afe31852af94133a8a0e21f4b27e5d1,0.2379399,37337ebec05640b890e4b9612776c32b
8195fb97514a48a7a6eddc58be5d8f37,0.2378133,691acac4a54d450697afb2c2dc4fca09
82e2ae3e0d3c4ccab9093974f974e854,0.2343085,a6a551a308b9442f947ea0608ae2c3fb
211c5c1ee1d042d391296b95c6c95c66,0.2328156,cc21026ff0d541909df56c5618d28518
d067ca627837456bb0e6cc40a06d224f,0.2315552,64f1d63a671d441d9663a783f632f794
e0fce1d752bc4668a62db48ad4b8de4a,0.23033911,80921378de2b4cd3a14d449688d8b079
05695e1694384bd79b37246fbab26b35,0.22859457,965598a17b624a0f9bb1cd58595458a6
61e1612d7fad463ea1c28d21bdc98513,0.22748372,82b01998353e4141a7613fdc96d7b600
735faaf6b07348a2a4d4cc31c8fbc021,0.22414386,640f3bd184b7425fb22cc7773b8b2244
5e369cf5939f4d15bb771d98108df034,0.22051144,9170e0bb8fe44b309f83293808d871fe
9993c4c8576c4a6cbb5cd12592fe9e72,0.21760362,11ec23965d2941d0817082107996ebbb
3ce8d2e955bf406c8830f97658207859,0.21303222,8f761e1117754656ac86a3a25f241cd7
faf7544dd7fb43c5b63a56c55bcaafb6,0.21274295,4ad7e2502210436f9ca5735fdf7e50c3
3088711035bc4a06b3595ae315f54fb2,0.20755899,c9e2e76e631c4d0a8013d90892350e06
d26040150be642cfa0310e083cc0d204,0.20726025,bf59502a233e4b5eaff9cfa3a992c387
2d78b8e319a04caba78f81308c489ad0,0.20321086,5a26ae7959494fef99542e9b2004fd11
f0808f396f44491a8fb26af7a42dab06,0.20293134,09fc9f38fbbb4bfaa1c979ac9cc43f0b
146864f4715c4e438e2c3294df06d9b8,0.2004433,691acac4a54d450697afb2c2dc4fca09
a904fb4b818843aebcf6c526facb5089,0.1977694,8a77dc665d8b4d95a0b1113522f7e9c3
fcaf0031ba12457ca8cd515c95fea22b,0.19424953,bade01bd83ec4b6786fd8c867ca7a090
4d11f7b70f1b430697bde44deb6f6e8d,0.19079036,f5a6222612ef406b8f02aef87e08c476
a073ad7e6cff44bca20e23485bde2461,0.18892914,e52a528036014db0a7bd54b99a310fe8
a4f6bb74f2654c17b04bb3fe4c05fd91,0.1885078,d74f6e7abeb84eedb9923dadb62f45f0
8159d92e267d438e9012e936aa5fb15d,0.18016559,95fbc6ed8bfd43c1a6bcf676e26e7f8a
fc20e7b4bfc243ef82918b7c93591747,0.17911094,a4cad92644614f78bded3ca6d6023473
3bfce2ad291d4b7780e0e8b06d4283c7,0.17809421,6aba5a04ef8742a39d3a61644a5f0729
a7065654ab41446abde84554b4442a5b,0.17707169,7cd1db4b50dd41e6b2f3dd15fcab3b89
5be3fd711b704af39312fd1561b95353,0.1674833,9170e0bb8fe44b309f83293808d871fe
2c5c1b245a194f81a943ef372c580853,0.16504952,01690d9b08164fcabd5bf0819754f71f
1b136bc276a84642874e1a5427cac81f,0.16303109,e7d6747e8c8b4ebcb665e232240daf17
707f6646366145df8e5402888ac28325,0.16122332,779d7c2bad1940c8a861451964e1ce01
b24046864bc341499137c0e4a5d92315,0.15980296,82b01998353e4141a7613fdc96d7b600
b90d91a297514acd88d2d9aef7a483da,0.15502617,7a2491a27f3c438a8549988f7a79e26e
6237fc7134d449b9bc4158d9a707cca1,0.15392986,e9f055a212cd4e5e8601228c37713f35
6e11fad70c424277a969434bd2dbd8b9,0.15008989,09fc9f38fbbb4bfaa1c979ac9cc43f0b
4762d831f5884e25bb3eb6e73fd283fe,0.1478993,d79afb377f5349a69830b2b4c7cfefcb
4bb93a70efe949939c13ce6a18678093,0.14714083,77a8b27acb0e4600bb6ff974eabc269c
fb7510f9799745e8bb2d730dafe50aa4,0.14707701,e25b9d9944cb4d7197efb8ffc4ff57a1
95eb2760eddb42a799eed009f1907025,0.14589167,0ebc441d25664c91adad96b570270f07
3a53b02d11d74f9b84a71811f607d433,0.14277488,8f285540a9394706bd6ec6cda46c5058
cbb7beb8042e48aa868c13a6e2ee8a6c,0.14123404,27eee82d7fb94b9b8b60bd3101187496
1742e7fa8f8a48728fe37d75ce11b9c4,0.1366182,1d47a696eae94bd29f215a4787b27d8a
dea0770945c6460c8082a2fa1e710ccc,0.13586932,74e7db4222ca4a20811199afafa346a7
302f7c4fe5f346b7b6f4c5850ccea290,0.13433392,d576e334105247369362b05a375e88cd
c67274e9cb5b41b18336fa05f437c470,0.13224664,9ff95d23c3284d31ba5e398afa520649
eaab6a29e5cf470dad7b0b66bdfa71f6,0.13192935,1216ce1ef31e4643bb1222538c206342
9b18e72d85384d73bf3bc666ebd18aa9,0.13055286,f036aaf4ab714c598a0b6da4ca604136
7fea4bf4a0c24e2f84ca2e69e88529fe,0.12740588,e25b9d9944cb4d7197efb8ffc4ff57a1
1ef6177541694b09a66cc37c32dd92d8,0.12703997,691acac4a54d450697afb2c2dc4fca09
a1ea6d619e4045668556cef7645bb76b,0.12684058,9ff95d23c3284d31ba5e398afa520649
c3b713beca8b4136b4807dc4071fe795,0.123662286,d331012ecf0c40888e0ac290184f0883
b3cc119ea5494c5d93fbf4b7d29ec6e6,0.12211934,19c9ac7b84df472c85ed6cf5a05fbbc6
fdef09f89c644db89a91442b6889f7b0,0.12062049,f615619defc4402b82845090c238e597
d076d72caa2d4bff9470fe2409888904,0.1150728,88dc23909eb4415aa39b96cc3a4c2926
82ab65484b6d475d88c52a748a8072b7,0.115003705,e9f055a212cd4e5e8601228c37713f35
748b2df793c94a6fa92094994cbc50c7,0.11101979,89e43b092c844b5886a93091a22c894a
278a6d1334d949ac865e60b6199bf59d,0.10545477,a926df6d7fcf4b17b68dae6f41fbce66
7c79c3280c0f45a693fefbeb30bb648d,0.1048166,3be388c9ab614bceb086c19f70df23c2
305e57d28cc74f018c0ee4a93fe92c0b,0.10153521,a585d23fe43f459ba86ac15645af77ff
9e2872646e314b1f97e9cb135dccd315,0.099939495,92d5da561f5a41bf929f3555a74cd653
e707e5790c554edeb5ab0f070fb36720,0.09714261,7c1e02f3ab614e539ac901e5cd3c92d8
45d15e5e49574f79bb6a3116fc761b83,0.096909076,369fe18b94f54c98b554fd22b4a3b50b
c0278f41c00f4876a3c2c551dc74e70b,0.09113355,d0a840820172465f83c8480d571e7b71
5b204de5b2be4f0cad1271ad9c6b1f51,0.090284795,82b01998353e4141a7613fdc96d7b600
0aa6a9108b584bbf8d7c94f8d1ba84e3,0.0844768,691a538d2372403fad2b919b48ff5f85
02dba61169914bf6bca380e6ebba2037,0.08362505,7ce06191f1114b4c8a00609f6867761f
f09f284b59c6475baacb67116020c617,0.08293632,9ff95d23c3284d31ba5e398afa520649
0237bcef8eb845aaa48b53436a3ea75d,0.08059332,eb513691b7a04d31ab1bc50bf343447b
63d32d729061451cbc920b4066c15339,0.079226,6c74bedaa406493a99988c5b8a47b704
8085782f7d76421b8468fb1e61d4fd61,0.078994706,369fe18b94f54c98b554fd22b4a3b50b
18256c30bb5447d2bc0c5b2c56f67811,0.07589853,bab3bdc133384798b558f8fb6466a7fa
3cfa920b06e64cb8a5dba56671ab5d59,0.07550228,3b13d134762445cebcdbb02b484db77b
4c8ffe2f47284e42af52b98aeea87fb4,0.07366854,89e43b092c844b5886a93091a22c894a
b9135422e0ba43e19be118d0eaae294f,0.07264957,d981f2c67f764e0c84af125b563958e9
64e6b4c018f14601949aa629c1de4014,0.06785837,779d7c2bad1940c8a861451964e1ce01
fbffec6a21df44de80e049b741243c36,0.065102085,8f285540a9394706bd6ec6cda46c5058
d70588024f024cdda9e71020d4ec2183,0.06410164,c8b9a0ac7c214a449c434aabdf6ef770
903552e550a14d61b7dafdda426e7596,0.06312137,7c1e02f3ab614e539ac901e5cd3c92d8
45f6671f9fb64495bc585555e3b8e55c,0.058240354,257aed6ca7a44f1cb5c664beb1be527b
237d880c4172486781ba355b82ab8600,0.056110978,e96aa0967ab94368b381354e03dc40ad
2ab29c6bc859481988c1133ecd494a65,0.052634984,1f8c0f02984e4139bf8043e57497fdb2
bb1d29d38bf146d882c0237285e635b6,0.045741588,a4cad92644614f78bded3ca6d6023473
2ae3d79e1c8641a9892ed31117156c0e,0.045703292,bd2f91a9415049d980e453f94327e0ce
d61fa8f9c09d4aef95f64f941a957c96,0.043487787,640f3bd184b7425fb22cc7773b8b2244
37cf2461e5cb4c8fa0b0751436bfa69c,0.03469926,92229a391d0b418f87b32c86c42a292c
75bd7834bfba42a0824a1918cd04b829,0.034277707,c8b9a0ac7c214a449c434aabdf6ef770
e553e8ada4e4446ebe9a909822fb1cfa,0.032709062,f5a6222612ef406b8f02aef87e08c476
6c846ec45b5646b6b0d1dfce66fb8328,0.03230986,1cbfb22f84454b1fb821b602e3ad11f8
7b5adbd82a584ff6b6e23b89956dd6f2,0.027030826,bd35571850644321b86ce4fae286ce7d
136549c15f3f468ab2ced44ab70b0539,0.02515813,d74f6e7abeb84eedb9923dadb62f45f0
af18a5f9a5aa45a191a99b4792b127c5,0.020583212,78b600dd53854b018f87267d268b7b1a
a4e40c85d10248bd9a34d6c44e22b010,0.018250346,c9628610053945f4a7998ae48cd70da3
70d4373544a8407086d520841c1eb504,0.016668558,7c1e02f3ab614e539ac901e5cd3c92d8
33babb0b73f84a8a87d9c75c03bfbc99,0.011225492,1216ce1ef31e4643bb1222538c206342
d7cad8025bcb4868a7196c152770ab3d,0.009008706,fd51f3eef1a64d9a93652be481bde32e
d142f9dac4904fd9a93e4b68197a4fa9,0.0077350438,ecdae9f36c6a437ea72739febbf1c89c
a202212d6ad9404fbc16c60a7fc73ddc,0.0061866343,fb695c097d5845c282f6b30c241e8cf2
9d68d4254983475b9feb48e30494c9ae,0.00040447712,66b0c8a58f444ea0aec34d9403b88a49
d64dd5997016472488972a82c8d2148f,0.00013041496,b25fe3b79f714d38b3fc53e39fd84d36
