ea4bf9d0ec3d4bb9a4d910eb2ab70eb3,7.4963045,8f761e1117754656ac86a3a25f241cd7
47bdbd87490b4698bcd3b038c2baf6d4,7.351804,4d708e5878784386a42c2f436d2d60f0
63e06c0c69054bdd8c2690539549d9cf,6.9294715,37337ebec05640b890e4b9612776c32b
92048547bb5d4e79856a1c872a2e018b,6.5801544,01e805bb5a1845a7addf86fe9bc8d814
70a1cb72566e4c6fbe46c9b03b8a31d5,6.4685435,f9fae977af2c4f35b29400f31267e170
2fe38ce318ec41e091618386a291f79b,6.3084207,e96aa0967ab94368b381354e03dc40ad
8fd8f14d327f4037a26fa4bfed84f993,6.037665,6b9b2c8f0a874bb8b6691aca6bc49565
7438e386a6a9468fad05b2507d9194e8,5.564255,fd51f3eef1a64d9a93652be481bde32e
5be3fd711b704af39312fd1561b95353,5.563182,9170e0bb8fe44b309f83293808d871fe
3df0fa25822f457496cd93c2402bd292,5.550442,aa2d7a3a535243189492d4ce8e79c049
0499bd7b39be4304b273f17a516f2eaa,5.465162,80921378de2b4cd3a14d449688d8b079
774622a7382646c4ad5ef139574052c1,5.4318852,9170e0bb8fe44b309f83293808d871fe
654c2ffb9ccf4c1a9a3f865902e7b683,5.3209896,fe6ace599de44aa19b1773dad3658fee
00989f2d41344337a67e440d6506b9cf,5.3161025,73e7e41e8db447c09cb2363d76556c64
83be35bfce854dc48152629a9841375d,5.265127,c88be17376104f999b914a91aebf7220
d15af016ef394763b0f876df474531e4,5.203569,057164cf4aab45ebbefef3409359cfb1
5df786def0874c84a4a9878f379009d0,5.1815186,92d5da561f5a41bf929f3555a74cd653
c36813b8ca3e42de94bfb013ddb507ed,5.1526394,1543a2f94aa74008914301874d98f0f5
30c2e203d4e74967b5166f3da78fbe36,5.1381116,f615619defc4402b82845090c238e597
0001880401724f72b4b0f8fafabbd872,5.0916348,4a4eb12a639346b5a00557d54b51fe51
f90990b791cf49ff9b92b9a49cd87f89,5.0753074,66b0c8a58f444ea0aec34d9403b88a49
c27914b906234330b9a6677788aab658,5.0722,89597084b19c4902b073a2c6c6622456
0111c90ac0ad4280b5cbf6b56c2d2150,5.0650983,e7d6747e8c8b4ebcb665e232240daf17
112c929868df4d8fa0428f2c3cf17e3d,5.05613,ad289d5052264f9c8bd0aaf9faace92e
1c4b7fec0bd14f4d832d26dd643c4045,5.033594,92229a391d0b418f87b32c86c42a292c
69f55093e5564ec098780c2feb474e04,4.9974546,ad2109663af04c549385cd2ab9b3283b
dc31ba78cf194fa59ae6ae94413ba0c0,4.983784,23066f7964874fd39639dbf2cb2766df
b95ad51d19ee4ea28d5d02064e368c84,4.9709563,691a538d2372403fad2b919b48ff5f85
356335bb29d4424ab31c89c6931246f5,4.9407573,965598a17b624a0f9bb1cd58595458a6
9addae0c40c248d4ab8fd02fb3861e99,4.8996058,9170e0bb8fe44b309f83293808d871fe
1f4946d6701f4d75b1b71b16833299d1,4.866087,3be388c9ab614bceb086c19f70df23c2
d7b01643eac140139ea2680d74080bb7,4.7668033,c9e2e76e631c4d0a8013d90892350e06
fa4b1640bbdb4f0bad2435be75a94586,4.7510996,dc58564d0c8540bea4f3e2e3696deae8
3464f002cd954218836b9014bcd0c620,4.7464542,5a26ae7959494fef99542e9b2004fd11
7b1d70a80254489e9de91807e6e223dc,4.7231565,5a73e0a5c757410eb0928feed7b151c8
ef4b6d47c51c4527a80e52519f3c872b,4.713981,691a538d2372403fad2b919b48ff5f85
f7d52b90e2e24549bfaa50d46ded3176,4.7020316,9303b9f7f4984b2dac8aeba8c8da8ef6
f83685b1d7eb4bb2912f5e7358584feb,4.7001114,691a538d2372403fad2b919b48ff5f85
c63b9549ac384d1092aa0770e0290785,4.673079,92d5da561f5a41bf929f3555a74cd653
eca4d38f7ac74e9981fa9bb9495edf84,4.6164656,0472051dc57d43f8b9dd08df475fc4a3
1ca76b297f0e46b1ab22a8cd94230582,4.5626307,27eee82d7fb94b9b8b60bd3101187496
b615eb75fd0545b397a63d7c6a86c4eb,4.5464163,ad2109663af04c549385cd2ab9b3283b
301e127ffa514901b5840fd47f9f7e18,4.522262,cc21026ff0d541909df56c5618d28518
f4e34063359742b7916fe2635de1aba0,4.50376,e45844e0215f4a1596a7f9ac41367c46
3e730fdc177b48f293b58b68d7b54313,4.470103,aa2d7a3a535243189492d4ce8e79c049
fba706d6c465422cb8a6944bb92f5b97,4.466565,d0a840820172465f83c8480d571e7b71
bd346d134e9046b592df35bc13397ab2,4.465593,0ebc441d25664c91adad96b570270f07
c81dd22a150c47b8b83d8439c0024f01,4.4075093,a585d23fe43f459ba86ac15645af77ff
e30792faab17454587f51314a00ae69b,4.381861,d74f6e7abeb84eedb9923dadb62f45f0
bb5525dd713a4a6bac622eef1a7c83c6,4.3795147,1af4472b38cc4304841b2f1720075c9d
2a4b8f6f2f1948e587b2de1effffc8c6,4.3615036,23066f7964874fd39639dbf2cb2766df
669388a30d174fa48b59092d2b8770cc,4.351225,a25b08e008114c9ca0266ce3e55d82bb
924c235415de407b8fe453ecc8aa95be,4.323947,ec281224f8ee419ebde676f291672aea
4bd7c89c496144089a9b340c20c1a8bf,4.305306,ad2b6fb945714e6792c17bd49a1066e0
9aca4f5f45944250973b5a08c3fa9547,4.277776,58db4c3a26c84fa68d81235d078208bc
a40e1b69ce604c8198c2de59ad0c8b93,4.266548,7c1e02f3ab614e539ac901e5cd3c92d8
3f4f551ba9d74d6e8622c1da8b00180e,4.256663,c322b788813745e0aa7b592b4345d379
6de8d8e544ee4bc3b84a9aa3f56f4d30,4.251773,64fa5ce839ef406b9bc8a1b2f05094c7
90d603d31e104c02a43e18ee6dfe41d8,4.2512856,e492ff7fecf046a4948c5ba5631cdefe
a30d8464e03848a8b72421c107f22fd5,4.243936,d9fbe02f04a4469dac855f69ea6ad02a
ade56895f4dd427b8c4477aa940dc716,4.230081,e52a528036014db0a7bd54b99a310fe8
ba6e6bd633084e56bb1f91c62afff197,4.20986,77ac5eb4b3054ca68e2b0dcbd5473fd1
e5968b40a7054871b2ae79f18399b30f,4.207204,6c74bedaa406493a99988c5b8a47b704
18200ac0950d44d7af9f61b8b1f6467c,4.1950784,ec281224f8ee419ebde676f291672aea
00bc1d895118471ea04c2ee6a3ef3f22,4.179839,156f393f7ca046299e09d05464afa056
546369a62bd740beadc07cd40b6e758e,4.178124,a926df6d7fcf4b17b68dae6f41fbce66
8dfd5233498c4be2b88b2b71cf67ed64,4.1583023,11ec23965d2941d0817082107996ebbb
503e869546cf415ab60324f38dc8f73f,4.154916,eaca056cec224a30aaaed30c39f644c2
020f53a16c0047f9a592ac5126da2ccd,4.148737,4696c8192576454f8684954bc771aa23
38b738aa374d42a1b20afa63ccfcfd62,4.1482997,01e805bb5a1845a7addf86fe9bc8d814
91e6133ed3e2412cbd4f9450388c7eb6,4.147073,17cc6768c9d14388b7455fea0060b62c
47b8aa81feb6443088dc32ba9aaeca66,4.1375337,3257035cc77946d98bdc09e2fdd5cdae
551ec133b10e448a939d6f857cf1dc17,4.1328454,0ebc441d25664c91adad96b570270f07
2c379dfb72da44e9988beb15638fc7db,4.1093793,6a33c207c8b648f680dbd0e65639ef04
58e273c754c742a5a7557cc56e24814f,4.1077547,b7ef0a61de0e4adf9688b2c525c9ad09
dea0770945c6460c8082a2fa1e710ccc,4.097701,74e7db4222ca4a20811199afafa346a7
6178ae89b15545f39f754e64a9283916,4.092952,8a77dc665d8b4d95a0b1113522f7e9c3
410190593a7f4b7e8ed63596f20c37e8,4.0866666,e5692bd498004d32934fbaa05af2120d
be07f7c09f5c40da9ebdc231520afe90,4.079482,cc21026ff0d541909df56c5618d28518
d1c94e11ba214e61b63f00da3fb00a09,4.062895,ad289d5052264f9c8bd0aaf9faace92e
b187ddffdecd4cf9b139b97f1fe3695f,4.0594616,1b4e143cfc1648a5b877d7445446366a
df2549937e044a9583242e2c20f87e85,4.047318,f615619defc4402b82845090c238e597
03338969d6c44f879a13c672864f6001,4.020405,f615619defc4402b82845090c238e597
8195fb97514a48a7a6eddc58be5d8f37,4.0062594,691acac4a54d450697afb2c2dc4fca09
a2cd26a2e3b1415bb6c861ab0368b73f,4.0048714,89597084b19c4902b073a2c6c6622456
b9a77513e24d477887a0d0582ca7ed7a,4.004734,8aadcf7251724cc6858dc0db44abebe3
d076d72caa2d4bff9470fe2409888904,3.9821715,88dc23909eb4415aa39b96cc3a4c2926
ac23b811505944319414d3f59b4b90ef,3.9617333,01690d9b08164fcabd5bf0819754f71f
44ed303d7bde4629ae56239936f499ec,3.936744,1af4472b38cc4304841b2f1720075c9d
bd9ad9e73d3d47e6bc36d0072d5d99bf,3.9306214,3be388c9ab614bceb086c19f70df23c2
a9a64390a549402a87d7334ff62aa560,3.9149091,73e7e41e8db447c09cb2363d76556c64
2a8517391a58458c8b4054fc225e976d,3.9089668,bd2f91a9415049d980e453f94327e0ce
fcd3d852367e464bab386817f4536abb,3.9010596,9e304a9bbc7b4c22af8025fc93757357
e08d644c0950461e843595f14ded4387,3.8861237,5a68e05acea4434ba08e17e1fff00057
65985829f37342a3b2560fd757d02169,3.8671818,19c9ac7b84df472c85ed6cf5a05fbbc6
f6a57bd21bcc4009bdd07b1d8b86afa6,3.859703,630edd9b8f754b5dbd36cfbbd03ccb51
6fdbbc8445214d81aef5fc22b3f4e9bc,3.847211,c26f5e7dcc8149f18f3d719bba9ae717
c189a309da7a472e88194571c3354d34,3.8282015,6b9b2c8f0a874bb8b6691aca6bc49565
963dcd06789246059d5a6ecdb28e6321,3.8187923,77ac5eb4b3054ca68e2b0dcbd5473fd1
cbb7beb8042e48aa868c13a6e2ee8a6c,3.8173122,27eee82d7fb94b9b8b60bd3101187496
6ba13a7346044bfba1b6245853af401d,3.809512,d9fbe02f04a4469dac855f69ea6ad02a
619fb307d36a42b8818b2918edc88ade,3.8085835,aa2d7a3a535243189492d4ce8e79c049
ee4ccba3df1844ce82f9731a2c019234,3.8053138,a25b08e008114c9ca0266ce3e55d82bb
4cf647a905be45e5b1b81a0559d834d9,3.7850845,fcc9863b07fc4bd5a01fab5b9160eafb
62550b8ddf604cfba4e092fbead3bc1f,3.7811785,34b71675a1ae442395b6eb1f3eda23df
ab85f0b004fe481ebacaefa2d94bb656,3.7724779,e52a528036014db0a7bd54b99a310fe8
e2b879e36e484b0992165829229529ec,3.7716985,27eee82d7fb94b9b8b60bd3101187496
d7c1791491584b2984bbcdbc178299f1,3.7698011,691a538d2372403fad2b919b48ff5f85
136549c15f3f468ab2ced44ab70b0539,3.7600186,d74f6e7abeb84eedb9923dadb62f45f0
9f68e2380d2a40eda419370717d328b2,3.750212,ad289d5052264f9c8bd0aaf9faace92e
01bdc1af846a44eeb5a789e393d1d7fb,3.7485852,5971501b0e8b4ef5b203c3985d7f5e88
dcaf50ce32524dee92c4fe00de88a3ab,3.7385433,a585d23fe43f459ba86ac15645af77ff
68ea9efe09ec467b955f3960508e08de,3.7160954,23066f7964874fd39639dbf2cb2766df
7257f3d3f31a4d5ab6a872e4e5886111,3.713716,e52a528036014db0a7bd54b99a310fe8
a5acc7bcf83741208d3d3d0cc9696fcb,3.7069972,b7ef0a61de0e4adf9688b2c525c9ad09
13964a2d472649b59d5126c24da8d4b1,3.703558,23066f7964874fd39639dbf2cb2766df
85fe4ea28be0476fb41585de18435d94,3.6876223,8a77dc665d8b4d95a0b1113522f7e9c3
fcd13888ea3d4c2cba9cdbf3a7d2bbdd,3.6872063,b2be859ca8f24cda86821d5383edbc18
9280a530ada64a8f829e0ec528712cbe,3.6856935,65664fb3aad341fab563409d91dddd2d
d18685a2ca8c4ab48ac9d9b824ce3bc7,3.6741853,983940e0b12e4186a281c36de657406e
a95f568bf31846fd86a94ef5cc3a229e,3.6612382,ad289d5052264f9c8bd0aaf9faace92e
cceea5a23ce7472b9023735952df0ed8,3.65501,6c74bedaa406493a99988c5b8a47b704
7a81a74f4b0e49839c3fbcfd7ad02560,3.6511478,fb709e29755b44988bb252c87a2ce2f3
c7ddfc6b54294c34a4722f8eaa9b55b7,3.6419203,156f393f7ca046299e09d05464afa056
c44ae4a053bf47e5b9b2ee3ef8ae2b5b,3.638019,ff715b4f228443e3b067c801250f3402
ddb7ffce794746d1bcc1cbc3747fcac4,3.632801,11ec23965d2941d0817082107996ebbb
af733079cdf649cd95e030d070b603da,3.6287394,903360099fb644b6b88c6edac88eecb2
a57effbc5a3a4d369b53ac72791e1b82,3.6098268,7a2491a27f3c438a8549988f7a79e26e
7727fce048c74dfba9b871f0a6bb4504,3.6072137,e27d9425c912446e947fe53c4a757375
2ae6d89874964a38a8d1dadc9efeded3,3.6043909,89e43b092c844b5886a93091a22c894a
65b7a423fc92497086fe55ce3a85dd55,3.597324,99142f1c07cd4782814f8c970eaaa40a
76e51865ac6e4b1c83433a9fee78d5cf,3.5956624,a1d8cb16dafd4126922f985021e93631
96cfa510415b439da48aa661aff3500b,3.5866733,1d47a696eae94bd29f215a4787b27d8a
6ec94917d60e4edbb8db99b5f7c18612,3.5747123,00f45d57fd3c448d8cfdf3185ebae894
911ee4e9eb0d4ed1add57e7a79dd71d6,3.553202,eb513691b7a04d31ab1bc50bf343447b
5a7c0160ff224dc08e280c9d93a87c66,3.550522,1c97c72e076f40fcadb22b17e71beed1
c91d4a1a75504beeb98888cfe719a863,3.5485797,1543a2f94aa74008914301874d98f0f5
ed96d522f1d74dcb9a41c80634f5abe0,3.5249994,d0a840820172465f83c8480d571e7b71
55e30898427a472799115a2e014580a6,3.524201,d74f6e7abeb84eedb9923dadb62f45f0
d64dd5997016472488972a82c8d2148f,3.5239244,b25fe3b79f714d38b3fc53e39fd84d36
26b564b6bf114f2bbe987a9490e74e89,3.506041,d74f6e7abeb84eedb9923dadb62f45f0
d0dad3a420c744c3b2aaaa1604121d1f,3.5025768,e96aa0967ab94368b381354e03dc40ad
8afe31852af94133a8a0e21f4b27e5d1,3.5022798,37337ebec05640b890e4b9612776c32b
ef33ab499b054efb968d7cca5bef4a31,3.502155,c0cb721b56f240dabf7f464e453ef72e
f161ed58877741ceaa5a6f014b69de49,3.500026,e27d9425c912446e947fe53c4a757375
4593972edeb84fe49e5ad1058e0d8d35,3.4993734,bf59502a233e4b5eaff9cfa3a992c387
6365bc21f6084ccd8da4d5c6afb8b26a,3.4882257,2425086d8eaf44d2a9519f0e4e6b289a
387cfff049b44a62ad0215e9bcd6f912,3.4771357,ecdae9f36c6a437ea72739febbf1c89c
6e11fad70c424277a969434bd2dbd8b9,3.4669473,09fc9f38fbbb4bfaa1c979ac9cc43f0b
05074ae1d6a64faf8736a89264404087,3.4635901,e492ff7fecf046a4948c5ba5631cdefe
bcb1b70968a74d41b4f3b9dc27129974,3.4568949,b050e9e1ef5946c297a34dda98d8f476
6b56add8c1e8488e9e85c4085e0cadc9,3.4548473,d443e0c5017d48d1b3f86bf4da959ed5
48a75cdc09f54f0e802424e74e850008,3.443192,6d3c42356e3b459c919e3129ff192ac4
2092a0007cd74f32bd9954b25b49cf21,3.4370904,5971501b0e8b4ef5b203c3985d7f5e88
bc4671732d9843eaabd57d23d84f259d,3.4328623,bd35571850644321b86ce4fae286ce7d
8f46f1c9e7dc4f0184c02d6fef8f3708,3.4145412,b4150337314e40fb9e3ebb24514504a3
e8dea0d3ff7b4340b7e4863d401e1a4c,3.4037378,95fbc6ed8bfd43c1a6bcf676e26e7f8a
8a53841d512741f5ac2d49f75a83780a,3.3963315,bab3bdc133384798b558f8fb6466a7fa
d8c0f66ffaf94373b23b46444c5acb4f,3.3936577,156f393f7ca046299e09d05464afa056
cfbebb0b8d25424bad46127adbe59343,3.3834062,3257035cc77946d98bdc09e2fdd5cdae
47605d3a13c9403597c879e6825e3f45,3.3781426,77a8b27acb0e4600bb6ff974eabc269c
9c5692d8cfcc49f5ae1d1eb4577cee70,3.3757052,acee70abee2841c9b67b95e9ed079647
57cb6a69463a4f248087b39af146fdc7,3.3735151,0f9cc12519eb4872af7be7fe49e19f59
b0535812250c45b497a6bad12645aca1,3.3493848,2a9658410614443d8a27ef174f61d6e8
9d3df96b762f475baecfda5f306ccdc7,3.3486495,b7ef0a61de0e4adf9688b2c525c9ad09
f825d91f98ed4b9fbffdd2f5bcea698a,3.3250155,d79afb377f5349a69830b2b4c7cfefcb
1a0cefb6898c48e7a91f6448d967d1ba,3.3146567,19c9ac7b84df472c85ed6cf5a05fbbc6
e1c498af40d54c85bcea4f0ce236b966,3.3136404,d9fbe02f04a4469dac855f69ea6ad02a
34a4ab8c365d469e9f634993d0a5b61a,3.3040104,fcc9863b07fc4bd5a01fab5b9160eafb
183908f894694011b40f78d80cbeb742,3.2963567,f5a6222612ef406b8f02aef87e08c476
d74e7c71176e4554969cb9fdf7d1986c,3.2852924,34b71675a1ae442395b6eb1f3eda23df
aa8510751ea1474a90449f0bf668c26a,3.2782567,691acac4a54d450697afb2c2dc4fca09
37cf2461e5cb4c8fa0b0751436bfa69c,3.272464,92229a391d0b418f87b32c86c42a292c
ee6aeba966504751952213ca4d85796e,3.2714882,3b13d134762445cebcdbb02b484db77b
43d1998f5950428d94f74e0f6227fc3b,3.2540326,92d5da561f5a41bf929f3555a74cd653
b4d2f62738d84adba1b5809481bab602,3.2229936,fe6ace599de44aa19b1773dad3658fee
e90176ac18954403abf1a65c40838e23,3.2117434,bf59502a233e4b5eaff9cfa3a992c387
f8a46af09cee4fd4a9c2ffe00e109f28,3.2052283,6aaae524573f477f8fdef0b83787cbee
ad016f4559a0419297dfc6da2a37349e,3.2047992,526ab7eda50e4a239d03ad505832d61d
824e34ffddf447618c176cfb2577eb45,3.2045321,965598a17b624a0f9bb1cd58595458a6
63cf218e957a465696c4482a9d4b226b,3.2030191,aa2d7a3a535243189492d4ce8e79c049
c299003ba5bb48b3bd7eab31321b539b,3.2014227,f615619defc4402b82845090c238e597
d163c4863d9640b8b9610decb9ae92ff,3.198707,bade01bd83ec4b6786fd8c867ca7a090
7e4f7e1030bd4e0d9be72f6761ea3def,3.198404,77a8b27acb0e4600bb6ff974eabc269c
ccf605a5ad9c406f9876e141954e5e80,3.172427,903360099fb644b6b88c6edac88eecb2
c81fde53a5804d74983247fb14718050,3.1593778,bade01bd83ec4b6786fd8c867ca7a090
335322101aa0491c89fbabfb87c21ad8,3.1559794,9ff95d23c3284d31ba5e398afa520649
8522edbe627049f0b00eabbb776399d3,3.1412582,aa2d7a3a535243189492d4ce8e79c049
d2a4c950a6244d788c3d60d371b154f6,3.126059,fd51f3eef1a64d9a93652be481bde32e
0440c322e82547b787d5f173806bb341,3.1259103,e039a00eae414ebbb2205b011ac127cf
8e5a5214d8844be09dabddd5a39036e3,3.1232805,ec281224f8ee419ebde676f291672aea
27074d8daee940d0ad71d8c9e50c854d,3.1171844,d74f6e7abeb84eedb9923dadb62f45f0
13efb9d3d8904edb87940273047233f6,3.1125596,eaca056cec224a30aaaed30c39f644c2
db4153df6e94413dada442eb6e6a8fee,3.1069512,2768d411cc374a018a898f9df0ca207d
0c6306c2d9c64af7a28d5fd434ba9b19,3.1065316,6b9b2c8f0a874bb8b6691aca6bc49565
9542d0008f7d40028d37ffe95d4e270c,3.105763,a0fe3cd34e474c3b90662ce8ef1fcac6
9267609a976547b19a2cc08683835f4e,3.102593,257aed6ca7a44f1cb5c664beb1be527b
1f14295a03ac4251b24ccf3a74772f55,3.0983372,257aed6ca7a44f1cb5c664beb1be527b
ff710f3510b24d89a54afab54c23edc6,3.0889568,691acac4a54d450697afb2c2dc4fca09
707f6646366145df8e5402888ac28325,3.0875933,779d7c2bad1940c8a861451964e1ce01
b615a0420b8b49d8a7153658ccbdd788,3.0855033,aa2d7a3a535243189492d4ce8e79c049
1f8a0f1ab6d94f46a1c669d409295676,3.07884,d331012ecf0c40888e0ac290184f0883
7d52dc1203ef4f9e9149a1557341406b,3.0768118,a1d8cb16dafd4126922f985021e93631
36b74b7a585a45e796fd8ff39bc60f3b,3.0764668,e5692bd498004d32934fbaa05af2120d
7e211c9e52254e199e0deca74afcc524,3.0481355,bd2f91a9415049d980e453f94327e0ce
dd671b4f80574f9b903f650ec7d65be2,3.0444822,0472051dc57d43f8b9dd08df475fc4a3
1debf605469f435a817fe50539698246,3.0407917,34b71675a1ae442395b6eb1f3eda23df
899b54b766454749af73a7b5ba6ddfc9,3.023954,eaca056cec224a30aaaed30c39f644c2
bf4e8bc83a74425e8657c603c0004113,3.020425,b25fe3b79f714d38b3fc53e39fd84d36
cb70763b642a49e48c7e66689f180efb,3.0112143,0ebc441d25664c91adad96b570270f07
0aa6a9108b584bbf8d7c94f8d1ba84e3,2.9863245,691a538d2372403fad2b919b48ff5f85
e263f6646da54395823572d53a7be6e9,2.981916,58db4c3a26c84fa68d81235d078208bc
6770b085f8cf47ee9a162fa8fbac551b,2.9778311,369fe18b94f54c98b554fd22b4a3b50b
ab4c8222cf584ba3982f14500c005291,2.9679236,a6a551a308b9442f947ea0608ae2c3fb
2246c7640ba74a0d8caef1ca9f9d44dc,2.9495263,564a84b1b830407e811bcfc7fd086a6f
192ea3bc5bf1479bb3255c41ff2fa9e8,2.9324105,bd2f91a9415049d980e453f94327e0ce
a18a19c2ef80495ea076e2ecc882c7e7,2.9269826,80948e17b5694599919e1502bfcc08f3
e8ee807a789d465c99039c42dbdb3203,2.9158132,5a8cc5ff28fb4359afc7e9fcbf3bce55
c2ed9246a86b4c0f93db5a4cdfa7f06c,2.9099963,d443e0c5017d48d1b3f86bf4da959ed5
3df61db7681f47ecbe9f92df83b36e59,2.9089127,bd35571850644321b86ce4fae286ce7d
180f987f287248c487b83fbddc87ee09,2.8952305,17cc6768c9d14388b7455fea0060b62c
984975b63ccd4be48b7aa852bed6fc65,2.89342,c26f5e7dcc8149f18f3d719bba9ae717
d7c4bf8f05fb4648a8778e884052db2c,2.8771808,09fc9f38fbbb4bfaa1c979ac9cc43f0b
42b1aada557b48a0989c6a1c05378299,2.8627303,17cc6768c9d14388b7455fea0060b62c
0186efa87e364652a49460c2436f11da,2.8547356,ec281224f8ee419ebde676f291672aea
9d9d4a9695414746b71566692311e57b,2.8128283,cd60a0fcac24465a880af7d8f921dd68
f6304923104f47d1ae9f82b7116051a6,2.810397,6aba5a04ef8742a39d3a61644a5f0729
68f3223d477e4e1cbe3830412674f8f4,2.8087177,ad2b6fb945714e6792c17bd49a1066e0
9c299c4c6746403990eba7f18b97be71,2.8053389,9303b9f7f4984b2dac8aeba8c8da8ef6
9e2872646e314b1f97e9cb135dccd315,2.8048863,92d5da561f5a41bf929f3555a74cd653
c6754ce8bf4346258c03509140eece37,2.7993696,65664fb3aad341fab563409d91dddd2d
7f8ae3801f3441f696f05e6cdd70c2fb,2.7856436,156f393f7ca046299e09d05464afa056
6cfe829d301f463ba1bc66d1c8087b0c,2.778306,e25b9d9944cb4d7197efb8ffc4ff57a1
369716c45312435faf4f35f7fa3ecebf,2.7619045,3257035cc77946d98bdc09e2fdd5cdae
6e4efb567c284833b93c09713f4af1df,2.7589228,0472051dc57d43f8b9dd08df475fc4a3
c4e88a88103749f08d034998e76b6a35,2.7533004,a0fe3cd34e474c3b90662ce8ef1fcac6
0623d83a061f449f86d03b34bcacd314,2.745706,e456afdf95e643dd926249fec4d68753
454132982ecd4d5e9e6ed9c9e33f3433,2.7436123,257aed6ca7a44f1cb5c664beb1be527b
dd9a8e0a766b4f6e81c6ace1403cd374,2.7435157,c0cb721b56f240dabf7f464e453ef72e
4d2df900c0ef4261878a1ee108ac520d,2.743453,ec281224f8ee419ebde676f291672aea
91af71c421dd4b9fa1252bd59cd4afd6,2.725677,369fe18b94f54c98b554fd22b4a3b50b
53ad9b6f270d43beaa19337b588c1e60,2.7157235,1543a2f94aa74008914301874d98f0f5
5c189d9231904498a16870be4936df4a,2.709457,cc21026ff0d541909df56c5618d28518
c2da5a4eff03435c8c936f9c5f4cf43f,2.709006,1d47a696eae94bd29f215a4787b27d8a
2fd2926eef6c41939266c5d6a5803999,2.7080166,eaca056cec224a30aaaed30c39f644c2
6a9e4d855e3944719a49f41d3f30b8d6,2.7050745,faaac88748714ce8a99413b952a1dac8
727185eb6c4b40c7826be433f5a5d627,2.7021053,23066f7964874fd39639dbf2cb2766df
86584226e35e4eda9eaba4e5fe495984,2.7020283,6a33c207c8b648f680dbd0e65639ef04
75a44d8541fc4f6db502671300b2ea97,2.7005758,fd51f3eef1a64d9a93652be481bde32e
f119f6dc27c64e5c8485b001368d839e,2.690348,7cd1db4b50dd41e6b2f3dd15fcab3b89
42058ac0b3ff4d34b26f6d53d69b27be,2.6899872,9b22c5cdbff44bdabd48dba008e6a3b2
7faeecafea264aeba8271a5a540bee0b,2.687259,1543a2f94aa74008914301874d98f0f5
b90d91a297514acd88d2d9aef7a483da,2.685905,7a2491a27f3c438a8549988f7a79e26e
587a668f01694a1e847a97f47debb81c,2.6785357,37337ebec05640b890e4b9612776c32b
987dc1b016fe4664902db31211a59bd9,2.6608653,efdf40eee13d409c9955e5b84e4408f6
42c545ddf97e457a8ae47f8f1229bec7,2.6504214,80921378de2b4cd3a14d449688d8b079
211bbe2f818640a39e55304483f7aee1,2.643511,691a538d2372403fad2b919b48ff5f85
ec892733179f48d7b907594ba63d8431,2.6430886,d79afb377f5349a69830b2b4c7cfefcb
b4a8d87a40804af0ba2290010e25deb5,2.640453,21b1ded02d7b42618592187e287835a3
874d46cd1753457ab2d3b62ad0f3d867,2.6403344,75b0bd2240a54f6fb45bf95ca43ab5e6
14169e1048564c4689c2584a790d6696,2.6403217,1af4472b38cc4304841b2f1720075c9d
dbf2f20d05034e77a9be456ee8d44377,2.6345668,564a84b1b830407e811bcfc7fd086a6f
7bd320ff5d6f4bfc906470499b8ae3b6,2.6245027,80921378de2b4cd3a14d449688d8b079
f52e6b02fcbe40089962449e4b4968db,2.6127033,cd60a0fcac24465a880af7d8f921dd68
b3d1c6603e6a4f05bfe265607ea252ba,2.608911,e02ad4f63c8444b79a7a56fb23a4e0f1
4cdd959af2f14b51bed3c4107c2f0405,2.6052537,80921378de2b4cd3a14d449688d8b079
73ef58ddfcb54d09ac1737fdccd62d07,2.5991955,9e304a9bbc7b4c22af8025fc93757357
9993c4c8576c4a6cbb5cd12592fe9e72,2.5989242,11ec23965d2941d0817082107996ebbb
aef3a265256d49af8433aac1b85fe097,2.5971975,5831f5e280be4c02a09ce4588b56d7f3
65c8efd2131b447d90bed385eeeb91a0,2.5963497,a25b08e008114c9ca0266ce3e55d82bb
c60349b6f8454e529aa85264c412eb2c,2.592072,77ac5eb4b3054ca68e2b0dcbd5473fd1
206c38136fda4bdb97f8087fab551d1a,2.586339,e27d9425c912446e947fe53c4a757375
7771343be99843f58171d62a3f040005,2.5713546,e52a528036014db0a7bd54b99a310fe8
eaab6a29e5cf470dad7b0b66bdfa71f6,2.566604,1216ce1ef31e4643bb1222538c206342
1413507f5f8f46109e5caee2e853eae9,2.5625482,700f381f40ce4b039ce0df8b49fb199b
d7d1062b83d0482889557ef5578d6c18,2.5616755,836ec4ef8df644328ac07b7803709323
b9135422e0ba43e19be118d0eaae294f,2.5614426,d981f2c67f764e0c84af125b563958e9
174e16d27164468ea679a619b853b1a6,2.561139,e96aa0967ab94368b381354e03dc40ad
c76c69c650e64dab822589767532bc87,2.5562024,89e43b092c844b5886a93091a22c894a
ed60600cbe5240f29132b4cda76d4960,2.5518491,faaac88748714ce8a99413b952a1dac8
6991375b95ab4bb0b14b5ad68edc0a36,2.5446143,01e805bb5a1845a7addf86fe9bc8d814
559208bd6fe2488081a623b7a9d92f31,2.540332,77ac5eb4b3054ca68e2b0dcbd5473fd1
794358e3d9a94bc48a240617b29ec0af,2.5324538,3be388c9ab614bceb086c19f70df23c2
d02300771c8742a688cdc05ccd13d2a0,2.5162268,6c8a24653ef04f559b88e0f27c0df63a
0428fe3094fc415e8fa4599480d6b434,2.514093,17cc6768c9d14388b7455fea0060b62c
239190927a44453bb33c24a550d70b96,2.49612,c26f5e7dcc8149f18f3d719bba9ae717
eb00bd2670c84bb588d8454baa453007,2.4931173,a0fe3cd34e474c3b90662ce8ef1fcac6
a7065654ab41446abde84554b4442a5b,2.486506,7cd1db4b50dd41e6b2f3dd15fcab3b89
5c85caaeb0fe44b19a63bae94eb3c1b2,2.485972,c8c201e25c0047a2ba9d9e8541ac0939
1d6f4b84093244e6915c8d2b03d11912,2.474848,bade01bd83ec4b6786fd8c867ca7a090
ef7e074ee0664115b08c5b98bc09f83e,2.4660969,efdf40eee13d409c9955e5b84e4408f6
bc74f6e0e01940f8b0e150ba65e72d34,2.4590495,74e7db4222ca4a20811199afafa346a7
a35d09d1bfff474a8029dcb3bbbd32dc,2.4581084,e5692bd498004d32934fbaa05af2120d
76ffb89b5ba84a8788d68f4010821e12,2.4494877,c0cb721b56f240dabf7f464e453ef72e
a02994faca0a4c088e226d856518737f,2.4453096,630edd9b8f754b5dbd36cfbbd03ccb51
2d6d2f2089614469bda4b6e9b2b33678,2.4363508,bade01bd83ec4b6786fd8c867ca7a090
cadfda09774f4983a79a1c20a77a7b6e,2.432778,678725f8b914453fbc1029b7c1bc0879
97c22deac29b43b8a2911e08c2aba299,2.4299755,0f9cc12519eb4872af7be7fe49e19f59
c50c1d8eb4024bf080812d01310eb133,2.4283657,c8c201e25c0047a2ba9d9e8541ac0939
2341754cd2ac49f79a6f98d84b177e6f,2.424614,11ec23965d2941d0817082107996ebbb
569c47730fc949f7a3971473e07d0f6a,2.4208822,678725f8b914453fbc1029b7c1bc0879
168e875b6a7c4f0c83e74f55508fb7cd,2.4120734,d6fe6f8380464e21a27fd69de27f1f57
95eb2760eddb42a799eed009f1907025,2.4108212,0ebc441d25664c91adad96b570270f07
0a18772678f04aad97501db427e8f725,2.4061637,d9fbe02f04a4469dac855f69ea6ad02a
f503f17338d443e6a873dd091898a5b6,2.3969672,855b3971c4a147cfb9a7c281fa6b915e
7919001f5a3f4b7ca384f7a6ade1783e,2.3964355,7cd1db4b50dd41e6b2f3dd15fcab3b89
fc982cca5c594093a33406ccd0a2b83c,2.396349,89597084b19c4902b073a2c6c6622456
d0f798b90ad04da3a8a192e16d0b1743,2.3933563,b2be859ca8f24cda86821d5383edbc18
999fb1ffa3824b0691a5dcd65625f30f,2.3879936,2a9658410614443d8a27ef174f61d6e8
5d880a342d1a4ff987be8c9023fe6275,2.3868523,c0cb721b56f240dabf7f464e453ef72e
f74645ebd6e74b0a8ca70c4a1a983295,2.3762057,46bfd7af0ed6491fa621350963d11e35
583a781c0b984086a93f2f1c7c5f98b9,2.3669503,f0695d7e59d64941b510a3d12f801d59
be7a669164c1423c8ebd0ba23ce48329,2.3662682,e52a528036014db0a7bd54b99a310fe8
173d05df5b374e3ea0eeb958b8854299,2.3652868,27eee82d7fb94b9b8b60bd3101187496
f3c6b6b18ad14537b64fde19aca70992,2.3644633,bd35571850644321b86ce4fae286ce7d
7fea4bf4a0c24e2f84ca2e69e88529fe,2.3547742,e25b9d9944cb4d7197efb8ffc4ff57a1
4b984f558f9e4236b12f8875520bdebf,2.3499577,e25b9d9944cb4d7197efb8ffc4ff57a1
20c77ed7406f451bac8e8bcd18b5187b,2.3464315,9e304a9bbc7b4c22af8025fc93757357
f8839308f8e84df6a185506e6f3f1674,2.345055,e5692bd498004d32934fbaa05af2120d
7f2876c8100e4b68a311343853ebb177,2.337035,19c9ac7b84df472c85ed6cf5a05fbbc6
474bd4189cb5456daf7a1df79784d4aa,2.3344672,e96aa0967ab94368b381354e03dc40ad
b4aed3fb5b3f491b99ace5c051b75eab,2.3323195,7ac9c94011924c09b47f9640211885a2
299011ed1f504bc0ac2d31f2876162d4,2.3283653,4b748d6624144214b3d8a80b37aabde6
249dee8be73c4f019ebfc02f74d02ad8,2.3125434,640f3bd184b7425fb22cc7773b8b2244
c0278f41c00f4876a3c2c551dc74e70b,2.296419,d0a840820172465f83c8480d571e7b71
a1855c7563c54b5c86e2f73c5fe9f8d7,2.2897708,640f3bd184b7425fb22cc7773b8b2244
cb30b65c95af402290d013cc19a01632,2.2878137,0ebc441d25664c91adad96b570270f07
35129a42bebe41de95138c15b348926d,2.278629,7ac9c94011924c09b47f9640211885a2
19e32ddf92c24f32a65a82f858c5c148,2.2763317,0ebc441d25664c91adad96b570270f07
745463c1ff2c43398a488057b94b7dd5,2.2753005,8f761e1117754656ac86a3a25f241cd7
a306a4b51e064a1daf8766259f6f5c19,2.2744932,c8b9a0ac7c214a449c434aabdf6ef770
96a715a174b74274ad9ad1ca752169f8,2.273785,6c8a24653ef04f559b88e0f27c0df63a
ec9e443ba4a94ce1b32501a817565a6b,2.268939,c26f5e7dcc8149f18f3d719bba9ae717
4838bbbf3ac543ebb0bef130f0f28d48,2.2680008,d6fe6f8380464e21a27fd69de27f1f57
9ac0ff71215742d1bb1d294fd8b4e240,2.2576044,855b3971c4a147cfb9a7c281fa6b915e
d9956ba9a7e94d0ca7496d6df99555d8,2.2537959,efdf40eee13d409c9955e5b84e4408f6
d70588024f024cdda9e71020d4ec2183,2.2504165,c8b9a0ac7c214a449c434aabdf6ef770
cfa58c9270cf4b82a9a79385be571a83,2.2501569,6542f58c143446f280e88a6375ccf79a
58c7b41f2b3b4984aa23beaa1382b4f3,2.2489545,e7d6747e8c8b4ebcb665e232240daf17
2e7dec015d344fb58ce0988844becd9b,2.2476795,f5a6222612ef406b8f02aef87e08c476
6ef8ff7c77a84500af8da2548cb4bcd1,2.2408795,855b3971c4a147cfb9a7c281fa6b915e
cb44ae0776e3419e8b0aab12b82dc8e2,2.232777,23066f7964874fd39639dbf2cb2766df
d49f6a76fe334b5ebf72758df0f42d07,2.231507,c26f5e7dcc8149f18f3d719bba9ae717
936da7c6ee60477dab2d4d91e51a0931,2.2299001,526ab7eda50e4a239d03ad505832d61d
373a81f37e674bf381ab2c67de8df0dc,2.2276454,19c9ac7b84df472c85ed6cf5a05fbbc6
525962b8d45849bf83483c6f246cf7b4,2.2274985,e039a00eae414ebbb2205b011ac127cf
739e45c484874024a94fec4cf8b13fba,2.2203689,c9628610053945f4a7998ae48cd70da3
8fbf0e065e2147b39508d482b6af3901,2.217798,855b3971c4a147cfb9a7c281fa6b915e
ef0d69bfdc4e49acb1978167c6edf80e,2.217602,19c9ac7b84df472c85ed6cf5a05fbbc6
a5d2be317fc24e528df576140c0a3849,2.2155445,1543a2f94aa74008914301874d98f0f5
cde999f7973048f5bdccda367d1eef4c,2.214166,37337ebec05640b890e4b9612776c32b
0fcfdcdd99c34d2f8c849839febcbeee,2.2117395,9303b9f7f4984b2dac8aeba8c8da8ef6
a1cb97ab677f48d0b81dedd497512989,2.2106616,a926df6d7fcf4b17b68dae6f41fbce66
bacf4a682b8743f48776deb535f64eef,2.2079518,00f45d57fd3c448d8cfdf3185ebae894
3cb482f381eb449b99a6b9b7707078b2,2.2028801,9303b9f7f4984b2dac8aeba8c8da8ef6
9557a396825b49eb93cedbab96019843,2.1989756,23066f7964874fd39639dbf2cb2766df
7968aaf915264497a603da45beabd178,2.187486,5a26ae7959494fef99542e9b2004fd11
590ea703d6da42979db4f6cf3ec882f4,2.1859095,1c97c72e076f40fcadb22b17e71beed1
924127ab124d40edaac3616675e82655,2.184538,bd35571850644321b86ce4fae286ce7d
3b9a5aa10a7d4cc9b31122f2d4258ccc,2.1835866,b25fe3b79f714d38b3fc53e39fd84d36
9fa9673a6edb4e15b5f57d97a0b16037,2.1828418,4aa3556b2aed469584c573868193a07a
9923a917ad644091bbc508d3ced20f75,2.174587,369fe18b94f54c98b554fd22b4a3b50b
ba86837d26e64a5095e50f614cebc183,2.1545238,92d5da561f5a41bf929f3555a74cd653
34dd2bcde19344c69a51099dd39f23de,2.1541753,5a68e05acea4434ba08e17e1fff00057
e4c05db0326140dd9c48a8179a3fb6ba,2.1313725,02cf82700b4f4773af3a14ad8eaa5270
383851cf303e47bf803a3a00b6481efe,2.1240177,fcc9863b07fc4bd5a01fab5b9160eafb
25f901ba444c47eab6b03184191a3151,2.123107,4b748d6624144214b3d8a80b37aabde6
a286b690dbf845d9b5651b98f76845a7,2.1167352,5a68e05acea4434ba08e17e1fff00057
703c375bffc346788123e8e9d957db42,2.1081657,bade01bd83ec4b6786fd8c867ca7a090
882ef5ef88af445e9dede3d98a7dd8e3,2.1009097,9b22c5cdbff44bdabd48dba008e6a3b2
b2a24b751645419cb6e060319b510e79,2.0964944,cd56b9a044c24df8a7156f661cb3d9cf
0a8f26e2ff5d462b97d23238e36ae72d,2.0933232,cc21026ff0d541909df56c5618d28518
1d79bd154afd47138f529dd6f1d52902,2.088666,c8b9a0ac7c214a449c434aabdf6ef770
27b747520a594968b11704d54233d20e,2.0730784,e7d6747e8c8b4ebcb665e232240daf17
28ff28dc16ac43ad9110f26f13aa339e,2.0717793,c9628610053945f4a7998ae48cd70da3
21aae632c1bf454196e14809b781c9e2,2.0618167,6b9b2c8f0a874bb8b6691aca6bc49565
26b721f1caa14c70b7aa9e5a8898e76a,2.050978,34b71675a1ae442395b6eb1f3eda23df
492d363c9d8b450da859bd06f06cf687,2.0466068,ff218cc7835d4b5ba0de22792319050a
a8117ce7b13549fc829e0bf1a9330dc9,2.041787,fe6ace599de44aa19b1773dad3658fee
c00b77da1a6749149b7830ba636d7101,2.0402393,4a4eb12a639346b5a00557d54b51fe51
390ed716ee69427f85d1d9d4da45fd20,2.035518,526ab7eda50e4a239d03ad505832d61d
61e6eab2c60042858ee62e5d01968ba8,2.0313387,e039a00eae414ebbb2205b011ac127cf
19a8e983eaac433fb6e4dccab0c03fcc,2.0302198,d576e334105247369362b05a375e88cd
a030121d60a04600bb73087739ac4044,2.0286648,d981f2c67f764e0c84af125b563958e9
28d967465fcb488eaab515b23282c0d7,2.0255072,fe6ace599de44aa19b1773dad3658fee
52f16fa757624404b9d43dfe2885697b,2.0225315,09fc9f38fbbb4bfaa1c979ac9cc43f0b
ffe5e5fc7adf437bba769a5d9fff5c27,2.019885,19c9ac7b84df472c85ed6cf5a05fbbc6
f6577f16e3764b67b1b06fc24d9379bb,2.016875,e96aa0967ab94368b381354e03dc40ad
8de833e138ae4924a0cc47129cde2cb9,2.0162408,1216ce1ef31e4643bb1222538c206342
6c8cdd6141244ba1b62fee70292cc68a,2.0149987,b4150337314e40fb9e3ebb24514504a3
c492188137ee4adab179d07e9473fc40,2.0044718,eaca056cec224a30aaaed30c39f644c2
b57d527c5d13406cadfa1a4f809cc040,2.0041795,64f1d63a671d441d9663a783f632f794
f5a783856a7f4d3ba8c3f2c29428c454,2.0029562,5a26ae7959494fef99542e9b2004fd11
c5c5b71dc4ff4e8cb11769f0b2cd9907,2.0002737,1fde4c9a01f84c349461083b6d0ba9ed
08b73196f2c24757b7a87419ad378a36,1.9956487,8aadcf7251724cc6858dc0db44abebe3
de6f18bac6e4441f8dd17e252f1d993a,1.9923953,0ebc441d25664c91adad96b570270f07
10f74d10373f4f128add836b046afcdc,1.9815338,d9fbe02f04a4469dac855f69ea6ad02a
1f92b7ff3de8413bb81c7346203bec40,1.981305,630edd9b8f754b5dbd36cfbbd03ccb51
fdaaf6e004b04cb18e798331b9d9ebc6,1.9802481,99142f1c07cd4782814f8c970eaaa40a
55472eb25f9841c2b39b9bcef06d7bf8,1.9650987,dc58564d0c8540bea4f3e2e3696deae8
9fbb54f6ca3747198e55e3f00ad81251,1.9616791,27eee82d7fb94b9b8b60bd3101187496
b06dc9c1726443b19aa4d4e118d8596e,1.9597918,6542f58c143446f280e88a6375ccf79a
05fadc86cab04c70ba18949f1163cea1,1.9507041,0302e7dde9074dddbbbdf85e9be57901
cde31d7f76684d62b17e619c0f1e98d1,1.9459097,b8ca3b6144cd48208caae952e096e7ae
1ef6177541694b09a66cc37c32dd92d8,1.9302318,691acac4a54d450697afb2c2dc4fca09
523ac70af19e4d6988870738be0827dc,1.9163148,1fde4c9a01f84c349461083b6d0ba9ed
9d3679e8828845c6be8f7376e953d216,1.9146599,82b01998353e4141a7613fdc96d7b600
dfd4d092c16c4fbca7e9aac5e15806c4,1.9105175,1cbfb22f84454b1fb821b602e3ad11f8
187dd510c41a49f4af9d4c4371e98953,1.9082092,b4150337314e40fb9e3ebb24514504a3
167939f1c55740a5bd8d235691475fc4,1.8956437,11ec23965d2941d0817082107996ebbb
6730fca5ad3b4afc8715dc16caa1a2b5,1.8865848,d4cd0b56b6f54e08aec8ebfdb6122c5c
3bc9e7189bd1419081f54d35e956639e,1.8865553,b8ca3b6144cd48208caae952e096e7ae
b5c4664ba26443dba0dde05295158123,1.8864732,564a84b1b830407e811bcfc7fd086a6f
c3a842974e16433d9488c7df87df853b,1.8847673,92229a391d0b418f87b32c86c42a292c
88769fc17b0e4f3a9736d45e131659d9,1.8796535,ad289d5052264f9c8bd0aaf9faace92e
96bc1d7521944aa9bd60c810ef28080a,1.8754363,b050e9e1ef5946c297a34dda98d8f476
d26040150be642cfa0310e083cc0d204,1.8735849,bf59502a233e4b5eaff9cfa3a992c387
e9b290a94aa44b1dbba67ba62b5153ac,1.8650666,27eee82d7fb94b9b8b60bd3101187496
006744853c1a4bfd9d39aea6556c7be3,1.8564723,c0cb721b56f240dabf7f464e453ef72e
af5d2c39e4a54d8295b3a933c8bc7b43,1.8533981,bab3bdc133384798b558f8fb6466a7fa
0ef75de01cd14e0faadcf05c8a85a916,1.8481683,057164cf4aab45ebbefef3409359cfb1
1c5703785c574a4a86152b8e8ceaaab1,1.8408105,4ad7e2502210436f9ca5735fdf7e50c3
dd9bd5320911433f9d855d754095534b,1.8402492,4696c8192576454f8684954bc771aa23
f1ccf2ee3c3d4cddb27a2e081d844de5,1.8370646,564a84b1b830407e811bcfc7fd086a6f
7de183d0b5f24efebfc15ae35f4b0fc3,1.834956,73e7e41e8db447c09cb2363d76556c64
1b6f4307fa4e42cda9018c5085947b48,1.8282777,66b0c8a58f444ea0aec34d9403b88a49
ea055ef8a6de4cdb8761ddd4dc3bf3af,1.8280721,965598a17b624a0f9bb1cd58595458a6
a2e363e09aed44868c4e51d9cce19eb3,1.8245318,c0cb721b56f240dabf7f464e453ef72e
55cd381ef54d43069999636fdbce998d,1.8233633,46bfd7af0ed6491fa621350963d11e35
a34c38121a3948f8949f49df67186c78,1.8172258,92229a391d0b418f87b32c86c42a292c
1d2cd0bb5b1c471ca10d1eea0ef9b729,1.8160138,c26f5e7dcc8149f18f3d719bba9ae717
78b24e025ac34eca9b613f65bcba2f33,1.8138926,b7ef0a61de0e4adf9688b2c525c9ad09
5854ad482e74460797366e8eb405b2e7,1.8033814,b7ef0a61de0e4adf9688b2c525c9ad09
86c05c3d7552474dbf8eb503035b96b4,1.791527,80921378de2b4cd3a14d449688d8b079
8d93adac5fe7477a99015ec9ef32330a,1.7912531,dc58564d0c8540bea4f3e2e3696deae8
e35fef892ba84f8cbeb63132b6f7f094,1.7708057,4a4eb12a639346b5a00557d54b51fe51
305e57d28cc74f018c0ee4a93fe92c0b,1.7617731,a585d23fe43f459ba86ac15645af77ff
b1d8d95b89ff4347aa88a86b33c0e524,1.7562581,c322b788813745e0aa7b592b4345d379
18eaa3f481614cfc945c16f2cbb757fe,1.7525716,6542f58c143446f280e88a6375ccf79a
c6b7ad3591e84b359837e00aac91e82c,1.751577,6a122ce1702646db918266228d48bd08
60cfb02a92884acf8cbc7ea1abaf7046,1.7503914,e492ff7fecf046a4948c5ba5631cdefe
74f1eb9bb1ba4fe5a565558b1ebc7a72,1.7499337,1b4e143cfc1648a5b877d7445446366a
bbd851331a6a4da4b22326af57c9ea32,1.7471519,faaac88748714ce8a99413b952a1dac8
7d866819a8df47fe89b41b4cbbe0ecdd,1.7415298,ecdae9f36c6a437ea72739febbf1c89c
c762fdf4bb4d4f4992cdcd83ef4f2222,1.7394714,fd51f3eef1a64d9a93652be481bde32e
6e50350fd3c745e6be8f38c45f9b9148,1.738056,fe6ace599de44aa19b1773dad3658fee
fa3faa7dd3774c2681f4c5b7527b1e78,1.7374113,965598a17b624a0f9bb1cd58595458a6
142160eab552419292c34bfa817ab146,1.7351742,0ebc441d25664c91adad96b570270f07
abf8b91082294675ba25ab35c659daa7,1.7342889,09fc9f38fbbb4bfaa1c979ac9cc43f0b
31d3239dbec34e65a0e239ffec9138ea,1.727459,257aed6ca7a44f1cb5c664beb1be527b
6bc08caeb482448c85c44c89c5fee7b8,1.72619,4aa3556b2aed469584c573868193a07a
61353a38c7e14c49ad888ed8da7d282b,1.7209065,ed9b10a2879742628fce003076ef9024
70c5d0168ece4f13b8553e469845fce5,1.7203846,c0cb721b56f240dabf7f464e453ef72e
b0428ae75a7d474bbf2e2f440fab50e9,1.7168941,e492ff7fecf046a4948c5ba5631cdefe
77e2cfc79eee4e1b91f93386b436bd31,1.7111622,5a8cc5ff28fb4359afc7e9fcbf3bce55
518dcd746ac344f692cc34db6c714430,1.6945772,4ad7e2502210436f9ca5735fdf7e50c3
277c71d0965642b2b592f9a48534fee7,1.6865927,c8c201e25c0047a2ba9d9e8541ac0939
a987046439f446848e7b3520dcece6d6,1.6810426,4ad7e2502210436f9ca5735fdf7e50c3
c4060e0878a944af9730a8113eacafc9,1.6782807,37337ebec05640b890e4b9612776c32b
356781d87d504d789e58fd87a987a67d,1.671587,fe6ace599de44aa19b1773dad3658fee
f505e4ddc7604ec896a2bc461f2bb86f,1.6691358,d0a840820172465f83c8480d571e7b71
b68aafdc6e7b4188a9506c869f83ae96,1.6686828,6a33c207c8b648f680dbd0e65639ef04
dade1ac92c08448e93e20a96c20f9d0a,1.6660006,f036aaf4ab714c598a0b6da4ca604136
152e0362dac34ef8940b97d42520b9de,1.6571414,17cc6768c9d14388b7455fea0060b62c
b6564d12e54b4e09a41d57e66159df56,1.6427548,a6a551a308b9442f947ea0608ae2c3fb
28cae44de1fa4e56a10eb13b57a78668,1.6365869,c0cb721b56f240dabf7f464e453ef72e
0d281c2568314e5eac84aab63872e81c,1.632399,4430d47e30904eab969c1baebca184c0
8f2e335cd3c54f569c74283b0078f908,1.6323571,f036aaf4ab714c598a0b6da4ca604136
d6db57dd12dd48adae78eb66e24cd991,1.630752,cb85047b65f8468aa02744c28c075dbd
1f487d592adc46f1ba935a923c34a9c6,1.629792,7a4c413f5c844796bd5ffed2b65f0336
f6440ad65bcb48fc8d7fb11f5accc309,1.6291102,e7d6747e8c8b4ebcb665e232240daf17
1252c75b04024238b04ae25eb65cf090,1.6284785,6a122ce1702646db918266228d48bd08
a0f623aff0d34804a39f4b55a08898ca,1.6278605,903360099fb644b6b88c6edac88eecb2
fb7510f9799745e8bb2d730dafe50aa4,1.627046,e25b9d9944cb4d7197efb8ffc4ff57a1
b0cf2cbd50e3496996a7e649063dc127,1.6262715,8f761e1117754656ac86a3a25f241cd7
722ce5c8bc4f4e07b309329bddf66d7e,1.6159912,80921378de2b4cd3a14d449688d8b079
b001beeb0d384d448ff9383afc5ad45b,1.6135538,c0cb721b56f240dabf7f464e453ef72e
d2e23fe1095249c4a12577fd6efe8a65,1.6105851,700f381f40ce4b039ce0df8b49fb199b
3dd7bbe2cb1845608dc71b36bc82667a,1.6087971,dc58564d0c8540bea4f3e2e3696deae8
a8a7550acecf4436939c03b7e74ec8a6,1.6047724,cb85047b65f8468aa02744c28c075dbd
0ff74b4b29e044ffb307f3598dbbd1b7,1.5964483,e52a528036014db0a7bd54b99a310fe8
7bdcbc60a1354e079289b50702cced90,1.5941323,5971501b0e8b4ef5b203c3985d7f5e88
b627c84048a742d292cc9adc0f36f58d,1.5913477,5a68e05acea4434ba08e17e1fff00057
34bd7137776446a3b70fb89720492e73,1.5887333,58f53c379f7a4868a2ba6d91a06247d2
3ce8d2e955bf406c8830f97658207859,1.5855725,8f761e1117754656ac86a3a25f241cd7
ae8dce8e4fd84a42916e2a2ea4ab7c38,1.5779134,fb709e29755b44988bb252c87a2ce2f3
78f98ba4d60845a481387741d684c46f,1.5709169,e02ad4f63c8444b79a7a56fb23a4e0f1
a2257482b09e449f8dc0e6a32423b610,1.5679631,faaac88748714ce8a99413b952a1dac8
c350ff1ea49c4547b89b09403669a4b0,1.563832,4430d47e30904eab969c1baebca184c0
1aa2b5e2dcdf4c4c954c4af1b2112143,1.5636439,e02ad4f63c8444b79a7a56fb23a4e0f1
e327090a663242caa64ea6482dabfd29,1.5630859,5a8cc5ff28fb4359afc7e9fcbf3bce55
a868fa08c4994234bd1947577c34c2f6,1.5617353,b050e9e1ef5946c297a34dda98d8f476
15af8d3a801645799a0656e8ff3c729f,1.553001,691acac4a54d450697afb2c2dc4fca09
e244d77b242a4a54a7bdcb784245c01c,1.5513942,ad2109663af04c549385cd2ab9b3283b
b2b15ac784564b17b414221232730701,1.5508127,4696c8192576454f8684954bc771aa23
95efaf80178b4a519dbf8769d415c000,1.5472406,e492ff7fecf046a4948c5ba5631cdefe
977e35ba2148438f8189a592de1705c0,1.5424848,e7d6747e8c8b4ebcb665e232240daf17
a1e176f474f04640aedebc0ece81583e,1.5412788,965598a17b624a0f9bb1cd58595458a6
844cc162c90c4ad0bf5be9750450f4f7,1.5349152,89e43b092c844b5886a93091a22c894a
7975ca7b6008414e8bab9d135c53eb59,1.5348166,a926df6d7fcf4b17b68dae6f41fbce66
00aac7746e164d80a6a257d31925297c,1.532315,1b4e143cfc1648a5b877d7445446366a
a0720ed891c94750a6be596258ee3d43,1.5313674,678725f8b914453fbc1029b7c1bc0879
334dd9387233405cb0ba67a8ddd52c53,1.5279167,bab3bdc133384798b558f8fb6466a7fa
4762d831f5884e25bb3eb6e73fd283fe,1.5256232,d79afb377f5349a69830b2b4c7cfefcb
3ce3c6c49a2b43c3b683ec91e9657341,1.5182735,d0a840820172465f83c8480d571e7b71
d896778ef12545f5b79fbe84a1c9ee58,1.5160686,80948e17b5694599919e1502bfcc08f3
d4cf39f8ba7e4a92b4ced7faa1218229,1.5089523,e492ff7fecf046a4948c5ba5631cdefe
96a221031ce64e98ba5fcdb2fb45c9f2,1.5081613,7ce06191f1114b4c8a00609f6867761f
7f50b6b5321c44e191bc82be785455b3,1.5077612,7ce06191f1114b4c8a00609f6867761f
fdc1732f54e34300bc77d7b4c38ec31b,1.5046952,77a8b27acb0e4600bb6ff974eabc269c
21b8e136ec834f4cb7c6232d8a8ebb52,1.5030713,e7d6747e8c8b4ebcb665e232240daf17
7e808bd74e2447d79f7d266c88de6410,1.4995679,95fbc6ed8bfd43c1a6bcf676e26e7f8a
c0860e1ee41347ae81ca7fee69119dc2,1.4923131,3257035cc77946d98bdc09e2fdd5cdae
d30d31b8272b4fd0ad8156bc69d4ddf5,1.4886675,d42996c2b67443fd9b73bba7641d4f77
0f7f319e6bfb4438a4746cfecb70a08e,1.4804944,855b3971c4a147cfb9a7c281fa6b915e
9304c56db5b34e709d22e558122d8338,1.4728434,b8ca3b6144cd48208caae952e096e7ae
3b038bed6122476bba5c73f7188efdcb,1.4713104,1d47a696eae94bd29f215a4787b27d8a
24e177e9075a4c7ebd2cf154bcbf7b78,1.4568489,c9628610053945f4a7998ae48cd70da3
e449398fb3714ef39cfae0e60e4b3fd1,1.4558296,34b71675a1ae442395b6eb1f3eda23df
a56141d36b5f4520aef20a35398d8265,1.4534074,9303b9f7f4984b2dac8aeba8c8da8ef6
f93d08dd757f4cb9a593f27024c614ff,1.4527,4aa3556b2aed469584c573868193a07a
4dd9cf8a1b2348fd81e6ed73ea81c716,1.451873,78b600dd53854b018f87267d268b7b1a
17c07c3077cb479eaba075a5c7f99328,1.4490411,d42996c2b67443fd9b73bba7641d4f77
34e6f332d53646d38eb22993afc64a02,1.4482868,02cf82700b4f4773af3a14ad8eaa5270
3a53b02d11d74f9b84a71811f607d433,1.4467794,8f285540a9394706bd6ec6cda46c5058
574b37b5f1374cd3b422354879e9f582,1.4464216,6542f58c143446f280e88a6375ccf79a
2cd2c87b068749a492cdd369cb60ef9a,1.4453924,fb695c097d5845c282f6b30c241e8cf2
693fab3513204d1594f6d18136b865e3,1.4450858,1fde4c9a01f84c349461083b6d0ba9ed
e862a12dcbc4446cb1bfe03570cc7b44,1.4404217,7ce06191f1114b4c8a00609f6867761f
064ec184b18e48e18255745eb01a80f5,1.4399513,640f3bd184b7425fb22cc7773b8b2244
a703ddf11df347d6a8ca6f572ef505f2,1.4393604,e45844e0215f4a1596a7f9ac41367c46
ae5e0ee1d17e4fb0839e3d41295a5479,1.4359603,903360099fb644b6b88c6edac88eecb2
012773cf6c104fd8a7ded7f346c0a261,1.4356815,d981f2c67f764e0c84af125b563958e9
4eef43c568d642d0b7a75932102cd2f8,1.4318448,8aadcf7251724cc6858dc0db44abebe3
37a17e9368a0458aad652a8b0602892a,1.4312055,630edd9b8f754b5dbd36cfbbd03ccb51
de7e2ebef31a43768b57de371f2631aa,1.4307299,057164cf4aab45ebbefef3409359cfb1
8278ffeb4f7e4854a015f434887473a4,1.4285673,700f381f40ce4b039ce0df8b49fb199b
6ede534375a14c609d02c3f94a41907e,1.4151975,de9328bdd1b34adda74a0363ff0a52b6
d067ca627837456bb0e6cc40a06d224f,1.4137325,64f1d63a671d441d9663a783f632f794
371437b76fbc4eeaa709683744e7ee08,1.4113846,e45844e0215f4a1596a7f9ac41367c46
a48cffbae43148f292d3a78837fbd4ca,1.4088266,efdf40eee13d409c9955e5b84e4408f6
5b1ed8f4a5bb43b59f972b95a4346c9c,1.4045606,64f1d63a671d441d9663a783f632f794
05de4f46aac741bd81e6bb9133542716,1.4029976,bd2f91a9415049d980e453f94327e0ce
a7c05ece6ffc42e9a9efdc286789bba2,1.3990636,bd35571850644321b86ce4fae286ce7d
9e85ec108ce944f69e9225fd35831464,1.3879316,156f393f7ca046299e09d05464afa056
b513c98d376b4102a9119d959aa7ebfd,1.3836348,d6fe6f8380464e21a27fd69de27f1f57
712e2f3a807b4a8fa67e7bc78a2b5da6,1.3827254,b2be859ca8f24cda86821d5383edbc18
74ee886c358c466b93e307e28af9d52e,1.3761121,7cd1db4b50dd41e6b2f3dd15fcab3b89
f4a11d6e649f44be960bbfc9a5aab7c9,1.3717111,b25fe3b79f714d38b3fc53e39fd84d36
55af16e0058942008349107e8a2e1845,1.371079,d4cd0b56b6f54e08aec8ebfdb6122c5c
010b4030f3e24d059d9e4d37cbd1963a,1.3653467,66b0c8a58f444ea0aec34d9403b88a49
6ad7781d238a4ed28cba7dda16397459,1.363517,1c97c72e076f40fcadb22b17e71beed1
d404db290f094f2f9dc6ffe54216308f,1.3478754,564a84b1b830407e811bcfc7fd086a6f
d4b67d4bedeb47018a353598e2262d9e,1.3477916,c3412c53e9ec4b6a9a1aa95cf7f0f1e4
3d4e582564564c72b47184e7b5c0717d,1.3464662,5971501b0e8b4ef5b203c3985d7f5e88
a3b9cd8b03da4791964406ffeee48526,1.3460139,6542f58c143446f280e88a6375ccf79a
9f4712695bb64f01a331632d4e83e318,1.3421549,cb85047b65f8468aa02744c28c075dbd
63b43033779f4fd5ba6309fb8f1fb41e,1.3264678,7ce06191f1114b4c8a00609f6867761f
d279eb260acc48558e34415c5c588926,1.3220719,7cd1db4b50dd41e6b2f3dd15fcab3b89
f17e080b2680401da91c350fa7e9cfa1,1.3212242,fb695c097d5845c282f6b30c241e8cf2
299ada2bc5ef4534ad5e0b1b7d10e457,1.3162639,e02ad4f63c8444b79a7a56fb23a4e0f1
646d3b40f16d41d0952ee2bf74fff6b3,1.3159559,eb513691b7a04d31ab1bc50bf343447b
5d204449172f48b1b51ca2ed9308b6d6,1.3144906,11ec23965d2941d0817082107996ebbb
8766cab3c343406587942ee9f9888671,1.3140702,74e7db4222ca4a20811199afafa346a7
bfd8d22a1f9a42a28b2a78c5e4323725,1.3105829,f615619defc4402b82845090c238e597
a5580bcfdae9468781349b4ca3ee101d,1.30831,5831f5e280be4c02a09ce4588b56d7f3
1f314e6f401c4bcb95f97316f5aceb0a,1.3005521,2425086d8eaf44d2a9519f0e4e6b289a
c1904c9ab6bc4ae5b4b364ea1f24b7d3,1.2912028,7a4c413f5c844796bd5ffed2b65f0336
244bf3fd283440389af52e02feb70e02,1.2887938,1cbfb22f84454b1fb821b602e3ad11f8
28f694942751431c839fe1d22e753e1c,1.2867624,7cd1db4b50dd41e6b2f3dd15fcab3b89
b717169ea8804058961095ae61a7b5fd,1.285189,64fa5ce839ef406b9bc8a1b2f05094c7
b2e0675fdf93468a8fe7f4992e5ac02e,1.2844982,a1d8cb16dafd4126922f985021e93631
84350503e37143fc8548ffcbd24070b0,1.2819759,c26f5e7dcc8149f18f3d719bba9ae717
d6b4f4ad86b24c25967551b42462c386,1.275372,d443e0c5017d48d1b3f86bf4da959ed5
374f3a07f645432ca97d2116e61d6fc6,1.2718107,0472051dc57d43f8b9dd08df475fc4a3
8105d0f3a03d43f0ba0794fe967c3c61,1.2692581,64f1d63a671d441d9663a783f632f794
fcaf0031ba12457ca8cd515c95fea22b,1.2666969,bade01bd83ec4b6786fd8c867ca7a090
7a63c379c6ed4b2faa1b9e863eb35d54,1.2665242,cc21026ff0d541909df56c5618d28518
e212caf6ce0045358ab77835c78ae98a,1.265285,7ce06191f1114b4c8a00609f6867761f
c0e006372bab471897981e28cf25f546,1.2643095,d4cd0b56b6f54e08aec8ebfdb6122c5c
275a7144962641e1a6b32428d2e025ec,1.2560056,fe6ace599de44aa19b1773dad3658fee
63e22c9413454acc8c86fb1ec33284b7,1.2545315,a25b08e008114c9ca0266ce3e55d82bb
e578d2ca90a241bcb241e65a62648a66,1.2519336,f5a6222612ef406b8f02aef87e08c476
a5af794012384211a60360b6b1752339,1.2479511,0f9cc12519eb4872af7be7fe49e19f59
c853cbd19ac0421eac6817429b6f8804,1.2471893,526ab7eda50e4a239d03ad505832d61d
9c74b02f802b41bab45bd626251e1d88,1.2450657,4b748d6624144214b3d8a80b37aabde6
17bcb53a4aac4e2d81bba1fca7bcc69f,1.2424705,fcc9863b07fc4bd5a01fab5b9160eafb
15f76b93b94f4dfaa2c8b03a95b771e2,1.238772,99142f1c07cd4782814f8c970eaaa40a
a4f6bb74f2654c17b04bb3fe4c05fd91,1.2339634,d74f6e7abeb84eedb9923dadb62f45f0
2937b0fa761c4d3294bf68f522d9ab25,1.2323192,74e7db4222ca4a20811199afafa346a7
73816ea484544387b7c1014e6b97b187,1.2263037,0f9cc12519eb4872af7be7fe49e19f59
9644dd0795c64946bd689d24d80536a4,1.2254446,a6a551a308b9442f947ea0608ae2c3fb
e0be49d601a84ae1afc8a7ca92f58087,1.224818,7c1e02f3ab614e539ac901e5cd3c92d8
1c5c1558517e409b9358d9a48811062a,1.2233449,fd51f3eef1a64d9a93652be481bde32e
d9826bec6e1c4be6a7152f89b950fee2,1.2232245,c3412c53e9ec4b6a9a1aa95cf7f0f1e4
2ef6a38c8e514fb1b98b9cac832fdd14,1.2198633,8aadcf7251724cc6858dc0db44abebe3
d5720a4e3cd34c23ac605c840bcd69ae,1.2092397,cd56b9a044c24df8a7156f661cb3d9cf
4271098208074e6ea1a9497085061483,1.2060187,6542f58c143446f280e88a6375ccf79a
f23847f4eab34d3ba19bf1dccbc32306,1.2032076,66b0c8a58f444ea0aec34d9403b88a49
7dda222413534a90ab8e3d686a1ba461,1.2010739,d27cfea4da8f445fb4e3c55e53c6482c
398dcfd9b9434e5aae4fbf7f5752d33e,1.2002622,ff715b4f228443e3b067c801250f3402
8b1f6fd1fabc4cb7abbd5a7a2ed0cac9,1.2001016,156f393f7ca046299e09d05464afa056
20256e6cd14e4624979db79d84582573,1.1954628,fe6ace599de44aa19b1773dad3658fee
9e769043a2f5480e8f0bde6e83caf70a,1.1909398,e02ad4f63c8444b79a7a56fb23a4e0f1
7986e60543204582ac542d56eef7cda9,1.1894044,9303b9f7f4984b2dac8aeba8c8da8ef6
b49ff629d01a47a284c14dc1d21a0d1a,1.1885902,a585d23fe43f459ba86ac15645af77ff
8c5aff69d92e4556bbd5cfdb17a74109,1.1885029,5a73e0a5c757410eb0928feed7b151c8
e84532113530478c84db1abdcae9a6d6,1.1797335,95fbc6ed8bfd43c1a6bcf676e26e7f8a
9894b55999bc4793bee78babf6df12bd,1.1774175,09fc9f38fbbb4bfaa1c979ac9cc43f0b
1e008659e5994366815fe158a9f9a26c,1.1769016,9e304a9bbc7b4c22af8025fc93757357
8ec020ab1bfe43a58c104ac0eaa95bf7,1.175549,0ebc441d25664c91adad96b570270f07
882f017418bb44afad1448d9640bd967,1.1741043,7ce06191f1114b4c8a00609f6867761f
dbedff835ba847d386ac1cca87b2c7bb,1.1725498,6c74bedaa406493a99988c5b8a47b704
01213179f19e4a5d97590bdc85be49aa,1.1578612,1cbfb22f84454b1fb821b602e3ad11f8
184facf4be454b60a5fe9a953d771690,1.1570729,6b9b2c8f0a874bb8b6691aca6bc49565
ad251b857ef3422398c3c3aa91f9c632,1.1557097,c26f5e7dcc8149f18f3d719bba9ae717
ddbc9d9a558041779711fd17e89ec33f,1.155201,eaca056cec224a30aaaed30c39f644c2
e2543c3614294b10b21429f6a412dd3d,1.1527281,ff715b4f228443e3b067c801250f3402
1197a3e216ea459dbc822d775b701062,1.1505358,e02ad4f63c8444b79a7a56fb23a4e0f1
9f893eb3a0eb4ad399f1eb64251cb4fa,1.1494141,d74f6e7abeb84eedb9923dadb62f45f0
4b39ba0bb2e54f72bf6cc4c7832b3841,1.1455618,fb709e29755b44988bb252c87a2ce2f3
70aba94871d94cf5b2d7e950982cbb8f,1.1444087,e45844e0215f4a1596a7f9ac41367c46
14f6b3f3ee164c98b2aa0e93e06070d3,1.1416187,678725f8b914453fbc1029b7c1bc0879
d52a218e156e461f8d5f05a8a136988b,1.1414098,89597084b19c4902b073a2c6c6622456
c5487b5f9cec423b8ea3117173949a1c,1.1329314,0472051dc57d43f8b9dd08df475fc4a3
362c00f2982342a8a518f57f7ec9a60e,1.1329267,2768d411cc374a018a898f9df0ca207d
27a9489cf5724d47bbcc508684389f2a,1.1316434,3257035cc77946d98bdc09e2fdd5cdae
73bf5efa54504a0186bd7a13def281d6,1.1297592,bab3bdc133384798b558f8fb6466a7fa
12b4b13d49b64b55ae65fe00960c4711,1.1272514,6a33c207c8b648f680dbd0e65639ef04
0237bcef8eb845aaa48b53436a3ea75d,1.1270672,eb513691b7a04d31ab1bc50bf343447b
1d2a027561834f03b680a90079cc8e25,1.1210544,4696c8192576454f8684954bc771aa23
2d641fad427d4884b7624102a50d5edb,1.1186036,5a68e05acea4434ba08e17e1fff00057
1ba49dc7eaca42cc9df60f6a9a04f11a,1.1180278,983940e0b12e4186a281c36de657406e
af33a412aeb947a8b8c53cfc9e78a69d,1.1165802,983940e0b12e4186a281c36de657406e
589df17e77094a82933b4003a252ae26,1.1149644,e02ad4f63c8444b79a7a56fb23a4e0f1
e938fc1d26e5456ba78f78d9f8514816,1.1090854,b25fe3b79f714d38b3fc53e39fd84d36
3321422a798047078d258d49e7912855,1.1082431,6d3c42356e3b459c919e3129ff192ac4
ce7e02187e74451f8fe2511db0fed0fb,1.1072812,779d7c2bad1940c8a861451964e1ce01
42dc4d44bc374b80baf0a8ac2c90c250,1.1062744,1216ce1ef31e4643bb1222538c206342
64ecc00623a647a7854cf8236452c556,1.0984284,e039a00eae414ebbb2205b011ac127cf
1dfeecb0d6cc4fd68f8fe7bddc5573f7,1.0974674,a926df6d7fcf4b17b68dae6f41fbce66
8058d1c206ab4268a15994fd69f5d5d0,1.0966612,1c97c72e076f40fcadb22b17e71beed1
87097861fe6e492abd016be0dba27ec9,1.094929,9e304a9bbc7b4c22af8025fc93757357
e20a7ed561e1414ba269129124fa8186,1.0897433,f5a6222612ef406b8f02aef87e08c476
f40346321e624c7caf2e7586b7254203,1.0892771,2425086d8eaf44d2a9519f0e4e6b289a
b5ac47314a344318be396fd6fdef8239,1.0890963,6aba5a04ef8742a39d3a61644a5f0729
d9b3a26c8de14ab4ad2a779d31b4f01a,1.0879127,a585d23fe43f459ba86ac15645af77ff
a0e3b8c54d2747bf93d30efbd15a8fb1,1.0860394,4a4eb12a639346b5a00557d54b51fe51
b324a5fe4a374e51a39d53b0b235ca94,1.0733745,c88be17376104f999b914a91aebf7220
0e07a1ba34174816a6e96d6ffb215671,1.0631148,ad2b6fb945714e6792c17bd49a1066e0
650d5c180a444d6f9e8b7d0e2bac56f2,1.0540533,9e304a9bbc7b4c22af8025fc93757357
1724b0e2e9bc4a61a23d4f7082b1d3bc,1.0531583,ec281224f8ee419ebde676f291672aea
6983a79417f9490ca7534cc0b9e72978,1.0510272,4b748d6624144214b3d8a80b37aabde6
51ce7c9230f540a78ecf1c757e16a6a3,1.0472717,7c1e02f3ab614e539ac901e5cd3c92d8
0d995ee72a0b43739f37e5962dd6c907,1.0425801,0302e7dde9074dddbbbdf85e9be57901
266d75addc654d52968c8c67300f73bb,1.0314028,e5692bd498004d32934fbaa05af2120d
f7d9f745835a44c4a947a141f080ed24,1.0281144,c0cb721b56f240dabf7f464e453ef72e
5b578482d6cc41b9a12382c724e9e19d,1.0247484,d981f2c67f764e0c84af125b563958e9
76d6bcc61c924186ac0c0cb384856e6e,1.0233064,ad2109663af04c549385cd2ab9b3283b
64c90aaee7904b2ab8098f0dfe8cd516,1.0226561,d576e334105247369362b05a375e88cd
38003415b2fe4903b7183cdd279c09f9,1.0222104,678725f8b914453fbc1029b7c1bc0879
c8edf9162b024bcbbab1b1a81987a40b,1.0186198,1cbfb22f84454b1fb821b602e3ad11f8
77303cd1aba44c3abccb823ad3006b47,1.0181085,903360099fb644b6b88c6edac88eecb2
5a3e95d6f7e84750a9b090dbfef91f61,1.0150712,bd2f91a9415049d980e453f94327e0ce
b26293f2e7f54384a164fb685236aa8f,1.0136372,58f53c379f7a4868a2ba6d91a06247d2
410b8957bc6b4370ac432ae7bddc2cd8,1.0096581,b050e9e1ef5946c297a34dda98d8f476
3827fc528c674ba6b4b692725d257a11,1.0068762,1cbfb22f84454b1fb821b602e3ad11f8
7510f4f5df754961a921d50523718ff7,1.0043006,1af4472b38cc4304841b2f1720075c9d
2c5c1b245a194f81a943ef372c580853,1.0025493,01690d9b08164fcabd5bf0819754f71f
deaec801f6344b9d9ffe289794354038,1.0003777,acee70abee2841c9b67b95e9ed079647
88de1634c729442aa72060868b167abd,0.9951281,82b01998353e4141a7613fdc96d7b600
f4e9b9fb265843768046ac7985c89f7a,0.99263376,a4cad92644614f78bded3ca6d6023473
e824774b41174da8a1c495885b348626,0.9890103,e492ff7fecf046a4948c5ba5631cdefe
a7fe5588b97f435caa29a3b507cd51f1,0.9882965,0ebc441d25664c91adad96b570270f07
afb3f7ad74ad422c8162326a9647de92,0.98521286,73e7e41e8db447c09cb2363d76556c64
5cf8596279eb4fd1a30ceda96102ef99,0.9838822,80921378de2b4cd3a14d449688d8b079
04457b683e1d4eaf8e6a37b15f5d8aa8,0.98303527,700f381f40ce4b039ce0df8b49fb199b
07c0659266c446b4b413362a241214b2,0.98302436,e7d6747e8c8b4ebcb665e232240daf17
b5db665a6be74d6d917e217bae5f59b7,0.9809591,21b1ded02d7b42618592187e287835a3
315bc88bb0aa4c8d8eb55bb22f811730,0.97890705,0302e7dde9074dddbbbdf85e9be57901
790d3e003e2545f9822873e830615360,0.9731944,ad289d5052264f9c8bd0aaf9faace92e
5491a19984a643bca536cb015e65adbe,0.9694781,92229a391d0b418f87b32c86c42a292c
de522abd79fd437a9ba590c4aa3aa7a1,0.9525429,a1d8cb16dafd4126922f985021e93631
6fa6aa705e9a479b9435e2367955056b,0.95111924,d6fe6f8380464e21a27fd69de27f1f57
caba51ea4cb243dc87741ad2c31130b1,0.9465269,ed9b10a2879742628fce003076ef9024
a1940599db974ded9752d1567b236c42,0.940516,c8c201e25c0047a2ba9d9e8541ac0939
054f93d33d7e494d8ddd2e57a8e4dd62,0.92403257,46bfd7af0ed6491fa621350963d11e35
b48f5f444c3140b38a8e756e57fd042c,0.9178661,9b22c5cdbff44bdabd48dba008e6a3b2
1139ff813de54ba583f9d19e3a2b6ac6,0.9170062,a585d23fe43f459ba86ac15645af77ff
e5b86e97430f434591a4da778f69dcf9,0.9165199,855b3971c4a147cfb9a7c281fa6b915e
7f23a0de3d6649fbaa67cb1b2dae2289,0.91332096,ff715b4f228443e3b067c801250f3402
7119bcd6ffec46a3b428819c202e431e,0.9120017,257aed6ca7a44f1cb5c664beb1be527b
07e594806c6c4bdf8d98e2995979eae1,0.9101537,0472051dc57d43f8b9dd08df475fc4a3
4805a294e65b4d4db75948e86d3fdee4,0.90927386,acee70abee2841c9b67b95e9ed079647
4aa10500630647f891ae1bf725a8f169,0.9057652,700f381f40ce4b039ce0df8b49fb199b
06706b7f76a3492e8e814546d9bcefab,0.9038174,d981f2c67f764e0c84af125b563958e9
e96f7d9a6eb04d7e9b3a01744c7f210e,0.9037479,836ec4ef8df644328ac07b7803709323
27ac7ea2481844079ce6ab849edc3901,0.900414,526ab7eda50e4a239d03ad505832d61d
b344c4448c13473197e3c11682c4096e,0.89926445,3257035cc77946d98bdc09e2fdd5cdae
ec6e7c2e584c4bd09dc91d1729c2c90a,0.89209324,89597084b19c4902b073a2c6c6622456
574579024c244c8692dbb21de8829775,0.8916733,5831f5e280be4c02a09ce4588b56d7f3
7fef3b2e0481482fb860ca2b3db02567,0.89086926,9b22c5cdbff44bdabd48dba008e6a3b2
8159d92e267d438e9012e936aa5fb15d,0.8828341,95fbc6ed8bfd43c1a6bcf676e26e7f8a
25dc04ff2b704b6f9229ad7cb91efc99,0.87731135,2425086d8eaf44d2a9519f0e4e6b289a
87773e87aa4246ecb99c535106be1412,0.8768938,acee70abee2841c9b67b95e9ed079647
67cdfba89fae4e3896b9aebb4f52dae5,0.8750677,cc21026ff0d541909df56c5618d28518
c71fc9273bb64cf78fcb3160724b40be,0.8690472,34b71675a1ae442395b6eb1f3eda23df
b24046864bc341499137c0e4a5d92315,0.868283,82b01998353e4141a7613fdc96d7b600
7e7b92ee644e42a3adc00967aa9f4cf8,0.86697555,965598a17b624a0f9bb1cd58595458a6
4dc64707bd42424f82f84de41d91a5fd,0.86659133,3be388c9ab614bceb086c19f70df23c2
c75f0da05246416084af6447931742bb,0.8627685,650afb6a1d054e59904a1b796552eb04
b5f4e559a70849b2943f3967cc08b56e,0.8583866,3be388c9ab614bceb086c19f70df23c2
9123b9ef4c9d4fde932408d0244495f7,0.85785335,6d3c42356e3b459c919e3129ff192ac4
7118df93df274839b3c1c622ac4b53f0,0.85062206,f11f1682b5924181b047d757d3e20964
75bd7834bfba42a0824a1918cd04b829,0.8493261,c8b9a0ac7c214a449c434aabdf6ef770
48aa588059cd4883bab6da96a75c16b9,0.8441795,aa2d7a3a535243189492d4ce8e79c049
1c8f15d98ac3471fb966536a1bc8e9e6,0.8422014,f036aaf4ab714c598a0b6da4ca604136
9c3a88f966094359839f8ebc3263a6ae,0.8392587,ad289d5052264f9c8bd0aaf9faace92e
469ca74fcdf244ba896fd018680b3201,0.8392204,4ad7e2502210436f9ca5735fdf7e50c3
c189555deda047629ebb90350290dab8,0.83906317,1f8c0f02984e4139bf8043e57497fdb2
803ab31024764a56a2ac0cda5c79c69c,0.8381573,11ec23965d2941d0817082107996ebbb
e2b08fa4040643048867ee258a43c077,0.8362548,678725f8b914453fbc1029b7c1bc0879
f9a7d6299ae54cb8bc2e6ba1b878f8cf,0.8359079,e27d9425c912446e947fe53c4a757375
477b5f953efb42e6a18e9428c69b0fa6,0.8295707,ad2b6fb945714e6792c17bd49a1066e0
b44be1c1621b40e1a7c06c02b225c470,0.8295223,17cc6768c9d14388b7455fea0060b62c
78fff51240e14352b1fae67b59be4cc2,0.8223848,58f53c379f7a4868a2ba6d91a06247d2
d13abb2f14514eafa77e5ef77ae45be2,0.8181256,6c74bedaa406493a99988c5b8a47b704
56fc3ec2992a4a609298efd89a7d3f59,0.81743026,e492ff7fecf046a4948c5ba5631cdefe
2af53201cad64c32bedf284dd06c1cea,0.81626517,f11f1682b5924181b047d757d3e20964
c0db9a38259c4b429eb66ba537ac8730,0.8107866,19c9ac7b84df472c85ed6cf5a05fbbc6
5f67168bea6646a69c49dec78942dfae,0.8096801,fd51f3eef1a64d9a93652be481bde32e
7c9553e399964910b2eb9f1c94c913b1,0.80767924,7a4c413f5c844796bd5ffed2b65f0336
cf7564fd313c4802adfcab226cb71a73,0.8038929,965598a17b624a0f9bb1cd58595458a6
16b6598102224ec59ae691c80c17f913,0.8031421,e9f055a212cd4e5e8601228c37713f35
83959d6f09044431b64a06cc335f08eb,0.8014367,9014beae94cf4f648e1663c8d5ec6803
3127238ca74643c3bd2e042605dc5e25,0.8006865,983940e0b12e4186a281c36de657406e
de06cda8b2974e1faea48a81f0d71342,0.80057645,6b9b2c8f0a874bb8b6691aca6bc49565
984301327f964e12a088fd8ee2361fdc,0.7990768,ecdae9f36c6a437ea72739febbf1c89c
6776a4646460462797dc83573d630d14,0.7968471,156f393f7ca046299e09d05464afa056
1008087cab8f407eb2cd44e6c79658c7,0.7935204,d576e334105247369362b05a375e88cd
4b3202343ccc4337aa099b8a9e046db5,0.7922519,e25b9d9944cb4d7197efb8ffc4ff57a1
6ef20b2327be456ebe9d47d6c015c659,0.7841797,77a8b27acb0e4600bb6ff974eabc269c
c67274e9cb5b41b18336fa05f437c470,0.77849185,9ff95d23c3284d31ba5e398afa520649
71938515de5a4c74929e6fa8edb97420,0.77703625,c9e2e76e631c4d0a8013d90892350e06
85775741207d4d1ebf2ddd8ec7d58102,0.77637535,80921378de2b4cd3a14d449688d8b079
b74ab07a7c004219aee7bd6d643ebfb1,0.7724833,64f1d63a671d441d9663a783f632f794
82a059da201341cea6290c541e65ce5d,0.7718164,75b0bd2240a54f6fb45bf95ca43ab5e6
c8a6cf1a44fb449b9f338991907da389,0.7709726,89597084b19c4902b073a2c6c6622456
fe079e85e77f4cd98fc3ce5e6b2476c0,0.7705376,7a4c413f5c844796bd5ffed2b65f0336
5fa7699fd07e48f29a259e9b1044fab6,0.7648076,d4cd0b56b6f54e08aec8ebfdb6122c5c
a7696e4b2a7b4a87a64c7bf5ced3a129,0.7624701,efdf40eee13d409c9955e5b84e4408f6
b9a2d4a31cc74336b4c66e880ac51f1e,0.76128316,fe6ace599de44aa19b1773dad3658fee
05695e1694384bd79b37246fbab26b35,0.7603359,965598a17b624a0f9bb1cd58595458a6
914e224085a24a7c87db637c208baac5,0.7592515,6c74bedaa406493a99988c5b8a47b704
fa644cc0807d4d278be005d3e2f849b3,0.7590269,5a26ae7959494fef99542e9b2004fd11
6f0406b6deea4302b4e44ece4eba9ef9,0.7578386,eb513691b7a04d31ab1bc50bf343447b
9d91a50f84cd42d999f13adae10c4a0c,0.7569996,bab3bdc133384798b558f8fb6466a7fa
93ff73f78f7c4aac9aa13de5f64205cd,0.7550213,00f45d57fd3c448d8cfdf3185ebae894
856daadbd4c24836a85731844393b1f4,0.7466675,9e304a9bbc7b4c22af8025fc93757357
a082e18320bf47fe8c3c9506d626862a,0.73583674,b4150337314e40fb9e3ebb24514504a3
06dafb47baf148b9ab12caa5200a4d2c,0.7352764,58f53c379f7a4868a2ba6d91a06247d2
2ca1d4b5568b484d92ce254f17374b6f,0.7269864,d79afb377f5349a69830b2b4c7cfefcb
972aaaac6728431b983362d505543fa0,0.71639764,80948e17b5694599919e1502bfcc08f3
662a6fe9ae1b47f5b598c9d0ff7ad784,0.7152744,640f3bd184b7425fb22cc7773b8b2244
175670fdd73e4fbc967ac1f61eeb9bec,0.7138293,9014beae94cf4f648e1663c8d5ec6803
d480f925a4b94f518e72ad64b3ed439a,0.71045524,9303b9f7f4984b2dac8aeba8c8da8ef6
3b01fad04aad4fba95d40be77808d716,0.7100517,cd60a0fcac24465a880af7d8f921dd68
b32a35611f6b4eef9cfd102e5e72766a,0.7058417,b2be859ca8f24cda86821d5383edbc18
f66b6efba0464f1a939d4ae426b9f217,0.7031057,fd51f3eef1a64d9a93652be481bde32e
5dd11b299b1e4c9fa5e4d0683b4d02ad,0.70288235,cd56b9a044c24df8a7156f661cb3d9cf
25bf72b6554d4ce0850dbd0879a47ec7,0.70209575,01690d9b08164fcabd5bf0819754f71f
c9d40d7967754291b6d16c34879f008c,0.7006196,73e7e41e8db447c09cb2363d76556c64
d335f8b8c90c47229c445bda59c63cab,0.6946194,d981f2c67f764e0c84af125b563958e9
cd1d8e8c5cbe4d4cb0b1fbaf84bec386,0.6944078,650afb6a1d054e59904a1b796552eb04
9f143dcef5ee44dd89610738332533b6,0.6934711,6a33c207c8b648f680dbd0e65639ef04
77f470031d7a4d3aa691e074e7215cb5,0.6933217,e96aa0967ab94368b381354e03dc40ad
de34f2e7e9ae4380a242b0f09f1716e6,0.6905795,6aaae524573f477f8fdef0b83787cbee
8aaa8f372a5346a59b85061f27d9ffc9,0.6891301,b4150337314e40fb9e3ebb24514504a3
f230b42debc04e9ab59684ae05e721fd,0.68785465,9014beae94cf4f648e1663c8d5ec6803
74f89cf2b75547168060f6c31aa572f9,0.68721914,156f393f7ca046299e09d05464afa056
fbf3e9aa77924f2397522f3e54f91d54,0.68023914,836ec4ef8df644328ac07b7803709323
1e5b95e7ca1a462588131ff25c545f32,0.6749652,80921378de2b4cd3a14d449688d8b079
ea0b41aa56ee406986b5b4f422a625ee,0.6738151,f5a6222612ef406b8f02aef87e08c476
b43316e2218e4fb390daa362fc8eadef,0.6645007,c322b788813745e0aa7b592b4345d379
565907298304458f80b2f4504ee3473f,0.6639828,82b01998353e4141a7613fdc96d7b600
45f6671f9fb64495bc585555e3b8e55c,0.6631771,257aed6ca7a44f1cb5c664beb1be527b
00ba0de9ca0245ab8489ffd199e84c92,0.66269016,7cd1db4b50dd41e6b2f3dd15fcab3b89
edb1a0a557354729b75b63862940d133,0.65727293,01e805bb5a1845a7addf86fe9bc8d814
735faaf6b07348a2a4d4cc31c8fbc021,0.6520153,640f3bd184b7425fb22cc7773b8b2244
e30148a8fe434f3eafce6f2cce757060,0.64672023,9170e0bb8fe44b309f83293808d871fe
2fd5284523f24eb1bae1d9e857c61d4a,0.64316773,ff218cc7835d4b5ba0de22792319050a
ddd74ab8b91e4e3fa6509838de7e33d4,0.6411828,e25b9d9944cb4d7197efb8ffc4ff57a1
fdfc870c19de4b5e99b1b3cdb4acfa39,0.640939,a585d23fe43f459ba86ac15645af77ff
71c46776d0a0400f9f919d0c3e578755,0.63679034,e25b9d9944cb4d7197efb8ffc4ff57a1
071079b5a0494fe2b01b0dc5399d8089,0.63518566,eb513691b7a04d31ab1bc50bf343447b
4185600f230d4b21b2e32c2d85caa90f,0.6349816,75b0bd2240a54f6fb45bf95ca43ab5e6
662c1dace3274fb79254a1e59f299ccc,0.63480973,7a4c413f5c844796bd5ffed2b65f0336
b3d0e1f27a4c4d9dbda5877bde3bf232,0.6305629,9e304a9bbc7b4c22af8025fc93757357
00bddd864f6b4c06bdae75aa6a690693,0.62549853,ad2109663af04c549385cd2ab9b3283b
69669e9f88dc43b68dda6126c27675ca,0.6224669,e039a00eae414ebbb2205b011ac127cf
91a9ce617c5b458284f2fab317b423cd,0.6197512,1216ce1ef31e4643bb1222538c206342
246cbab9fb49461fab4520132d4fa1af,0.6189895,a585d23fe43f459ba86ac15645af77ff
7c890f402f38475d942c1190be3ab2a8,0.6149522,77a8b27acb0e4600bb6ff974eabc269c
e15d2b4a689545309a64bd4d54621cbb,0.61023676,89e43b092c844b5886a93091a22c894a
08b353e1649c42d6b37c9f7179dabf6e,0.6060882,d27cfea4da8f445fb4e3c55e53c6482c
bb5b0894b81e4a8daf1feb3b422e35a8,0.59900165,eb513691b7a04d31ab1bc50bf343447b
55c82489e50948b39c0f1bfe5fbf408e,0.59477305,89597084b19c4902b073a2c6c6622456
898b757291e64b7b982221e0a86dea5d,0.5935765,e5692bd498004d32934fbaa05af2120d
7cb075d8031f47dfb9a6b37840756bcf,0.58566666,b25fe3b79f714d38b3fc53e39fd84d36
b575522bfda54d4d83e55ab89262a216,0.58140206,6a122ce1702646db918266228d48bd08
b89108d9803648fab3137eb2d150c208,0.5792403,d27cfea4da8f445fb4e3c55e53c6482c
2c477c4f58dc4ca1975569a1f34923fc,0.570078,77ac5eb4b3054ca68e2b0dcbd5473fd1
a79ab69369744d3bb4d94f1ed2d8c781,0.564384,c8b9a0ac7c214a449c434aabdf6ef770
5721ca5ad6544bb8b6995ab82d1f5fac,0.558312,80948e17b5694599919e1502bfcc08f3
9b8afef332b0478a954974c9be4b010f,0.5582775,2a9658410614443d8a27ef174f61d6e8
ae244311f36c42c19709ec36d518171c,0.55690056,0472051dc57d43f8b9dd08df475fc4a3
eccc933299ba48deadc3fbeb6ca6ffea,0.5528224,37337ebec05640b890e4b9612776c32b
fc0ddf22d761445da507bfd2d2d08d33,0.55160195,efdf40eee13d409c9955e5b84e4408f6
6728135560274c459d26043145918a59,0.5493987,ed9b10a2879742628fce003076ef9024
67807253c7c94312952c818472d4888b,0.548887,6c8a24653ef04f559b88e0f27c0df63a
71466cbf526f4ad890c742b6e4fe7449,0.544834,6542f58c143446f280e88a6375ccf79a
42096f8107c945a1a2cb7d0c4ba65a75,0.5339824,faaac88748714ce8a99413b952a1dac8
91467c6be29e4dd4bf681cc05803d081,0.5286176,c88be17376104f999b914a91aebf7220
acc8825aa2cb4d06bd3574a6b36e6a40,0.5275287,c0cb721b56f240dabf7f464e453ef72e
83d43c7c640c4996a271c9ec70bd0746,0.5266535,0302e7dde9074dddbbbdf85e9be57901
0ff2646f55f04a5a93328204b6fa099c,0.524261,31b69f9501c4415e929b6af28c83f6a6
e064b22a3b0a424498be0599ec51b26d,0.5198586,1b4e143cfc1648a5b877d7445446366a
6f5aba39f47a4d7b87f4b50122d8b660,0.51606405,7a4c413f5c844796bd5ffed2b65f0336
237d880c4172486781ba355b82ab8600,0.5151665,e96aa0967ab94368b381354e03dc40ad
e95f49fcbcd542bf8815319116a39edd,0.5149689,0302e7dde9074dddbbbdf85e9be57901
537772e1a2c849b2bcc68c362d5c2c16,0.51434225,d0a840820172465f83c8480d571e7b71
f5abb68eab244fe38e79be186719a8d8,0.5058528,369fe18b94f54c98b554fd22b4a3b50b
c3b713beca8b4136b4807dc4071fe795,0.50467306,d331012ecf0c40888e0ac290184f0883
e1e6878707524a03864e9b83fb89345d,0.50185144,74e7db4222ca4a20811199afafa346a7
a7c72b26df5e476a8a8efd1d597ead90,0.49850664,9ff95d23c3284d31ba5e398afa520649
1ea12b451b3d408baf7902165bd34a14,0.49796054,65664fb3aad341fab563409d91dddd2d
0b7bef4f00bf42b0ac6d5e824b04daa3,0.49195015,903360099fb644b6b88c6edac88eecb2
0414265ccf0d4dd59c98749d24924fe4,0.49005246,d27cfea4da8f445fb4e3c55e53c6482c
3e85ec80c479459598052f2abc51cc73,0.4883191,c9e2e76e631c4d0a8013d90892350e06
f8dc989408ab412199e89745baedbb50,0.48738235,8f285540a9394706bd6ec6cda46c5058
fcde1e3b91aa485688682e6fdc3c24e8,0.48626512,1d47a696eae94bd29f215a4787b27d8a
9385f152b6204244bd58c6107f500381,0.485123,9303b9f7f4984b2dac8aeba8c8da8ef6
bb53d0593f034d19b5b20210035e1058,0.47588354,f11f1682b5924181b047d757d3e20964
a9b68d896d484e6a9c7e87b014dce89c,0.47386935,c88be17376104f999b914a91aebf7220
f1015462e69f41ea9a9c663ae07f13fd,0.47176647,ad2109663af04c549385cd2ab9b3283b
a90f7233ac774c298df91a6eeab11626,0.4699635,d42996c2b67443fd9b73bba7641d4f77
39ce9102f2044852bd09b544df5b8092,0.46862876,7ac9c94011924c09b47f9640211885a2
ca143ca992a648ca9b004f3be8a53a61,0.46613953,4696c8192576454f8684954bc771aa23
05c94abeee1e4897a6b14e8c36542ab6,0.46417964,5a26ae7959494fef99542e9b2004fd11
840de6fde47e4e64916bdd5277bcd173,0.4608441,8f761e1117754656ac86a3a25f241cd7
5a9a922465d14fc6b190a50e964695f5,0.45685396,6a33c207c8b648f680dbd0e65639ef04
f854f94037cd4d678dad33c5ee4d0dae,0.45393354,5a68e05acea4434ba08e17e1fff00057
5c6c691ff9a94d5e954977de26cd9cad,0.45282692,fb695c097d5845c282f6b30c241e8cf2
2fa8c386148647ccaeee6adf877a7ac6,0.4512132,8aadcf7251724cc6858dc0db44abebe3
6f5ef9875cc848bbac020144e710e378,0.4471616,75b0bd2240a54f6fb45bf95ca43ab5e6
33d76c41516a4e5aa8c5b3b16cc6c6f7,0.44611603,e7d6747e8c8b4ebcb665e232240daf17
79ac90f7c3254209afc09b44172a29d3,0.44283366,c8c201e25c0047a2ba9d9e8541ac0939
7901d858c6e44dea8acd99a79e378956,0.44108838,fcc9863b07fc4bd5a01fab5b9160eafb
2b50f012261b4b2ba6b92ef109d17277,0.43992838,b25fe3b79f714d38b3fc53e39fd84d36
c8e075e8f30e4586ac075d59d5be938d,0.4373226,fb709e29755b44988bb252c87a2ce2f3
383e7cf30f234aaf852e3f30de7879ed,0.43244952,4a4eb12a639346b5a00557d54b51fe51
041c8b8571254958916a2b21a2e98516,0.43179584,3257035cc77946d98bdc09e2fdd5cdae
4eae669b05f642a98f2ee1b828c4807d,0.42722023,fb709e29755b44988bb252c87a2ce2f3
c69f7426bfca4d959cc756572440109e,0.42284435,3b13d134762445cebcdbb02b484db77b
a22926b3ca894e6c80de0e172a46f36a,0.42256296,9170e0bb8fe44b309f83293808d871fe
4d11f7b70f1b430697bde44deb6f6e8d,0.4211899,f5a6222612ef406b8f02aef87e08c476
5b21a17866f54dfa8e63c58219851a21,0.41535896,d981f2c67f764e0c84af125b563958e9
5bf9e6f5654045d28dd2225231386807,0.41245845,23066f7964874fd39639dbf2cb2766df
00306589ab9241cfb569f6b85c0e2843,0.41119835,7ce06191f1114b4c8a00609f6867761f
9fb8c17411204358aa87dcf800bd36b4,0.41040915,bd35571850644321b86ce4fae286ce7d
3b54cc7ced814b6cbc6dea86f09aa770,0.40765768,ed9b10a2879742628fce003076ef9024
3cb97459e3f74194b27d06def0becea3,0.40285724,c322b788813745e0aa7b592b4345d379
7e1df8a5aabd4ab88cff299bb27c308d,0.3961891,0472051dc57d43f8b9dd08df475fc4a3
8779ed6ba8014232ae6caf2ff9ef4317,0.3949206,156f393f7ca046299e09d05464afa056
c61e43ceb2744ddda2e531aa77f3c6b2,0.3921088,c322b788813745e0aa7b592b4345d379
4cfe5514dcd64af29dbb1012e6e35f81,0.3906483,bab3bdc133384798b558f8fb6466a7fa
869ede3e68734644b841477bdcecf1e7,0.39025342,1b4e143cfc1648a5b877d7445446366a
e349c885e3cf4b12898ea2f38cccf188,0.3888177,f615619defc4402b82845090c238e597
8ef2aba44c3c4a85a7499fcc0cf28ff5,0.37952802,e52a528036014db0a7bd54b99a310fe8
01651322a4034bdba60434218dfeb79f,0.3778134,d6fe6f8380464e21a27fd69de27f1f57
3e8ebff2d8524f5aa87e3d2117dcb463,0.3705533,e7d6747e8c8b4ebcb665e232240daf17
9938803be0884fc282a350a72835a9b9,0.36814815,4a4eb12a639346b5a00557d54b51fe51
d65ec9584a074f8494467734378fc499,0.36506242,d0a840820172465f83c8480d571e7b71
90f24532a2864b7aabfcb8e5d5dbce72,0.3649446,46ba0b979a664c7cb0c315c4cde6ac86
b116fe66d95d4c04beea8a4e5f347684,0.36460817,dc58564d0c8540bea4f3e2e3696deae8
56f20fa9e0904380b48d10ec3d81950e,0.36339882,ff715b4f228443e3b067c801250f3402
87afeec5f3cd4d9d8f6d5a0c7f48260f,0.36086094,bd2f91a9415049d980e453f94327e0ce
f7937418662b418b90963799279bc248,0.35857648,09fc9f38fbbb4bfaa1c979ac9cc43f0b
7360c15d3abd4dd8a5af35cc13c48b1c,0.35753772,89597084b19c4902b073a2c6c6622456
8a96af0f20f74b209326dd750c56a2f3,0.35606578,0ebc441d25664c91adad96b570270f07
eed22afb847c47abb46b07ec48d1b679,0.3560308,c26f5e7dcc8149f18f3d719bba9ae717
eeb6b27942084fa6a8e663ec3a3dad56,0.3553407,a0fe3cd34e474c3b90662ce8ef1fcac6
bd2048721a484ac4925726f9a0df7499,0.35259455,e52a528036014db0a7bd54b99a310fe8
f3ea230754ba41d192cd37ed751d1318,0.35056573,8f761e1117754656ac86a3a25f241cd7
3d87a00da06642ab94224dffed6c2ef5,0.34180722,c9e2e76e631c4d0a8013d90892350e06
d826d2d9a30147d59c909ec8484bf8b6,0.33861512,ed9b10a2879742628fce003076ef9024
0478a4dd439f4218a9194cd283b15aca,0.33848277,ed9b10a2879742628fce003076ef9024
2b4fda504eff4531832d7897265ba39f,0.3382675,d79afb377f5349a69830b2b4c7cfefcb
3bfce2ad291d4b7780e0e8b06d4283c7,0.3332674,6aba5a04ef8742a39d3a61644a5f0729
da098162d0924c6eaf6699ca87326527,0.33204195,ad2b6fb945714e6792c17bd49a1066e0
5f5d6306678c4a0cbeb65f8580c9cdbb,0.3319598,89597084b19c4902b073a2c6c6622456
b9e0a43c19a04981af4a6dbf15166196,0.33170533,aa2d7a3a535243189492d4ce8e79c049
861d015f426f45d6bd869c91fb7aed57,0.33085802,eaca056cec224a30aaaed30c39f644c2
26463e5a5b3b4b8abdc0a436268a93cb,0.32753146,77ac5eb4b3054ca68e2b0dcbd5473fd1
f68b3be7e23c4f86addba549e41b9077,0.32678264,9b22c5cdbff44bdabd48dba008e6a3b2
d3e12207d56644628943a01c0cdd93ed,0.32557976,1216ce1ef31e4643bb1222538c206342
7dba9b481a53475cb2f9bb524154fa97,0.32334644,75b0bd2240a54f6fb45bf95ca43ab5e6
052e254bff244d2f88c0d2566ddc13db,0.32289216,e52a528036014db0a7bd54b99a310fe8
b9500ef3747d4220b748183372d8c2cf,0.31925273,f9fae977af2c4f35b29400f31267e170
0b0ee45e830245ffa3ce101af6a1a750,0.31843236,855b3971c4a147cfb9a7c281fa6b915e
d1a53e6e1d6b423e8bc3fb6a7986a87e,0.31685388,b2be859ca8f24cda86821d5383edbc18
93a89031c44d4d6e87976f696e205219,0.31561688,4d708e5878784386a42c2f436d2d60f0
faf7544dd7fb43c5b63a56c55bcaafb6,0.3118386,4ad7e2502210436f9ca5735fdf7e50c3
794516c691a54f63a105c96bf716febf,0.30999124,1c97c72e076f40fcadb22b17e71beed1
7d4cb32e892a463b96ac09595cffccf8,0.30838057,0f9cc12519eb4872af7be7fe49e19f59
0a0d970d0884494391ed2a3bb2f00b54,0.3073171,92229a391d0b418f87b32c86c42a292c
9555747543024d518645fa84d0dbac94,0.3048101,369fe18b94f54c98b554fd22b4a3b50b
1d9521ba2b624c7aab43f311872c1d09,0.30149952,983940e0b12e4186a281c36de657406e
e3fce4db03644ebaa6d2618e06092fe7,0.29646128,1cbfb22f84454b1fb821b602e3ad11f8
0727ac84c4494b248aa13d6c8ffe7225,0.29574454,4d708e5878784386a42c2f436d2d60f0
6fb6a2666474414e950f94d5b467b229,0.29441804,bab3bdc133384798b558f8fb6466a7fa
aa580e725d534bcc967dbef0c65b141d,0.28207228,88dc23909eb4415aa39b96cc3a4c2926
5ab1cd14b5304690a8f45e2bb5a92dc4,0.27952474,19c9ac7b84df472c85ed6cf5a05fbbc6
7ee89cd6d6774885a024ad9e8abfda35,0.27732614,3257035cc77946d98bdc09e2fdd5cdae
8505b6622aed4fb0aeece7e02c0fa748,0.2764877,4aa3556b2aed469584c573868193a07a
b7734f7f37a349c491b96e42059f61dd,0.270653,bab3bdc133384798b558f8fb6466a7fa
aa7a7a6a0bfe40619e55e8f0b07f04fe,0.27031195,1216ce1ef31e4643bb1222538c206342
287f16e644254fb4ab92c40cf4fd41e5,0.26950273,fb695c097d5845c282f6b30c241e8cf2
3bcea4af010844979851dffe0c194e96,0.26495516,0ebc441d25664c91adad96b570270f07
1caf9a18d1b74dd5b4b7841f5fa7c12f,0.26366663,37337ebec05640b890e4b9612776c32b
d2bf482573ea4097b41b6bc649bece51,0.26116157,01690d9b08164fcabd5bf0819754f71f
266024fef71d4c25a73f93db3af86fa7,0.2611343,46bfd7af0ed6491fa621350963d11e35
4443770debc447b1b3f8c9dbb46160cd,0.25512895,e456afdf95e643dd926249fec4d68753
587c1d4811034d7d8e3ccdb4af7ddbe1,0.25499672,e25b9d9944cb4d7197efb8ffc4ff57a1
fed199237941466bbcb3b0333580ee3f,0.25374132,77ac5eb4b3054ca68e2b0dcbd5473fd1
cb3423afcfba4d688aa9cd2c23cf0c69,0.24940878,46bfd7af0ed6491fa621350963d11e35
77061464d801457a80b33cbbe0f017f6,0.24297169,d4cd0b56b6f54e08aec8ebfdb6122c5c
4b82d1239c3f47488e057d0f3898204e,0.2411562,95fbc6ed8bfd43c1a6bcf676e26e7f8a
408a26bfd8bd41529e7fa7db94cdae03,0.23891434,d4cd0b56b6f54e08aec8ebfdb6122c5c
292a36cd38ba43bf86a043e2de9d7bef,0.23473488,eaca056cec224a30aaaed30c39f644c2
729eb469bdc343e6b5c2628e9be83fd1,0.2261338,903360099fb644b6b88c6edac88eecb2
3a48941fe58c4afdb3ca7520eb9bd36e,0.22280705,a4cad92644614f78bded3ca6d6023473
f41620f1a5c84928b422bcd3fb97c109,0.22136605,09fc9f38fbbb4bfaa1c979ac9cc43f0b
ca9d736b288240819d620ec83c0b3f3d,0.22064996,8f761e1117754656ac86a3a25f241cd7
ba2103e1cad442ec881f2b0d25c99bb9,0.2173948,46ba0b979a664c7cb0c315c4cde6ac86
67a610b0590e4dc98c6ad2de2c47446b,0.2155849,64fa5ce839ef406b9bc8a1b2f05094c7
eb012357f09945268a134e8461cb8cd2,0.21547605,d74f6e7abeb84eedb9923dadb62f45f0
16b26a25f49f4efa85d21e2a4302e506,0.21295321,19c9ac7b84df472c85ed6cf5a05fbbc6
46a274267ab54ead8270c0e79ff16753,0.20844802,5a26ae7959494fef99542e9b2004fd11
1cab9ba05da64cb6a34b521f9b039303,0.20591366,1d47a696eae94bd29f215a4787b27d8a
b256661e96a042c28b299514e4e6e4cf,0.20318356,5831f5e280be4c02a09ce4588b56d7f3
757730e7c0414b47ba2a3a52768cdb3e,0.20212743,630edd9b8f754b5dbd36cfbbd03ccb51
96427260d7a740dc8e8abb4b879ac84d,0.19848602,4d708e5878784386a42c2f436d2d60f0
d940c859c01449d2acaaa7b3fdf1fbe9,0.1981465,01690d9b08164fcabd5bf0819754f71f
d1fafb5d71ba42229f870ebc99263d20,0.19566149,836ec4ef8df644328ac07b7803709323
b4e255878aac412187c87d835597242f,0.19469374,983940e0b12e4186a281c36de657406e
5df9b0803cc442b68e59b21fe5955092,0.1937679,e25b9d9944cb4d7197efb8ffc4ff57a1
a3c58d5d2da942aab6283a42db2a14f7,0.18805635,37337ebec05640b890e4b9612776c32b
93945027f4fc4a43aedd7dc6affd5621,0.18261942,d74f6e7abeb84eedb9923dadb62f45f0
cbccb64b48814193a639815717dbcc80,0.17840682,4a4eb12a639346b5a00557d54b51fe51
553209cfbadf463eb60df32bfa7da770,0.17817253,65664fb3aad341fab563409d91dddd2d
45e4e8abcc7d41019873e9cefcf22239,0.17647456,01690d9b08164fcabd5bf0819754f71f
7347c822edd443ed856998a70357afd0,0.16903192,8a77dc665d8b4d95a0b1113522f7e9c3
312939eb59d541dfa7df51991a32d5f6,0.15766776,f615619defc4402b82845090c238e597
beaee44c26404f84a56c0c185b5bf1be,0.15762982,e96aa0967ab94368b381354e03dc40ad
c7d1e88369c14b5bbfe40bbbe31311ae,0.15758651,cd60a0fcac24465a880af7d8f921dd68
6e651760ac2e4377abd5ff9ac4b8c9f0,0.15354267,d9fbe02f04a4469dac855f69ea6ad02a
46d21d8ab5eb41a080233ba04192b3f6,0.15214324,d576e334105247369362b05a375e88cd
2f01109a00d94d2ba4736fbea4522c20,0.14343993,78b600dd53854b018f87267d268b7b1a
17176251386d48d798eb18eee7208273,0.14307688,46ba0b979a664c7cb0c315c4cde6ac86
45fc0cc071f44aa5a4f55b6521959f82,0.14103791,7a4c413f5c844796bd5ffed2b65f0336
baa0f8290544453cb52c2a41cc0eee30,0.13956879,d79afb377f5349a69830b2b4c7cfefcb
65add58592564636a49ae7417f79e9ca,0.13869715,b8ca3b6144cd48208caae952e096e7ae
a5b36f9c26ec44639e19ecba64ad7063,0.1381725,8a77dc665d8b4d95a0b1113522f7e9c3
f8e19b9e878142969c95441f15b0da57,0.13266796,89e43b092c844b5886a93091a22c894a
425fbf4deffd4fa183bfa210c296d087,0.1308579,d42996c2b67443fd9b73bba7641d4f77
f31d22a46dc54bd7b4dbd9366f0304d5,0.12862486,2a9658410614443d8a27ef174f61d6e8
a3c8a08e370346b095ed986fc19f420d,0.12800612,89e43b092c844b5886a93091a22c894a
a89278348142457886434482fa366f57,0.12759581,e25b9d9944cb4d7197efb8ffc4ff57a1
468609586ccd417ca9487c3c35ade3b3,0.123722635,057164cf4aab45ebbefef3409359cfb1
6e6870a557a147a9acc900ab380040fb,0.11991345,e25b9d9944cb4d7197efb8ffc4ff57a1
3fa1b0de6d4c416189e62ee40264edd1,0.11309773,e27d9425c912446e947fe53c4a757375
f913fbb165604ca09fa3b9c547ab4d04,0.11095984,5a73e0a5c757410eb0928feed7b151c8
a5f7a2fd13b64df595ec85f5354fecde,0.109449804,3257035cc77946d98bdc09e2fdd5cdae
539c9a4dd3ac4de18415aae9107a2600,0.102774054,11ec23965d2941d0817082107996ebbb
26ee506b01f6447f8db3592bd80ed39e,0.10245001,78b600dd53854b018f87267d268b7b1a
7bccbe2abf334b329b400531be6a3be7,0.10191122,d443e0c5017d48d1b3f86bf4da959ed5
2f0bcda66cd34231b3a3822dd57f7f2c,0.10093482,65664fb3aad341fab563409d91dddd2d
e7484e33c0004b31996c7062d82f4819,0.09616624,678725f8b914453fbc1029b7c1bc0879
e1373920ccf54979ab678e62eb165c60,0.09025051,b2be859ca8f24cda86821d5383edbc18
0cee0f740cfa4b118595c4e921220588,0.085115336,92d5da561f5a41bf929f3555a74cd653
96ad923a06f54d79a74431cd06b8adea,0.08439174,fb709e29755b44988bb252c87a2ce2f3
69705e3d3da0436881b25f42d2a6f102,0.07808517,4d708e5878784386a42c2f436d2d60f0
256d2577d4f940778857e3ae7fa8e965,0.07647541,58f53c379f7a4868a2ba6d91a06247d2
da3ca57a5b8943839227341c423ae8f2,0.075763166,e02ad4f63c8444b79a7a56fb23a4e0f1
ba50600bf9f046bf97bbe28dc09a3ff4,0.06624529,92229a391d0b418f87b32c86c42a292c
6823a93202f146b282eb66b620ae592b,0.06582928,6b9b2c8f0a874bb8b6691aca6bc49565
65120ac6b44e42f1831bb02005863657,0.065336704,fd51f3eef1a64d9a93652be481bde32e
7eab4332b2af45cd8ba6c4050d814b39,0.063104875,ad289d5052264f9c8bd0aaf9faace92e
d87ab9d9a67547ccada7b9ea3d22154e,0.06204468,bade01bd83ec4b6786fd8c867ca7a090
56c2b163d79149048fcdf4e0f9d5598b,0.05224213,64fa5ce839ef406b9bc8a1b2f05094c7
a904fb4b818843aebcf6c526facb5089,0.04477042,8a77dc665d8b4d95a0b1113522f7e9c3
37a21040d578476783ff8751dfb91faa,0.042471778,02cf82700b4f4773af3a14ad8eaa5270
1e9c95ee032147a2aa469f8482bf5f9c,0.020580754,678725f8b914453fbc1029b7c1bc0879
ca6f0e18c75849428e7dbe14c1403841,0.017027333,c26f5e7dcc8149f18f3d719bba9ae717
d3b5dd91af4f4e17a5b26bd5058f3dd5,0.0142570585,c26f5e7dcc8149f18f3d719bba9ae717
70eae43486ba469e9dcabff502a498ba,0.0062192404,11ec23965d2941d0817082107996ebbb
1fed8f37e5d44fa599aedccef449767a,0.0053802133,bab3bdc133384798b558f8fb6466a7fa
f54fb64fd5a04f3ba5c065305856b3f5,0.0023421943,d6fe6f8380464e21a27fd69de27f1f57
d52b00145e914e48aa1e81cc1b399901,0.002287507,cc21026ff0d541909df56c5618d28518
dace4a83a81f42048efb60a217370134,0.001403302,cb85047b65f8468aa02744c28c075dbd
