249dee8be73c4f019ebfc02f74d02ad8,7.112143,640f3bd184b7425fb22cc7773b8b2244
a95f568bf31846fd86a94ef5cc3a229e,6.2729125,ad289d5052264f9c8bd0aaf9faace92e
d87ab9d9a67547ccada7b9ea3d22154e,5.988258,bade01bd83ec4b6786fd8c867ca7a090
b4a8d87a40804af0ba2290010e25deb5,5.8037853,21b1ded02d7b42618592187e287835a3
4ec7a9ba5579479e8eb75b6a39172728,5.7201185,5831f5e280be4c02a09ce4588b56d7f3
74b25851047d4c08840debaa0bcd9e2e,5.2936993,80948e17b5694599919e1502bfcc08f3
518dcd746ac344f692cc34db6c714430,5.248973,4ad7e2502210436f9ca5735fdf7e50c3
9e769043a2f5480e8f0bde6e83caf70a,5.2119384,e02ad4f63c8444b79a7a56fb23a4e0f1
9ecd5b6acb6a4d10899c3464d4929105,5.1606197,8f285540a9394706bd6ec6cda46c5058
afb3f7ad74ad422c8162326a9647de92,5.14434,73e7e41e8db447c09cb2363d76556c64
7968aaf915264497a603da45beabd178,4.9709535,5a26ae7959494fef99542e9b2004fd11
13efb9d3d8904edb87940273047233f6,4.840166,eaca056cec224a30aaaed30c39f644c2
0499bd7b39be4304b273f17a516f2eaa,4.752048,80921378de2b4cd3a14d449688d8b079
b717169ea8804058961095ae61a7b5fd,4.722078,64fa5ce839ef406b9bc8a1b2f05094c7
1db0071ef86044f094e7faa2720a4ca4,4.7008886,d331012ecf0c40888e0ac290184f0883
a57effbc5a3a4d369b53ac72791e1b82,4.69195,7a2491a27f3c438a8549988f7a79e26e
aa8510751ea1474a90449f0bf668c26a,4.6706944,691acac4a54d450697afb2c2dc4fca09
a9a64390a549402a87d7334ff62aa560,4.6650133,73e7e41e8db447c09cb2363d76556c64
6e50350fd3c745e6be8f38c45f9b9148,4.6611238,fe6ace599de44aa19b1773dad3658fee
a904fb4b818843aebcf6c526facb5089,4.6572886,8a77dc665d8b4d95a0b1113522f7e9c3
03338969d6c44f879a13c672864f6001,4.62388,f615619defc4402b82845090c238e597
8ec020ab1bfe43a58c104ac0eaa95bf7,4.6233053,0ebc441d25664c91adad96b570270f07
a7fe5588b97f435caa29a3b507cd51f1,4.604493,0ebc441d25664c91adad96b570270f07
4cdd959af2f14b51bed3c4107c2f0405,4.5816507,80921378de2b4cd3a14d449688d8b079
2a4b8f6f2f1948e587b2de1effffc8c6,4.536973,23066f7964874fd39639dbf2cb2766df
31d3239dbec34e65a0e239ffec9138ea,4.5320435,257aed6ca7a44f1cb5c664beb1be527b
d4560ab76d914af184a3cafa8ec46abc,4.5029335,983940e0b12e4186a281c36de657406e
b457016349004dba8b94241ddf2b6964,4.499758,640f3bd184b7425fb22cc7773b8b2244
1f314e6f401c4bcb95f97316f5aceb0a,4.4937825,2425086d8eaf44d2a9519f0e4e6b289a
7c44128ff20b427f8ee22047fba9882b,4.491631,1f8c0f02984e4139bf8043e57497fdb2
b4bfd87056ca4927b56965f9b8341f74,4.4091024,74e7db4222ca4a20811199afafa346a7
dfd4d092c16c4fbca7e9aac5e15806c4,4.375753,1cbfb22f84454b1fb821b602e3ad11f8
de06cda8b2974e1faea48a81f0d71342,4.361725,6b9b2c8f0a874bb8b6691aca6bc49565
7986e60543204582ac542d56eef7cda9,4.3593783,9303b9f7f4984b2dac8aeba8c8da8ef6
ac7a9829a2a24b3aa81bebb2785533ef,4.347952,8f285540a9394706bd6ec6cda46c5058
00bddd864f6b4c06bdae75aa6a690693,4.2956944,ad2109663af04c549385cd2ab9b3283b
8afe31852af94133a8a0e21f4b27e5d1,4.2798605,37337ebec05640b890e4b9612776c32b
edae612794a548eea7fe0edde2cd8271,4.264445,c3412c53e9ec4b6a9a1aa95cf7f0f1e4
c762fdf4bb4d4f4992cdcd83ef4f2222,4.2358923,fd51f3eef1a64d9a93652be481bde32e
429c0e9f5199454590fcd1e2560a42a7,4.1896677,1af4472b38cc4304841b2f1720075c9d
7d52dc1203ef4f9e9149a1557341406b,4.176189,a1d8cb16dafd4126922f985021e93631
3b038bed6122476bba5c73f7188efdcb,4.1385536,1d47a696eae94bd29f215a4787b27d8a
cd1d8e8c5cbe4d4cb0b1fbaf84bec386,4.1069107,650afb6a1d054e59904a1b796552eb04
074732e2729c421abe906cc4077f1eae,4.103794,369fe18b94f54c98b554fd22b4a3b50b
09a86f7239984e8faf484dba2109244d,4.0831437,4a4eb12a639346b5a00557d54b51fe51
9f68e2380d2a40eda419370717d328b2,4.0765123,ad289d5052264f9c8bd0aaf9faace92e
7243a107cca54629976980cef4591fb0,4.0659847,1b4e143cfc1648a5b877d7445446366a
01213179f19e4a5d97590bdc85be49aa,4.0513463,1cbfb22f84454b1fb821b602e3ad11f8
d70588024f024cdda9e71020d4ec2183,4.0402794,c8b9a0ac7c214a449c434aabdf6ef770
fba9b7d7ae944ed889c1f11ceefd238f,4.0347443,cd60a0fcac24465a880af7d8f921dd68
a030121d60a04600bb73087739ac4044,4.0313454,d981f2c67f764e0c84af125b563958e9
146864f4715c4e438e2c3294df06d9b8,4.024967,691acac4a54d450697afb2c2dc4fca09
152e0362dac34ef8940b97d42520b9de,4.019553,17cc6768c9d14388b7455fea0060b62c
89b0d50305744a53bf5c6cabc6f94b08,4.019519,d27cfea4da8f445fb4e3c55e53c6482c
dd671b4f80574f9b903f650ec7d65be2,4.01592,0472051dc57d43f8b9dd08df475fc4a3
693fab3513204d1594f6d18136b865e3,3.9980824,1fde4c9a01f84c349461083b6d0ba9ed
62550b8ddf604cfba4e092fbead3bc1f,3.9744935,34b71675a1ae442395b6eb1f3eda23df
a202212d6ad9404fbc16c60a7fc73ddc,3.9581425,fb695c097d5845c282f6b30c241e8cf2
1413507f5f8f46109e5caee2e853eae9,3.9389324,700f381f40ce4b039ce0df8b49fb199b
898b757291e64b7b982221e0a86dea5d,3.9301755,e5692bd498004d32934fbaa05af2120d
91e6133ed3e2412cbd4f9450388c7eb6,3.861877,17cc6768c9d14388b7455fea0060b62c
7b51de0f71b142e7ba4820c5972d711f,3.8597136,b050e9e1ef5946c297a34dda98d8f476
5d204449172f48b1b51ca2ed9308b6d6,3.8496785,11ec23965d2941d0817082107996ebbb
f2f267caea8b4b99a078a6d77af06916,3.8435795,7a4c413f5c844796bd5ffed2b65f0336
729eb469bdc343e6b5c2628e9be83fd1,3.809654,903360099fb644b6b88c6edac88eecb2
a7c72b26df5e476a8a8efd1d597ead90,3.8028991,9ff95d23c3284d31ba5e398afa520649
99370de3bbb74c12a92ca24b995d92b1,3.7931128,4430d47e30904eab969c1baebca184c0
f6440ad65bcb48fc8d7fb11f5accc309,3.7868907,e7d6747e8c8b4ebcb665e232240daf17
aa580e725d534bcc967dbef0c65b141d,3.7560852,88dc23909eb4415aa39b96cc3a4c2926
84350503e37143fc8548ffcbd24070b0,3.7534378,c26f5e7dcc8149f18f3d719bba9ae717
27074d8daee940d0ad71d8c9e50c854d,3.7328205,d74f6e7abeb84eedb9923dadb62f45f0
f6577f16e3764b67b1b06fc24d9379bb,3.731977,e96aa0967ab94368b381354e03dc40ad
128de5daa04242e7b0c9eca5277071bd,3.7278166,85e7ea30890b456084b8e85c299c8649
1d2a027561834f03b680a90079cc8e25,3.724962,4696c8192576454f8684954bc771aa23
8f46f1c9e7dc4f0184c02d6fef8f3708,3.7196143,b4150337314e40fb9e3ebb24514504a3
e3fce4db03644ebaa6d2618e06092fe7,3.7185082,1cbfb22f84454b1fb821b602e3ad11f8
a89278348142457886434482fa366f57,3.708486,e25b9d9944cb4d7197efb8ffc4ff57a1
539c9a4dd3ac4de18415aae9107a2600,3.6729934,11ec23965d2941d0817082107996ebbb
47bdbd87490b4698bcd3b038c2baf6d4,3.6687083,4d708e5878784386a42c2f436d2d60f0
54371d2d71dc41b99b9d79ae757b5dbf,3.6569984,4a4eb12a639346b5a00557d54b51fe51
cfa58c9270cf4b82a9a79385be571a83,3.6536233,6542f58c143446f280e88a6375ccf79a
b5c4664ba26443dba0dde05295158123,3.6502452,564a84b1b830407e811bcfc7fd086a6f
9b5cafae0dc14e9ba24b5c6db5381eae,3.6490645,23066f7964874fd39639dbf2cb2766df
5be3fd711b704af39312fd1561b95353,3.636849,9170e0bb8fe44b309f83293808d871fe
4710bc4b3f9547e4a1b836e957787a46,3.6309924,a1d8cb16dafd4126922f985021e93631
de522abd79fd437a9ba590c4aa3aa7a1,3.6263323,a1d8cb16dafd4126922f985021e93631
f23847f4eab34d3ba19bf1dccbc32306,3.6163914,66b0c8a58f444ea0aec34d9403b88a49
c36813b8ca3e42de94bfb013ddb507ed,3.6154141,1543a2f94aa74008914301874d98f0f5
8e57d7771c084620b4bc95981a394b34,3.6102977,4aa3556b2aed469584c573868193a07a
619fb307d36a42b8818b2918edc88ade,3.5826766,aa2d7a3a535243189492d4ce8e79c049
abf8b91082294675ba25ab35c659daa7,3.581878,09fc9f38fbbb4bfaa1c979ac9cc43f0b
211bbe2f818640a39e55304483f7aee1,3.579669,691a538d2372403fad2b919b48ff5f85
0111c90ac0ad4280b5cbf6b56c2d2150,3.5757866,e7d6747e8c8b4ebcb665e232240daf17
75c4589bd9604a0ea1651453f58495b2,3.5736184,ecdae9f36c6a437ea72739febbf1c89c
25dc04ff2b704b6f9229ad7cb91efc99,3.567587,2425086d8eaf44d2a9519f0e4e6b289a
0af83a2558ad459cb3b54e5c9da02975,3.5648227,4696c8192576454f8684954bc771aa23
7e211c9e52254e199e0deca74afcc524,3.5537062,bd2f91a9415049d980e453f94327e0ce
ffe5e5fc7adf437bba769a5d9fff5c27,3.5410056,19c9ac7b84df472c85ed6cf5a05fbbc6
4593972edeb84fe49e5ad1058e0d8d35,3.5156553,bf59502a233e4b5eaff9cfa3a992c387
74f89cf2b75547168060f6c31aa572f9,3.5059717,156f393f7ca046299e09d05464afa056
c4060e0878a944af9730a8113eacafc9,3.4963994,37337ebec05640b890e4b9612776c32b
65985829f37342a3b2560fd757d02169,3.4830196,19c9ac7b84df472c85ed6cf5a05fbbc6
1caf9a18d1b74dd5b4b7841f5fa7c12f,3.4826877,37337ebec05640b890e4b9612776c32b
6ec94917d60e4edbb8db99b5f7c18612,3.472492,00f45d57fd3c448d8cfdf3185ebae894
567cb2c4e6b4417c89be6420cffff826,3.4588807,4aa3556b2aed469584c573868193a07a
65120ac6b44e42f1831bb02005863657,3.4493039,fd51f3eef1a64d9a93652be481bde32e
6febefdfecdd4d6dbe493b2dab3579b0,3.4419577,156f393f7ca046299e09d05464afa056
a703ddf11df347d6a8ca6f572ef505f2,3.43536,e45844e0215f4a1596a7f9ac41367c46
5dd11b299b1e4c9fa5e4d0683b4d02ad,3.4124594,cd56b9a044c24df8a7156f661cb3d9cf
68ea9efe09ec467b955f3960508e08de,3.3936048,23066f7964874fd39639dbf2cb2766df
1ef6177541694b09a66cc37c32dd92d8,3.3885283,691acac4a54d450697afb2c2dc4fca09
4cf01329838243b998a06d2ffab76517,3.3640616,99142f1c07cd4782814f8c970eaaa40a
a2257482b09e449f8dc0e6a32423b610,3.363185,faaac88748714ce8a99413b952a1dac8
98b5731fc463498f9da6bf4beeaadc1c,3.3573973,8a77dc665d8b4d95a0b1113522f7e9c3
27b747520a594968b11704d54233d20e,3.345004,e7d6747e8c8b4ebcb665e232240daf17
a10fa0e95314472f9c5d9f4695a8391c,3.3432593,74e7db4222ca4a20811199afafa346a7
1ea12b451b3d408baf7902165bd34a14,3.3406625,65664fb3aad341fab563409d91dddd2d
a7065654ab41446abde84554b4442a5b,3.3335867,7cd1db4b50dd41e6b2f3dd15fcab3b89
972aaaac6728431b983362d505543fa0,3.3175738,80948e17b5694599919e1502bfcc08f3
2a8517391a58458c8b4054fc225e976d,3.3145864,bd2f91a9415049d980e453f94327e0ce
2246c7640ba74a0d8caef1ca9f9d44dc,3.3064141,564a84b1b830407e811bcfc7fd086a6f
239190927a44453bb33c24a550d70b96,3.3034742,c26f5e7dcc8149f18f3d719bba9ae717
ed7174d9684e4c1ab43b255543d62f86,3.301576,b25fe3b79f714d38b3fc53e39fd84d36
574579024c244c8692dbb21de8829775,3.2920177,5831f5e280be4c02a09ce4588b56d7f3
13c651889f50420d9c7adaeac0c211d8,3.2782989,d42996c2b67443fd9b73bba7641d4f77
7cb075d8031f47dfb9a6b37840756bcf,3.2685263,b25fe3b79f714d38b3fc53e39fd84d36
1ee540e56f46476f8d452e04f0490075,3.2567623,2768d411cc374a018a898f9df0ca207d
2f01109a00d94d2ba4736fbea4522c20,3.2308874,78b600dd53854b018f87267d268b7b1a
96bc1d7521944aa9bd60c810ef28080a,3.2177906,b050e9e1ef5946c297a34dda98d8f476
64c90aaee7904b2ab8098f0dfe8cd516,3.2113767,d576e334105247369362b05a375e88cd
dd9a8e0a766b4f6e81c6ace1403cd374,3.2092385,c0cb721b56f240dabf7f464e453ef72e
c189a309da7a472e88194571c3354d34,3.203368,6b9b2c8f0a874bb8b6691aca6bc49565
523ac70af19e4d6988870738be0827dc,3.2014399,1fde4c9a01f84c349461083b6d0ba9ed
f66bd53c07c7410ca1da94b1c1f96480,3.200936,a0fe3cd34e474c3b90662ce8ef1fcac6
78806c5668cd4a01a34eaa549dbc4021,3.1848247,d79afb377f5349a69830b2b4c7cfefcb
b001beeb0d384d448ff9383afc5ad45b,3.1819274,c0cb721b56f240dabf7f464e453ef72e
71134a9c69f44b489217b6a7661eeb5d,3.1803398,ed9b10a2879742628fce003076ef9024
5d81d489a98d444a83664fe0db47fccb,3.1792152,00f45d57fd3c448d8cfdf3185ebae894
76ffb89b5ba84a8788d68f4010821e12,3.176267,c0cb721b56f240dabf7f464e453ef72e
d7b01643eac140139ea2680d74080bb7,3.174373,c9e2e76e631c4d0a8013d90892350e06
58e273c754c742a5a7557cc56e24814f,3.172428,b7ef0a61de0e4adf9688b2c525c9ad09
2341754cd2ac49f79a6f98d84b177e6f,3.1654336,11ec23965d2941d0817082107996ebbb
0e07a1ba34174816a6e96d6ffb215671,3.1612916,ad2b6fb945714e6792c17bd49a1066e0
6ef03128028e416e929a82f5c819206b,3.1577032,21b1ded02d7b42618592187e287835a3
dcaf50ce32524dee92c4fe00de88a3ab,3.1551247,a585d23fe43f459ba86ac15645af77ff
08b353e1649c42d6b37c9f7179dabf6e,3.1541278,d27cfea4da8f445fb4e3c55e53c6482c
999fb1ffa3824b0691a5dcd65625f30f,3.141187,2a9658410614443d8a27ef174f61d6e8
469ca74fcdf244ba896fd018680b3201,3.140446,4ad7e2502210436f9ca5735fdf7e50c3
4aa10500630647f891ae1bf725a8f169,3.1355798,700f381f40ce4b039ce0df8b49fb199b
794358e3d9a94bc48a240617b29ec0af,3.1313984,3be388c9ab614bceb086c19f70df23c2
64e6b4c018f14601949aa629c1de4014,3.1266255,779d7c2bad1940c8a861451964e1ce01
bfc3042d6d684128b937f9d9878d4eaf,3.125501,f036aaf4ab714c598a0b6da4ca604136
537772e1a2c849b2bcc68c362d5c2c16,3.1241279,d0a840820172465f83c8480d571e7b71
f3c47f8050814b93a91d14f2add36403,3.1240535,efdf40eee13d409c9955e5b84e4408f6
f7b6d1525412435fbc5af750fb1d4dfb,3.110257,1cbfb22f84454b1fb821b602e3ad11f8
bb5525dd713a4a6bac622eef1a7c83c6,3.1040907,1af4472b38cc4304841b2f1720075c9d
e0bbcc95980e4aee9f0b5f6976c5eaff,3.0978382,f5a6222612ef406b8f02aef87e08c476
29add4c6302d4386b285a8fe68153479,3.0933456,c8b9a0ac7c214a449c434aabdf6ef770
3e5dd993b40a449fa94dcff02439d160,3.0930912,9ff95d23c3284d31ba5e398afa520649
d3b5dd91af4f4e17a5b26bd5058f3dd5,3.0809343,c26f5e7dcc8149f18f3d719bba9ae717
c294e4564fbd465e948be4cb38ab0f2d,3.0797055,d42996c2b67443fd9b73bba7641d4f77
7342516c90ad4776bc0f64a3358d530c,3.0529702,02cf82700b4f4773af3a14ad8eaa5270
497126af5d624b7894a1cca2b3b0e57b,3.0312414,d443e0c5017d48d1b3f86bf4da959ed5
b7e671bfae63423bab3fb47c46a0b0b9,3.0250168,8a77dc665d8b4d95a0b1113522f7e9c3
ef4b6d47c51c4527a80e52519f3c872b,2.997433,691a538d2372403fad2b919b48ff5f85
54cad1d39001470bae1e14fe0e58f061,2.9920921,cc21026ff0d541909df56c5618d28518
fe079e85e77f4cd98fc3ce5e6b2476c0,2.9916778,7a4c413f5c844796bd5ffed2b65f0336
0c472016621a42b2ace086642ed58917,2.9878464,92229a391d0b418f87b32c86c42a292c
c853cbd19ac0421eac6817429b6f8804,2.9844277,526ab7eda50e4a239d03ad505832d61d
590ea703d6da42979db4f6cf3ec882f4,2.9792645,1c97c72e076f40fcadb22b17e71beed1
a476d6cbc62045dc948a30c9c18327a2,2.9765656,691acac4a54d450697afb2c2dc4fca09
bee104c3212c473da29f1f4518f4fd7a,2.9637427,4430d47e30904eab969c1baebca184c0
2937b0fa761c4d3294bf68f522d9ab25,2.9543593,74e7db4222ca4a20811199afafa346a7
72679574292b4dcba4cd8bf82996bc5f,2.9497304,64f1d63a671d441d9663a783f632f794
8085782f7d76421b8468fb1e61d4fd61,2.9475803,369fe18b94f54c98b554fd22b4a3b50b
a18a19c2ef80495ea076e2ecc882c7e7,2.9465687,80948e17b5694599919e1502bfcc08f3
1ab3ed9b9a4d45cc81fcf7e200bdee0f,2.9434278,ff715b4f228443e3b067c801250f3402
299011ed1f504bc0ac2d31f2876162d4,2.9040425,4b748d6624144214b3d8a80b37aabde6
f68b3be7e23c4f86addba549e41b9077,2.9027786,9b22c5cdbff44bdabd48dba008e6a3b2
7faeecafea264aeba8271a5a540bee0b,2.8973844,1543a2f94aa74008914301874d98f0f5
982360bc10ca4c3ba78467718112babd,2.8873413,c26f5e7dcc8149f18f3d719bba9ae717
3e85ec80c479459598052f2abc51cc73,2.8859649,c9e2e76e631c4d0a8013d90892350e06
654c2ffb9ccf4c1a9a3f865902e7b683,2.8830795,fe6ace599de44aa19b1773dad3658fee
5db16d2af83a479d85d0755051ccebb6,2.8806298,b25fe3b79f714d38b3fc53e39fd84d36
56db49f870bb49eaac223bc725d79f26,2.8759031,17cc6768c9d14388b7455fea0060b62c
1e239dcb58ac4c869ed3fc6c4c4a06bb,2.8737867,f0695d7e59d64941b510a3d12f801d59
7eab4332b2af45cd8ba6c4050d814b39,2.8717878,ad289d5052264f9c8bd0aaf9faace92e
17ef3923d27b4a0d99dbc74302d79924,2.8704042,e25b9d9944cb4d7197efb8ffc4ff57a1
f8dc989408ab412199e89745baedbb50,2.870137,8f285540a9394706bd6ec6cda46c5058
bb5b0894b81e4a8daf1feb3b422e35a8,2.8642757,eb513691b7a04d31ab1bc50bf343447b
474bd4189cb5456daf7a1df79784d4aa,2.8587048,e96aa0967ab94368b381354e03dc40ad
a8a7550acecf4436939c03b7e74ec8a6,2.8536875,cb85047b65f8468aa02744c28c075dbd
5c85caaeb0fe44b19a63bae94eb3c1b2,2.8468394,c8c201e25c0047a2ba9d9e8541ac0939
06bf7c8951c64f95bec0eb20b232e5bd,2.8427126,e039a00eae414ebbb2205b011ac127cf
9d3df96b762f475baecfda5f306ccdc7,2.8359375,b7ef0a61de0e4adf9688b2c525c9ad09
71938515de5a4c74929e6fa8edb97420,2.8358266,c9e2e76e631c4d0a8013d90892350e06
c9d40d7967754291b6d16c34879f008c,2.8340025,73e7e41e8db447c09cb2363d76556c64
45fc0cc071f44aa5a4f55b6521959f82,2.8278964,7a4c413f5c844796bd5ffed2b65f0336
0a6d5cd06af2452ca1b3a4657d9e0767,2.8240755,d331012ecf0c40888e0ac290184f0883
dace4a83a81f42048efb60a217370134,2.8193004,cb85047b65f8468aa02744c28c075dbd
9ebe890cdbad44f1936503311aa8efac,2.8190413,d79afb377f5349a69830b2b4c7cfefcb
cbccb64b48814193a639815717dbcc80,2.8139899,4a4eb12a639346b5a00557d54b51fe51
3cbe7ad4fbe64e83876d9c85f91a8237,2.8098636,d4cd0b56b6f54e08aec8ebfdb6122c5c
5f5c72816fcd4fcc8f58aa66c02daac3,2.7972898,eaca056cec224a30aaaed30c39f644c2
c81fde53a5804d74983247fb14718050,2.7767577,bade01bd83ec4b6786fd8c867ca7a090
d3d566cecb79472ab65c2a57bc6d7b6f,2.7749858,7ce06191f1114b4c8a00609f6867761f
e2b08fa4040643048867ee258a43c077,2.7740703,678725f8b914453fbc1029b7c1bc0879
33a87d7db931410abdafbba3321d5b5c,2.7611427,8db9e204b8b841df8fd94eff0888cdf7
1debf605469f435a817fe50539698246,2.7520077,34b71675a1ae442395b6eb1f3eda23df
9c299c4c6746403990eba7f18b97be71,2.7459805,9303b9f7f4984b2dac8aeba8c8da8ef6
20a91015a52d4a81bb29c195b01ed6e7,2.744102,46ba0b979a664c7cb0c315c4cde6ac86
d7d1062b83d0482889557ef5578d6c18,2.7439,836ec4ef8df644328ac07b7803709323
179de20d4413414c92aa7828d5950f5d,2.736342,5a26ae7959494fef99542e9b2004fd11
acedb352e247418e9c82dcd73b857c82,2.7143464,eaca056cec224a30aaaed30c39f644c2
e0be49d601a84ae1afc8a7ca92f58087,2.7046654,7c1e02f3ab614e539ac901e5cd3c92d8
275a7144962641e1a6b32428d2e025ec,2.7029052,fe6ace599de44aa19b1773dad3658fee
6728135560274c459d26043145918a59,2.70221,ed9b10a2879742628fce003076ef9024
17f9d21a0f2849cd89f1718c3052e82f,2.7018864,d79afb377f5349a69830b2b4c7cfefcb
c299003ba5bb48b3bd7eab31321b539b,2.6999776,f615619defc4402b82845090c238e597
2b50f012261b4b2ba6b92ef109d17277,2.6960835,b25fe3b79f714d38b3fc53e39fd84d36
18eaa3f481614cfc945c16f2cbb757fe,2.6885946,6542f58c143446f280e88a6375ccf79a
5cf8596279eb4fd1a30ceda96102ef99,2.6781876,80921378de2b4cd3a14d449688d8b079
f7937418662b418b90963799279bc248,2.6772356,09fc9f38fbbb4bfaa1c979ac9cc43f0b
7fef3b2e0481482fb860ca2b3db02567,2.6741626,9b22c5cdbff44bdabd48dba008e6a3b2
1e008659e5994366815fe158a9f9a26c,2.672348,9e304a9bbc7b4c22af8025fc93757357
8585971b042846729be0531195bb8d5c,2.668033,3b13d134762445cebcdbb02b484db77b
b112a5b1b2e44b49971304154011c418,2.6571217,1c97c72e076f40fcadb22b17e71beed1
7118df93df274839b3c1c622ac4b53f0,2.6559784,f11f1682b5924181b047d757d3e20964
1008087cab8f407eb2cd44e6c79658c7,2.6539226,d576e334105247369362b05a375e88cd
55472eb25f9841c2b39b9bcef06d7bf8,2.6536176,dc58564d0c8540bea4f3e2e3696deae8
d3910d69c924478ea90090b8b527e0b1,2.6535027,903360099fb644b6b88c6edac88eecb2
6237fc7134d449b9bc4158d9a707cca1,2.6478791,e9f055a212cd4e5e8601228c37713f35
d7af13217f9446bc8d46c21e5d91114a,2.6453366,836ec4ef8df644328ac07b7803709323
0d47fb068dda441b9e8f8f7bf704d553,2.6368072,d4cd0b56b6f54e08aec8ebfdb6122c5c
34bd7137776446a3b70fb89720492e73,2.6357648,58f53c379f7a4868a2ba6d91a06247d2
cea01bc4a1554d61a6b1a564073b4fc6,2.6322014,564a84b1b830407e811bcfc7fd086a6f
36b74b7a585a45e796fd8ff39bc60f3b,2.6241612,e5692bd498004d32934fbaa05af2120d
a1cb97ab677f48d0b81dedd497512989,2.6220536,a926df6d7fcf4b17b68dae6f41fbce66
55f81e8022ee42b893d99d17d99a3f32,2.611952,0302e7dde9074dddbbbdf85e9be57901
4dd9cf8a1b2348fd81e6ed73ea81c716,2.6052783,78b600dd53854b018f87267d268b7b1a
cde999f7973048f5bdccda367d1eef4c,2.5965044,37337ebec05640b890e4b9612776c32b
bee778e5989a42b98f01c3f28373b730,2.5708241,ec281224f8ee419ebde676f291672aea
9923a917ad644091bbc508d3ced20f75,2.5674362,369fe18b94f54c98b554fd22b4a3b50b
4810807024104aebb9028b6d53c9ed44,2.5590708,77ac5eb4b3054ca68e2b0dcbd5473fd1
b324a5fe4a374e51a39d53b0b235ca94,2.552635,c88be17376104f999b914a91aebf7220
ddd74ab8b91e4e3fa6509838de7e33d4,2.5514855,e25b9d9944cb4d7197efb8ffc4ff57a1
4cf68d2768954335a7f7c61a045babf9,2.5375774,e7d6747e8c8b4ebcb665e232240daf17
fc20e7b4bfc243ef82918b7c93591747,2.508678,a4cad92644614f78bded3ca6d6023473
77061464d801457a80b33cbbe0f017f6,2.506157,d4cd0b56b6f54e08aec8ebfdb6122c5c
68017cd7896a412db28e47c90096b888,2.4951065,d9fbe02f04a4469dac855f69ea6ad02a
0beb47a537e14562b509e395d77dc749,2.4838243,526ab7eda50e4a239d03ad505832d61d
0681f461c4ad4ee699a843df5ab30607,2.4574568,dc58564d0c8540bea4f3e2e3696deae8
0d4e1854d2f24a18acc550c6afc2fda2,2.4440963,0f9cc12519eb4872af7be7fe49e19f59
7b5adbd82a584ff6b6e23b89956dd6f2,2.4428015,bd35571850644321b86ce4fae286ce7d
287f16e644254fb4ab92c40cf4fd41e5,2.4417214,fb695c097d5845c282f6b30c241e8cf2
f856e536fb204df3b9d9dcffebf3085f,2.4256992,88dc23909eb4415aa39b96cc3a4c2926
b74ab07a7c004219aee7bd6d643ebfb1,2.425141,64f1d63a671d441d9663a783f632f794
da88d4d5eaad4690bbe94a2165985050,2.4178948,01e805bb5a1845a7addf86fe9bc8d814
fc982cca5c594093a33406ccd0a2b83c,2.4134092,89597084b19c4902b073a2c6c6622456
91af71c421dd4b9fa1252bd59cd4afd6,2.4114532,369fe18b94f54c98b554fd22b4a3b50b
c76c69c650e64dab822589767532bc87,2.4111142,89e43b092c844b5886a93091a22c894a
9f143dcef5ee44dd89610738332533b6,2.3980699,6a33c207c8b648f680dbd0e65639ef04
ccf605a5ad9c406f9876e141954e5e80,2.3890834,903360099fb644b6b88c6edac88eecb2
9644dd0795c64946bd689d24d80536a4,2.3857114,a6a551a308b9442f947ea0608ae2c3fb
b43316e2218e4fb390daa362fc8eadef,2.384265,c322b788813745e0aa7b592b4345d379
2fa8c386148647ccaeee6adf877a7ac6,2.3827684,8aadcf7251724cc6858dc0db44abebe3
a34c38121a3948f8949f49df67186c78,2.3718555,92229a391d0b418f87b32c86c42a292c
0001880401724f72b4b0f8fafabbd872,2.371163,4a4eb12a639346b5a00557d54b51fe51
53ad9b6f270d43beaa19337b588c1e60,2.3683262,1543a2f94aa74008914301874d98f0f5
a9b2741eb1ab4c8bab6bec840430968c,2.3670316,02cf82700b4f4773af3a14ad8eaa5270
fe866322e3f94718be3a75be3975a37a,2.3596828,9b22c5cdbff44bdabd48dba008e6a3b2
06cec2d499d345bc9c033032d765acb3,2.357968,779d7c2bad1940c8a861451964e1ce01
f4e9b9fb265843768046ac7985c89f7a,2.3562596,a4cad92644614f78bded3ca6d6023473
aede09058c264aa399a460be910cf10e,2.3551955,02cf82700b4f4773af3a14ad8eaa5270
9c3a88f966094359839f8ebc3263a6ae,2.3545322,ad289d5052264f9c8bd0aaf9faace92e
2c2bd31efb4543d08c60180fb6fa21a2,2.3523412,1d47a696eae94bd29f215a4787b27d8a
bd2048721a484ac4925726f9a0df7499,2.3518176,e52a528036014db0a7bd54b99a310fe8
5209a952bb1a4ac991ae51e8a3e9abdc,2.3511868,1cbfb22f84454b1fb821b602e3ad11f8
432fd48d8c1946838e62f7912527deae,2.3447113,7c1e02f3ab614e539ac901e5cd3c92d8
12274ca89ccf49bdb0903f80560e3d7f,2.3439138,c9628610053945f4a7998ae48cd70da3
a7696e4b2a7b4a87a64c7bf5ced3a129,2.3420067,efdf40eee13d409c9955e5b84e4408f6
911ee4e9eb0d4ed1add57e7a79dd71d6,2.3311331,eb513691b7a04d31ab1bc50bf343447b
19e32ddf92c24f32a65a82f858c5c148,2.326901,0ebc441d25664c91adad96b570270f07
a306a4b51e064a1daf8766259f6f5c19,2.3239956,c8b9a0ac7c214a449c434aabdf6ef770
ea055ef8a6de4cdb8761ddd4dc3bf3af,2.3235207,965598a17b624a0f9bb1cd58595458a6
9aa12e538d0c4d89ab849afde0b92d65,2.3230867,c88be17376104f999b914a91aebf7220
1f92b7ff3de8413bb81c7346203bec40,2.3219745,630edd9b8f754b5dbd36cfbbd03ccb51
b9a77513e24d477887a0d0582ca7ed7a,2.3051405,8aadcf7251724cc6858dc0db44abebe3
11ba79f894d048f9b56685491d4f3282,2.3033984,640f3bd184b7425fb22cc7773b8b2244
9d2b582dd0f84326a537a91a57caab4c,2.2789738,d79afb377f5349a69830b2b4c7cfefcb
33d76c41516a4e5aa8c5b3b16cc6c6f7,2.2738986,e7d6747e8c8b4ebcb665e232240daf17
903552e550a14d61b7dafdda426e7596,2.2722948,7c1e02f3ab614e539ac901e5cd3c92d8
b38ef262d489438c979703e3e503f1b7,2.267686,b050e9e1ef5946c297a34dda98d8f476
7d72deccbd444c5bb9b43e3a6c75f5a5,2.2654772,e52a528036014db0a7bd54b99a310fe8
aaba5fcdec244fc79439dd67ba8a495d,2.2649686,e02ad4f63c8444b79a7a56fb23a4e0f1
a22b7bc93cbe40cba26f5e4456762f6e,2.2637038,f615619defc4402b82845090c238e597
dcd4e8a77e0c47f4bfeaedc8b8dfc397,2.2604713,bade01bd83ec4b6786fd8c867ca7a090
17b5e130e0444402bcedf9400cf07aca,2.2495785,e456afdf95e643dd926249fec4d68753
a073ad7e6cff44bca20e23485bde2461,2.2489092,e52a528036014db0a7bd54b99a310fe8
ade56895f4dd427b8c4477aa940dc716,2.2475681,e52a528036014db0a7bd54b99a310fe8
f6a57bd21bcc4009bdd07b1d8b86afa6,2.24663,630edd9b8f754b5dbd36cfbbd03ccb51
04cde55231e04394a675268411aee01c,2.2426353,1af4472b38cc4304841b2f1720075c9d
a0720ed891c94750a6be596258ee3d43,2.2404435,678725f8b914453fbc1029b7c1bc0879
703c375bffc346788123e8e9d957db42,2.237518,bade01bd83ec4b6786fd8c867ca7a090
90f24532a2864b7aabfcb8e5d5dbce72,2.2370417,46ba0b979a664c7cb0c315c4cde6ac86
4d11f7b70f1b430697bde44deb6f6e8d,2.2330024,f5a6222612ef406b8f02aef87e08c476
1197a3e216ea459dbc822d775b701062,2.2288187,e02ad4f63c8444b79a7a56fb23a4e0f1
c0f3c55551da4b9fa0600e0d1b9181bb,2.2189639,0472051dc57d43f8b9dd08df475fc4a3
f5a783856a7f4d3ba8c3f2c29428c454,2.2179174,5a26ae7959494fef99542e9b2004fd11
5e369cf5939f4d15bb771d98108df034,2.2153194,9170e0bb8fe44b309f83293808d871fe
45d15e5e49574f79bb6a3116fc761b83,2.2082596,369fe18b94f54c98b554fd22b4a3b50b
ef33ab499b054efb968d7cca5bef4a31,2.206249,c0cb721b56f240dabf7f464e453ef72e
7e1f279ed0b04e478b3bd9dbc9e6a6c0,2.2030044,6a122ce1702646db918266228d48bd08
fa4b1640bbdb4f0bad2435be75a94586,2.2027674,dc58564d0c8540bea4f3e2e3696deae8
b57d527c5d13406cadfa1a4f809cc040,2.2022529,64f1d63a671d441d9663a783f632f794
fcd3d852367e464bab386817f4536abb,2.1963885,9e304a9bbc7b4c22af8025fc93757357
26b721f1caa14c70b7aa9e5a8898e76a,2.1904666,34b71675a1ae442395b6eb1f3eda23df
4a2b5888e21b471bb770cd3b5b496ae4,2.183811,4d708e5878784386a42c2f436d2d60f0
b49ff629d01a47a284c14dc1d21a0d1a,2.18335,a585d23fe43f459ba86ac15645af77ff
63d32d729061451cbc920b4066c15339,2.1822002,6c74bedaa406493a99988c5b8a47b704
7f50b6b5321c44e191bc82be785455b3,2.1781461,7ce06191f1114b4c8a00609f6867761f
05695e1694384bd79b37246fbab26b35,2.1749275,965598a17b624a0f9bb1cd58595458a6
f90990b791cf49ff9b92b9a49cd87f89,2.1738825,66b0c8a58f444ea0aec34d9403b88a49
d7c1791491584b2984bbcdbc178299f1,2.1672802,691a538d2372403fad2b919b48ff5f85
4975299790f047d9b4dfba901c33ee4b,2.155174,bd2f91a9415049d980e453f94327e0ce
4208fd7b21964394aa023825a91e5e42,2.1486993,ff715b4f228443e3b067c801250f3402
0478a4dd439f4218a9194cd283b15aca,2.1458025,ed9b10a2879742628fce003076ef9024
64f28ab73b654d0399810c11e2dc615f,2.1377664,7ce06191f1114b4c8a00609f6867761f
2de4480d7e534fbb8564efefe43623d1,2.1292255,37337ebec05640b890e4b9612776c32b
0727ac84c4494b248aa13d6c8ffe7225,2.127421,4d708e5878784386a42c2f436d2d60f0
aac7a2be32044f6b908b9548ab324ed4,2.1271071,a6a551a308b9442f947ea0608ae2c3fb
cbb7beb8042e48aa868c13a6e2ee8a6c,2.1267862,27eee82d7fb94b9b8b60bd3101187496
bd9ad9e73d3d47e6bc36d0072d5d99bf,2.1261806,3be388c9ab614bceb086c19f70df23c2
e8ee807a789d465c99039c42dbdb3203,2.120921,5a8cc5ff28fb4359afc7e9fcbf3bce55
daec8c9bb81142a98349b34affefed91,2.119775,630edd9b8f754b5dbd36cfbbd03ccb51
1f4946d6701f4d75b1b71b16833299d1,2.1166523,3be388c9ab614bceb086c19f70df23c2
c63b9549ac384d1092aa0770e0290785,2.110901,92d5da561f5a41bf929f3555a74cd653
ef0d69bfdc4e49acb1978167c6edf80e,2.1048467,19c9ac7b84df472c85ed6cf5a05fbbc6
bc3dcde96af9406186e1b5eb3b8af798,2.1043003,4696c8192576454f8684954bc771aa23
ea4bf9d0ec3d4bb9a4d910eb2ab70eb3,2.1034892,8f761e1117754656ac86a3a25f241cd7
7360c15d3abd4dd8a5af35cc13c48b1c,2.0996492,89597084b19c4902b073a2c6c6622456
bacf4a682b8743f48776deb535f64eef,2.0987692,00f45d57fd3c448d8cfdf3185ebae894
a987046439f446848e7b3520dcece6d6,2.080532,4ad7e2502210436f9ca5735fdf7e50c3
19ba27a603c0492ba795fba0999e589e,2.0728893,cd60a0fcac24465a880af7d8f921dd68
3d87a00da06642ab94224dffed6c2ef5,2.058514,c9e2e76e631c4d0a8013d90892350e06
e746e83fb0634ed3b81c10391e2d74e8,2.0496902,ff218cc7835d4b5ba0de22792319050a
d30d31b8272b4fd0ad8156bc69d4ddf5,2.041362,d42996c2b67443fd9b73bba7641d4f77
20017566ccc94b8982c75f9f05a8eb20,2.04099,ecdae9f36c6a437ea72739febbf1c89c
f93d08dd757f4cb9a593f27024c614ff,2.0405667,4aa3556b2aed469584c573868193a07a
55f19079097043d4b29cd2c08fb960c5,2.0397122,58db4c3a26c84fa68d81235d078208bc
5b21a17866f54dfa8e63c58219851a21,2.0330157,d981f2c67f764e0c84af125b563958e9
d8ea4ac9525840edbbf19a36ad957e31,2.0270524,d4cd0b56b6f54e08aec8ebfdb6122c5c
6ef8ff7c77a84500af8da2548cb4bcd1,2.025455,855b3971c4a147cfb9a7c281fa6b915e
9c33f1dbb3ce4d8f9a3262e5fbb55cda,2.0230792,779d7c2bad1940c8a861451964e1ce01
6bfc7764438f4a6caffc2e8225f5545a,2.014791,d331012ecf0c40888e0ac290184f0883
da365c80b3ac47ccb8a01a48820437a2,2.002737,37337ebec05640b890e4b9612776c32b
7e1df8a5aabd4ab88cff299bb27c308d,2.0027316,0472051dc57d43f8b9dd08df475fc4a3
f792d5fbc00c47c59ce1791351c39504,1.9972954,1fde4c9a01f84c349461083b6d0ba9ed
b7734f7f37a349c491b96e42059f61dd,1.9970131,bab3bdc133384798b558f8fb6466a7fa
eb00bd2670c84bb588d8454baa453007,1.9889851,a0fe3cd34e474c3b90662ce8ef1fcac6
4838bbbf3ac543ebb0bef130f0f28d48,1.9856617,d6fe6f8380464e21a27fd69de27f1f57
c91d4a1a75504beeb98888cfe719a863,1.9850879,1543a2f94aa74008914301874d98f0f5
e18211bb1b9a4eb5b5679481523d0c23,1.9850175,d981f2c67f764e0c84af125b563958e9
ae244311f36c42c19709ec36d518171c,1.9792616,0472051dc57d43f8b9dd08df475fc4a3
840de6fde47e4e64916bdd5277bcd173,1.9700477,8f761e1117754656ac86a3a25f241cd7
acf1a040f09440e7b67e2b901b3b1583,1.9697179,cd56b9a044c24df8a7156f661cb3d9cf
27a9489cf5724d47bbcc508684389f2a,1.9665335,3257035cc77946d98bdc09e2fdd5cdae
299ada2bc5ef4534ad5e0b1b7d10e457,1.9633832,e02ad4f63c8444b79a7a56fb23a4e0f1
a5acc7bcf83741208d3d3d0cc9696fcb,1.960459,b7ef0a61de0e4adf9688b2c525c9ad09
3c6017018cff435f8a15557ec2740321,1.9581057,85e7ea30890b456084b8e85c299c8649
c8505b52f0aa4beb8144837de094973d,1.9577364,2425086d8eaf44d2a9519f0e4e6b289a
1ca6f54416f4410eb8e23dab9dbf012f,1.9545411,a6a551a308b9442f947ea0608ae2c3fb
0d0b25a05a4148d2b15c4f2ac11010e6,1.9426543,b050e9e1ef5946c297a34dda98d8f476
d23da11a51a94f54a9acb157cbe7056b,1.9418944,27eee82d7fb94b9b8b60bd3101187496
174e16d27164468ea679a619b853b1a6,1.9411396,e96aa0967ab94368b381354e03dc40ad
c5c5b71dc4ff4e8cb11769f0b2cd9907,1.9294986,1fde4c9a01f84c349461083b6d0ba9ed
9938803be0884fc282a350a72835a9b9,1.9210566,4a4eb12a639346b5a00557d54b51fe51
d060627e97d244e99da1e44ccf7d4a91,1.9091986,5a26ae7959494fef99542e9b2004fd11
06435a3004794b68b31f4c445a06fe71,1.9002244,f615619defc4402b82845090c238e597
1724b0e2e9bc4a61a23d4f7082b1d3bc,1.8972657,ec281224f8ee419ebde676f291672aea
55af16e0058942008349107e8a2e1845,1.8969603,d4cd0b56b6f54e08aec8ebfdb6122c5c
6e4efb567c284833b93c09713f4af1df,1.8945379,0472051dc57d43f8b9dd08df475fc4a3
18200ac0950d44d7af9f61b8b1f6467c,1.8943903,ec281224f8ee419ebde676f291672aea
a286b690dbf845d9b5651b98f76845a7,1.8855466,5a68e05acea4434ba08e17e1fff00057
95eb2760eddb42a799eed009f1907025,1.8802526,0ebc441d25664c91adad96b570270f07
1e61632437f042c89075c565adee2ded,1.8799376,dc58564d0c8540bea4f3e2e3696deae8
b4e94218abf54b0787b1a6e1191836d3,1.8769033,e456afdf95e643dd926249fec4d68753
9f893eb3a0eb4ad399f1eb64251cb4fa,1.8639818,d74f6e7abeb84eedb9923dadb62f45f0
e90176ac18954403abf1a65c40838e23,1.8635982,bf59502a233e4b5eaff9cfa3a992c387
334dd9387233405cb0ba67a8ddd52c53,1.8634409,bab3bdc133384798b558f8fb6466a7fa
ee1a685984d741a18ad44faaa3fc553f,1.8615842,ecdae9f36c6a437ea72739febbf1c89c
bfa67f429e414493a7306f4ad2e21550,1.858332,1f8c0f02984e4139bf8043e57497fdb2
9d3679e8828845c6be8f7376e953d216,1.8550149,82b01998353e4141a7613fdc96d7b600
b894792524d841b3b24c566aa9c41b8d,1.8535441,cd56b9a044c24df8a7156f661cb3d9cf
656745a4e33546768385d4e040d0fb52,1.8518187,01690d9b08164fcabd5bf0819754f71f
d7c4bf8f05fb4648a8778e884052db2c,1.8463755,09fc9f38fbbb4bfaa1c979ac9cc43f0b
e3ead164dcbf45f98cbf23bb77a3d989,1.8333917,64fa5ce839ef406b9bc8a1b2f05094c7
0440c322e82547b787d5f173806bb341,1.8303343,e039a00eae414ebbb2205b011ac127cf
545abc5f61374dd596a546e619a12ae8,1.8266865,5a73e0a5c757410eb0928feed7b151c8
4d8700f8f8b3476899b9e140d2b572ea,1.8231366,e492ff7fecf046a4948c5ba5631cdefe
2fd2926eef6c41939266c5d6a5803999,1.82018,eaca056cec224a30aaaed30c39f644c2
42096f8107c945a1a2cb7d0c4ba65a75,1.8129721,faaac88748714ce8a99413b952a1dac8
fa3faa7dd3774c2681f4c5b7527b1e78,1.8128159,965598a17b624a0f9bb1cd58595458a6
1bcadb1e071c4e6d82323f31e960901e,1.8073388,836ec4ef8df644328ac07b7803709323
2eec5eb123e343b89370139c57a3ef13,1.8036804,19c9ac7b84df472c85ed6cf5a05fbbc6
48a75cdc09f54f0e802424e74e850008,1.7930527,6d3c42356e3b459c919e3129ff192ac4
e95f49fcbcd542bf8815319116a39edd,1.7912521,0302e7dde9074dddbbbdf85e9be57901
3127238ca74643c3bd2e042605dc5e25,1.7865908,983940e0b12e4186a281c36de657406e
356781d87d504d789e58fd87a987a67d,1.7846255,fe6ace599de44aa19b1773dad3658fee
a3b8ab612b544a76bfa18fd8d3c06621,1.782903,d79afb377f5349a69830b2b4c7cfefcb
4a5a47f40e9b42f5af28b197d3e59ef7,1.7805661,3be388c9ab614bceb086c19f70df23c2
a3a8679097e74509b7525e86a5457662,1.7798198,b4150337314e40fb9e3ebb24514504a3
f7d52b90e2e24549bfaa50d46ded3176,1.776059,9303b9f7f4984b2dac8aeba8c8da8ef6
587c1d4811034d7d8e3ccdb4af7ddbe1,1.7758875,e25b9d9944cb4d7197efb8ffc4ff57a1
c4e88a88103749f08d034998e76b6a35,1.7673969,a0fe3cd34e474c3b90662ce8ef1fcac6
bcb1b70968a74d41b4f3b9dc27129974,1.7596369,b050e9e1ef5946c297a34dda98d8f476
3a53b02d11d74f9b84a71811f607d433,1.752033,8f285540a9394706bd6ec6cda46c5058
fa350c4d307c4225b43fde340c1e9c40,1.7468607,acee70abee2841c9b67b95e9ed079647
1d2cd0bb5b1c471ca10d1eea0ef9b729,1.7404484,c26f5e7dcc8149f18f3d719bba9ae717
7e808bd74e2447d79f7d266c88de6410,1.736396,95fbc6ed8bfd43c1a6bcf676e26e7f8a
9f4712695bb64f01a331632d4e83e318,1.7361133,cb85047b65f8468aa02744c28c075dbd
882f017418bb44afad1448d9640bd967,1.7330315,7ce06191f1114b4c8a00609f6867761f
58556ab04cfc4acf9ea2865485923949,1.7288588,630edd9b8f754b5dbd36cfbbd03ccb51
052e254bff244d2f88c0d2566ddc13db,1.7272091,e52a528036014db0a7bd54b99a310fe8
c3b713beca8b4136b4807dc4071fe795,1.7269703,d331012ecf0c40888e0ac290184f0883
1f2e192e12674543860d4dfb5ccbf818,1.7265222,d6fe6f8380464e21a27fd69de27f1f57
fcde1e3b91aa485688682e6fdc3c24e8,1.725576,1d47a696eae94bd29f215a4787b27d8a
844cc162c90c4ad0bf5be9750450f4f7,1.7253913,89e43b092c844b5886a93091a22c894a
51bb2642caaa4fdfa82051cea135a8ba,1.7237836,b4150337314e40fb9e3ebb24514504a3
57be916f4b9f449e85faa3e690b60115,1.7223871,678725f8b914453fbc1029b7c1bc0879
7c9553e399964910b2eb9f1c94c913b1,1.7182374,7a4c413f5c844796bd5ffed2b65f0336
6730fca5ad3b4afc8715dc16caa1a2b5,1.7154396,d4cd0b56b6f54e08aec8ebfdb6122c5c
1a12b7978d8e4dd5b563cf97606bfa9b,1.7133746,1216ce1ef31e4643bb1222538c206342
6a9e4d855e3944719a49f41d3f30b8d6,1.7132895,faaac88748714ce8a99413b952a1dac8
589df17e77094a82933b4003a252ae26,1.7123873,e02ad4f63c8444b79a7a56fb23a4e0f1
b2f096bfd95f437395470a39b9b6ada7,1.7043681,f5a6222612ef406b8f02aef87e08c476
b95ad51d19ee4ea28d5d02064e368c84,1.703989,691a538d2372403fad2b919b48ff5f85
39ce9102f2044852bd09b544df5b8092,1.7028835,7ac9c94011924c09b47f9640211885a2
454132982ecd4d5e9e6ed9c9e33f3433,1.698813,257aed6ca7a44f1cb5c664beb1be527b
b0f8acbb976643b7b4c8736a8d7305ef,1.6964382,0ebc441d25664c91adad96b570270f07
ddb77e0838c941d9acdd2f02496195e2,1.6941261,e9f055a212cd4e5e8601228c37713f35
82ab65484b6d475d88c52a748a8072b7,1.6934198,e9f055a212cd4e5e8601228c37713f35
b48f5f444c3140b38a8e756e57fd042c,1.6913791,9b22c5cdbff44bdabd48dba008e6a3b2
aea33ab76ea843ddb17f1196fa2875f1,1.6913357,f9fae977af2c4f35b29400f31267e170
06706b7f76a3492e8e814546d9bcefab,1.6905615,d981f2c67f764e0c84af125b563958e9
49929ef41ac3470388566de204f75fff,1.6900814,e25b9d9944cb4d7197efb8ffc4ff57a1
34bf626d6a87427281f80c0938fe0278,1.6869924,7ce06191f1114b4c8a00609f6867761f
40ef7a281c80494686e90001c1421dee,1.6805277,ff715b4f228443e3b067c801250f3402
8c5aff69d92e4556bbd5cfdb17a74109,1.6771592,5a73e0a5c757410eb0928feed7b151c8
168e875b6a7c4f0c83e74f55508fb7cd,1.6758853,d6fe6f8380464e21a27fd69de27f1f57
6ede534375a14c609d02c3f94a41907e,1.6690179,de9328bdd1b34adda74a0363ff0a52b6
9385f152b6204244bd58c6107f500381,1.6624117,9303b9f7f4984b2dac8aeba8c8da8ef6
b7e24f3f016a422b89ff10b363c86e9d,1.6590867,09fc9f38fbbb4bfaa1c979ac9cc43f0b
55c82489e50948b39c0f1bfe5fbf408e,1.6567703,89597084b19c4902b073a2c6c6622456
503e869546cf415ab60324f38dc8f73f,1.6561133,eaca056cec224a30aaaed30c39f644c2
46a274267ab54ead8270c0e79ff16753,1.6504674,5a26ae7959494fef99542e9b2004fd11
af56dd5a3d1a403c910f7ccd67f42dd5,1.6309099,23066f7964874fd39639dbf2cb2766df
9b8afef332b0478a954974c9be4b010f,1.6297626,2a9658410614443d8a27ef174f61d6e8
24156e9d41404d568c7e22931d2631a3,1.6242636,d79afb377f5349a69830b2b4c7cfefcb
1a28f3dacbd74510b8f8f45e80348e68,1.6233808,0472051dc57d43f8b9dd08df475fc4a3
35129a42bebe41de95138c15b348926d,1.6156473,7ac9c94011924c09b47f9640211885a2
f6023dfadf94495fba9f43c8230ce2a3,1.6142865,a4cad92644614f78bded3ca6d6023473
ee6a2cd2075841c6816e41a54637aa9b,1.6074587,ad289d5052264f9c8bd0aaf9faace92e
46d21d8ab5eb41a080233ba04192b3f6,1.6046567,d576e334105247369362b05a375e88cd
6d86d0062e7c4ab1a1c263fe7418697f,1.6006979,e336d113184c4ebdbad7aa2b6ec64640
a1855c7563c54b5c86e2f73c5fe9f8d7,1.6002942,640f3bd184b7425fb22cc7773b8b2244
374f3a07f645432ca97d2116e61d6fc6,1.5962726,0472051dc57d43f8b9dd08df475fc4a3
a9b68d896d484e6a9c7e87b014dce89c,1.5957422,c88be17376104f999b914a91aebf7220
51ece51608b24f22b0e8d026f5e403b3,1.5898917,983940e0b12e4186a281c36de657406e
b2486195994b46178a02231ec766d3ea,1.5871909,b050e9e1ef5946c297a34dda98d8f476
7736e2c1dbab4b4c904c42e51fd17759,1.5842534,640f3bd184b7425fb22cc7773b8b2244
824e34ffddf447618c176cfb2577eb45,1.5829647,965598a17b624a0f9bb1cd58595458a6
c3d18896ee6e422680a3435f0ca9af84,1.5752524,95fbc6ed8bfd43c1a6bcf676e26e7f8a
d2a4c950a6244d788c3d60d371b154f6,1.5742335,fd51f3eef1a64d9a93652be481bde32e
67a610b0590e4dc98c6ad2de2c47446b,1.5709667,64fa5ce839ef406b9bc8a1b2f05094c7
e244d77b242a4a54a7bdcb784245c01c,1.566586,ad2109663af04c549385cd2ab9b3283b
3407ed3eb6d4426bb50ced20b862de96,1.56188,8f285540a9394706bd6ec6cda46c5058
012773cf6c104fd8a7ded7f346c0a261,1.5573537,d981f2c67f764e0c84af125b563958e9
bf4e8bc83a74425e8657c603c0004113,1.5513058,b25fe3b79f714d38b3fc53e39fd84d36
01175ef138e24ed7b74c8c8ec2ad8abf,1.5500072,fb709e29755b44988bb252c87a2ce2f3
6fb6a2666474414e950f94d5b467b229,1.5422146,bab3bdc133384798b558f8fb6466a7fa
2d6d2f2089614469bda4b6e9b2b33678,1.533993,bade01bd83ec4b6786fd8c867ca7a090
0b887e10733b4259bd5c30a1c724ff50,1.5323459,fb695c097d5845c282f6b30c241e8cf2
3464f002cd954218836b9014bcd0c620,1.5296016,5a26ae7959494fef99542e9b2004fd11
b344c4448c13473197e3c11682c4096e,1.5255903,3257035cc77946d98bdc09e2fdd5cdae
8159d92e267d438e9012e936aa5fb15d,1.5137787,95fbc6ed8bfd43c1a6bcf676e26e7f8a
3eb1fed1bfea482687c433b63ad56eda,1.5130534,efdf40eee13d409c9955e5b84e4408f6
ba86837d26e64a5095e50f614cebc183,1.5116373,92d5da561f5a41bf929f3555a74cd653
e09735216b1f4e3f9fd7eb54f6aa2b1a,1.4997907,b7ef0a61de0e4adf9688b2c525c9ad09
b90d91a297514acd88d2d9aef7a483da,1.4986051,7a2491a27f3c438a8549988f7a79e26e
75a44d8541fc4f6db502671300b2ea97,1.498282,fd51f3eef1a64d9a93652be481bde32e
67807253c7c94312952c818472d4888b,1.4952375,6c8a24653ef04f559b88e0f27c0df63a
b89cf65d34284353a3c517db67021cc0,1.4944681,691acac4a54d450697afb2c2dc4fca09
a5580bcfdae9468781349b4ca3ee101d,1.4924537,5831f5e280be4c02a09ce4588b56d7f3
6abbc2ba6e8241f5b7132c7bb338f92e,1.4894291,37337ebec05640b890e4b9612776c32b
6f0406b6deea4302b4e44ece4eba9ef9,1.4877312,eb513691b7a04d31ab1bc50bf343447b
c2da5a4eff03435c8c936f9c5f4cf43f,1.4845483,1d47a696eae94bd29f215a4787b27d8a
4862c9b0d8ae46eb8831a66a01eeb02f,1.4844694,b050e9e1ef5946c297a34dda98d8f476
914e224085a24a7c87db637c208baac5,1.4825281,6c74bedaa406493a99988c5b8a47b704
ba6e6bd633084e56bb1f91c62afff197,1.482181,77ac5eb4b3054ca68e2b0dcbd5473fd1
63e06c0c69054bdd8c2690539549d9cf,1.4801426,37337ebec05640b890e4b9612776c32b
9f0c4fc689014714bc3604b21f1a694c,1.4759378,6aaae524573f477f8fdef0b83787cbee
8dc57aa25917490abcf294b3f73bedd6,1.4746631,ad289d5052264f9c8bd0aaf9faace92e
c189555deda047629ebb90350290dab8,1.4562119,1f8c0f02984e4139bf8043e57497fdb2
d6db57dd12dd48adae78eb66e24cd991,1.4544505,cb85047b65f8468aa02744c28c075dbd
7bdcbc60a1354e079289b50702cced90,1.451709,5971501b0e8b4ef5b203c3985d7f5e88
d826d2d9a30147d59c909ec8484bf8b6,1.4448875,ed9b10a2879742628fce003076ef9024
d142f9dac4904fd9a93e4b68197a4fa9,1.4420124,ecdae9f36c6a437ea72739febbf1c89c
88769fc17b0e4f3a9736d45e131659d9,1.4406209,ad289d5052264f9c8bd0aaf9faace92e
b0535812250c45b497a6bad12645aca1,1.4337819,2a9658410614443d8a27ef174f61d6e8
2ecb2538a079498991304b0864fbe039,1.4324775,e456afdf95e643dd926249fec4d68753
9dd0c24c21ab4b5586c29d90237b3840,1.431842,3b13d134762445cebcdbb02b484db77b
523ae070f70149be975ea27f84bdb39c,1.4222476,75b0bd2240a54f6fb45bf95ca43ab5e6
0ef75de01cd14e0faadcf05c8a85a916,1.4172286,057164cf4aab45ebbefef3409359cfb1
d65ec9584a074f8494467734378fc499,1.4117407,d0a840820172465f83c8480d571e7b71
4866602fe3094c6789fdc1956c616d93,1.4107208,b25fe3b79f714d38b3fc53e39fd84d36
5491a19984a643bca536cb015e65adbe,1.4061581,92229a391d0b418f87b32c86c42a292c
4a5ee7ff69a445f48974483a915d4d84,1.4019781,1543a2f94aa74008914301874d98f0f5
76e51865ac6e4b1c83433a9fee78d5cf,1.399226,a1d8cb16dafd4126922f985021e93631
93804e9078864c70b27336ff52724af8,1.3980482,92d5da561f5a41bf929f3555a74cd653
aef3a265256d49af8433aac1b85fe097,1.3931141,5831f5e280be4c02a09ce4588b56d7f3
b2b15ac784564b17b414221232730701,1.3923423,4696c8192576454f8684954bc771aa23
b89108d9803648fab3137eb2d150c208,1.3918705,d27cfea4da8f445fb4e3c55e53c6482c
5d32b941bc394464a6da8d1c78aeb3ef,1.3911718,11ec23965d2941d0817082107996ebbb
a5188ae3f8ef46e7848bf70945078768,1.3907843,21b1ded02d7b42618592187e287835a3
861d015f426f45d6bd869c91fb7aed57,1.3885607,eaca056cec224a30aaaed30c39f644c2
daaf43ca009348bfa676ca06cddcdf61,1.3872169,a1d8cb16dafd4126922f985021e93631
77f470031d7a4d3aa691e074e7215cb5,1.384995,e96aa0967ab94368b381354e03dc40ad
d8b0fd7f373b467f8a214ebf710b5469,1.3843,89e43b092c844b5886a93091a22c894a
a2cd26a2e3b1415bb6c861ab0368b73f,1.3814099,89597084b19c4902b073a2c6c6622456
425fbf4deffd4fa183bfa210c296d087,1.3775082,d42996c2b67443fd9b73bba7641d4f77
69f55093e5564ec098780c2feb474e04,1.3735486,ad2109663af04c549385cd2ab9b3283b
a2c99cf18b24478a838bc5837a75721f,1.3697221,d4cd0b56b6f54e08aec8ebfdb6122c5c
86339034705d41e685883013d2ef7d6a,1.368645,9303b9f7f4984b2dac8aeba8c8da8ef6
899b54b766454749af73a7b5ba6ddfc9,1.3640662,eaca056cec224a30aaaed30c39f644c2
b116fe66d95d4c04beea8a4e5f347684,1.3629048,dc58564d0c8540bea4f3e2e3696deae8
fb7510f9799745e8bb2d730dafe50aa4,1.3613818,e25b9d9944cb4d7197efb8ffc4ff57a1
5bf9e6f5654045d28dd2225231386807,1.3586605,23066f7964874fd39639dbf2cb2766df
b44be1c1621b40e1a7c06c02b225c470,1.3565053,17cc6768c9d14388b7455fea0060b62c
96ad923a06f54d79a74431cd06b8adea,1.3475283,fb709e29755b44988bb252c87a2ce2f3
671397532db64b2a86a8e790655fde58,1.3416269,80948e17b5694599919e1502bfcc08f3
ea0b41aa56ee406986b5b4f422a625ee,1.3405943,f5a6222612ef406b8f02aef87e08c476
42ce4e0d59764cd5a98455e34790c44c,1.3405656,a6a551a308b9442f947ea0608ae2c3fb
e152a0f89fe0446f998c519058feabc5,1.3388352,a0fe3cd34e474c3b90662ce8ef1fcac6
0b185da1334244d1b2c7ba6695d75f1c,1.3322694,bade01bd83ec4b6786fd8c867ca7a090
94c480de369e4fcab0aee54d6543f90b,1.3301389,630edd9b8f754b5dbd36cfbbd03ccb51
0d2bb28b114e4f4c8c688a13f967b79b,1.324751,a4cad92644614f78bded3ca6d6023473
4a2be481c29745e6be4e4b6a6d39ff64,1.3235794,6a122ce1702646db918266228d48bd08
915d79767ad746c99ea804f4b5dbf60d,1.3226975,d981f2c67f764e0c84af125b563958e9
3b54cc7ced814b6cbc6dea86f09aa770,1.3196396,ed9b10a2879742628fce003076ef9024
f1ccf2ee3c3d4cddb27a2e081d844de5,1.3194845,564a84b1b830407e811bcfc7fd086a6f
47471f2f4db14e01850ce3fd0e3b7aff,1.3192027,c9e2e76e631c4d0a8013d90892350e06
315bc88bb0aa4c8d8eb55bb22f811730,1.318964,0302e7dde9074dddbbbdf85e9be57901
b982c8da93db48ddbd69de9c207f2187,1.3130138,ff218cc7835d4b5ba0de22792319050a
c3a842974e16433d9488c7df87df853b,1.3128648,92229a391d0b418f87b32c86c42a292c
f3f6ec5a1f4a455297eaeeb1145a0d7d,1.3111806,6b9b2c8f0a874bb8b6691aca6bc49565
924127ab124d40edaac3616675e82655,1.3100015,bd35571850644321b86ce4fae286ce7d
5ebfa573972845a5842bf96fbf02053a,1.308137,5a68e05acea4434ba08e17e1fff00057
00bc1d895118471ea04c2ee6a3ef3f22,1.3062378,156f393f7ca046299e09d05464afa056
d8fd098382264e93a362843242d58e0a,1.3011959,8f761e1117754656ac86a3a25f241cd7
02dba61169914bf6bca380e6ebba2037,1.301049,7ce06191f1114b4c8a00609f6867761f
de6f18bac6e4441f8dd17e252f1d993a,1.2991991,0ebc441d25664c91adad96b570270f07
9fa9673a6edb4e15b5f57d97a0b16037,1.2874541,4aa3556b2aed469584c573868193a07a
924c235415de407b8fe453ecc8aa95be,1.2859154,ec281224f8ee419ebde676f291672aea
acc8825aa2cb4d06bd3574a6b36e6a40,1.2858261,c0cb721b56f240dabf7f464e453ef72e
a35d09d1bfff474a8029dcb3bbbd32dc,1.2820971,e5692bd498004d32934fbaa05af2120d
f3c6b6b18ad14537b64fde19aca70992,1.2785546,bd35571850644321b86ce4fae286ce7d
fdfc870c19de4b5e99b1b3cdb4acfa39,1.2783793,a585d23fe43f459ba86ac15645af77ff
8105d0f3a03d43f0ba0794fe967c3c61,1.2747128,64f1d63a671d441d9663a783f632f794
14f6b3f3ee164c98b2aa0e93e06070d3,1.2739649,678725f8b914453fbc1029b7c1bc0879
0c6306c2d9c64af7a28d5fd434ba9b19,1.2725106,6b9b2c8f0a874bb8b6691aca6bc49565
6d9fe29b75544ce6b2e1c3329771cd32,1.2715377,64fa5ce839ef406b9bc8a1b2f05094c7
0428fe3094fc415e8fa4599480d6b434,1.2673388,17cc6768c9d14388b7455fea0060b62c
17176251386d48d798eb18eee7208273,1.2669536,46ba0b979a664c7cb0c315c4cde6ac86
2ab29c6bc859481988c1133ecd494a65,1.2644639,1f8c0f02984e4139bf8043e57497fdb2
a290060554d143b285db3be94eac099f,1.2611127,a1d8cb16dafd4126922f985021e93631
9d9b4852b8034985805080eb49678bc3,1.2577361,a1d8cb16dafd4126922f985021e93631
95efaf80178b4a519dbf8769d415c000,1.253834,e492ff7fecf046a4948c5ba5631cdefe
50b607a9b5e540148f9155693795e5d8,1.2467246,3257035cc77946d98bdc09e2fdd5cdae
244bf3fd283440389af52e02feb70e02,1.2465425,1cbfb22f84454b1fb821b602e3ad11f8
d74e7c71176e4554969cb9fdf7d1986c,1.2408584,34b71675a1ae442395b6eb1f3eda23df
3a48941fe58c4afdb3ca7520eb9bd36e,1.2326164,a4cad92644614f78bded3ca6d6023473
33babb0b73f84a8a87d9c75c03bfbc99,1.2234796,1216ce1ef31e4643bb1222538c206342
c11c77b1b50e475e8b0a0df774292211,1.2117065,3257035cc77946d98bdc09e2fdd5cdae
6bfef081f7a9453399f6d98d6cd01f60,1.2109747,1f8c0f02984e4139bf8043e57497fdb2
256d2577d4f940778857e3ae7fa8e965,1.2093152,58f53c379f7a4868a2ba6d91a06247d2
7a81a74f4b0e49839c3fbcfd7ad02560,1.1856811,fb709e29755b44988bb252c87a2ce2f3
6cf7328bcc2c487e8e43953245e0f4af,1.1854819,0302e7dde9074dddbbbdf85e9be57901
3e730fdc177b48f293b58b68d7b54313,1.1794407,aa2d7a3a535243189492d4ce8e79c049
01bdc1af846a44eeb5a789e393d1d7fb,1.177049,5971501b0e8b4ef5b203c3985d7f5e88
59f932ea796043fdba3c19bd87389e96,1.1685992,58f53c379f7a4868a2ba6d91a06247d2
8d93adac5fe7477a99015ec9ef32330a,1.1666446,dc58564d0c8540bea4f3e2e3696deae8
07c0659266c446b4b413362a241214b2,1.1655328,e7d6747e8c8b4ebcb665e232240daf17
fcd022d73a35405ab8a38d11dd06ff4e,1.1594328,c88be17376104f999b914a91aebf7220
70eae43486ba469e9dcabff502a498ba,1.1534542,11ec23965d2941d0817082107996ebbb
6c8cdd6141244ba1b62fee70292cc68a,1.1510559,b4150337314e40fb9e3ebb24514504a3
8f2691e2160d4c95b5b1ec99938ea931,1.1496478,23066f7964874fd39639dbf2cb2766df
6f5aba39f47a4d7b87f4b50122d8b660,1.1485705,7a4c413f5c844796bd5ffed2b65f0336
7798dea58b5a4389aca581f8efc4b17d,1.1481307,c322b788813745e0aa7b592b4345d379
d1a53e6e1d6b423e8bc3fb6a7986a87e,1.141858,b2be859ca8f24cda86821d5383edbc18
69fc5af906524d06b5c47a8c984a7199,1.1403942,e27d9425c912446e947fe53c4a757375
bec8ca61a6524d90b610482e2f304259,1.134302,ed9b10a2879742628fce003076ef9024
c71fc9273bb64cf78fcb3160724b40be,1.1313345,34b71675a1ae442395b6eb1f3eda23df
75bd7834bfba42a0824a1918cd04b829,1.130995,c8b9a0ac7c214a449c434aabdf6ef770
d26040150be642cfa0310e083cc0d204,1.1256163,bf59502a233e4b5eaff9cfa3a992c387
c40beffa8f0d4679bafb1eac1d38bd5b,1.1250598,75b0bd2240a54f6fb45bf95ca43ab5e6
987dc1b016fe4664902db31211a59bd9,1.1227667,efdf40eee13d409c9955e5b84e4408f6
9d12b38606754a8ca46a62c27872e893,1.1196411,4ad7e2502210436f9ca5735fdf7e50c3
8888abcca90946828a172b03f4e16fad,1.1184334,cd60a0fcac24465a880af7d8f921dd68
84e237a5da704cc28748ceb897b709a3,1.1154006,11ec23965d2941d0817082107996ebbb
5880fbce1031460b8097717c0e258b33,1.1025827,e336d113184c4ebdbad7aa2b6ec64640
34a4ab8c365d469e9f634993d0a5b61a,1.1005973,fcc9863b07fc4bd5a01fab5b9160eafb
28f694942751431c839fe1d22e753e1c,1.099297,7cd1db4b50dd41e6b2f3dd15fcab3b89
8de833e138ae4924a0cc47129cde2cb9,1.0970932,1216ce1ef31e4643bb1222538c206342
49f4672f4be94535a516b1013cea2b54,1.0934935,c9e2e76e631c4d0a8013d90892350e06
184facf4be454b60a5fe9a953d771690,1.0917766,6b9b2c8f0a874bb8b6691aca6bc49565
43e7ebaddea142908ddeece45bfd2049,1.0904493,bab3bdc133384798b558f8fb6466a7fa
5302778a501c4de9bbc6c6fc6f7cd8b1,1.0901179,92d5da561f5a41bf929f3555a74cd653
86f3189426a749d5aa5851a9514f7a36,1.0878488,ff715b4f228443e3b067c801250f3402
a868fa08c4994234bd1947577c34c2f6,1.08749,b050e9e1ef5946c297a34dda98d8f476
061948a87df34fb3b077070194c1119c,1.0868192,1f8c0f02984e4139bf8043e57497fdb2
484bed1b612b48f3a0b37b91bf626f39,1.0868077,057164cf4aab45ebbefef3409359cfb1
56c2b163d79149048fcdf4e0f9d5598b,1.084827,64fa5ce839ef406b9bc8a1b2f05094c7
0619f008d28446449bfab75441601f01,1.0790222,7a4c413f5c844796bd5ffed2b65f0336
173d05df5b374e3ea0eeb958b8854299,1.0754979,27eee82d7fb94b9b8b60bd3101187496
44b833375c854450a60b5f4819e94466,1.0732869,d0a840820172465f83c8480d571e7b71
410190593a7f4b7e8ed63596f20c37e8,1.0641518,e5692bd498004d32934fbaa05af2120d
7dc9553f77c842f1848c9fe066681b67,1.0635,bf59502a233e4b5eaff9cfa3a992c387
6e6870a557a147a9acc900ab380040fb,1.0541706,e25b9d9944cb4d7197efb8ffc4ff57a1
74f1eb9bb1ba4fe5a565558b1ebc7a72,1.045791,1b4e143cfc1648a5b877d7445446366a
e68a3201b5e74913bc61894aae617101,1.0438224,b050e9e1ef5946c297a34dda98d8f476
91a9ce617c5b458284f2fab317b423cd,1.0434848,1216ce1ef31e4643bb1222538c206342
55cd381ef54d43069999636fdbce998d,1.0429902,46bfd7af0ed6491fa621350963d11e35
bc1026f31e374c13a6d40e36a58b4b4c,1.0419359,4430d47e30904eab969c1baebca184c0
d0dad3a420c744c3b2aaaa1604121d1f,1.0385046,e96aa0967ab94368b381354e03dc40ad
37cf2461e5cb4c8fa0b0751436bfa69c,1.0383034,92229a391d0b418f87b32c86c42a292c
43584afca09c4071adba01dad786c329,1.0380112,e492ff7fecf046a4948c5ba5631cdefe
af5d2c39e4a54d8295b3a933c8bc7b43,1.0365921,bab3bdc133384798b558f8fb6466a7fa
790d3e003e2545f9822873e830615360,1.0360987,ad289d5052264f9c8bd0aaf9faace92e
0a18772678f04aad97501db427e8f725,1.0308422,d9fbe02f04a4469dac855f69ea6ad02a
bc74f6e0e01940f8b0e150ba65e72d34,1.0302725,74e7db4222ca4a20811199afafa346a7
c8aebab05e9d4c7e8a5e4875c217263d,1.0249289,e7d6747e8c8b4ebcb665e232240daf17
1950440f5ca34d0bb2c737f896ec3b16,1.0158783,c322b788813745e0aa7b592b4345d379
d279eb260acc48558e34415c5c588926,1.015837,7cd1db4b50dd41e6b2f3dd15fcab3b89
739e45c484874024a94fec4cf8b13fba,1.0144753,c9628610053945f4a7998ae48cd70da3
7dba9b481a53475cb2f9bb524154fa97,1.011596,75b0bd2240a54f6fb45bf95ca43ab5e6
0ac5a5f9477a43b2b222bfec1888b8f0,1.009417,19c9ac7b84df472c85ed6cf5a05fbbc6
17d4b37e6cf045b691ff88ff7ec2d5fa,0.99981064,85e7ea30890b456084b8e85c299c8649
6a057932e0f440299b46bf70039cf9d7,0.9928356,e492ff7fecf046a4948c5ba5631cdefe
1ca503912b5b4d3c84d0c34c0ec3f38a,0.98710644,4d708e5878784386a42c2f436d2d60f0
4d2df900c0ef4261878a1ee108ac520d,0.9788656,ec281224f8ee419ebde676f291672aea
b4aed3fb5b3f491b99ace5c051b75eab,0.97503567,7ac9c94011924c09b47f9640211885a2
477b5f953efb42e6a18e9428c69b0fa6,0.96924835,ad2b6fb945714e6792c17bd49a1066e0
9304c56db5b34e709d22e558122d8338,0.9560368,b8ca3b6144cd48208caae952e096e7ae
9c4b40908472420e923be2dce2979c0e,0.9551856,01e805bb5a1845a7addf86fe9bc8d814
7c890f402f38475d942c1190be3ab2a8,0.9512074,77a8b27acb0e4600bb6ff974eabc269c
cfe22b04c2604c1fb386b852e558744b,0.9510314,ff218cc7835d4b5ba0de22792319050a
42058ac0b3ff4d34b26f6d53d69b27be,0.9505535,9b22c5cdbff44bdabd48dba008e6a3b2
af93b48dee3a4f0a924c31d87144d7fc,0.95000434,b7ef0a61de0e4adf9688b2c525c9ad09
3e8ebff2d8524f5aa87e3d2117dcb463,0.9473782,e7d6747e8c8b4ebcb665e232240daf17
c661bf4a97394c40af06ff80bbec3a75,0.94641805,a25b08e008114c9ca0266ce3e55d82bb
b615eb75fd0545b397a63d7c6a86c4eb,0.94152516,ad2109663af04c549385cd2ab9b3283b
ddb7ffce794746d1bcc1cbc3747fcac4,0.938796,11ec23965d2941d0817082107996ebbb
f230b42debc04e9ab59684ae05e721fd,0.9383847,9014beae94cf4f648e1663c8d5ec6803
f161ed58877741ceaa5a6f014b69de49,0.93659556,e27d9425c912446e947fe53c4a757375
f2210503df2e4ed297faefd9a1152e2c,0.9344417,8f761e1117754656ac86a3a25f241cd7
9ddc0583ec0e4cc0bbaa79c812c97afa,0.92789465,73e7e41e8db447c09cb2363d76556c64
8f2e335cd3c54f569c74283b0078f908,0.9154576,f036aaf4ab714c598a0b6da4ca604136
347c303d1b5c48f9a21e9432327258c8,0.9141743,27eee82d7fb94b9b8b60bd3101187496
c2ed9246a86b4c0f93db5a4cdfa7f06c,0.9134248,d443e0c5017d48d1b3f86bf4da959ed5
76313e4034d24a788d6f02923f14c045,0.9090575,d79afb377f5349a69830b2b4c7cfefcb
803051539d144fdeb70807a70a667f4a,0.901154,11ec23965d2941d0817082107996ebbb
4762d831f5884e25bb3eb6e73fd283fe,0.8967016,d79afb377f5349a69830b2b4c7cfefcb
b2e0675fdf93468a8fe7f4992e5ac02e,0.8925171,a1d8cb16dafd4126922f985021e93631
ab4c8222cf584ba3982f14500c005291,0.888823,a6a551a308b9442f947ea0608ae2c3fb
caba51ea4cb243dc87741ad2c31130b1,0.88749576,ed9b10a2879742628fce003076ef9024
662a6fe9ae1b47f5b598c9d0ff7ad784,0.88319904,640f3bd184b7425fb22cc7773b8b2244
1139d27eff6f4adcbf602ee48c269d3a,0.8828144,0ebc441d25664c91adad96b570270f07
0a67f23ddf014504a380fcaf9e049a2c,0.88263655,5a73e0a5c757410eb0928feed7b151c8
eccc933299ba48deadc3fbeb6ca6ffea,0.8809345,37337ebec05640b890e4b9612776c32b
fcd13888ea3d4c2cba9cdbf3a7d2bbdd,0.8809333,b2be859ca8f24cda86821d5383edbc18
919a7551269b4f86ad471c424ce96b2a,0.8779498,fcc9863b07fc4bd5a01fab5b9160eafb
4443770debc447b1b3f8c9dbb46160cd,0.87307227,e456afdf95e643dd926249fec4d68753
366c800d775a48eeb3c735cde3a881ab,0.87136674,6b9b2c8f0a874bb8b6691aca6bc49565
fed199237941466bbcb3b0333580ee3f,0.86326385,77ac5eb4b3054ca68e2b0dcbd5473fd1
712e2f3a807b4a8fa67e7bc78a2b5da6,0.86066616,b2be859ca8f24cda86821d5383edbc18
d41cd804abf94f759a1f7e6da3cc6758,0.8603585,e456afdf95e643dd926249fec4d68753
6283b7ae96e24cb789de54f62817a522,0.8595612,e25b9d9944cb4d7197efb8ffc4ff57a1
e707e5790c554edeb5ab0f070fb36720,0.857718,7c1e02f3ab614e539ac901e5cd3c92d8
21aae632c1bf454196e14809b781c9e2,0.85567784,6b9b2c8f0a874bb8b6691aca6bc49565
a7c05ece6ffc42e9a9efdc286789bba2,0.85404617,bd35571850644321b86ce4fae286ce7d
2b1ae0f0956e475c80e1ba5ca01abe84,0.84653544,b4150337314e40fb9e3ebb24514504a3
b453e70a75224981b0a892bee09f9b9d,0.8457671,c9628610053945f4a7998ae48cd70da3
360cbc8189604ca7bed1d03379488753,0.8439491,eaca056cec224a30aaaed30c39f644c2
d8c0f66ffaf94373b23b46444c5acb4f,0.843457,156f393f7ca046299e09d05464afa056
d9826bec6e1c4be6a7152f89b950fee2,0.8419954,c3412c53e9ec4b6a9a1aa95cf7f0f1e4
50d0942bfc7540f2b61af337707d303b,0.8399569,4430d47e30904eab969c1baebca184c0
305e57d28cc74f018c0ee4a93fe92c0b,0.83785224,a585d23fe43f459ba86ac15645af77ff
f505e4ddc7604ec896a2bc461f2bb86f,0.83650327,d0a840820172465f83c8480d571e7b71
d0c34b42e0ea475cbec6f473103ce609,0.8326503,e039a00eae414ebbb2205b011ac127cf
22ded3f607364f7b96960f862358777a,0.8321041,de9328bdd1b34adda74a0363ff0a52b6
82a059da201341cea6290c541e65ce5d,0.8306663,75b0bd2240a54f6fb45bf95ca43ab5e6
ac99786a858b4fa2a4aab5dcdd49d652,0.8301109,6a122ce1702646db918266228d48bd08
2ef6a38c8e514fb1b98b9cac832fdd14,0.8166305,8aadcf7251724cc6858dc0db44abebe3
15171a501992488a97cd9f1f44475978,0.813125,a1d8cb16dafd4126922f985021e93631
d3e12207d56644628943a01c0cdd93ed,0.8104675,1216ce1ef31e4643bb1222538c206342
f7968b9dc2674ffd888bfbc7a86342d6,0.7975203,1543a2f94aa74008914301874d98f0f5
4b82d1239c3f47488e057d0f3898204e,0.79677033,95fbc6ed8bfd43c1a6bcf676e26e7f8a
f33800b2fc5d43febcbee5156e729a2c,0.79262066,ff218cc7835d4b5ba0de22792319050a
8db2bf7ef1ed4e16b8f31fc7a9ad0e9e,0.7920639,fe6ace599de44aa19b1773dad3658fee
4f6887bfd8d64e9c96cb60b2fc428027,0.7856762,526ab7eda50e4a239d03ad505832d61d
7ee89cd6d6774885a024ad9e8abfda35,0.78518844,3257035cc77946d98bdc09e2fdd5cdae
5df9b0803cc442b68e59b21fe5955092,0.7747572,e25b9d9944cb4d7197efb8ffc4ff57a1
b9927fff8eac41ac99d787e84af9c3da,0.7726277,95fbc6ed8bfd43c1a6bcf676e26e7f8a
8b5c517e199245b2b9ffe9601e9c5fd8,0.7717466,92229a391d0b418f87b32c86c42a292c
47b8aa81feb6443088dc32ba9aaeca66,0.7666465,3257035cc77946d98bdc09e2fdd5cdae
4805a294e65b4d4db75948e86d3fdee4,0.7629517,acee70abee2841c9b67b95e9ed079647
500d964011eb4cd19e61ff976d9d808f,0.7627628,46ba0b979a664c7cb0c315c4cde6ac86
91a077bae982429595e548a2859976ab,0.761407,7ab29c5e2f05481d8a69cc479a764ee8
206c38136fda4bdb97f8087fab551d1a,0.7536081,e27d9425c912446e947fe53c4a757375
00989f2d41344337a67e440d6506b9cf,0.75269514,73e7e41e8db447c09cb2363d76556c64
06dafb47baf148b9ab12caa5200a4d2c,0.75230557,58f53c379f7a4868a2ba6d91a06247d2
22dbea142f4c45988a0efcb3c3633249,0.751717,d42996c2b67443fd9b73bba7641d4f77
d15af016ef394763b0f876df474531e4,0.75042796,057164cf4aab45ebbefef3409359cfb1
278a6d1334d949ac865e60b6199bf59d,0.7401157,a926df6d7fcf4b17b68dae6f41fbce66
cb44ae0776e3419e8b0aab12b82dc8e2,0.73834807,23066f7964874fd39639dbf2cb2766df
492d363c9d8b450da859bd06f06cf687,0.7359509,ff218cc7835d4b5ba0de22792319050a
d989c36a82a14c81ab2fe8b49f3c94f4,0.7305802,a1d8cb16dafd4126922f985021e93631
5a37cdd19ab741ca8f65dbc2e207ac65,0.7278282,650afb6a1d054e59904a1b796552eb04
0f8a4be0f3094bce84e582a214feabb7,0.72401965,aa2d7a3a535243189492d4ce8e79c049
29d39b14f72c45cebe5afd433c98dd23,0.72274816,b2be859ca8f24cda86821d5383edbc18
a30d8464e03848a8b72421c107f22fd5,0.71898675,d9fbe02f04a4469dac855f69ea6ad02a
e84532113530478c84db1abdcae9a6d6,0.71814466,95fbc6ed8bfd43c1a6bcf676e26e7f8a
7c4376eae79f4bb992d0bbb206eaebc1,0.71505696,c322b788813745e0aa7b592b4345d379
a79ab69369744d3bb4d94f1ed2d8c781,0.714635,c8b9a0ac7c214a449c434aabdf6ef770
ba0c12af5b1c4fe6ae766bf417e6498c,0.7138479,1af4472b38cc4304841b2f1720075c9d
7f8ae3801f3441f696f05e6cdd70c2fb,0.7119501,156f393f7ca046299e09d05464afa056
7919001f5a3f4b7ca384f7a6ade1783e,0.7032405,7cd1db4b50dd41e6b2f3dd15fcab3b89
f4e34063359742b7916fe2635de1aba0,0.7018888,e45844e0215f4a1596a7f9ac41367c46
eeb6b27942084fa6a8e663ec3a3dad56,0.69446856,a0fe3cd34e474c3b90662ce8ef1fcac6
1fa5b671cd0d4cb39567f651ef001e97,0.6941861,7cd1db4b50dd41e6b2f3dd15fcab3b89
b3d0e1f27a4c4d9dbda5877bde3bf232,0.68813515,9e304a9bbc7b4c22af8025fc93757357
0aabe8051b1e48dc8df2680281f96731,0.685342,89e43b092c844b5886a93091a22c894a
5466e5423228429ca4afb7578e83a4f3,0.68292844,fe6ace599de44aa19b1773dad3658fee
a5d13a0d598241769730951b2e94e7ba,0.6806841,23066f7964874fd39639dbf2cb2766df
aaff66d83c1441cba7531bde3e46f124,0.67905504,1216ce1ef31e4643bb1222538c206342
96bcfa53901a41dfa438964a0688e82d,0.6781874,88dc23909eb4415aa39b96cc3a4c2926
7dda222413534a90ab8e3d686a1ba461,0.67731583,d27cfea4da8f445fb4e3c55e53c6482c
7149705cc0f243f3877d976946fcba4e,0.6740319,cd60a0fcac24465a880af7d8f921dd68
659ae42d80174d04b5c0e2295c83e1cf,0.6740247,e7d6747e8c8b4ebcb665e232240daf17
1d6f4b84093244e6915c8d2b03d11912,0.6583925,bade01bd83ec4b6786fd8c867ca7a090
3f44a924107f4ecabdb619dac62a5931,0.65659535,5a68e05acea4434ba08e17e1fff00057
a4c088804f1a458e849f356cef8bfa22,0.65602064,e336d113184c4ebdbad7aa2b6ec64640
93a89031c44d4d6e87976f696e205219,0.65231204,4d708e5878784386a42c2f436d2d60f0
5a7c0160ff224dc08e280c9d93a87c66,0.6490423,1c97c72e076f40fcadb22b17e71beed1
cfbebb0b8d25424bad46127adbe59343,0.6477996,3257035cc77946d98bdc09e2fdd5cdae
08fe7d5213ea41ebafdb17d60eb36a97,0.6381329,c9e2e76e631c4d0a8013d90892350e06
a3b9cd8b03da4791964406ffeee48526,0.63787127,6542f58c143446f280e88a6375ccf79a
6f2088d6c7bc418f90e6328cd345c77a,0.6309409,00f45d57fd3c448d8cfdf3185ebae894
f8a46af09cee4fd4a9c2ffe00e109f28,0.6281706,6aaae524573f477f8fdef0b83787cbee
1e579d7ae9414003b1ba23d9839d8031,0.6281012,faaac88748714ce8a99413b952a1dac8
3cb97459e3f74194b27d06def0becea3,0.6274345,c322b788813745e0aa7b592b4345d379
0623d83a061f449f86d03b34bcacd314,0.624673,e456afdf95e643dd926249fec4d68753
c244f9298eca46bebe8382249b3a300b,0.6181654,e336d113184c4ebdbad7aa2b6ec64640
56f20fa9e0904380b48d10ec3d81950e,0.61786354,ff715b4f228443e3b067c801250f3402
7216fa39e2414501a8f87ddb54a3133b,0.61778283,fb709e29755b44988bb252c87a2ce2f3
d2bf482573ea4097b41b6bc649bece51,0.6149794,01690d9b08164fcabd5bf0819754f71f
3ce8d2e955bf406c8830f97658207859,0.6114727,8f761e1117754656ac86a3a25f241cd7
d1c94e11ba214e61b63f00da3fb00a09,0.6112625,ad289d5052264f9c8bd0aaf9faace92e
d56e8f69077e42b1aca7c99f6675c5af,0.6103104,1c97c72e076f40fcadb22b17e71beed1
6ad7781d238a4ed28cba7dda16397459,0.6102942,1c97c72e076f40fcadb22b17e71beed1
8dfd5233498c4be2b88b2b71cf67ed64,0.6084182,11ec23965d2941d0817082107996ebbb
9e428df718b04a159edebe604bf4ab3f,0.60505474,c8b9a0ac7c214a449c434aabdf6ef770
c12ab02c4bac4b91877f10f42eb704dc,0.6050184,3b13d134762445cebcdbb02b484db77b
c20164d6b8844f428057133e0ab47347,0.60376245,78b600dd53854b018f87267d268b7b1a
49ed92caa29841ae9341d53497cb8124,0.5992236,1216ce1ef31e4643bb1222538c206342
3ff3a9f9ebdf41968cac02ff122f56eb,0.5980634,c88be17376104f999b914a91aebf7220
aa7a7a6a0bfe40619e55e8f0b07f04fe,0.5973896,1216ce1ef31e4643bb1222538c206342
1f51f549ad514b1c98445416e5acfe66,0.5923097,5831f5e280be4c02a09ce4588b56d7f3
bfd311fb1c224274b98d99f84e3cf150,0.59133255,d42996c2b67443fd9b73bba7641d4f77
e7477d785b474565a0c4aea10f9060f1,0.5850562,64f1d63a671d441d9663a783f632f794
30c2e203d4e74967b5166f3da78fbe36,0.5825833,f615619defc4402b82845090c238e597
9542d0008f7d40028d37ffe95d4e270c,0.5816976,a0fe3cd34e474c3b90662ce8ef1fcac6
38003415b2fe4903b7183cdd279c09f9,0.57266045,678725f8b914453fbc1029b7c1bc0879
9aca4f5f45944250973b5a08c3fa9547,0.5714783,58db4c3a26c84fa68d81235d078208bc
4483d9ae441d4fe1889099eb3acf1676,0.567779,c8c201e25c0047a2ba9d9e8541ac0939
10f74d10373f4f128add836b046afcdc,0.5592509,d9fbe02f04a4469dac855f69ea6ad02a
1252c75b04024238b04ae25eb65cf090,0.5476608,6a122ce1702646db918266228d48bd08
387cfff049b44a62ad0215e9bcd6f912,0.54550755,ecdae9f36c6a437ea72739febbf1c89c
11cd11ee574a460989af01777e154c33,0.54121,156f393f7ca046299e09d05464afa056
b0f8d38771464874a4c57aa453d842ab,0.53672284,4aa3556b2aed469584c573868193a07a
2fd5284523f24eb1bae1d9e857c61d4a,0.5305068,ff218cc7835d4b5ba0de22792319050a
a5d2be317fc24e528df576140c0a3849,0.5274294,1543a2f94aa74008914301874d98f0f5
45f6671f9fb64495bc585555e3b8e55c,0.5264394,257aed6ca7a44f1cb5c664beb1be527b
07e594806c6c4bdf8d98e2995979eae1,0.5237026,0472051dc57d43f8b9dd08df475fc4a3
7065ff8945cc45c2a4dfb58ac4955a94,0.5226597,d576e334105247369362b05a375e88cd
e1c498af40d54c85bcea4f0ce236b966,0.51777303,d9fbe02f04a4469dac855f69ea6ad02a
1089b153884e4aca90dce90c11539615,0.5132117,b050e9e1ef5946c297a34dda98d8f476
1c5703785c574a4a86152b8e8ceaaab1,0.5116782,4ad7e2502210436f9ca5735fdf7e50c3
95cfdf88f92e45f9b81a755fb1718759,0.50978935,58db4c3a26c84fa68d81235d078208bc
7a63c379c6ed4b2faa1b9e863eb35d54,0.5089358,cc21026ff0d541909df56c5618d28518
4271098208074e6ea1a9497085061483,0.50854737,6542f58c143446f280e88a6375ccf79a
ed96d522f1d74dcb9a41c80634f5abe0,0.5074476,d0a840820172465f83c8480d571e7b71
adcb28bfb3334cf0938efac96e34354d,0.50625265,c88be17376104f999b914a91aebf7220
936da7c6ee60477dab2d4d91e51a0931,0.5058461,526ab7eda50e4a239d03ad505832d61d
dd72a1cbe29f432bb51ae6342e0382e6,0.505247,2768d411cc374a018a898f9df0ca207d
a5b36f9c26ec44639e19ecba64ad7063,0.5038123,8a77dc665d8b4d95a0b1113522f7e9c3
3bc9e7189bd1419081f54d35e956639e,0.5030335,b8ca3b6144cd48208caae952e096e7ae
1930e2b037404eb3b7a991849e81320f,0.5007365,21b1ded02d7b42618592187e287835a3
2092a0007cd74f32bd9954b25b49cf21,0.49633455,5971501b0e8b4ef5b203c3985d7f5e88
6fa6aa705e9a479b9435e2367955056b,0.49587956,d6fe6f8380464e21a27fd69de27f1f57
a3c58d5d2da942aab6283a42db2a14f7,0.49387878,37337ebec05640b890e4b9612776c32b
390ed716ee69427f85d1d9d4da45fd20,0.49312186,526ab7eda50e4a239d03ad505832d61d
71f93aa94339483884743fd218725216,0.49307007,9b22c5cdbff44bdabd48dba008e6a3b2
7e41c6ad9fe846239eb8cdf3a0a3569e,0.49095342,9303b9f7f4984b2dac8aeba8c8da8ef6
eaab6a29e5cf470dad7b0b66bdfa71f6,0.49078107,1216ce1ef31e4643bb1222538c206342
a02994faca0a4c088e226d856518737f,0.48874956,630edd9b8f754b5dbd36cfbbd03ccb51
d723c3032ecb44e187744c460cd06e8b,0.4886706,00f45d57fd3c448d8cfdf3185ebae894
13bc78da1120442190653a8273c4f2af,0.48696834,19c9ac7b84df472c85ed6cf5a05fbbc6
d6b4f4ad86b24c25967551b42462c386,0.48652703,d443e0c5017d48d1b3f86bf4da959ed5
2c379dfb72da44e9988beb15638fc7db,0.48143137,6a33c207c8b648f680dbd0e65639ef04
a888f13ac990426fb248349ced4a0bce,0.48081714,c322b788813745e0aa7b592b4345d379
5b578482d6cc41b9a12382c724e9e19d,0.47479278,d981f2c67f764e0c84af125b563958e9
be7a669164c1423c8ebd0ba23ce48329,0.4699205,e52a528036014db0a7bd54b99a310fe8
c5693611e9044ffea24fede04ab1d9a5,0.4593128,6d3c42356e3b459c919e3129ff192ac4
9f44eb98cc5c4143a57358e733c1cb23,0.45919657,650afb6a1d054e59904a1b796552eb04
7dcdd31673a44edaa5df70306899ce60,0.4590183,de9328bdd1b34adda74a0363ff0a52b6
d02300771c8742a688cdc05ccd13d2a0,0.44270444,6c8a24653ef04f559b88e0f27c0df63a
067c039494914485ad6e06b72bbb8e13,0.43668887,58db4c3a26c84fa68d81235d078208bc
41e25db024634f619358f3093d8df1e8,0.43618375,3257035cc77946d98bdc09e2fdd5cdae
8522edbe627049f0b00eabbb776399d3,0.43447188,aa2d7a3a535243189492d4ce8e79c049
3710bf2a11584bf098b45d14f2308ef2,0.43389428,ed9b10a2879742628fce003076ef9024
6991375b95ab4bb0b14b5ad68edc0a36,0.43006217,01e805bb5a1845a7addf86fe9bc8d814
2582ce6fc7d14ce6bd50980959cd305c,0.4292192,cd60a0fcac24465a880af7d8f921dd68
3088711035bc4a06b3595ae315f54fb2,0.42690462,c9e2e76e631c4d0a8013d90892350e06
a8117ce7b13549fc829e0bf1a9330dc9,0.4266247,fe6ace599de44aa19b1773dad3658fee
a22926b3ca894e6c80de0e172a46f36a,0.4243695,9170e0bb8fe44b309f83293808d871fe
6de8d8e544ee4bc3b84a9aa3f56f4d30,0.4120885,64fa5ce839ef406b9bc8a1b2f05094c7
f1f565a6c118448aaf377cc5c5ec0abe,0.4116961,1d47a696eae94bd29f215a4787b27d8a
65654ba4d0d241cea5f12740d725d0ad,0.41014415,77a8b27acb0e4600bb6ff974eabc269c
a082e18320bf47fe8c3c9506d626862a,0.40358743,b4150337314e40fb9e3ebb24514504a3
dea0770945c6460c8082a2fa1e710ccc,0.39994925,74e7db4222ca4a20811199afafa346a7
13964a2d472649b59d5126c24da8d4b1,0.39882275,23066f7964874fd39639dbf2cb2766df
e5968b40a7054871b2ae79f18399b30f,0.39850414,6c74bedaa406493a99988c5b8a47b704
292a36cd38ba43bf86a043e2de9d7bef,0.39822736,eaca056cec224a30aaaed30c39f644c2
d4cf39f8ba7e4a92b4ced7faa1218229,0.38866422,e492ff7fecf046a4948c5ba5631cdefe
dd7aef966c97433eaa394c033bd3ed81,0.38590395,e27d9425c912446e947fe53c4a757375
4bb46186bb5347c793ef12b4397ebcd6,0.38308504,6a33c207c8b648f680dbd0e65639ef04
1139ff813de54ba583f9d19e3a2b6ac6,0.38304517,a585d23fe43f459ba86ac15645af77ff
620d85d5d0b947dfb2f0574a0d4dfe72,0.38099608,8db9e204b8b841df8fd94eff0888cdf7
00384c60922647c68bbbf144d4c751c6,0.37714952,d443e0c5017d48d1b3f86bf4da959ed5
55cd7fb3f7fa410b973c972dc5f4b757,0.37673402,c88be17376104f999b914a91aebf7220
f3ea230754ba41d192cd37ed751d1318,0.37459165,8f761e1117754656ac86a3a25f241cd7
05fadc86cab04c70ba18949f1163cea1,0.37277657,0302e7dde9074dddbbbdf85e9be57901
87773e87aa4246ecb99c535106be1412,0.37031925,acee70abee2841c9b67b95e9ed079647
e0d2814553f94dafaa11cc4de14b94db,0.36773095,bf59502a233e4b5eaff9cfa3a992c387
6fa96236f4904758aed745bb8a495f66,0.36511976,e9f055a212cd4e5e8601228c37713f35
c350ff1ea49c4547b89b09403669a4b0,0.36068946,4430d47e30904eab969c1baebca184c0
e980c76243164587a41b4adacf1c6b50,0.3590642,58db4c3a26c84fa68d81235d078208bc
20c77ed7406f451bac8e8bcd18b5187b,0.35745955,9e304a9bbc7b4c22af8025fc93757357
6978d19475ab49b1ae3acf443710c48b,0.35565794,6c8a24653ef04f559b88e0f27c0df63a
2b4fda504eff4531832d7897265ba39f,0.35341966,d79afb377f5349a69830b2b4c7cfefcb
f825d91f98ed4b9fbffdd2f5bcea698a,0.35289016,d79afb377f5349a69830b2b4c7cfefcb
a1e176f474f04640aedebc0ece81583e,0.35244873,965598a17b624a0f9bb1cd58595458a6
e9b290a94aa44b1dbba67ba62b5153ac,0.35089594,27eee82d7fb94b9b8b60bd3101187496
356335bb29d4424ab31c89c6931246f5,0.34721893,965598a17b624a0f9bb1cd58595458a6
f8e19b9e878142969c95441f15b0da57,0.34489882,89e43b092c844b5886a93091a22c894a
d51de57d4ced4566bed6fef2db5c099f,0.34421396,d42996c2b67443fd9b73bba7641d4f77
21b8e136ec834f4cb7c6232d8a8ebb52,0.34041736,e7d6747e8c8b4ebcb665e232240daf17
df2549937e044a9583242e2c20f87e85,0.3400368,f615619defc4402b82845090c238e597
850ffbbf78224a1b910a45c2ad3ab6cd,0.33330816,19c9ac7b84df472c85ed6cf5a05fbbc6
19c57283f04a4c338b9625f43642f886,0.33130533,d576e334105247369362b05a375e88cd
bb53d0593f034d19b5b20210035e1058,0.32892853,f11f1682b5924181b047d757d3e20964
b4d2f62738d84adba1b5809481bab602,0.32753432,fe6ace599de44aa19b1773dad3658fee
1c017d16176a48e9a899ed772d5ff4d9,0.32723477,1543a2f94aa74008914301874d98f0f5
8766cab3c343406587942ee9f9888671,0.32442266,74e7db4222ca4a20811199afafa346a7
43a78998b5f14d87bf9883d669a9ea6e,0.32324603,d42996c2b67443fd9b73bba7641d4f77
70c5d0168ece4f13b8553e469845fce5,0.31759167,c0cb721b56f240dabf7f464e453ef72e
b2bd065cdfc748af858a6b41f0be933c,0.31650794,31b69f9501c4415e929b6af28c83f6a6
50eff679bc384b72918eba1cd77a5597,0.3150925,46bfd7af0ed6491fa621350963d11e35
0d995ee72a0b43739f37e5962dd6c907,0.31155765,0302e7dde9074dddbbbdf85e9be57901
ac2d96b937b24483be886056bc0c2b67,0.30929974,23066f7964874fd39639dbf2cb2766df
51ce7c9230f540a78ecf1c757e16a6a3,0.30881667,7c1e02f3ab614e539ac901e5cd3c92d8
2662ae81f6a6414cae732c72ef71a9a1,0.30780298,efdf40eee13d409c9955e5b84e4408f6
6d60c813cd9640d0840e8567de817877,0.30698964,bade01bd83ec4b6786fd8c867ca7a090
38b738aa374d42a1b20afa63ccfcfd62,0.300083,01e805bb5a1845a7addf86fe9bc8d814
3fc67f7f85a74c5b9c118cbf60e96ca1,0.2977697,983940e0b12e4186a281c36de657406e
57cb6a69463a4f248087b39af146fdc7,0.29754055,0f9cc12519eb4872af7be7fe49e19f59
72b24b9944aa43599173c03884689224,0.29591408,95fbc6ed8bfd43c1a6bcf676e26e7f8a
9ae0dc25880a4b1ca67998ae29c63cd9,0.29016197,eaca056cec224a30aaaed30c39f644c2
2e7dec015d344fb58ce0988844becd9b,0.28852075,f5a6222612ef406b8f02aef87e08c476
38f66bccfc8b47afb357b8caa5a3f286,0.2812702,691a538d2372403fad2b919b48ff5f85
707f6646366145df8e5402888ac28325,0.2796366,779d7c2bad1940c8a861451964e1ce01
018f42d116aa4bcdb1ab9e05bfc01b63,0.27806592,640f3bd184b7425fb22cc7773b8b2244
a4e40c85d10248bd9a34d6c44e22b010,0.27596313,c9628610053945f4a7998ae48cd70da3
4b6eb18ba8244091a7dab36a9dd58d87,0.27510285,f5a6222612ef406b8f02aef87e08c476
27ac7ea2481844079ce6ab849edc3901,0.27493533,526ab7eda50e4a239d03ad505832d61d
0f3dc35d3b4a40e79c0af54b9b3d1f66,0.271269,fb709e29755b44988bb252c87a2ce2f3
e18c0d2a5ea54d0dae0481083fc0db46,0.26754576,3257035cc77946d98bdc09e2fdd5cdae
fe175ac3af5446a582bc555f10723923,0.26290733,691a538d2372403fad2b919b48ff5f85
59ad0e42bca44e7c95b0aeb6bc5ca7dd,0.26286915,a585d23fe43f459ba86ac15645af77ff
c6654e244a00404a84d2f9314a7c6bd6,0.26221752,6aaae524573f477f8fdef0b83787cbee
56fc3ec2992a4a609298efd89a7d3f59,0.25913846,e492ff7fecf046a4948c5ba5631cdefe
2a15a6ed7e29403295f571a40fbf5895,0.25698766,e492ff7fecf046a4948c5ba5631cdefe
19697467a2f64fdcaccd3a65d2a60d7d,0.2568704,23066f7964874fd39639dbf2cb2766df
ae8dce8e4fd84a42916e2a2ea4ab7c38,0.25063986,fb709e29755b44988bb252c87a2ce2f3
5a9a922465d14fc6b190a50e964695f5,0.25034812,6a33c207c8b648f680dbd0e65639ef04
302f7c4fe5f346b7b6f4c5850ccea290,0.24898428,d576e334105247369362b05a375e88cd
d1fb54ad5cd34d8abd5ca9ee40b54dbd,0.24656817,b7ef0a61de0e4adf9688b2c525c9ad09
062dc7df9c4f430f87502fe7eadd5d7e,0.24628311,89597084b19c4902b073a2c6c6622456
dc439e2feee54ac8a73f06f7ea3d8334,0.24557403,8f285540a9394706bd6ec6cda46c5058
dade1ac92c08448e93e20a96c20f9d0a,0.2422899,f036aaf4ab714c598a0b6da4ca604136
00aac7746e164d80a6a257d31925297c,0.23399544,1b4e143cfc1648a5b877d7445446366a
10ec284856b64b33a3f1095d708227c6,0.23227587,f5a6222612ef406b8f02aef87e08c476
4bd7c89c496144089a9b340c20c1a8bf,0.23102091,ad2b6fb945714e6792c17bd49a1066e0
a66dab00c6184b79866a0fe90c090db0,0.22964367,65664fb3aad341fab563409d91dddd2d
20256e6cd14e4624979db79d84582573,0.22739278,fe6ace599de44aa19b1773dad3658fee
fc0ddf22d761445da507bfd2d2d08d33,0.22662646,efdf40eee13d409c9955e5b84e4408f6
d404db290f094f2f9dc6ffe54216308f,0.2245892,564a84b1b830407e811bcfc7fd086a6f
f54fb64fd5a04f3ba5c065305856b3f5,0.21918344,d6fe6f8380464e21a27fd69de27f1f57
08ce7eedbe124ee79566c776303ee9e5,0.21828897,c26f5e7dcc8149f18f3d719bba9ae717
df8769c84f5b4a8f9811c4537faa576f,0.21581078,73e7e41e8db447c09cb2363d76556c64
7d4cb32e892a463b96ac09595cffccf8,0.21477531,0f9cc12519eb4872af7be7fe49e19f59
7779e19852544c0a86ee54cbf58acb3c,0.21303183,e5692bd498004d32934fbaa05af2120d
37c0ed56957944cd874df80d82afca79,0.21250084,6aaae524573f477f8fdef0b83787cbee
246cbab9fb49461fab4520132d4fa1af,0.21184123,a585d23fe43f459ba86ac15645af77ff
901288a03fde4b628e2efc51f9ec6f0e,0.20882857,257aed6ca7a44f1cb5c664beb1be527b
064ec184b18e48e18255745eb01a80f5,0.2067762,640f3bd184b7425fb22cc7773b8b2244
bb58d88db2894bbe8d84b210cc4f26ab,0.19708914,99142f1c07cd4782814f8c970eaaa40a
180f987f287248c487b83fbddc87ee09,0.1957303,17cc6768c9d14388b7455fea0060b62c
d52a218e156e461f8d5f05a8a136988b,0.19095135,89597084b19c4902b073a2c6c6622456
c1c018ca07df447caa530adc78d76736,0.18907548,6a33c207c8b648f680dbd0e65639ef04
5c189d9231904498a16870be4936df4a,0.18698362,cc21026ff0d541909df56c5618d28518
4eef43c568d642d0b7a75932102cd2f8,0.17991099,8aadcf7251724cc6858dc0db44abebe3
ebaa88d224a746d786a5cf59845ee011,0.17590296,e27d9425c912446e947fe53c4a757375
3cabf7db885244c3aef797eb94b75b3c,0.17572758,17cc6768c9d14388b7455fea0060b62c
6e11fad70c424277a969434bd2dbd8b9,0.17534885,09fc9f38fbbb4bfaa1c979ac9cc43f0b
ce7e02187e74451f8fe2511db0fed0fb,0.17505515,779d7c2bad1940c8a861451964e1ce01
ff2339e06523437eb464f18a90d5f80d,0.16895103,ff715b4f228443e3b067c801250f3402
2af53201cad64c32bedf284dd06c1cea,0.16767827,f11f1682b5924181b047d757d3e20964
ae806a1c4d304ce388ffbf648f241d20,0.16476764,a585d23fe43f459ba86ac15645af77ff
d8da57bead4f4bd8a90f916f7cd032ce,0.16123416,5a8cc5ff28fb4359afc7e9fcbf3bce55
65add58592564636a49ae7417f79e9ca,0.16095895,b8ca3b6144cd48208caae952e096e7ae
ede38dce85584305a3733d42a3d38246,0.15291315,19c9ac7b84df472c85ed6cf5a05fbbc6
56cfe84755904ae98f74d085dd2fcb7c,0.14879763,6d3c42356e3b459c919e3129ff192ac4
5ab1cd14b5304690a8f45e2bb5a92dc4,0.14866096,19c9ac7b84df472c85ed6cf5a05fbbc6
ee1746342f304912aca6d1956f95bc68,0.1432309,eb513691b7a04d31ab1bc50bf343447b
0cee0f740cfa4b118595c4e921220588,0.14152414,92d5da561f5a41bf929f3555a74cd653
b8355f6877f04cf583abef8dbf343f61,0.1355662,a6a551a308b9442f947ea0608ae2c3fb
574b37b5f1374cd3b422354879e9f582,0.13418339,6542f58c143446f280e88a6375ccf79a
d64dd5997016472488972a82c8d2148f,0.1298298,b25fe3b79f714d38b3fc53e39fd84d36
5ccfffd900a1434dae33727030983cc8,0.119954556,75b0bd2240a54f6fb45bf95ca43ab5e6
1c4b7fec0bd14f4d832d26dd643c4045,0.1180027,92229a391d0b418f87b32c86c42a292c
0fcfdcdd99c34d2f8c849839febcbeee,0.11697396,9303b9f7f4984b2dac8aeba8c8da8ef6
8c55cc4f7bc44ef7b9210ff7b7595435,0.11080678,75b0bd2240a54f6fb45bf95ca43ab5e6
ba2103e1cad442ec881f2b0d25c99bb9,0.107997224,46ba0b979a664c7cb0c315c4cde6ac86
4440ec412a204073bc44b4890ee24ee9,0.10668194,d443e0c5017d48d1b3f86bf4da959ed5
a3c8a08e370346b095ed986fc19f420d,0.10481179,89e43b092c844b5886a93091a22c894a
e30792faab17454587f51314a00ae69b,0.10459587,d74f6e7abeb84eedb9923dadb62f45f0
e5b86e97430f434591a4da778f69dcf9,0.103651166,855b3971c4a147cfb9a7c281fa6b915e
4185600f230d4b21b2e32c2d85caa90f,0.101899564,75b0bd2240a54f6fb45bf95ca43ab5e6
3555001842e549e3b0aa8f30dcd11e0e,0.095755994,cd60a0fcac24465a880af7d8f921dd68
ba50600bf9f046bf97bbe28dc09a3ff4,0.094892815,92229a391d0b418f87b32c86c42a292c
52f16fa757624404b9d43dfe2885697b,0.09402384,09fc9f38fbbb4bfaa1c979ac9cc43f0b
3d62fd7345e249eca395731c94b53eba,0.0903278,d42996c2b67443fd9b73bba7641d4f77
5fa7699fd07e48f29a259e9b1044fab6,0.08767569,d4cd0b56b6f54e08aec8ebfdb6122c5c
58c7b41f2b3b4984aa23beaa1382b4f3,0.08033453,e7d6747e8c8b4ebcb665e232240daf17
da809b1c982e47e48ea951dff1120841,0.08023849,369fe18b94f54c98b554fd22b4a3b50b
b0428ae75a7d474bbf2e2f440fab50e9,0.07949796,e492ff7fecf046a4948c5ba5631cdefe
25bc48c919b24aac818d3ddc47d461c3,0.07320663,19c9ac7b84df472c85ed6cf5a05fbbc6
957566f2fe9f4406aa561e32617baa00,0.066523045,4aa3556b2aed469584c573868193a07a
17c07c3077cb479eaba075a5c7f99328,0.065650165,d42996c2b67443fd9b73bba7641d4f77
2d78b8e319a04caba78f81308c489ad0,0.06529537,5a26ae7959494fef99542e9b2004fd11
a2e363e09aed44868c4e51d9cce19eb3,0.06374398,c0cb721b56f240dabf7f464e453ef72e
ab90f505d58d4d94afa71bd0811469b1,0.06349926,80948e17b5694599919e1502bfcc08f3
7bd320ff5d6f4bfc906470499b8ae3b6,0.063286975,80921378de2b4cd3a14d449688d8b079
38d3a8b3543b4548ab16eca74b1ed293,0.05562435,46bfd7af0ed6491fa621350963d11e35
385af4460b5a436baece6ce3fa1cd423,0.054813445,6a122ce1702646db918266228d48bd08
cf4d7289a12b4ebcb7b17e8b76d82342,0.050661504,ad2109663af04c549385cd2ab9b3283b
f2d238ecc2d34c4583220abec4d75ba2,0.04927358,057164cf4aab45ebbefef3409359cfb1
301e127ffa514901b5840fd47f9f7e18,0.045338303,cc21026ff0d541909df56c5618d28518
b0eebd77fb114ff388e46e4f3d284b4d,0.04130897,e25b9d9944cb4d7197efb8ffc4ff57a1
41fab89a8af342e5835f50c62da3910a,0.04045438,1af4472b38cc4304841b2f1720075c9d
2b87269c561444308fce933186cf6042,0.03808716,0ebc441d25664c91adad96b570270f07
6b56add8c1e8488e9e85c4085e0cadc9,0.0374642,d443e0c5017d48d1b3f86bf4da959ed5
8498c31c9d93468caa7deb065c84e1a4,0.034664646,d74f6e7abeb84eedb9923dadb62f45f0
00306589ab9241cfb569f6b85c0e2843,0.034013372,7ce06191f1114b4c8a00609f6867761f
dd207a6be6fb481c941ff42092bbb3da,0.033590704,34b71675a1ae442395b6eb1f3eda23df
35280441301148638fc4b59eb169c802,0.033210997,aa2d7a3a535243189492d4ce8e79c049
85775741207d4d1ebf2ddd8ec7d58102,0.03177637,80921378de2b4cd3a14d449688d8b079
493a9c5f51a84accb411c3f643d0fba3,0.030473776,21b1ded02d7b42618592187e287835a3
fccd86bf84054e46a65b37bb8808da7c,0.030317247,e492ff7fecf046a4948c5ba5631cdefe
f1f00603ac934540b2a80ef9cdc88647,0.030230224,7cd1db4b50dd41e6b2f3dd15fcab3b89
2f2c1d07f46c48cc9afd407c79405b1a,0.02828139,7c1e02f3ab614e539ac901e5cd3c92d8
66c69be4b87942098f652198c91df0bd,0.021591812,77ac5eb4b3054ca68e2b0dcbd5473fd1
8195fb97514a48a7a6eddc58be5d8f37,0.021529675,691acac4a54d450697afb2c2dc4fca09
8868c5482f844182914477066c6e3287,0.019522995,b7ef0a61de0e4adf9688b2c525c9ad09
d13abb2f14514eafa77e5ef77ae45be2,0.016559333,6c74bedaa406493a99988c5b8a47b704
2d641fad427d4884b7624102a50d5edb,0.016126812,5a68e05acea4434ba08e17e1fff00057
a4057a1aa4e948e5abc7ddcad9479b24,0.007606834,e9f055a212cd4e5e8601228c37713f35
1dce77fb1e9e419d8977644f0d18fd1e,0.0012464169,f0695d7e59d64941b510a3d12f801d59
63cf218e957a465696c4482a9d4b226b,0.000975579,aa2d7a3a535243189492d4ce8e79c049
96a221031ce64e98ba5fcdb2fb45c9f2,0.00086790323,7ce06191f1114b4c8a00609f6867761f
c896b42105de4a53836bb12899fe2cdf,0.000332959,19c9ac7b84df472c85ed6cf5a05fbbc6
