ddd74ab8b91e4e3fa6509838de7e33d4,7.715001,e25b9d9944cb4d7197efb8ffc4ff57a1
5f5c72816fcd4fcc8f58aa66c02daac3,7.513377,eaca056cec224a30aaaed30c39f644c2
f66bd53c07c7410ca1da94b1c1f96480,7.285323,a0fe3cd34e474c3b90662ce8ef1fcac6
656745a4e33546768385d4e040d0fb52,7.100827,01690d9b08164fcabd5bf0819754f71f
edae612794a548eea7fe0edde2cd8271,7.0215726,c3412c53e9ec4b6a9a1aa95cf7f0f1e4
4a6e09d6abf04c768a24fc91a2f17181,7.0168815,23066f7964874fd39639dbf2cb2766df
b894792524d841b3b24c566aa9c41b8d,6.6011195,cd56b9a044c24df8a7156f661cb3d9cf
146864f4715c4e438e2c3294df06d9b8,6.5346737,691acac4a54d450697afb2c2dc4fca09
64e6b4c018f14601949aa629c1de4014,6.4179726,779d7c2bad1940c8a861451964e1ce01
067c039494914485ad6e06b72bbb8e13,6.4004974,58db4c3a26c84fa68d81235d078208bc
5302778a501c4de9bbc6c6fc6f7cd8b1,6.3707676,92d5da561f5a41bf929f3555a74cd653
b4bfd87056ca4927b56965f9b8341f74,6.2175145,74e7db4222ca4a20811199afafa346a7
d3910d69c924478ea90090b8b527e0b1,6.2101026,903360099fb644b6b88c6edac88eecb2
22dbea142f4c45988a0efcb3c3633249,6.1450906,d42996c2b67443fd9b73bba7641d4f77
953a07c9b67d487f9d6ac9b71b85dff7,6.11628,e9f055a212cd4e5e8601228c37713f35
d4560ab76d914af184a3cafa8ec46abc,6.109061,983940e0b12e4186a281c36de657406e
99370de3bbb74c12a92ca24b995d92b1,6.081133,4430d47e30904eab969c1baebca184c0
dcd4e8a77e0c47f4bfeaedc8b8dfc397,6.072465,bade01bd83ec4b6786fd8c867ca7a090
0f8a4be0f3094bce84e582a214feabb7,6.061947,aa2d7a3a535243189492d4ce8e79c049
5e369cf5939f4d15bb771d98108df034,6.010493,9170e0bb8fe44b309f83293808d871fe
4f6887bfd8d64e9c96cb60b2fc428027,5.986005,526ab7eda50e4a239d03ad505832d61d
903552e550a14d61b7dafdda426e7596,5.92764,7c1e02f3ab614e539ac901e5cd3c92d8
d8b0fd7f373b467f8a214ebf710b5469,5.899807,89e43b092c844b5886a93091a22c894a
fe079e85e77f4cd98fc3ce5e6b2476c0,5.8304768,7a4c413f5c844796bd5ffed2b65f0336
14251437e9d7466c9909622c9fe454a4,5.729834,257aed6ca7a44f1cb5c664beb1be527b
a703ddf11df347d6a8ca6f572ef505f2,5.5327044,e45844e0215f4a1596a7f9ac41367c46
6ad7781d238a4ed28cba7dda16397459,5.5144405,1c97c72e076f40fcadb22b17e71beed1
901288a03fde4b628e2efc51f9ec6f0e,5.506391,257aed6ca7a44f1cb5c664beb1be527b
bee778e5989a42b98f01c3f28373b730,5.453253,ec281224f8ee419ebde676f291672aea
67a610b0590e4dc98c6ad2de2c47446b,5.4390144,64fa5ce839ef406b9bc8a1b2f05094c7
86339034705d41e685883013d2ef7d6a,5.4265757,9303b9f7f4984b2dac8aeba8c8da8ef6
aba310b256004f63a3f3225cc1b813dc,5.359306,4ad7e2502210436f9ca5735fdf7e50c3
9ecd5b6acb6a4d10899c3464d4929105,5.3488607,8f285540a9394706bd6ec6cda46c5058
55cd7fb3f7fa410b973c972dc5f4b757,5.3360143,c88be17376104f999b914a91aebf7220
074732e2729c421abe906cc4077f1eae,5.3179646,369fe18b94f54c98b554fd22b4a3b50b
82ab65484b6d475d88c52a748a8072b7,5.2795005,e9f055a212cd4e5e8601228c37713f35
9c0fbba28fa24de2a7d3b5fff53b8ef6,5.2376065,34b71675a1ae442395b6eb1f3eda23df
6a3f2a9e86ed4054acf8db2265158d6b,5.203111,2425086d8eaf44d2a9519f0e4e6b289a
4975299790f047d9b4dfba901c33ee4b,5.1844645,bd2f91a9415049d980e453f94327e0ce
49ed92caa29841ae9341d53497cb8124,5.169322,1216ce1ef31e4643bb1222538c206342
4ce3fea9e2ab48ac805aa7b46f2cfe73,5.1660748,2425086d8eaf44d2a9519f0e4e6b289a
7342516c90ad4776bc0f64a3358d530c,5.1324053,02cf82700b4f4773af3a14ad8eaa5270
faafc7c371d240a29c764c0074231e6a,5.119568,779d7c2bad1940c8a861451964e1ce01
00bddd864f6b4c06bdae75aa6a690693,5.0914726,ad2109663af04c549385cd2ab9b3283b
6a057932e0f440299b46bf70039cf9d7,5.062996,e492ff7fecf046a4948c5ba5631cdefe
56db49f870bb49eaac223bc725d79f26,5.04226,17cc6768c9d14388b7455fea0060b62c
8e57d7771c084620b4bc95981a394b34,5.027377,4aa3556b2aed469584c573868193a07a
55472eb25f9841c2b39b9bcef06d7bf8,5.0247893,dc58564d0c8540bea4f3e2e3696deae8
ba0c12af5b1c4fe6ae766bf417e6498c,5.013781,1af4472b38cc4304841b2f1720075c9d
7216fa39e2414501a8f87ddb54a3133b,5.0127344,fb709e29755b44988bb252c87a2ce2f3
e5b86e97430f434591a4da778f69dcf9,4.9998918,855b3971c4a147cfb9a7c281fa6b915e
5ebfa573972845a5842bf96fbf02053a,4.994502,5a68e05acea4434ba08e17e1fff00057
07e166148b304b0b9c003c015628df76,4.975128,31b69f9501c4415e929b6af28c83f6a6
17ef3923d27b4a0d99dbc74302d79924,4.948039,e25b9d9944cb4d7197efb8ffc4ff57a1
1139ff813de54ba583f9d19e3a2b6ac6,4.9397397,a585d23fe43f459ba86ac15645af77ff
0d47fb068dda441b9e8f8f7bf704d553,4.9115505,d4cd0b56b6f54e08aec8ebfdb6122c5c
7798dea58b5a4389aca581f8efc4b17d,4.9107265,c322b788813745e0aa7b592b4345d379
4bb46186bb5347c793ef12b4397ebcd6,4.9018774,6a33c207c8b648f680dbd0e65639ef04
eeb6b27942084fa6a8e663ec3a3dad56,4.8903546,a0fe3cd34e474c3b90662ce8ef1fcac6
7bdcbc60a1354e079289b50702cced90,4.887267,5971501b0e8b4ef5b203c3985d7f5e88
9bc0b7a878a34cdd97666a27e60314a1,4.8524175,7cd1db4b50dd41e6b2f3dd15fcab3b89
4cf01329838243b998a06d2ffab76517,4.839106,99142f1c07cd4782814f8c970eaaa40a
5a9a922465d14fc6b190a50e964695f5,4.838023,6a33c207c8b648f680dbd0e65639ef04
32b499158c154bc2991b5799962d9b5a,4.813855,2425086d8eaf44d2a9519f0e4e6b289a
f856e536fb204df3b9d9dcffebf3085f,4.788071,88dc23909eb4415aa39b96cc3a4c2926
f2f267caea8b4b99a078a6d77af06916,4.764091,7a4c413f5c844796bd5ffed2b65f0336
671397532db64b2a86a8e790655fde58,4.745662,80948e17b5694599919e1502bfcc08f3
42096f8107c945a1a2cb7d0c4ba65a75,4.7044573,faaac88748714ce8a99413b952a1dac8
72679574292b4dcba4cd8bf82996bc5f,4.702432,64f1d63a671d441d9663a783f632f794
adcb28bfb3334cf0938efac96e34354d,4.6951284,c88be17376104f999b914a91aebf7220
6ede534375a14c609d02c3f94a41907e,4.6870694,de9328bdd1b34adda74a0363ff0a52b6
2ecb2538a079498991304b0864fbe039,4.674976,e456afdf95e643dd926249fec4d68753
c661bf4a97394c40af06ff80bbec3a75,4.673188,a25b08e008114c9ca0266ce3e55d82bb
a34c38121a3948f8949f49df67186c78,4.6683555,92229a391d0b418f87b32c86c42a292c
1acb0cb3f1f54789891682122e4013b4,4.661385,7cd1db4b50dd41e6b2f3dd15fcab3b89
7eab4332b2af45cd8ba6c4050d814b39,4.656022,ad289d5052264f9c8bd0aaf9faace92e
0619f008d28446449bfab75441601f01,4.6478314,7a4c413f5c844796bd5ffed2b65f0336
7b51de0f71b142e7ba4820c5972d711f,4.644736,b050e9e1ef5946c297a34dda98d8f476
daec8c9bb81142a98349b34affefed91,4.6370792,630edd9b8f754b5dbd36cfbbd03ccb51
3b54cc7ced814b6cbc6dea86f09aa770,4.616455,ed9b10a2879742628fce003076ef9024
ea0b41aa56ee406986b5b4f422a625ee,4.6116514,f5a6222612ef406b8f02aef87e08c476
09234512603c4025b0b0b863e285fb5e,4.5568776,21b1ded02d7b42618592187e287835a3
aa7a7a6a0bfe40619e55e8f0b07f04fe,4.555486,1216ce1ef31e4643bb1222538c206342
1caf9a18d1b74dd5b4b7841f5fa7c12f,4.5391617,37337ebec05640b890e4b9612776c32b
40ef7a281c80494686e90001c1421dee,4.52886,ff715b4f228443e3b067c801250f3402
9d12b38606754a8ca46a62c27872e893,4.525563,4ad7e2502210436f9ca5735fdf7e50c3
4208fd7b21964394aa023825a91e5e42,4.5020037,ff715b4f228443e3b067c801250f3402
0beb47a537e14562b509e395d77dc749,4.4461102,526ab7eda50e4a239d03ad505832d61d
dd671b4f80574f9b903f650ec7d65be2,4.434379,0472051dc57d43f8b9dd08df475fc4a3
68017cd7896a412db28e47c90096b888,4.433843,d9fbe02f04a4469dac855f69ea6ad02a
b74ab07a7c004219aee7bd6d643ebfb1,4.409155,64f1d63a671d441d9663a783f632f794
7986e60543204582ac542d56eef7cda9,4.399911,9303b9f7f4984b2dac8aeba8c8da8ef6
8585971b042846729be0531195bb8d5c,4.3931513,3b13d134762445cebcdbb02b484db77b
91af71c421dd4b9fa1252bd59cd4afd6,4.3886585,369fe18b94f54c98b554fd22b4a3b50b
6f5aba39f47a4d7b87f4b50122d8b660,4.3839297,7a4c413f5c844796bd5ffed2b65f0336
74b25851047d4c08840debaa0bcd9e2e,4.3835964,80948e17b5694599919e1502bfcc08f3
d6b4f4ad86b24c25967551b42462c386,4.367075,d443e0c5017d48d1b3f86bf4da959ed5
91a077bae982429595e548a2859976ab,4.3531885,7ab29c5e2f05481d8a69cc479a764ee8
5491a19984a643bca536cb015e65adbe,4.318381,92229a391d0b418f87b32c86c42a292c
662c1dace3274fb79254a1e59f299ccc,4.3150964,7a4c413f5c844796bd5ffed2b65f0336
c762fdf4bb4d4f4992cdcd83ef4f2222,4.3011827,fd51f3eef1a64d9a93652be481bde32e
abf8b91082294675ba25ab35c659daa7,4.2968726,09fc9f38fbbb4bfaa1c979ac9cc43f0b
55f19079097043d4b29cd2c08fb960c5,4.2960033,58db4c3a26c84fa68d81235d078208bc
0af83a2558ad459cb3b54e5c9da02975,4.2770557,4696c8192576454f8684954bc771aa23
6728135560274c459d26043145918a59,4.2701035,ed9b10a2879742628fce003076ef9024
9e769043a2f5480e8f0bde6e83caf70a,4.268486,e02ad4f63c8444b79a7a56fb23a4e0f1
8afe31852af94133a8a0e21f4b27e5d1,4.266765,37337ebec05640b890e4b9612776c32b
37c0ed56957944cd874df80d82afca79,4.253545,6aaae524573f477f8fdef0b83787cbee
01213179f19e4a5d97590bdc85be49aa,4.245836,1cbfb22f84454b1fb821b602e3ad11f8
1089b153884e4aca90dce90c11539615,4.2447047,b050e9e1ef5946c297a34dda98d8f476
78806c5668cd4a01a34eaa549dbc4021,4.2441845,d79afb377f5349a69830b2b4c7cfefcb
982360bc10ca4c3ba78467718112babd,4.2322216,c26f5e7dcc8149f18f3d719bba9ae717
6abbc2ba6e8241f5b7132c7bb338f92e,4.2191234,37337ebec05640b890e4b9612776c32b
e0be49d601a84ae1afc8a7ca92f58087,4.212473,7c1e02f3ab614e539ac901e5cd3c92d8
de06cda8b2974e1faea48a81f0d71342,4.1802435,6b9b2c8f0a874bb8b6691aca6bc49565
b627c84048a742d292cc9adc0f36f58d,4.16663,5a68e05acea4434ba08e17e1fff00057
43e7ebaddea142908ddeece45bfd2049,4.142626,bab3bdc133384798b558f8fb6466a7fa
da365c80b3ac47ccb8a01a48820437a2,4.136643,37337ebec05640b890e4b9612776c32b
e18211bb1b9a4eb5b5679481523d0c23,4.1353025,d981f2c67f764e0c84af125b563958e9
0ea4c68a804648959f67957d17d5a323,4.1232805,ff715b4f228443e3b067c801250f3402
b2486195994b46178a02231ec766d3ea,4.122347,b050e9e1ef5946c297a34dda98d8f476
aac7a2be32044f6b908b9548ab324ed4,4.1139984,a6a551a308b9442f947ea0608ae2c3fb
f6023dfadf94495fba9f43c8230ce2a3,4.1039853,a4cad92644614f78bded3ca6d6023473
3eb1fed1bfea482687c433b63ad56eda,4.1007996,efdf40eee13d409c9955e5b84e4408f6
c0f3c55551da4b9fa0600e0d1b9181bb,4.0473585,0472051dc57d43f8b9dd08df475fc4a3
38003415b2fe4903b7183cdd279c09f9,4.0345516,678725f8b914453fbc1029b7c1bc0879
2c2bd31efb4543d08c60180fb6fa21a2,4.0335045,1d47a696eae94bd29f215a4787b27d8a
3cbe7ad4fbe64e83876d9c85f91a8237,4.023274,d4cd0b56b6f54e08aec8ebfdb6122c5c
fb4a9db6c94f4a49a12fa4071706242f,4.022438,f0695d7e59d64941b510a3d12f801d59
52bcb0a99aff4ed18c8fd7fc24e687f6,4.006729,7cd1db4b50dd41e6b2f3dd15fcab3b89
49f4672f4be94535a516b1013cea2b54,3.9935331,c9e2e76e631c4d0a8013d90892350e06
1e008659e5994366815fe158a9f9a26c,3.9851084,9e304a9bbc7b4c22af8025fc93757357
7c44128ff20b427f8ee22047fba9882b,3.978352,1f8c0f02984e4139bf8043e57497fdb2
6f2088d6c7bc418f90e6328cd345c77a,3.9609234,00f45d57fd3c448d8cfdf3185ebae894
e0d2814553f94dafaa11cc4de14b94db,3.944598,bf59502a233e4b5eaff9cfa3a992c387
43a78998b5f14d87bf9883d669a9ea6e,3.9244227,d42996c2b67443fd9b73bba7641d4f77
b90d91a297514acd88d2d9aef7a483da,3.9207277,7a2491a27f3c438a8549988f7a79e26e
e9ffeaac65414a5fb9df90c528ca02f2,3.9143336,e5692bd498004d32934fbaa05af2120d
4862c9b0d8ae46eb8831a66a01eeb02f,3.9103703,b050e9e1ef5946c297a34dda98d8f476
45fc0cc071f44aa5a4f55b6521959f82,3.9060946,7a4c413f5c844796bd5ffed2b65f0336
2b50f012261b4b2ba6b92ef109d17277,3.8756187,b25fe3b79f714d38b3fc53e39fd84d36
574579024c244c8692dbb21de8829775,3.8561647,5831f5e280be4c02a09ce4588b56d7f3
edb63218ad374e72804e964a5ea6949a,3.8401728,a6a551a308b9442f947ea0608ae2c3fb
d7af13217f9446bc8d46c21e5d91114a,3.8373935,836ec4ef8df644328ac07b7803709323
daaf43ca009348bfa676ca06cddcdf61,3.8193443,a1d8cb16dafd4126922f985021e93631
6f70eedb7ac1471a9d9cc5ba1a8f274b,3.8150105,4ad7e2502210436f9ca5735fdf7e50c3
9d9b4852b8034985805080eb49678bc3,3.8119733,a1d8cb16dafd4126922f985021e93631
a290060554d143b285db3be94eac099f,3.8056269,a1d8cb16dafd4126922f985021e93631
0a18772678f04aad97501db427e8f725,3.803606,d9fbe02f04a4469dac855f69ea6ad02a
8564aa88c0c6416890eb773a1c47d701,3.802398,8a77dc665d8b4d95a0b1113522f7e9c3
7c4376eae79f4bb992d0bbb206eaebc1,3.8003948,c322b788813745e0aa7b592b4345d379
e09735216b1f4e3f9fd7eb54f6aa2b1a,3.781968,b7ef0a61de0e4adf9688b2c525c9ad09
7e808bd74e2447d79f7d266c88de6410,3.769626,95fbc6ed8bfd43c1a6bcf676e26e7f8a
7d72deccbd444c5bb9b43e3a6c75f5a5,3.7520258,e52a528036014db0a7bd54b99a310fe8
db0b5c45c2954d12b90e29ab07c75dcd,3.7513974,21b1ded02d7b42618592187e287835a3
06cec2d499d345bc9c033032d765acb3,3.7497053,779d7c2bad1940c8a861451964e1ce01
999fb1ffa3824b0691a5dcd65625f30f,3.7265935,2a9658410614443d8a27ef174f61d6e8
c853cbd19ac0421eac6817429b6f8804,3.719464,526ab7eda50e4a239d03ad505832d61d
bfa67f429e414493a7306f4ad2e21550,3.6789,1f8c0f02984e4139bf8043e57497fdb2
d3b5dd91af4f4e17a5b26bd5058f3dd5,3.6727064,c26f5e7dcc8149f18f3d719bba9ae717
003d3f2fc0d74fc58746a9d38d310d8a,3.6682682,6b9b2c8f0a874bb8b6691aca6bc49565
a904fb4b818843aebcf6c526facb5089,3.6614003,8a77dc665d8b4d95a0b1113522f7e9c3
abc9ab04fed74e638625e3e6f26de13d,3.6603644,a0fe3cd34e474c3b90662ce8ef1fcac6
128de5daa04242e7b0c9eca5277071bd,3.6589456,85e7ea30890b456084b8e85c299c8649
ed7174d9684e4c1ab43b255543d62f86,3.6525445,b25fe3b79f714d38b3fc53e39fd84d36
f5a783856a7f4d3ba8c3f2c29428c454,3.641225,5a26ae7959494fef99542e9b2004fd11
a10fa0e95314472f9c5d9f4695a8391c,3.6242185,74e7db4222ca4a20811199afafa346a7
13260f69234944ae8feb384dae6510ab,3.617008,eaca056cec224a30aaaed30c39f644c2
e9b290a94aa44b1dbba67ba62b5153ac,3.609856,27eee82d7fb94b9b8b60bd3101187496
790d3e003e2545f9822873e830615360,3.6077492,ad289d5052264f9c8bd0aaf9faace92e
47471f2f4db14e01850ce3fd0e3b7aff,3.607105,c9e2e76e631c4d0a8013d90892350e06
4ec7a9ba5579479e8eb75b6a39172728,3.5844746,5831f5e280be4c02a09ce4588b56d7f3
55cd381ef54d43069999636fdbce998d,3.564233,46bfd7af0ed6491fa621350963d11e35
91e6133ed3e2412cbd4f9450388c7eb6,3.5609848,17cc6768c9d14388b7455fea0060b62c
7cb7428e7e774e2ca33b6d9a12926311,3.5215201,23066f7964874fd39639dbf2cb2766df
93804e9078864c70b27336ff52724af8,3.513866,92d5da561f5a41bf929f3555a74cd653
28ff28dc16ac43ad9110f26f13aa339e,3.5064795,c9628610053945f4a7998ae48cd70da3
f8dc989408ab412199e89745baedbb50,3.505587,8f285540a9394706bd6ec6cda46c5058
1bcadb1e071c4e6d82323f31e960901e,3.4977021,836ec4ef8df644328ac07b7803709323
6237fc7134d449b9bc4158d9a707cca1,3.4953737,e9f055a212cd4e5e8601228c37713f35
89b0d50305744a53bf5c6cabc6f94b08,3.4893222,d27cfea4da8f445fb4e3c55e53c6482c
ef0d69bfdc4e49acb1978167c6edf80e,3.4822545,19c9ac7b84df472c85ed6cf5a05fbbc6
5a37cdd19ab741ca8f65dbc2e207ac65,3.4795299,650afb6a1d054e59904a1b796552eb04
d3e12207d56644628943a01c0cdd93ed,3.4652007,1216ce1ef31e4643bb1222538c206342
0c915913c66d40f6b77e2491b30dfc9c,3.4447365,a0fe3cd34e474c3b90662ce8ef1fcac6
d142f9dac4904fd9a93e4b68197a4fa9,3.4408884,ecdae9f36c6a437ea72739febbf1c89c
b453e70a75224981b0a892bee09f9b9d,3.4259124,c9628610053945f4a7998ae48cd70da3
287f16e644254fb4ab92c40cf4fd41e5,3.4008417,fb695c097d5845c282f6b30c241e8cf2
c294e4564fbd465e948be4cb38ab0f2d,3.399456,d42996c2b67443fd9b73bba7641d4f77
014b077427a84137a08055cd6ba1057f,3.3907733,fd51f3eef1a64d9a93652be481bde32e
0efa7128e7d54bb098c98a8d23fa4d55,3.3883092,aa2d7a3a535243189492d4ce8e79c049
06dafb47baf148b9ab12caa5200a4d2c,3.3673973,58f53c379f7a4868a2ba6d91a06247d2
74f89cf2b75547168060f6c31aa572f9,3.3604927,156f393f7ca046299e09d05464afa056
d8fd098382264e93a362843242d58e0a,3.36018,8f761e1117754656ac86a3a25f241cd7
22fbef34478f40bbbd083e12595903b4,3.3475986,de9328bdd1b34adda74a0363ff0a52b6
c12ab02c4bac4b91877f10f42eb704dc,3.3440533,3b13d134762445cebcdbb02b484db77b
7e41c6ad9fe846239eb8cdf3a0a3569e,3.3402839,9303b9f7f4984b2dac8aeba8c8da8ef6
ac7a9829a2a24b3aa81bebb2785533ef,3.332209,8f285540a9394706bd6ec6cda46c5058
7e14c6fa40384f39be08ef7ac6b7deba,3.3145545,4b748d6624144214b3d8a80b37aabde6
06b4425d4dcb4aaaafb52063bd3af473,3.3070686,a6a551a308b9442f947ea0608ae2c3fb
acf1a040f09440e7b67e2b901b3b1583,3.299669,cd56b9a044c24df8a7156f661cb3d9cf
1ab3ed9b9a4d45cc81fcf7e200bdee0f,3.2947962,ff715b4f228443e3b067c801250f3402
e046c26587cb42afb43672bc7895ec22,3.2910728,9303b9f7f4984b2dac8aeba8c8da8ef6
5dce93cb07464f0db845af41bf878604,3.2828445,acee70abee2841c9b67b95e9ed079647
5d204449172f48b1b51ca2ed9308b6d6,3.2666454,11ec23965d2941d0817082107996ebbb
5d32b941bc394464a6da8d1c78aeb3ef,3.2490017,11ec23965d2941d0817082107996ebbb
d5720a4e3cd34c23ac605c840bcd69ae,3.2397852,cd56b9a044c24df8a7156f661cb3d9cf
b2bfb37b3dd54bf0b7653b3c280b2b08,3.2391343,c8b9a0ac7c214a449c434aabdf6ef770
ede38dce85584305a3733d42a3d38246,3.238148,19c9ac7b84df472c85ed6cf5a05fbbc6
2fa8c386148647ccaeee6adf877a7ac6,3.2161543,8aadcf7251724cc6858dc0db44abebe3
76ffb89b5ba84a8788d68f4010821e12,3.1988375,c0cb721b56f240dabf7f464e453ef72e
523ae070f70149be975ea27f84bdb39c,3.1946144,75b0bd2240a54f6fb45bf95ca43ab5e6
a2adf2cbae1441e3a30cb0ce1658be8f,3.1910844,c26f5e7dcc8149f18f3d719bba9ae717
b324a5fe4a374e51a39d53b0b235ca94,3.1873965,c88be17376104f999b914a91aebf7220
0e07a1ba34174816a6e96d6ffb215671,3.1767802,ad2b6fb945714e6792c17bd49a1066e0
6ef03128028e416e929a82f5c819206b,3.1701436,21b1ded02d7b42618592187e287835a3
aa580e725d534bcc967dbef0c65b141d,3.1561532,88dc23909eb4415aa39b96cc3a4c2926
bfc3042d6d684128b937f9d9878d4eaf,3.1389182,f036aaf4ab714c598a0b6da4ca604136
6c846ec45b5646b6b0d1dfce66fb8328,3.1378026,1cbfb22f84454b1fb821b602e3ad11f8
b0eebd77fb114ff388e46e4f3d284b4d,3.1337383,e25b9d9944cb4d7197efb8ffc4ff57a1
59f932ea796043fdba3c19bd87389e96,3.1263602,58f53c379f7a4868a2ba6d91a06247d2
e248745a536e4547b843917beb8bc3ea,3.1236906,cc21026ff0d541909df56c5618d28518
bec8ca61a6524d90b610482e2f304259,3.1213346,ed9b10a2879742628fce003076ef9024
cdb476218b73426a840ec0a8868020bd,3.1136384,d9fbe02f04a4469dac855f69ea6ad02a
1cfa0ddd81a04ee1bcbf754e6c92c5d8,3.1088479,f5a6222612ef406b8f02aef87e08c476
168e875b6a7c4f0c83e74f55508fb7cd,3.0884972,d6fe6f8380464e21a27fd69de27f1f57
6febefdfecdd4d6dbe493b2dab3579b0,3.081575,156f393f7ca046299e09d05464afa056
064ec184b18e48e18255745eb01a80f5,3.0736449,640f3bd184b7425fb22cc7773b8b2244
152e0362dac34ef8940b97d42520b9de,3.0517771,17cc6768c9d14388b7455fea0060b62c
56c2b163d79149048fcdf4e0f9d5598b,3.0498397,64fa5ce839ef406b9bc8a1b2f05094c7
8888abcca90946828a172b03f4e16fad,3.0361626,cd60a0fcac24465a880af7d8f921dd68
b4a8d87a40804af0ba2290010e25deb5,3.0359817,21b1ded02d7b42618592187e287835a3
1008087cab8f407eb2cd44e6c79658c7,3.034872,d576e334105247369362b05a375e88cd
38f66bccfc8b47afb357b8caa5a3f286,3.028812,691a538d2372403fad2b919b48ff5f85
d167d4759915411bbe1bbe1051622883,3.0255299,4a4eb12a639346b5a00557d54b51fe51
275a7144962641e1a6b32428d2e025ec,2.9766889,fe6ace599de44aa19b1773dad3658fee
8058d1c206ab4268a15994fd69f5d5d0,2.9511185,1c97c72e076f40fcadb22b17e71beed1
13bc78da1120442190653a8273c4f2af,2.941938,19c9ac7b84df472c85ed6cf5a05fbbc6
600602c8b38d4fe293a8b89ca3c4b7a6,2.9298253,d0a840820172465f83c8480d571e7b71
50d0942bfc7540f2b61af337707d303b,2.925891,4430d47e30904eab969c1baebca184c0
390ed716ee69427f85d1d9d4da45fd20,2.9232948,526ab7eda50e4a239d03ad505832d61d
ac99786a858b4fa2a4aab5dcdd49d652,2.9096534,6a122ce1702646db918266228d48bd08
1db04d4304ab44b5a063f18b9037c0da,2.8953469,02cf82700b4f4773af3a14ad8eaa5270
0c472016621a42b2ace086642ed58917,2.888732,92229a391d0b418f87b32c86c42a292c
27a9489cf5724d47bbcc508684389f2a,2.8800957,3257035cc77946d98bdc09e2fdd5cdae
ac047081c69246efb1e1385bc77fb76c,2.878826,88dc23909eb4415aa39b96cc3a4c2926
c8505b52f0aa4beb8144837de094973d,2.863886,2425086d8eaf44d2a9519f0e4e6b289a
898b757291e64b7b982221e0a86dea5d,2.862508,e5692bd498004d32934fbaa05af2120d
04457b683e1d4eaf8e6a37b15f5d8aa8,2.8585074,700f381f40ce4b039ce0df8b49fb199b
43bd347a4d5e4c8c82b41970f2ddfc02,2.8580234,37337ebec05640b890e4b9612776c32b
a4057a1aa4e948e5abc7ddcad9479b24,2.8469746,e9f055a212cd4e5e8601228c37713f35
fccd86bf84054e46a65b37bb8808da7c,2.8465638,e492ff7fecf046a4948c5ba5631cdefe
1fed8f37e5d44fa599aedccef449767a,2.83496,bab3bdc133384798b558f8fb6466a7fa
794358e3d9a94bc48a240617b29ec0af,2.8313465,3be388c9ab614bceb086c19f70df23c2
5466e5423228429ca4afb7578e83a4f3,2.826217,fe6ace599de44aa19b1773dad3658fee
03338969d6c44f879a13c672864f6001,2.8189077,f615619defc4402b82845090c238e597
f23847f4eab34d3ba19bf1dccbc32306,2.8171833,66b0c8a58f444ea0aec34d9403b88a49
f7d9f745835a44c4a947a141f080ed24,2.804451,c0cb721b56f240dabf7f464e453ef72e
6d9fe29b75544ce6b2e1c3329771cd32,2.7924325,64fa5ce839ef406b9bc8a1b2f05094c7
33d76c41516a4e5aa8c5b3b16cc6c6f7,2.7827554,e7d6747e8c8b4ebcb665e232240daf17
d70588024f024cdda9e71020d4ec2183,2.7819636,c8b9a0ac7c214a449c434aabdf6ef770
54cad1d39001470bae1e14fe0e58f061,2.7780406,cc21026ff0d541909df56c5618d28518
b982c8da93db48ddbd69de9c207f2187,2.7728527,ff218cc7835d4b5ba0de22792319050a
256d2577d4f940778857e3ae7fa8e965,2.7608871,58f53c379f7a4868a2ba6d91a06247d2
d1a53e6e1d6b423e8bc3fb6a7986a87e,2.7585917,b2be859ca8f24cda86821d5383edbc18
a5b36f9c26ec44639e19ecba64ad7063,2.758165,8a77dc665d8b4d95a0b1113522f7e9c3
e8ee807a789d465c99039c42dbdb3203,2.7506914,5a8cc5ff28fb4359afc7e9fcbf3bce55
b8355f6877f04cf583abef8dbf343f61,2.7437348,a6a551a308b9442f947ea0608ae2c3fb
0d2bb28b114e4f4c8c688a13f967b79b,2.713335,a4cad92644614f78bded3ca6d6023473
432fd48d8c1946838e62f7912527deae,2.7132113,7c1e02f3ab614e539ac901e5cd3c92d8
55af16e0058942008349107e8a2e1845,2.712504,d4cd0b56b6f54e08aec8ebfdb6122c5c
1ea12b451b3d408baf7902165bd34a14,2.7101638,65664fb3aad341fab563409d91dddd2d
4810807024104aebb9028b6d53c9ed44,2.703367,77ac5eb4b3054ca68e2b0dcbd5473fd1
b2f096bfd95f437395470a39b9b6ada7,2.6993217,f5a6222612ef406b8f02aef87e08c476
b8cb140987104f8db7456d8b3ad57ae7,2.6959586,e25b9d9944cb4d7197efb8ffc4ff57a1
7fc16d6f92a847c29cf3367644e4e835,2.6933894,b8ca3b6144cd48208caae952e096e7ae
17f9d21a0f2849cd89f1718c3052e82f,2.6736717,d79afb377f5349a69830b2b4c7cfefcb
68ea9efe09ec467b955f3960508e08de,2.6676524,23066f7964874fd39639dbf2cb2766df
a476d6cbc62045dc948a30c9c18327a2,2.6659002,691acac4a54d450697afb2c2dc4fca09
c3b713beca8b4136b4807dc4071fe795,2.6616788,d331012ecf0c40888e0ac290184f0883
2b87269c561444308fce933186cf6042,2.6615918,0ebc441d25664c91adad96b570270f07
c674a30eca94429c91ef5e7bfd2d9f24,2.6601052,c322b788813745e0aa7b592b4345d379
7968aaf915264497a603da45beabd178,2.6467295,5a26ae7959494fef99542e9b2004fd11
b457016349004dba8b94241ddf2b6964,2.6415322,640f3bd184b7425fb22cc7773b8b2244
bee104c3212c473da29f1f4518f4fd7a,2.6346302,4430d47e30904eab969c1baebca184c0
76313e4034d24a788d6f02923f14c045,2.6274147,d79afb377f5349a69830b2b4c7cfefcb
c8cf5bb63c7849c79141e48f0b609996,2.6269097,85e7ea30890b456084b8e85c299c8649
16a030831ce1413fa733f24b6ff28501,2.618487,a585d23fe43f459ba86ac15645af77ff
9ed80bde74cc4e15aaa675186748bdbb,2.6159992,58db4c3a26c84fa68d81235d078208bc
9385f152b6204244bd58c6107f500381,2.615881,9303b9f7f4984b2dac8aeba8c8da8ef6
b89cf65d34284353a3c517db67021cc0,2.6135523,691acac4a54d450697afb2c2dc4fca09
dace4a83a81f42048efb60a217370134,2.6121335,cb85047b65f8468aa02744c28c075dbd
f3f6ec5a1f4a455297eaeeb1145a0d7d,2.610788,6b9b2c8f0a874bb8b6691aca6bc49565
7149705cc0f243f3877d976946fcba4e,2.610087,cd60a0fcac24465a880af7d8f921dd68
39ce9102f2044852bd09b544df5b8092,2.6092324,7ac9c94011924c09b47f9640211885a2
d61fa8f9c09d4aef95f64f941a957c96,2.6090426,640f3bd184b7425fb22cc7773b8b2244
52b9939de81d456e831c97f43e912728,2.608063,d0a840820172465f83c8480d571e7b71
8756c0e4eee54ca69baec75ff9c6f44c,2.6079984,17cc6768c9d14388b7455fea0060b62c
9c3a88f966094359839f8ebc3263a6ae,2.6022437,ad289d5052264f9c8bd0aaf9faace92e
a073ad7e6cff44bca20e23485bde2461,2.596736,e52a528036014db0a7bd54b99a310fe8
ae8dce8e4fd84a42916e2a2ea4ab7c38,2.5889757,fb709e29755b44988bb252c87a2ce2f3
9d68d4254983475b9feb48e30494c9ae,2.586534,66b0c8a58f444ea0aec34d9403b88a49
0a0ac8e04384494aa6efad6605bee67c,2.5723338,cd56b9a044c24df8a7156f661cb3d9cf
0b185da1334244d1b2c7ba6695d75f1c,2.567561,bade01bd83ec4b6786fd8c867ca7a090
f2d238ecc2d34c4583220abec4d75ba2,2.5661242,057164cf4aab45ebbefef3409359cfb1
7e1f279ed0b04e478b3bd9dbc9e6a6c0,2.563757,6a122ce1702646db918266228d48bd08
cc88f1f679b3441cbdad8db36097e960,2.5432768,e25b9d9944cb4d7197efb8ffc4ff57a1
6001044952554a14b842ed1f26cda571,2.5383854,4696c8192576454f8684954bc771aa23
b2bd065cdfc748af858a6b41f0be933c,2.536158,31b69f9501c4415e929b6af28c83f6a6
29fdc29e4b23460088e7060422eb8582,2.5289128,f5a6222612ef406b8f02aef87e08c476
bb5b0894b81e4a8daf1feb3b422e35a8,2.5283604,eb513691b7a04d31ab1bc50bf343447b
8f46f1c9e7dc4f0184c02d6fef8f3708,2.5255094,b4150337314e40fb9e3ebb24514504a3
6193d950669f47f9a2268d0f3a41b2fd,2.52494,faaac88748714ce8a99413b952a1dac8
619fb307d36a42b8818b2918edc88ade,2.5238845,aa2d7a3a535243189492d4ce8e79c049
d30d31b8272b4fd0ad8156bc69d4ddf5,2.5223064,d42996c2b67443fd9b73bba7641d4f77
4dd9cf8a1b2348fd81e6ed73ea81c716,2.5145814,78b600dd53854b018f87267d268b7b1a
d41cd804abf94f759a1f7e6da3cc6758,2.4984643,e456afdf95e643dd926249fec4d68753
a4e40c85d10248bd9a34d6c44e22b010,2.495002,c9628610053945f4a7998ae48cd70da3
42ce4e0d59764cd5a98455e34790c44c,2.4947731,a6a551a308b9442f947ea0608ae2c3fb
856daadbd4c24836a85731844393b1f4,2.4880903,9e304a9bbc7b4c22af8025fc93757357
d74e7c71176e4554969cb9fdf7d1986c,2.4696896,34b71675a1ae442395b6eb1f3eda23df
63d32d729061451cbc920b4066c15339,2.4637263,6c74bedaa406493a99988c5b8a47b704
56fc3ec2992a4a609298efd89a7d3f59,2.4585125,e492ff7fecf046a4948c5ba5631cdefe
c7cad58f831849a6a4f0f9cbccb2f458,2.4517899,fe6ace599de44aa19b1773dad3658fee
b9a77513e24d477887a0d0582ca7ed7a,2.4475763,8aadcf7251724cc6858dc0db44abebe3
f6577f16e3764b67b1b06fc24d9379bb,2.4393928,e96aa0967ab94368b381354e03dc40ad
e42fa7d6b7134c18be1ea6c41a504057,2.4393091,650afb6a1d054e59904a1b796552eb04
91a9ce617c5b458284f2fab317b423cd,2.4355423,1216ce1ef31e4643bb1222538c206342
620d85d5d0b947dfb2f0574a0d4dfe72,2.427893,8db9e204b8b841df8fd94eff0888cdf7
7fef3b2e0481482fb860ca2b3db02567,2.4069095,9b22c5cdbff44bdabd48dba008e6a3b2
95efaf80178b4a519dbf8769d415c000,2.3895268,e492ff7fecf046a4948c5ba5631cdefe
a7c72b26df5e476a8a8efd1d597ead90,2.389208,9ff95d23c3284d31ba5e398afa520649
173d2968abb140d2bd3ad182500686c2,2.3819757,d443e0c5017d48d1b3f86bf4da959ed5
7727fce048c74dfba9b871f0a6bb4504,2.3818824,e27d9425c912446e947fe53c4a757375
3e5dd993b40a449fa94dcff02439d160,2.3814023,9ff95d23c3284d31ba5e398afa520649
659ae42d80174d04b5c0e2295c83e1cf,2.3795137,e7d6747e8c8b4ebcb665e232240daf17
1aaf2fb4fc244f5ea6b9eb65d1183c03,2.3788934,7a4c413f5c844796bd5ffed2b65f0336
f33800b2fc5d43febcbee5156e729a2c,2.3779006,ff218cc7835d4b5ba0de22792319050a
8a58d56cfe3a46549a16ce3a0f3daf0e,2.3774726,bd35571850644321b86ce4fae286ce7d
0ff31fb63a044ecba52ee62968e78be6,2.3717957,65664fb3aad341fab563409d91dddd2d
5db16d2af83a479d85d0755051ccebb6,2.3712862,b25fe3b79f714d38b3fc53e39fd84d36
7901d858c6e44dea8acd99a79e378956,2.3699837,fcc9863b07fc4bd5a01fab5b9160eafb
5b21a17866f54dfa8e63c58219851a21,2.3693936,d981f2c67f764e0c84af125b563958e9
0ac5a5f9477a43b2b222bfec1888b8f0,2.3685105,19c9ac7b84df472c85ed6cf5a05fbbc6
11ba79f894d048f9b56685491d4f3282,2.3609376,640f3bd184b7425fb22cc7773b8b2244
c873b341cab549d6be3c38ca79441d7f,2.3542938,b25fe3b79f714d38b3fc53e39fd84d36
53487bcf5c684dd2ba470bf89947f7d2,2.3461244,5971501b0e8b4ef5b203c3985d7f5e88
613c069f276a48f2b4d203e4b49d44cb,2.3458996,fd51f3eef1a64d9a93652be481bde32e
17b5e130e0444402bcedf9400cf07aca,2.339329,e456afdf95e643dd926249fec4d68753
253d404216244e3e8c298eef54b7424a,2.3296843,d74f6e7abeb84eedb9923dadb62f45f0
55f81e8022ee42b893d99d17d99a3f32,2.3251133,0302e7dde9074dddbbbdf85e9be57901
37f240104b2040c4a8bedd933b90684e,2.3123064,d4cd0b56b6f54e08aec8ebfdb6122c5c
914e224085a24a7c87db637c208baac5,2.301547,6c74bedaa406493a99988c5b8a47b704
0b887e10733b4259bd5c30a1c724ff50,2.2918782,fb695c097d5845c282f6b30c241e8cf2
8058721caad34d58a7ddae70e71c3f9e,2.286563,c9e2e76e631c4d0a8013d90892350e06
ba2103e1cad442ec881f2b0d25c99bb9,2.27402,46ba0b979a664c7cb0c315c4cde6ac86
10ec284856b64b33a3f1095d708227c6,2.2705429,f5a6222612ef406b8f02aef87e08c476
afb3f7ad74ad422c8162326a9647de92,2.2702413,73e7e41e8db447c09cb2363d76556c64
96bc1d7521944aa9bd60c810ef28080a,2.267515,b050e9e1ef5946c297a34dda98d8f476
4d8700f8f8b3476899b9e140d2b572ea,2.2622833,e492ff7fecf046a4948c5ba5631cdefe
9ae0dc25880a4b1ca67998ae29c63cd9,2.2614243,eaca056cec224a30aaaed30c39f644c2
86f3189426a749d5aa5851a9514f7a36,2.2607853,ff715b4f228443e3b067c801250f3402
1413507f5f8f46109e5caee2e853eae9,2.2607253,700f381f40ce4b039ce0df8b49fb199b
deaec801f6344b9d9ffe289794354038,2.2593174,acee70abee2841c9b67b95e9ed079647
01175ef138e24ed7b74c8c8ec2ad8abf,2.2579682,fb709e29755b44988bb252c87a2ce2f3
12b45c8ab28a4361a016608db99cc91a,2.2542458,01e805bb5a1845a7addf86fe9bc8d814
09a86f7239984e8faf484dba2109244d,2.2490413,4a4eb12a639346b5a00557d54b51fe51
30bedeca60dd40b78dc5e6d52d6af8a8,2.242956,acee70abee2841c9b67b95e9ed079647
246cbab9fb49461fab4520132d4fa1af,2.2395296,a585d23fe43f459ba86ac15645af77ff
68f3223d477e4e1cbe3830412674f8f4,2.2393985,ad2b6fb945714e6792c17bd49a1066e0
1d2cd0bb5b1c471ca10d1eea0ef9b729,2.2352526,c26f5e7dcc8149f18f3d719bba9ae717
a66dab00c6184b79866a0fe90c090db0,2.2336411,65664fb3aad341fab563409d91dddd2d
7dba9b481a53475cb2f9bb524154fa97,2.2213311,75b0bd2240a54f6fb45bf95ca43ab5e6
9c4b40908472420e923be2dce2979c0e,2.220759,01e805bb5a1845a7addf86fe9bc8d814
61e6eab2c60042858ee62e5d01968ba8,2.2088978,e039a00eae414ebbb2205b011ac127cf
84e4c1bdea914f529a194f767629d1b7,2.20516,2a9658410614443d8a27ef174f61d6e8
6978d19475ab49b1ae3acf443710c48b,2.2043004,6c8a24653ef04f559b88e0f27c0df63a
2c5bf4d606bc4435af0045f6c269d043,2.2026987,7ab29c5e2f05481d8a69cc479a764ee8
f230b42debc04e9ab59684ae05e721fd,2.2025785,9014beae94cf4f648e1663c8d5ec6803
07c0659266c446b4b413362a241214b2,2.194641,e7d6747e8c8b4ebcb665e232240daf17
e96f7d9a6eb04d7e9b3a01744c7f210e,2.1876693,836ec4ef8df644328ac07b7803709323
1f51f549ad514b1c98445416e5acfe66,2.1837716,5831f5e280be4c02a09ce4588b56d7f3
9f0c4fc689014714bc3604b21f1a694c,2.183519,6aaae524573f477f8fdef0b83787cbee
315bc88bb0aa4c8d8eb55bb22f811730,2.1809907,0302e7dde9074dddbbbdf85e9be57901
4aa10500630647f891ae1bf725a8f169,2.1730516,700f381f40ce4b039ce0df8b49fb199b
f7968b9dc2674ffd888bfbc7a86342d6,2.170743,1543a2f94aa74008914301874d98f0f5
b57d527c5d13406cadfa1a4f809cc040,2.1594677,64f1d63a671d441d9663a783f632f794
c6b7ad3591e84b359837e00aac91e82c,2.1406097,6a122ce1702646db918266228d48bd08
5880fbce1031460b8097717c0e258b33,2.124408,e336d113184c4ebdbad7aa2b6ec64640
693fab3513204d1594f6d18136b865e3,2.1216812,1fde4c9a01f84c349461083b6d0ba9ed
21b8e136ec834f4cb7c6232d8a8ebb52,2.1117172,e7d6747e8c8b4ebcb665e232240daf17
b074150ff8a24cc9b889876ee8b52d9d,2.1108117,a926df6d7fcf4b17b68dae6f41fbce66
51bb2642caaa4fdfa82051cea135a8ba,2.1073442,b4150337314e40fb9e3ebb24514504a3
c60349b6f8454e529aa85264c412eb2c,2.101355,77ac5eb4b3054ca68e2b0dcbd5473fd1
b6406f4769234ae7828d1f1011448739,2.0972342,b25fe3b79f714d38b3fc53e39fd84d36
ae806a1c4d304ce388ffbf648f241d20,2.0941103,a585d23fe43f459ba86ac15645af77ff
e18c0d2a5ea54d0dae0481083fc0db46,2.0912364,3257035cc77946d98bdc09e2fdd5cdae
f2fe001a9caf435a9e440ed89e6b806e,2.089828,f0695d7e59d64941b510a3d12f801d59
d23da11a51a94f54a9acb157cbe7056b,2.0778294,27eee82d7fb94b9b8b60bd3101187496
4eef43c568d642d0b7a75932102cd2f8,2.0705595,8aadcf7251724cc6858dc0db44abebe3
587c1d4811034d7d8e3ccdb4af7ddbe1,2.0700824,e25b9d9944cb4d7197efb8ffc4ff57a1
5c24677a92364f97aada250f8acd8f3e,2.0698297,c8b9a0ac7c214a449c434aabdf6ef770
8085782f7d76421b8468fb1e61d4fd61,2.0646367,369fe18b94f54c98b554fd22b4a3b50b
cd1d8e8c5cbe4d4cb0b1fbaf84bec386,2.0623527,650afb6a1d054e59904a1b796552eb04
1197a3e216ea459dbc822d775b701062,2.061634,e02ad4f63c8444b79a7a56fb23a4e0f1
9f44eb98cc5c4143a57358e733c1cb23,2.059181,650afb6a1d054e59904a1b796552eb04
d1fb54ad5cd34d8abd5ca9ee40b54dbd,2.0507348,b7ef0a61de0e4adf9688b2c525c9ad09
fbf3e9aa77924f2397522f3e54f91d54,2.043005,836ec4ef8df644328ac07b7803709323
ff2339e06523437eb464f18a90d5f80d,2.041119,ff715b4f228443e3b067c801250f3402
4a79ee95c2f94e6fb182632a2357e449,2.041006,a0fe3cd34e474c3b90662ce8ef1fcac6
8766cab3c343406587942ee9f9888671,2.0368261,74e7db4222ca4a20811199afafa346a7
8887992f6e314e5bb22217a98a5dc1d2,2.0366604,46bfd7af0ed6491fa621350963d11e35
9b0790e53e7c487885af42388d8f681a,2.034929,1543a2f94aa74008914301874d98f0f5
96bcfa53901a41dfa438964a0688e82d,2.0328426,88dc23909eb4415aa39b96cc3a4c2926
b38ef262d489438c979703e3e503f1b7,2.032723,b050e9e1ef5946c297a34dda98d8f476
9304c56db5b34e709d22e558122d8338,2.0285082,b8ca3b6144cd48208caae952e096e7ae
45d15e5e49574f79bb6a3116fc761b83,2.0279067,369fe18b94f54c98b554fd22b4a3b50b
ad251b857ef3422398c3c3aa91f9c632,2.0263724,c26f5e7dcc8149f18f3d719bba9ae717
9b5cafae0dc14e9ba24b5c6db5381eae,2.0200543,23066f7964874fd39639dbf2cb2766df
7243a107cca54629976980cef4591fb0,2.0173433,1b4e143cfc1648a5b877d7445446366a
22ded3f607364f7b96960f862358777a,2.0157435,de9328bdd1b34adda74a0363ff0a52b6
790595e600c949459cfe2629a30f5371,2.0079718,4430d47e30904eab969c1baebca184c0
25bc48c919b24aac818d3ddc47d461c3,2.0071943,19c9ac7b84df472c85ed6cf5a05fbbc6
50b607a9b5e540148f9155693795e5d8,2.0013304,3257035cc77946d98bdc09e2fdd5cdae
7dc9553f77c842f1848c9fe066681b67,2.000583,bf59502a233e4b5eaff9cfa3a992c387
63c3f37ef5c1455db7914313f0e0be1c,1.9957286,64fa5ce839ef406b9bc8a1b2f05094c7
360cbc8189604ca7bed1d03379488753,1.9888787,eaca056cec224a30aaaed30c39f644c2
9aa12e538d0c4d89ab849afde0b92d65,1.9844825,c88be17376104f999b914a91aebf7220
42c545ddf97e457a8ae47f8f1229bec7,1.9817125,80921378de2b4cd3a14d449688d8b079
3e85ec80c479459598052f2abc51cc73,1.9810395,c9e2e76e631c4d0a8013d90892350e06
184facf4be454b60a5fe9a953d771690,1.9681988,6b9b2c8f0a874bb8b6691aca6bc49565
65120ac6b44e42f1831bb02005863657,1.964596,fd51f3eef1a64d9a93652be481bde32e
d87ab9d9a67547ccada7b9ea3d22154e,1.962254,bade01bd83ec4b6786fd8c867ca7a090
b7a481f7374140f98117d92683d80c49,1.9597651,855b3971c4a147cfb9a7c281fa6b915e
497126af5d624b7894a1cca2b3b0e57b,1.9594082,d443e0c5017d48d1b3f86bf4da959ed5
4ef4c104173e4986b5ea7a85d28d9330,1.958545,983940e0b12e4186a281c36de657406e
8c4f8ffe681a4951928e1444bf4947d6,1.9584305,fcc9863b07fc4bd5a01fab5b9160eafb
68a1587934b74c2aac31a790843f3b56,1.9512143,e5692bd498004d32934fbaa05af2120d
bd11eda8c59c41a383c769c428ce6d6a,1.9505799,a1d8cb16dafd4126922f985021e93631
1cab9ba05da64cb6a34b521f9b039303,1.9471307,1d47a696eae94bd29f215a4787b27d8a
6339e9726a4b4ebaaf1b22a56c33b779,1.9421887,564a84b1b830407e811bcfc7fd086a6f
d060627e97d244e99da1e44ccf7d4a91,1.9419687,5a26ae7959494fef99542e9b2004fd11
00384c60922647c68bbbf144d4c751c6,1.9417448,d443e0c5017d48d1b3f86bf4da959ed5
cbd8f182af0646f2a5d514de46872f05,1.9373112,a25b08e008114c9ca0266ce3e55d82bb
a22b7bc93cbe40cba26f5e4456762f6e,1.9352138,f615619defc4402b82845090c238e597
57be916f4b9f449e85faa3e690b60115,1.9274559,678725f8b914453fbc1029b7c1bc0879
6cf7328bcc2c487e8e43953245e0f4af,1.923793,0302e7dde9074dddbbbdf85e9be57901
a7fe5588b97f435caa29a3b507cd51f1,1.9232769,0ebc441d25664c91adad96b570270f07
e2b6403a2141451a9febd997a026ed2d,1.9202195,8a77dc665d8b4d95a0b1113522f7e9c3
2eec5eb123e343b89370139c57a3ef13,1.9128151,19c9ac7b84df472c85ed6cf5a05fbbc6
2f01109a00d94d2ba4736fbea4522c20,1.8979023,78b600dd53854b018f87267d268b7b1a
f560f83f452a48fc84973544fe676991,1.8965245,257aed6ca7a44f1cb5c664beb1be527b
fcd3d852367e464bab386817f4536abb,1.8956745,9e304a9bbc7b4c22af8025fc93757357
305e57d28cc74f018c0ee4a93fe92c0b,1.8904958,a585d23fe43f459ba86ac15645af77ff
22c7e1d0cbfb4391813376493a8023d7,1.8901048,92d5da561f5a41bf929f3555a74cd653
6c106f8a15e949a69472df18c370d213,1.8845074,75b0bd2240a54f6fb45bf95ca43ab5e6
a2257482b09e449f8dc0e6a32423b610,1.8707105,faaac88748714ce8a99413b952a1dac8
77e2cfc79eee4e1b91f93386b436bd31,1.8694507,5a8cc5ff28fb4359afc7e9fcbf3bce55
9c541c2079a0420298c16b25b87beee7,1.8684566,d42996c2b67443fd9b73bba7641d4f77
f7b6d1525412435fbc5af750fb1d4dfb,1.865822,1cbfb22f84454b1fb821b602e3ad11f8
bc4671732d9843eaabd57d23d84f259d,1.8597515,bd35571850644321b86ce4fae286ce7d
77061464d801457a80b33cbbe0f017f6,1.8583908,d4cd0b56b6f54e08aec8ebfdb6122c5c
2c379dfb72da44e9988beb15638fc7db,1.8559631,6a33c207c8b648f680dbd0e65639ef04
429c0e9f5199454590fcd1e2560a42a7,1.8555214,1af4472b38cc4304841b2f1720075c9d
9e85ec108ce944f69e9225fd35831464,1.8554549,156f393f7ca046299e09d05464afa056
972aaaac6728431b983362d505543fa0,1.8517511,80948e17b5694599919e1502bfcc08f3
c244f9298eca46bebe8382249b3a300b,1.8389909,e336d113184c4ebdbad7aa2b6ec64640
6f5ef9875cc848bbac020144e710e378,1.8369987,75b0bd2240a54f6fb45bf95ca43ab5e6
396e243238ef431aa015a783dd23ef83,1.8347738,f5a6222612ef406b8f02aef87e08c476
299011ed1f504bc0ac2d31f2876162d4,1.8340764,4b748d6624144214b3d8a80b37aabde6
3321422a798047078d258d49e7912855,1.8251429,6d3c42356e3b459c919e3129ff192ac4
ec1ea84e09b54849a539177f929c65cd,1.8182178,1216ce1ef31e4643bb1222538c206342
64f28ab73b654d0399810c11e2dc615f,1.8120196,7ce06191f1114b4c8a00609f6867761f
ddbc9d9a558041779711fd17e89ec33f,1.8077321,eaca056cec224a30aaaed30c39f644c2
8105d0f3a03d43f0ba0794fe967c3c61,1.8040946,64f1d63a671d441d9663a783f632f794
fe175ac3af5446a582bc555f10723923,1.7943103,691a538d2372403fad2b919b48ff5f85
6fb6a2666474414e950f94d5b467b229,1.7841934,bab3bdc133384798b558f8fb6466a7fa
a545f38de45e4870b398a90fe9c5cbbd,1.7802083,257aed6ca7a44f1cb5c664beb1be527b
3fc67f7f85a74c5b9c118cbf60e96ca1,1.7780571,983940e0b12e4186a281c36de657406e
8f2e335cd3c54f569c74283b0078f908,1.7766714,f036aaf4ab714c598a0b6da4ca604136
aaff66d83c1441cba7531bde3e46f124,1.7764136,1216ce1ef31e4643bb1222538c206342
ba50600bf9f046bf97bbe28dc09a3ff4,1.7755654,92229a391d0b418f87b32c86c42a292c
06b6d2be43a64627b49fcfeafcec63dc,1.77455,6b9b2c8f0a874bb8b6691aca6bc49565
1c017d16176a48e9a899ed772d5ff4d9,1.768792,1543a2f94aa74008914301874d98f0f5
9d2b582dd0f84326a537a91a57caab4c,1.7604743,d79afb377f5349a69830b2b4c7cfefcb
1f14295a03ac4251b24ccf3a74772f55,1.7547257,257aed6ca7a44f1cb5c664beb1be527b
4a5ee7ff69a445f48974483a915d4d84,1.7501305,1543a2f94aa74008914301874d98f0f5
c4060e0878a944af9730a8113eacafc9,1.7456362,37337ebec05640b890e4b9612776c32b
46328d405c424838a7c023c33af7ec2c,1.7453376,c88be17376104f999b914a91aebf7220
874d46cd1753457ab2d3b62ad0f3d867,1.7416532,75b0bd2240a54f6fb45bf95ca43ab5e6
c189555deda047629ebb90350290dab8,1.7400246,1f8c0f02984e4139bf8043e57497fdb2
3b038bed6122476bba5c73f7188efdcb,1.7359426,1d47a696eae94bd29f215a4787b27d8a
d51b249d11a44ae699cd4e2854b00d4a,1.7333694,4a4eb12a639346b5a00557d54b51fe51
c8e075e8f30e4586ac075d59d5be938d,1.7292662,fb709e29755b44988bb252c87a2ce2f3
06bf7c8951c64f95bec0eb20b232e5bd,1.7262232,e039a00eae414ebbb2205b011ac127cf
f4e34063359742b7916fe2635de1aba0,1.7239256,e45844e0215f4a1596a7f9ac41367c46
3391f84c6c544d63a18f7c2e8431fbe4,1.7237302,bd2f91a9415049d980e453f94327e0ce
02dba61169914bf6bca380e6ebba2037,1.7187892,7ce06191f1114b4c8a00609f6867761f
b717169ea8804058961095ae61a7b5fd,1.7111397,64fa5ce839ef406b9bc8a1b2f05094c7
472240e1b5e84fdc9e2c3dc8c4ad8435,1.710809,e96aa0967ab94368b381354e03dc40ad
6ae7d44d811844448d0c8e5d69ff7000,1.7103317,3be388c9ab614bceb086c19f70df23c2
06dc42ee4aa4438a91f2d88754ad84cb,1.7082651,650afb6a1d054e59904a1b796552eb04
7cb075d8031f47dfb9a6b37840756bcf,1.703952,b25fe3b79f714d38b3fc53e39fd84d36
e064b22a3b0a424498be0599ec51b26d,1.7018232,1b4e143cfc1648a5b877d7445446366a
d8abdab9cd7145c19d33fe76e47d0c1e,1.6950305,31b69f9501c4415e929b6af28c83f6a6
71c46776d0a0400f9f919d0c3e578755,1.6906878,e25b9d9944cb4d7197efb8ffc4ff57a1
81c6d98619c8406bb519ea26c477b3b7,1.6872504,d9fbe02f04a4469dac855f69ea6ad02a
69fc5af906524d06b5c47a8c984a7199,1.6860518,e27d9425c912446e947fe53c4a757375
8ef2aba44c3c4a85a7499fcc0cf28ff5,1.6850561,e52a528036014db0a7bd54b99a310fe8
da548115b6564ca69d846f3ea8615b6e,1.6830899,e96aa0967ab94368b381354e03dc40ad
f2210503df2e4ed297faefd9a1152e2c,1.6817563,8f761e1117754656ac86a3a25f241cd7
c69f7426bfca4d959cc756572440109e,1.6761918,3b13d134762445cebcdbb02b484db77b
a030121d60a04600bb73087739ac4044,1.666693,d981f2c67f764e0c84af125b563958e9
dd9a8e0a766b4f6e81c6ace1403cd374,1.6665043,c0cb721b56f240dabf7f464e453ef72e
7b5adbd82a584ff6b6e23b89956dd6f2,1.6640383,bd35571850644321b86ce4fae286ce7d
eaab6a29e5cf470dad7b0b66bdfa71f6,1.6556965,1216ce1ef31e4643bb1222538c206342
c67c378aa42248cfab4b61e502027a8c,1.6498106,9e304a9bbc7b4c22af8025fc93757357
f1f00603ac934540b2a80ef9cdc88647,1.6470169,7cd1db4b50dd41e6b2f3dd15fcab3b89
58e273c754c742a5a7557cc56e24814f,1.6467656,b7ef0a61de0e4adf9688b2c525c9ad09
49b80615188d4680a95923cff4718e3d,1.6453879,8f761e1117754656ac86a3a25f241cd7
bb58d88db2894bbe8d84b210cc4f26ab,1.6353691,99142f1c07cd4782814f8c970eaaa40a
2c5e568a58a646b7b291350b7145e317,1.6309847,88dc23909eb4415aa39b96cc3a4c2926
780760acebdc4860bb31c7a7150c19dc,1.6201712,f5a6222612ef406b8f02aef87e08c476
8f2691e2160d4c95b5b1ec99938ea931,1.6176188,23066f7964874fd39639dbf2cb2766df
57c53927cc0942b7a012edd211993b5f,1.6162214,27eee82d7fb94b9b8b60bd3101187496
d3d566cecb79472ab65c2a57bc6d7b6f,1.6150634,7ce06191f1114b4c8a00609f6867761f
7409ac4ac3c944aca7a9965f2568766e,1.608276,5971501b0e8b4ef5b203c3985d7f5e88
87773e87aa4246ecb99c535106be1412,1.5900888,acee70abee2841c9b67b95e9ed079647
1d2a027561834f03b680a90079cc8e25,1.5893451,4696c8192576454f8684954bc771aa23
850ffbbf78224a1b910a45c2ad3ab6cd,1.5879922,19c9ac7b84df472c85ed6cf5a05fbbc6
1930e2b037404eb3b7a991849e81320f,1.579045,21b1ded02d7b42618592187e287835a3
8e80b474643e48ac86e6d8e4a23c507d,1.5751568,77ac5eb4b3054ca68e2b0dcbd5473fd1
0d995ee72a0b43739f37e5962dd6c907,1.5733913,0302e7dde9074dddbbbdf85e9be57901
96a40dc922f94bc78c39fadb8ecbd263,1.5717013,b7ef0a61de0e4adf9688b2c525c9ad09
a95f568bf31846fd86a94ef5cc3a229e,1.562696,ad289d5052264f9c8bd0aaf9faace92e
3420154012cd4b5b993f16f000a9476e,1.5590758,1216ce1ef31e4643bb1222538c206342
c0e4b6d0b4ac4f978868636d7675e345,1.5587709,e456afdf95e643dd926249fec4d68753
910f58d10cac4e1896efd603e3b6247c,1.5532187,ad2b6fb945714e6792c17bd49a1066e0
0b7bef4f00bf42b0ac6d5e824b04daa3,1.5484958,903360099fb644b6b88c6edac88eecb2
4185600f230d4b21b2e32c2d85caa90f,1.5484334,75b0bd2240a54f6fb45bf95ca43ab5e6
492d363c9d8b450da859bd06f06cf687,1.545191,ff218cc7835d4b5ba0de22792319050a
1e579d7ae9414003b1ba23d9839d8031,1.5365658,faaac88748714ce8a99413b952a1dac8
0478a4dd439f4218a9194cd283b15aca,1.5340269,ed9b10a2879742628fce003076ef9024
d2d96f2a42674dfbab3101abbce904dd,1.5273623,a0fe3cd34e474c3b90662ce8ef1fcac6
aea33ab76ea843ddb17f1196fa2875f1,1.5214398,f9fae977af2c4f35b29400f31267e170
b575522bfda54d4d83e55ab89262a216,1.5209937,6a122ce1702646db918266228d48bd08
9894b55999bc4793bee78babf6df12bd,1.5111935,09fc9f38fbbb4bfaa1c979ac9cc43f0b
9f68e2380d2a40eda419370717d328b2,1.5090127,ad289d5052264f9c8bd0aaf9faace92e
6e4efb567c284833b93c09713f4af1df,1.508951,0472051dc57d43f8b9dd08df475fc4a3
1742e7fa8f8a48728fe37d75ce11b9c4,1.5087848,1d47a696eae94bd29f215a4787b27d8a
4cdd959af2f14b51bed3c4107c2f0405,1.5067146,80921378de2b4cd3a14d449688d8b079
3b01fad04aad4fba95d40be77808d716,1.5024102,cd60a0fcac24465a880af7d8f921dd68
703c375bffc346788123e8e9d957db42,1.5017332,bade01bd83ec4b6786fd8c867ca7a090
07d706541ba64a5a860673ea0aff78bb,1.4991696,3b13d134762445cebcdbb02b484db77b
385af4460b5a436baece6ce3fa1cd423,1.4972725,6a122ce1702646db918266228d48bd08
a5580bcfdae9468781349b4ca3ee101d,1.493828,5831f5e280be4c02a09ce4588b56d7f3
9a941b16ff4840eda21ad2f9e0c81f3f,1.4921975,9b22c5cdbff44bdabd48dba008e6a3b2
48a75cdc09f54f0e802424e74e850008,1.4905272,6d3c42356e3b459c919e3129ff192ac4
b43316e2218e4fb390daa362fc8eadef,1.4871376,c322b788813745e0aa7b592b4345d379
acc8825aa2cb4d06bd3574a6b36e6a40,1.4821253,c0cb721b56f240dabf7f464e453ef72e
1ef6177541694b09a66cc37c32dd92d8,1.4734659,691acac4a54d450697afb2c2dc4fca09
211bbe2f818640a39e55304483f7aee1,1.4703736,691a538d2372403fad2b919b48ff5f85
ab90f505d58d4d94afa71bd0811469b1,1.4616644,80948e17b5694599919e1502bfcc08f3
e746e83fb0634ed3b81c10391e2d74e8,1.4590564,ff218cc7835d4b5ba0de22792319050a
861d015f426f45d6bd869c91fb7aed57,1.4537042,eaca056cec224a30aaaed30c39f644c2
43de32fcef1548dbb9d856b138ecf429,1.4501531,7a4c413f5c844796bd5ffed2b65f0336
f36820bbc65b4c6486f479be532b159c,1.4499907,cd56b9a044c24df8a7156f661cb3d9cf
d098bf81d2e34d868f274370a0a39716,1.4484826,fb695c097d5845c282f6b30c241e8cf2
e45e383a0b9844e2b5ea7eaea5eb9fea,1.446343,156f393f7ca046299e09d05464afa056
d5491c8b5caa42bfbce7ed937032b28b,1.4455268,46ba0b979a664c7cb0c315c4cde6ac86
a1940599db974ded9752d1567b236c42,1.4407313,c8c201e25c0047a2ba9d9e8541ac0939
5d2dcf398cf24f1fa650c7f0c8035ffa,1.4402645,d27cfea4da8f445fb4e3c55e53c6482c
ddb77e0838c941d9acdd2f02496195e2,1.4370809,e9f055a212cd4e5e8601228c37713f35
987dc1b016fe4664902db31211a59bd9,1.4341271,efdf40eee13d409c9955e5b84e4408f6
fe866322e3f94718be3a75be3975a37a,1.4311584,9b22c5cdbff44bdabd48dba008e6a3b2
78058b8902c5442880e64005e19e3f06,1.4267703,678725f8b914453fbc1029b7c1bc0879
1a28f3dacbd74510b8f8f45e80348e68,1.4175959,0472051dc57d43f8b9dd08df475fc4a3
9f4712695bb64f01a331632d4e83e318,1.4071681,cb85047b65f8468aa02744c28c075dbd
649971e6871c4d3596bbe61f84b0e117,1.3943013,1216ce1ef31e4643bb1222538c206342
d9826bec6e1c4be6a7152f89b950fee2,1.3934957,c3412c53e9ec4b6a9a1aa95cf7f0f1e4
2c477c4f58dc4ca1975569a1f34923fc,1.3918017,77ac5eb4b3054ca68e2b0dcbd5473fd1
cfa58c9270cf4b82a9a79385be571a83,1.3908017,6542f58c143446f280e88a6375ccf79a
45f6671f9fb64495bc585555e3b8e55c,1.3897657,257aed6ca7a44f1cb5c664beb1be527b
f8e19b9e878142969c95441f15b0da57,1.3871555,89e43b092c844b5886a93091a22c894a
8ece6e92c7c541a2b5f597b12b7e0f92,1.3850291,82b01998353e4141a7613fdc96d7b600
7bd320ff5d6f4bfc906470499b8ae3b6,1.3756254,80921378de2b4cd3a14d449688d8b079
cde999f7973048f5bdccda367d1eef4c,1.3744786,37337ebec05640b890e4b9612776c32b
01651322a4034bdba60434218dfeb79f,1.3657365,d6fe6f8380464e21a27fd69de27f1f57
567cb2c4e6b4417c89be6420cffff826,1.3619545,4aa3556b2aed469584c573868193a07a
2d641fad427d4884b7624102a50d5edb,1.3564844,5a68e05acea4434ba08e17e1fff00057
a79ab69369744d3bb4d94f1ed2d8c781,1.3554602,c8b9a0ac7c214a449c434aabdf6ef770
19e32ddf92c24f32a65a82f858c5c148,1.3477315,0ebc441d25664c91adad96b570270f07
b593c0100abe40c4a0204ad40b73080c,1.3456137,ec281224f8ee419ebde676f291672aea
78ba6aa176c7496d85a6fdee9dad62f1,1.3449965,fe6ace599de44aa19b1773dad3658fee
493a9c5f51a84accb411c3f643d0fba3,1.3434315,21b1ded02d7b42618592187e287835a3
9f143dcef5ee44dd89610738332533b6,1.341635,6a33c207c8b648f680dbd0e65639ef04
3f284acc005e4f23a2bdf5b45700c4cc,1.3391598,f9fae977af2c4f35b29400f31267e170
caba51ea4cb243dc87741ad2c31130b1,1.3358818,ed9b10a2879742628fce003076ef9024
574b37b5f1374cd3b422354879e9f582,1.3349482,6542f58c143446f280e88a6375ccf79a
40d03471812c4f0398b4551b5f116068,1.331545,fb695c097d5845c282f6b30c241e8cf2
9cda69694f9945cda4d98d01dfa6bc79,1.3215556,7cd1db4b50dd41e6b2f3dd15fcab3b89
3037c91a3e5a4499827cbdaec427c82f,1.3189516,17cc6768c9d14388b7455fea0060b62c
11bb2992a06243158ef845965bbb79ec,1.3127517,efdf40eee13d409c9955e5b84e4408f6
1f4946d6701f4d75b1b71b16833299d1,1.3113165,3be388c9ab614bceb086c19f70df23c2
bc1026f31e374c13a6d40e36a58b4b4c,1.3085351,4430d47e30904eab969c1baebca184c0
be220fecc0fe4c75a466c1f760eed397,1.3046961,3be388c9ab614bceb086c19f70df23c2
f8839308f8e84df6a185506e6f3f1674,1.3022292,e5692bd498004d32934fbaa05af2120d
5f67168bea6646a69c49dec78942dfae,1.2916665,fd51f3eef1a64d9a93652be481bde32e
96a221031ce64e98ba5fcdb2fb45c9f2,1.2883121,7ce06191f1114b4c8a00609f6867761f
9146bc8522804996b5984ed63944edb7,1.2771971,01690d9b08164fcabd5bf0819754f71f
1139d27eff6f4adcbf602ee48c269d3a,1.2745633,0ebc441d25664c91adad96b570270f07
66c69be4b87942098f652198c91df0bd,1.2707715,77ac5eb4b3054ca68e2b0dcbd5473fd1
0f1bdf98cdc7472282cb0375b87b3ba4,1.2632828,6aaae524573f477f8fdef0b83787cbee
503e10935d8945e8b7552e9f83309667,1.2611368,efdf40eee13d409c9955e5b84e4408f6
fba9b7d7ae944ed889c1f11ceefd238f,1.2576607,cd60a0fcac24465a880af7d8f921dd68
95cfdf88f92e45f9b81a755fb1718759,1.257523,58db4c3a26c84fa68d81235d078208bc
c1904c9ab6bc4ae5b4b364ea1f24b7d3,1.255269,7a4c413f5c844796bd5ffed2b65f0336
00bdb7919575484197d63d6dfc45bf9c,1.2550339,66b0c8a58f444ea0aec34d9403b88a49
b0cf2cbd50e3496996a7e649063dc127,1.2550266,8f761e1117754656ac86a3a25f241cd7
745463c1ff2c43398a488057b94b7dd5,1.2515824,8f761e1117754656ac86a3a25f241cd7
00bc1d895118471ea04c2ee6a3ef3f22,1.2454576,156f393f7ca046299e09d05464afa056
6283b7ae96e24cb789de54f62817a522,1.2321713,e25b9d9944cb4d7197efb8ffc4ff57a1
20017566ccc94b8982c75f9f05a8eb20,1.2274421,ecdae9f36c6a437ea72739febbf1c89c
3d4e582564564c72b47184e7b5c0717d,1.226293,5971501b0e8b4ef5b203c3985d7f5e88
f2b48599b4e942a098c9a2fb280c2525,1.2251587,7ac9c94011924c09b47f9640211885a2
2d6d2f2089614469bda4b6e9b2b33678,1.2248647,bade01bd83ec4b6786fd8c867ca7a090
061948a87df34fb3b077070194c1119c,1.2074914,1f8c0f02984e4139bf8043e57497fdb2
ee1a685984d741a18ad44faaa3fc553f,1.2037381,ecdae9f36c6a437ea72739febbf1c89c
f1ccf2ee3c3d4cddb27a2e081d844de5,1.2018777,564a84b1b830407e811bcfc7fd086a6f
63cf218e957a465696c4482a9d4b226b,1.2018547,aa2d7a3a535243189492d4ce8e79c049
3741fd305b324ab4a29b14442af8f8ab,1.1989632,d576e334105247369362b05a375e88cd
239190927a44453bb33c24a550d70b96,1.192687,c26f5e7dcc8149f18f3d719bba9ae717
95eb2760eddb42a799eed009f1907025,1.1912066,0ebc441d25664c91adad96b570270f07
d8ea4ac9525840edbbf19a36ad957e31,1.1851814,d4cd0b56b6f54e08aec8ebfdb6122c5c
4fb63b6f9f8a48dc921c53a21d354a0e,1.1766694,73e7e41e8db447c09cb2363d76556c64
4443770debc447b1b3f8c9dbb46160cd,1.1743852,e456afdf95e643dd926249fec4d68753
0237bcef8eb845aaa48b53436a3ea75d,1.1738484,eb513691b7a04d31ab1bc50bf343447b
0aabe8051b1e48dc8df2680281f96731,1.1704388,89e43b092c844b5886a93091a22c894a
fdef09f89c644db89a91442b6889f7b0,1.1666839,f615619defc4402b82845090c238e597
932fad47da6c474ebd763a0249ad22cd,1.1643394,f9fae977af2c4f35b29400f31267e170
53ad9b6f270d43beaa19337b588c1e60,1.1625074,1543a2f94aa74008914301874d98f0f5
9542d0008f7d40028d37ffe95d4e270c,1.1580031,a0fe3cd34e474c3b90662ce8ef1fcac6
97c22deac29b43b8a2911e08c2aba299,1.1522884,0f9cc12519eb4872af7be7fe49e19f59
e3ead164dcbf45f98cbf23bb77a3d989,1.1484613,64fa5ce839ef406b9bc8a1b2f05094c7
1f8623bf930a4fcfbd914e784354ca2a,1.1402081,f615619defc4402b82845090c238e597
9abbecd3581246798ab524e018f95ab7,1.1382954,31b69f9501c4415e929b6af28c83f6a6
a0720ed891c94750a6be596258ee3d43,1.1340396,678725f8b914453fbc1029b7c1bc0879
d3b55aa1a6b041cbadb5fc0139fd8cac,1.1324487,e456afdf95e643dd926249fec4d68753
b9e0a43c19a04981af4a6dbf15166196,1.123133,aa2d7a3a535243189492d4ce8e79c049
e919ef1fffb2496894c9769d7ce9aacc,1.1221281,8f285540a9394706bd6ec6cda46c5058
0111c90ac0ad4280b5cbf6b56c2d2150,1.1155188,e7d6747e8c8b4ebcb665e232240daf17
dff829b336b64da68408d78fc0580c38,1.1148906,e45844e0215f4a1596a7f9ac41367c46
f825d91f98ed4b9fbffdd2f5bcea698a,1.1127101,d79afb377f5349a69830b2b4c7cfefcb
44b833375c854450a60b5f4819e94466,1.1112993,d0a840820172465f83c8480d571e7b71
130d36b77a584c7da24a4cfeb3a00f62,1.1106462,e25b9d9944cb4d7197efb8ffc4ff57a1
0cee0f740cfa4b118595c4e921220588,1.1029446,92d5da561f5a41bf929f3555a74cd653
d2a4c950a6244d788c3d60d371b154f6,1.0992528,fd51f3eef1a64d9a93652be481bde32e
919a7551269b4f86ad471c424ce96b2a,1.0949724,fcc9863b07fc4bd5a01fab5b9160eafb
56cfe84755904ae98f74d085dd2fcb7c,1.0948308,6d3c42356e3b459c919e3129ff192ac4
5884d501d2f749cbbca461d81b8a74bb,1.093351,f615619defc4402b82845090c238e597
9fa9673a6edb4e15b5f57d97a0b16037,1.0906807,4aa3556b2aed469584c573868193a07a
7f01bceb5689442b8a024b4596c8a11e,1.0889821,34b71675a1ae442395b6eb1f3eda23df
7f1f5ddc758b4e929452c112c70911ba,1.0866469,7a4c413f5c844796bd5ffed2b65f0336
06435a3004794b68b31f4c445a06fe71,1.0851376,f615619defc4402b82845090c238e597
1ee540e56f46476f8d452e04f0490075,1.0791421,2768d411cc374a018a898f9df0ca207d
85d372a0f34b42109e467e07922756ae,1.0705539,82b01998353e4141a7613fdc96d7b600
37a17e9368a0458aad652a8b0602892a,1.0656371,630edd9b8f754b5dbd36cfbbd03ccb51
b34eaaea52614dfe82c2df09e4121948,1.0652463,8a77dc665d8b4d95a0b1113522f7e9c3
10a7715c72fc4bc7aac2b6e8ccb232d2,1.0619264,eb513691b7a04d31ab1bc50bf343447b
51ce7c9230f540a78ecf1c757e16a6a3,1.0613226,7c1e02f3ab614e539ac901e5cd3c92d8
1ca503912b5b4d3c84d0c34c0ec3f38a,1.0603857,4d708e5878784386a42c2f436d2d60f0
f54fb64fd5a04f3ba5c065305856b3f5,1.0561912,d6fe6f8380464e21a27fd69de27f1f57
c5c5b71dc4ff4e8cb11769f0b2cd9907,1.054264,1fde4c9a01f84c349461083b6d0ba9ed
1950440f5ca34d0bb2c737f896ec3b16,1.0458487,c322b788813745e0aa7b592b4345d379
dbedff835ba847d386ac1cca87b2c7bb,1.0453994,6c74bedaa406493a99988c5b8a47b704
cb44ae0776e3419e8b0aab12b82dc8e2,1.0378059,23066f7964874fd39639dbf2cb2766df
00b97e3bd70241758022cdd5d10450a9,1.0342606,fcc9863b07fc4bd5a01fab5b9160eafb
a286b690dbf845d9b5651b98f76845a7,1.0282776,5a68e05acea4434ba08e17e1fff00057
99a4beb62cd744e5842541fd8cc9f61d,1.0280445,678725f8b914453fbc1029b7c1bc0879
b4e94218abf54b0787b1a6e1191836d3,1.028007,e456afdf95e643dd926249fec4d68753
b7e671bfae63423bab3fb47c46a0b0b9,1.0248146,8a77dc665d8b4d95a0b1113522f7e9c3
e95715a92c0a4c8292d8599a0c1a7dec,1.0226688,1543a2f94aa74008914301874d98f0f5
957566f2fe9f4406aa561e32617baa00,1.0216911,4aa3556b2aed469584c573868193a07a
ed96d522f1d74dcb9a41c80634f5abe0,1.0214474,d0a840820172465f83c8480d571e7b71
e4c05db0326140dd9c48a8179a3fb6ba,1.0122057,02cf82700b4f4773af3a14ad8eaa5270
55c82489e50948b39c0f1bfe5fbf408e,1.0085254,89597084b19c4902b073a2c6c6622456
b112a5b1b2e44b49971304154011c418,1.0062312,1c97c72e076f40fcadb22b17e71beed1
fc0ddf22d761445da507bfd2d2d08d33,1.0032098,efdf40eee13d409c9955e5b84e4408f6
aef3a265256d49af8433aac1b85fe097,0.9974955,5831f5e280be4c02a09ce4588b56d7f3
fa4b1640bbdb4f0bad2435be75a94586,0.9973861,dc58564d0c8540bea4f3e2e3696deae8
915862b474ab4f229d4311709b20bd58,0.996445,6d3c42356e3b459c919e3129ff192ac4
1f2e192e12674543860d4dfb5ccbf818,0.99519503,d6fe6f8380464e21a27fd69de27f1f57
64c90aaee7904b2ab8098f0dfe8cd516,0.9947748,d576e334105247369362b05a375e88cd
c8d0d1f2df5c4b2a8eecdd2acc610a85,0.994409,e25b9d9944cb4d7197efb8ffc4ff57a1
d940c859c01449d2acaaa7b3fdf1fbe9,0.9921458,01690d9b08164fcabd5bf0819754f71f
6e11fad70c424277a969434bd2dbd8b9,0.98882306,09fc9f38fbbb4bfaa1c979ac9cc43f0b
4bd7c89c496144089a9b340c20c1a8bf,0.9869019,ad2b6fb945714e6792c17bd49a1066e0
88de1634c729442aa72060868b167abd,0.9861322,82b01998353e4141a7613fdc96d7b600
8c55cc4f7bc44ef7b9210ff7b7595435,0.98046005,75b0bd2240a54f6fb45bf95ca43ab5e6
08fe7d5213ea41ebafdb17d60eb36a97,0.9796902,c9e2e76e631c4d0a8013d90892350e06
484bed1b612b48f3a0b37b91bf626f39,0.9776708,057164cf4aab45ebbefef3409359cfb1
8baed775825049a7a98ba659c3139582,0.9723811,6c8a24653ef04f559b88e0f27c0df63a
77f470031d7a4d3aa691e074e7215cb5,0.9665693,e96aa0967ab94368b381354e03dc40ad
9e428df718b04a159edebe604bf4ab3f,0.960474,c8b9a0ac7c214a449c434aabdf6ef770
59faf734dccd49c39c471b705bbf90a2,0.9588535,cb85047b65f8468aa02744c28c075dbd
d5f31f9998f5477abd572904835fad50,0.95311266,9170e0bb8fe44b309f83293808d871fe
af56dd5a3d1a403c910f7ccd67f42dd5,0.9504539,23066f7964874fd39639dbf2cb2766df
e980c76243164587a41b4adacf1c6b50,0.94627357,58db4c3a26c84fa68d81235d078208bc
37a21040d578476783ff8751dfb91faa,0.9455516,02cf82700b4f4773af3a14ad8eaa5270
5c6c691ff9a94d5e954977de26cd9cad,0.9371081,fb695c097d5845c282f6b30c241e8cf2
eedf84d8949845939452e2cf59d2cc6a,0.9274241,a0fe3cd34e474c3b90662ce8ef1fcac6
eead86464fcc47c9a4330692646f0973,0.9223982,1216ce1ef31e4643bb1222538c206342
dc439e2feee54ac8a73f06f7ea3d8334,0.92118144,8f285540a9394706bd6ec6cda46c5058
acedb352e247418e9c82dcd73b857c82,0.9186147,eaca056cec224a30aaaed30c39f644c2
6475f4fbc11942b8814094002d1133b9,0.9171742,a6a551a308b9442f947ea0608ae2c3fb
356781d87d504d789e58fd87a987a67d,0.9154252,fe6ace599de44aa19b1773dad3658fee
553209cfbadf463eb60df32bfa7da770,0.9083734,65664fb3aad341fab563409d91dddd2d
126cac1063d947f1b6b54ce7d54f2c68,0.9083626,e96aa0967ab94368b381354e03dc40ad
9d11c4d6d3fd48a6886629be4969f055,0.9036741,a0fe3cd34e474c3b90662ce8ef1fcac6
27b747520a594968b11704d54233d20e,0.90220076,e7d6747e8c8b4ebcb665e232240daf17
89d4dbe124c14550a38f6790a02abf01,0.9011052,1fde4c9a01f84c349461083b6d0ba9ed
6730fca5ad3b4afc8715dc16caa1a2b5,0.89870113,d4cd0b56b6f54e08aec8ebfdb6122c5c
25dc04ff2b704b6f9229ad7cb91efc99,0.89706475,2425086d8eaf44d2a9519f0e4e6b289a
41f9870b0da34d88a3e68dd195a3e474,0.8963629,27eee82d7fb94b9b8b60bd3101187496
d896778ef12545f5b79fbe84a1c9ee58,0.89501834,80948e17b5694599919e1502bfcc08f3
f3c47f8050814b93a91d14f2add36403,0.89088887,efdf40eee13d409c9955e5b84e4408f6
537772e1a2c849b2bcc68c362d5c2c16,0.88833714,d0a840820172465f83c8480d571e7b71
b1d8d95b89ff4347aa88a86b33c0e524,0.8814868,c322b788813745e0aa7b592b4345d379
0ef75de01cd14e0faadcf05c8a85a916,0.8813071,057164cf4aab45ebbefef3409359cfb1
a4c088804f1a458e849f356cef8bfa22,0.8757937,e336d113184c4ebdbad7aa2b6ec64640
8aaa8f372a5346a59b85061f27d9ffc9,0.87040263,b4150337314e40fb9e3ebb24514504a3
6178ae89b15545f39f754e64a9283916,0.8674858,8a77dc665d8b4d95a0b1113522f7e9c3
1e9c95ee032147a2aa469f8482bf5f9c,0.8642516,678725f8b914453fbc1029b7c1bc0879
93ff73f78f7c4aac9aa13de5f64205cd,0.86196554,00f45d57fd3c448d8cfdf3185ebae894
347c303d1b5c48f9a21e9432327258c8,0.8617584,27eee82d7fb94b9b8b60bd3101187496
18256c30bb5447d2bc0c5b2c56f67811,0.85904646,bab3bdc133384798b558f8fb6466a7fa
fbffec6a21df44de80e049b741243c36,0.85520536,8f285540a9394706bd6ec6cda46c5058
c40beffa8f0d4679bafb1eac1d38bd5b,0.8529954,75b0bd2240a54f6fb45bf95ca43ab5e6
3a824fd4eb9c426291f1b6fadad0d90e,0.8413908,fe6ace599de44aa19b1773dad3658fee
8de833e138ae4924a0cc47129cde2cb9,0.8380066,1216ce1ef31e4643bb1222538c206342
b49ff629d01a47a284c14dc1d21a0d1a,0.83563375,a585d23fe43f459ba86ac15645af77ff
dd9bd5320911433f9d855d754095534b,0.83361876,4696c8192576454f8684954bc771aa23
f3ea230754ba41d192cd37ed751d1318,0.8321963,8f761e1117754656ac86a3a25f241cd7
a5acc7bcf83741208d3d3d0cc9696fcb,0.8317879,b7ef0a61de0e4adf9688b2c525c9ad09
f7c0f796a492492095abeb8469b68eeb,0.83104485,9ff95d23c3284d31ba5e398afa520649
28cae44de1fa4e56a10eb13b57a78668,0.8307932,c0cb721b56f240dabf7f464e453ef72e
74f1eb9bb1ba4fe5a565558b1ebc7a72,0.82165486,1b4e143cfc1648a5b877d7445446366a
84e237a5da704cc28748ceb897b709a3,0.8173943,11ec23965d2941d0817082107996ebbb
93945027f4fc4a43aedd7dc6affd5621,0.8156642,d74f6e7abeb84eedb9923dadb62f45f0
1db0071ef86044f094e7faa2720a4ca4,0.8090909,d331012ecf0c40888e0ac290184f0883
a2be1094a2d64ff78445a42b82c28a63,0.8058546,d74f6e7abeb84eedb9923dadb62f45f0
d4cf39f8ba7e4a92b4ced7faa1218229,0.8013222,e492ff7fecf046a4948c5ba5631cdefe
1d6f4b84093244e6915c8d2b03d11912,0.8011497,bade01bd83ec4b6786fd8c867ca7a090
e2543c3614294b10b21429f6a412dd3d,0.8006419,ff715b4f228443e3b067c801250f3402
882f017418bb44afad1448d9640bd967,0.7947883,7ce06191f1114b4c8a00609f6867761f
e0bbcc95980e4aee9f0b5f6976c5eaff,0.7938318,f5a6222612ef406b8f02aef87e08c476
58556ab04cfc4acf9ea2865485923949,0.7854202,630edd9b8f754b5dbd36cfbbd03ccb51
05074ae1d6a64faf8736a89264404087,0.7809733,e492ff7fecf046a4948c5ba5631cdefe
43286efab53f465da28a9d31716d392a,0.77888405,09fc9f38fbbb4bfaa1c979ac9cc43f0b
f745ccee7e2340918079fa1ec6e0e29a,0.77596384,7ab29c5e2f05481d8a69cc479a764ee8
dd7aef966c97433eaa394c033bd3ed81,0.7751169,e27d9425c912446e947fe53c4a757375
71f93aa94339483884743fd218725216,0.774955,9b22c5cdbff44bdabd48dba008e6a3b2
bf4e8bc83a74425e8657c603c0004113,0.7605026,b25fe3b79f714d38b3fc53e39fd84d36
00aac7746e164d80a6a257d31925297c,0.758156,1b4e143cfc1648a5b877d7445446366a
f09f284b59c6475baacb67116020c617,0.7522102,9ff95d23c3284d31ba5e398afa520649
174196604f504ed29027427608904003,0.74949145,1216ce1ef31e4643bb1222538c206342
4bb93a70efe949939c13ce6a18678093,0.7474828,77a8b27acb0e4600bb6ff974eabc269c
da88d4d5eaad4690bbe94a2165985050,0.7472402,01e805bb5a1845a7addf86fe9bc8d814
b3cc119ea5494c5d93fbf4b7d29ec6e6,0.7454532,19c9ac7b84df472c85ed6cf5a05fbbc6
4c35694f60f94daa9e2cb35e66d8031f,0.7436704,f11f1682b5924181b047d757d3e20964
1c3bb67f3f4d455b86905cf93be96fe2,0.73888004,85e7ea30890b456084b8e85c299c8649
7779e19852544c0a86ee54cbf58acb3c,0.7335502,e5692bd498004d32934fbaa05af2120d
7e29ec4675ab4e1cb521e69e6de49dfd,0.7334746,e45844e0215f4a1596a7f9ac41367c46
67cdfba89fae4e3896b9aebb4f52dae5,0.72560924,cc21026ff0d541909df56c5618d28518
2d78b8e319a04caba78f81308c489ad0,0.7231914,5a26ae7959494fef99542e9b2004fd11
7c890f402f38475d942c1190be3ab2a8,0.7192372,77a8b27acb0e4600bb6ff974eabc269c
46d21d8ab5eb41a080233ba04192b3f6,0.7095728,d576e334105247369362b05a375e88cd
ca9d736b288240819d620ec83c0b3f3d,0.7088188,8f761e1117754656ac86a3a25f241cd7
a3a8679097e74509b7525e86a5457662,0.7065872,b4150337314e40fb9e3ebb24514504a3
518dcd746ac344f692cc34db6c714430,0.7052409,4ad7e2502210436f9ca5735fdf7e50c3
3dd7bbe2cb1845608dc71b36bc82667a,0.7032627,dc58564d0c8540bea4f3e2e3696deae8
410b8957bc6b4370ac432ae7bddc2cd8,0.70193005,b050e9e1ef5946c297a34dda98d8f476
26b721f1caa14c70b7aa9e5a8898e76a,0.70068717,34b71675a1ae442395b6eb1f3eda23df
3787d8d226fe43acab22bb2c72e2b1dd,0.69902515,cb85047b65f8468aa02744c28c075dbd
d0fb524183bb44a9a854de124a8becb5,0.6981459,640f3bd184b7425fb22cc7773b8b2244
04cde55231e04394a675268411aee01c,0.69399345,1af4472b38cc4304841b2f1720075c9d
94e15698eca449a99528bcd1d437335a,0.6904354,00f45d57fd3c448d8cfdf3185ebae894
13efb9d3d8904edb87940273047233f6,0.676615,eaca056cec224a30aaaed30c39f644c2
f6a57bd21bcc4009bdd07b1d8b86afa6,0.6763301,630edd9b8f754b5dbd36cfbbd03ccb51
af5d2c39e4a54d8295b3a933c8bc7b43,0.67563856,bab3bdc133384798b558f8fb6466a7fa
12274ca89ccf49bdb0903f80560e3d7f,0.6748902,c9628610053945f4a7998ae48cd70da3
83d43c7c640c4996a271c9ec70bd0746,0.67229486,0302e7dde9074dddbbbdf85e9be57901
ef3589381bb34e74bf3f0f4479614d70,0.66691387,1b4e143cfc1648a5b877d7445446366a
b4d2f62738d84adba1b5809481bab602,0.6660892,fe6ace599de44aa19b1773dad3658fee
34bf626d6a87427281f80c0938fe0278,0.6616016,7ce06191f1114b4c8a00609f6867761f
739e45c484874024a94fec4cf8b13fba,0.66060865,c9628610053945f4a7998ae48cd70da3
d7d1062b83d0482889557ef5578d6c18,0.66014135,836ec4ef8df644328ac07b7803709323
e7477d785b474565a0c4aea10f9060f1,0.6591391,64f1d63a671d441d9663a783f632f794
17c07c3077cb479eaba075a5c7f99328,0.65202665,d42996c2b67443fd9b73bba7641d4f77
803ab31024764a56a2ac0cda5c79c69c,0.65016496,11ec23965d2941d0817082107996ebbb
3710bf2a11584bf098b45d14f2308ef2,0.64995813,ed9b10a2879742628fce003076ef9024
5dd11b299b1e4c9fa5e4d0683b4d02ad,0.642752,cd56b9a044c24df8a7156f661cb3d9cf
6a9e4d855e3944719a49f41d3f30b8d6,0.63773865,faaac88748714ce8a99413b952a1dac8
98d13339052248b0b3c45e976da3acf5,0.6295069,3257035cc77946d98bdc09e2fdd5cdae
27ac7ea2481844079ce6ab849edc3901,0.6293998,526ab7eda50e4a239d03ad505832d61d
0cb422afc9b5409dbdc542e32e32d01e,0.6286935,965598a17b624a0f9bb1cd58595458a6
fd45ab2e058b4b5fb374e54e60aceb48,0.62518007,b050e9e1ef5946c297a34dda98d8f476
aa8510751ea1474a90449f0bf668c26a,0.61822236,691acac4a54d450697afb2c2dc4fca09
6e6870a557a147a9acc900ab380040fb,0.61799496,e25b9d9944cb4d7197efb8ffc4ff57a1
24e177e9075a4c7ebd2cf154bcbf7b78,0.61767024,c9628610053945f4a7998ae48cd70da3
9f893eb3a0eb4ad399f1eb64251cb4fa,0.6111466,d74f6e7abeb84eedb9923dadb62f45f0
ebaa88d224a746d786a5cf59845ee011,0.6053622,e27d9425c912446e947fe53c4a757375
70c5d0168ece4f13b8553e469845fce5,0.6046901,c0cb721b56f240dabf7f464e453ef72e
75a44d8541fc4f6db502671300b2ea97,0.6034279,fd51f3eef1a64d9a93652be481bde32e
9267609a976547b19a2cc08683835f4e,0.6001949,257aed6ca7a44f1cb5c664beb1be527b
dade1ac92c08448e93e20a96c20f9d0a,0.5954358,f036aaf4ab714c598a0b6da4ca604136
c0278f41c00f4876a3c2c551dc74e70b,0.59121525,d0a840820172465f83c8480d571e7b71
e2b08fa4040643048867ee258a43c077,0.5871217,678725f8b914453fbc1029b7c1bc0879
2937b0fa761c4d3294bf68f522d9ab25,0.5865667,74e7db4222ca4a20811199afafa346a7
eb5fe491e3474e81865751ec9f52b3ce,0.5854049,1af4472b38cc4304841b2f1720075c9d
e349c885e3cf4b12898ea2f38cccf188,0.58454776,f615619defc4402b82845090c238e597
bc3dcde96af9406186e1b5eb3b8af798,0.58321,4696c8192576454f8684954bc771aa23
d52a218e156e461f8d5f05a8a136988b,0.5775243,89597084b19c4902b073a2c6c6622456
a22926b3ca894e6c80de0e172a46f36a,0.57656103,9170e0bb8fe44b309f83293808d871fe
94c480de369e4fcab0aee54d6543f90b,0.5736763,630edd9b8f754b5dbd36cfbbd03ccb51
984975b63ccd4be48b7aa852bed6fc65,0.573469,c26f5e7dcc8149f18f3d719bba9ae717
2fd2926eef6c41939266c5d6a5803999,0.5682661,eaca056cec224a30aaaed30c39f644c2
7065ff8945cc45c2a4dfb58ac4955a94,0.56650794,d576e334105247369362b05a375e88cd
a1e176f474f04640aedebc0ece81583e,0.5649394,965598a17b624a0f9bb1cd58595458a6
4a2be481c29745e6be4e4b6a6d39ff64,0.5605594,6a122ce1702646db918266228d48bd08
dd207a6be6fb481c941ff42092bbb3da,0.5592541,34b71675a1ae442395b6eb1f3eda23df
22831856b4ef4ecda0ee60656417b904,0.5584896,0f9cc12519eb4872af7be7fe49e19f59
5be3fd711b704af39312fd1561b95353,0.556888,9170e0bb8fe44b309f83293808d871fe
b2e0675fdf93468a8fe7f4992e5ac02e,0.5518314,a1d8cb16dafd4126922f985021e93631
eccc933299ba48deadc3fbeb6ca6ffea,0.54910326,37337ebec05640b890e4b9612776c32b
78b24e025ac34eca9b613f65bcba2f33,0.54874635,b7ef0a61de0e4adf9688b2c525c9ad09
4cfe5514dcd64af29dbb1012e6e35f81,0.53982675,bab3bdc133384798b558f8fb6466a7fa
2a15a6ed7e29403295f571a40fbf5895,0.53341913,e492ff7fecf046a4948c5ba5631cdefe
1f314e6f401c4bcb95f97316f5aceb0a,0.5334042,2425086d8eaf44d2a9519f0e4e6b289a
775b2092579349f6877cebb751ba7f11,0.53330564,9b22c5cdbff44bdabd48dba008e6a3b2
4483d9ae441d4fe1889099eb3acf1676,0.52340627,c8c201e25c0047a2ba9d9e8541ac0939
c2da5a4eff03435c8c936f9c5f4cf43f,0.5194322,1d47a696eae94bd29f215a4787b27d8a
0ff74b4b29e044ffb307f3598dbbd1b7,0.51847935,e52a528036014db0a7bd54b99a310fe8
50eff679bc384b72918eba1cd77a5597,0.51629424,46bfd7af0ed6491fa621350963d11e35
5c189d9231904498a16870be4936df4a,0.51421654,cc21026ff0d541909df56c5618d28518
98a56450793d4447a21350dcb38b80eb,0.51271915,efdf40eee13d409c9955e5b84e4408f6
b30b809bfd8141fb9aab99fe056092d2,0.5097463,65664fb3aad341fab563409d91dddd2d
1946e52260f34a0695c378112d6020fa,0.5085165,1af4472b38cc4304841b2f1720075c9d
729eb469bdc343e6b5c2628e9be83fd1,0.50810313,903360099fb644b6b88c6edac88eecb2
a89278348142457886434482fa366f57,0.49977207,e25b9d9944cb4d7197efb8ffc4ff57a1
af017ad1aa9c48c490bae2aaba2f1029,0.49922907,ec281224f8ee419ebde676f291672aea
3ff3a9f9ebdf41968cac02ff122f56eb,0.4988094,c88be17376104f999b914a91aebf7220
7919001f5a3f4b7ca384f7a6ade1783e,0.49818945,7cd1db4b50dd41e6b2f3dd15fcab3b89
ab6c85b8074c4edcb7f8d568b142ef98,0.49486816,1543a2f94aa74008914301874d98f0f5
f913fbb165604ca09fa3b9c547ab4d04,0.49468416,5a73e0a5c757410eb0928feed7b151c8
7cb1eb87f58f48c88b0b1f3205d9a6e5,0.48903546,d27cfea4da8f445fb4e3c55e53c6482c
4aeb82ff294e4be9be97a1aee9698fef,0.47925627,e456afdf95e643dd926249fec4d68753
e707e5790c554edeb5ab0f070fb36720,0.47891647,7c1e02f3ab614e539ac901e5cd3c92d8
589df17e77094a82933b4003a252ae26,0.47826403,e02ad4f63c8444b79a7a56fb23a4e0f1
2f2c1d07f46c48cc9afd407c79405b1a,0.4767357,7c1e02f3ab614e539ac901e5cd3c92d8
eb012357f09945268a134e8461cb8cd2,0.46676633,d74f6e7abeb84eedb9923dadb62f45f0
7831dfb1e07e43dbac524b0df5c28053,0.46473527,d443e0c5017d48d1b3f86bf4da959ed5
5b578482d6cc41b9a12382c724e9e19d,0.4601065,d981f2c67f764e0c84af125b563958e9
8e454bf7a3e945bfa6efeac4dcd2ce92,0.45460892,c8b9a0ac7c214a449c434aabdf6ef770
a3d947b7e3e3451bb473b1b5e22cca51,0.452651,ad2b6fb945714e6792c17bd49a1066e0
da809b1c982e47e48ea951dff1120841,0.4469098,369fe18b94f54c98b554fd22b4a3b50b
924127ab124d40edaac3616675e82655,0.43910712,bd35571850644321b86ce4fae286ce7d
fc20e7b4bfc243ef82918b7c93591747,0.4390391,a4cad92644614f78bded3ca6d6023473
8ec020ab1bfe43a58c104ac0eaa95bf7,0.4343844,0ebc441d25664c91adad96b570270f07
195aaede1fda491bbf8495b564c9d001,0.43377173,f9fae977af2c4f35b29400f31267e170
ba86837d26e64a5095e50f614cebc183,0.43337476,92d5da561f5a41bf929f3555a74cd653
34e6f332d53646d38eb22993afc64a02,0.4330014,02cf82700b4f4773af3a14ad8eaa5270
cbccb64b48814193a639815717dbcc80,0.4256736,4a4eb12a639346b5a00557d54b51fe51
f4398da2a74044829b4f7bd0808aec82,0.42477107,6c8a24653ef04f559b88e0f27c0df63a
9923a917ad644091bbc508d3ced20f75,0.42406335,369fe18b94f54c98b554fd22b4a3b50b
e1c498af40d54c85bcea4f0ce236b966,0.42119986,d9fbe02f04a4469dac855f69ea6ad02a
b904ff33d535410cb0791f1e1227e8c2,0.42092967,c88be17376104f999b914a91aebf7220
acb93c3b67cb4fc8bf222a8468b2b6ed,0.4197672,64f1d63a671d441d9663a783f632f794
faed47ec537c4a70b2396638df56d71d,0.41718918,17cc6768c9d14388b7455fea0060b62c
444cddd136524b8792db7fe1caeec69c,0.4157565,acee70abee2841c9b67b95e9ed079647
fcaf0031ba12457ca8cd515c95fea22b,0.41309145,bade01bd83ec4b6786fd8c867ca7a090
7b844c15f35e4db9b884e79c271e87f9,0.4121322,a585d23fe43f459ba86ac15645af77ff
4838bbbf3ac543ebb0bef130f0f28d48,0.40508187,d6fe6f8380464e21a27fd69de27f1f57
bcb1b70968a74d41b4f3b9dc27129974,0.39824295,b050e9e1ef5946c297a34dda98d8f476
292a36cd38ba43bf86a043e2de9d7bef,0.39612475,eaca056cec224a30aaaed30c39f644c2
4e828f821c014d5d99850f710aff0f21,0.39413288,f5a6222612ef406b8f02aef87e08c476
7b5270f3124740838e60c375f3003665,0.3927735,691acac4a54d450697afb2c2dc4fca09
c75f0da05246416084af6447931742bb,0.3899386,650afb6a1d054e59904a1b796552eb04
61e1612d7fad463ea1c28d21bdc98513,0.38849595,82b01998353e4141a7613fdc96d7b600
f7937418662b418b90963799279bc248,0.38542652,09fc9f38fbbb4bfaa1c979ac9cc43f0b
a5af794012384211a60360b6b1752339,0.37845898,0f9cc12519eb4872af7be7fe49e19f59
34bd7137776446a3b70fb89720492e73,0.3736907,58f53c379f7a4868a2ba6d91a06247d2
c3d18896ee6e422680a3435f0ca9af84,0.37292433,95fbc6ed8bfd43c1a6bcf676e26e7f8a
50be6a3978ef4b168a8256cb53fa7afb,0.36839768,1f8c0f02984e4139bf8043e57497fdb2
d56e8f69077e42b1aca7c99f6675c5af,0.3678273,1c97c72e076f40fcadb22b17e71beed1
b2b15ac784564b17b414221232730701,0.36448264,4696c8192576454f8684954bc771aa23
6e50350fd3c745e6be8f38c45f9b9148,0.35889608,fe6ace599de44aa19b1773dad3658fee
1d9521ba2b624c7aab43f311872c1d09,0.35885438,983940e0b12e4186a281c36de657406e
af70750bd219415e93fc6c35e802091d,0.35494703,903360099fb644b6b88c6edac88eecb2
840915e1243641c0b502a35bfa1a9aa4,0.35290685,e456afdf95e643dd926249fec4d68753
4cf68d2768954335a7f7c61a045babf9,0.35133058,e7d6747e8c8b4ebcb665e232240daf17
e152a0f89fe0446f998c519058feabc5,0.34380263,a0fe3cd34e474c3b90662ce8ef1fcac6
b89108d9803648fab3137eb2d150c208,0.343055,d27cfea4da8f445fb4e3c55e53c6482c
90d603d31e104c02a43e18ee6dfe41d8,0.34176815,e492ff7fecf046a4948c5ba5631cdefe
6776a4646460462797dc83573d630d14,0.3360269,156f393f7ca046299e09d05464afa056
91c1e818e83d4b929c7b35f910b68663,0.33517945,a25b08e008114c9ca0266ce3e55d82bb
e3168a661d6e43b39980289c06b51f8b,0.33456445,aa2d7a3a535243189492d4ce8e79c049
d1cbea7387cd4d1bab69dbd0238bd135,0.32533732,6a33c207c8b648f680dbd0e65639ef04
f161ed58877741ceaa5a6f014b69de49,0.32511348,e27d9425c912446e947fe53c4a757375
d19e2961aa1846aea691337aa1f275e0,0.32314354,faaac88748714ce8a99413b952a1dac8
a9b68d896d484e6a9c7e87b014dce89c,0.31921673,c88be17376104f999b914a91aebf7220
25bf72b6554d4ce0850dbd0879a47ec7,0.30933112,01690d9b08164fcabd5bf0819754f71f
42058ac0b3ff4d34b26f6d53d69b27be,0.30661833,9b22c5cdbff44bdabd48dba008e6a3b2
f41620f1a5c84928b422bcd3fb97c109,0.30000326,09fc9f38fbbb4bfaa1c979ac9cc43f0b
0499bd7b39be4304b273f17a516f2eaa,0.29893416,80921378de2b4cd3a14d449688d8b079
29add4c6302d4386b285a8fe68153479,0.2942996,c8b9a0ac7c214a449c434aabdf6ef770
9938803be0884fc282a350a72835a9b9,0.29255342,4a4eb12a639346b5a00557d54b51fe51
ced8e3adb0484f249ac865052953d5b6,0.2889737,58db4c3a26c84fa68d81235d078208bc
278a6d1334d949ac865e60b6199bf59d,0.28893456,a926df6d7fcf4b17b68dae6f41fbce66
17176251386d48d798eb18eee7208273,0.2851385,46ba0b979a664c7cb0c315c4cde6ac86
512d51a776a240e1b495922587e2bbba,0.27459884,a926df6d7fcf4b17b68dae6f41fbce66
1068628f10b7400aa4e87b04d24fd803,0.2736221,3257035cc77946d98bdc09e2fdd5cdae
054f93d33d7e494d8ddd2e57a8e4dd62,0.27228767,46bfd7af0ed6491fa621350963d11e35
6bfc7764438f4a6caffc2e8225f5545a,0.2711115,d331012ecf0c40888e0ac290184f0883
a95afea2e8ff4cedb3e0f1aedf6efb9f,0.2686199,e02ad4f63c8444b79a7a56fb23a4e0f1
0440c322e82547b787d5f173806bb341,0.26699236,e039a00eae414ebbb2205b011ac127cf
1debf605469f435a817fe50539698246,0.26651907,34b71675a1ae442395b6eb1f3eda23df
c189a309da7a472e88194571c3354d34,0.2632622,6b9b2c8f0a874bb8b6691aca6bc49565
a987046439f446848e7b3520dcece6d6,0.25693452,4ad7e2502210436f9ca5735fdf7e50c3
6ba13a7346044bfba1b6245853af401d,0.25589383,d9fbe02f04a4469dac855f69ea6ad02a
0b0ee45e830245ffa3ce101af6a1a750,0.25248665,855b3971c4a147cfb9a7c281fa6b915e
a35d09d1bfff474a8029dcb3bbbd32dc,0.25080633,e5692bd498004d32934fbaa05af2120d
f68b3be7e23c4f86addba549e41b9077,0.24860975,9b22c5cdbff44bdabd48dba008e6a3b2
3d62fd7345e249eca395731c94b53eba,0.24741817,d42996c2b67443fd9b73bba7641d4f77
e90176ac18954403abf1a65c40838e23,0.24088717,bf59502a233e4b5eaff9cfa3a992c387
ee3555240e534ffc880818cf7f848c8b,0.2246347,b8ca3b6144cd48208caae952e096e7ae
dcaf50ce32524dee92c4fe00de88a3ab,0.21519768,a585d23fe43f459ba86ac15645af77ff
67807253c7c94312952c818472d4888b,0.21251446,6c8a24653ef04f559b88e0f27c0df63a
9ebe890cdbad44f1936503311aa8efac,0.20683414,d79afb377f5349a69830b2b4c7cfefcb
006744853c1a4bfd9d39aea6556c7be3,0.19924724,c0cb721b56f240dabf7f464e453ef72e
72b24b9944aa43599173c03884689224,0.19917038,95fbc6ed8bfd43c1a6bcf676e26e7f8a
f792d5fbc00c47c59ce1791351c39504,0.19640708,1fde4c9a01f84c349461083b6d0ba9ed
fb7510f9799745e8bb2d730dafe50aa4,0.1939851,e25b9d9944cb4d7197efb8ffc4ff57a1
a888f13ac990426fb248349ced4a0bce,0.1928876,c322b788813745e0aa7b592b4345d379
3295b23d76ab4661b9a92952160eb966,0.19168115,1c97c72e076f40fcadb22b17e71beed1
6fa6aa705e9a479b9435e2367955056b,0.18926549,d6fe6f8380464e21a27fd69de27f1f57
fdc1732f54e34300bc77d7b4c38ec31b,0.18135548,77a8b27acb0e4600bb6ff974eabc269c
af93b48dee3a4f0a924c31d87144d7fc,0.17987862,b7ef0a61de0e4adf9688b2c525c9ad09
7f38510693a9428bbcd86009bb013321,0.17853212,6c8a24653ef04f559b88e0f27c0df63a
f99339dff24a46dea0ac6862299d7024,0.17847371,1cbfb22f84454b1fb821b602e3ad11f8
d989c36a82a14c81ab2fe8b49f3c94f4,0.17761302,a1d8cb16dafd4126922f985021e93631
41e25db024634f619358f3093d8df1e8,0.17226607,3257035cc77946d98bdc09e2fdd5cdae
6f57ca99a1e54968882b1a10aed416e5,0.16984373,6a33c207c8b648f680dbd0e65639ef04
046c13f855904119983f73a0bdc77a34,0.16924909,9014beae94cf4f648e1663c8d5ec6803
b5c4664ba26443dba0dde05295158123,0.16899377,564a84b1b830407e811bcfc7fd086a6f
c9d40d7967754291b6d16c34879f008c,0.16839057,73e7e41e8db447c09cb2363d76556c64
0a6d5cd06af2452ca1b3a4657d9e0767,0.16811037,d331012ecf0c40888e0ac290184f0883
4593972edeb84fe49e5ad1058e0d8d35,0.16783983,bf59502a233e4b5eaff9cfa3a992c387
1b136bc276a84642874e1a5427cac81f,0.1647253,e7d6747e8c8b4ebcb665e232240daf17
0b35c0eab3ef4062bc3e184951a22fa9,0.16158664,80921378de2b4cd3a14d449688d8b079
e244d77b242a4a54a7bdcb784245c01c,0.16119215,ad2109663af04c549385cd2ab9b3283b
554e702a075743a499899b99b73eea46,0.1581378,66b0c8a58f444ea0aec34d9403b88a49
46a274267ab54ead8270c0e79ff16753,0.15722173,5a26ae7959494fef99542e9b2004fd11
8b5c517e199245b2b9ffe9601e9c5fd8,0.15618384,92229a391d0b418f87b32c86c42a292c
1a3959ec40e24329b5c36ae3d8bd148b,0.14856392,d443e0c5017d48d1b3f86bf4da959ed5
727185eb6c4b40c7826be433f5a5d627,0.14430672,23066f7964874fd39639dbf2cb2766df
0414265ccf0d4dd59c98749d24924fe4,0.13954431,d27cfea4da8f445fb4e3c55e53c6482c
d52b00145e914e48aa1e81cc1b399901,0.13412529,cc21026ff0d541909df56c5618d28518
9c74b02f802b41bab45bd626251e1d88,0.13179834,4b748d6624144214b3d8a80b37aabde6
374f3a07f645432ca97d2116e61d6fc6,0.12848406,0472051dc57d43f8b9dd08df475fc4a3
9f3b0cd053d04311acf31077db03f489,0.1260778,cb85047b65f8468aa02744c28c075dbd
3555001842e549e3b0aa8f30dcd11e0e,0.124830484,cd60a0fcac24465a880af7d8f921dd68
743660b5e64e440a8607fdc79aa05544,0.124697685,bd35571850644321b86ce4fae286ce7d
52f16fa757624404b9d43dfe2885697b,0.12468195,09fc9f38fbbb4bfaa1c979ac9cc43f0b
0d4e1854d2f24a18acc550c6afc2fda2,0.12076994,0f9cc12519eb4872af7be7fe49e19f59
b06dc9c1726443b19aa4d4e118d8596e,0.10948175,6542f58c143446f280e88a6375ccf79a
f40346321e624c7caf2e7586b7254203,0.10923326,2425086d8eaf44d2a9519f0e4e6b289a
93879e26ebe547db997c77791c3d7fc1,0.10911343,21b1ded02d7b42618592187e287835a3
58150298bebd4a7a81085018c220ca49,0.107763946,ad289d5052264f9c8bd0aaf9faace92e
e9f85a6880484c3a82685b170d052a51,0.107595444,d0a840820172465f83c8480d571e7b71
211c5c1ee1d042d391296b95c6c95c66,0.107218206,cc21026ff0d541909df56c5618d28518
96cfa510415b439da48aa661aff3500b,0.103685975,1d47a696eae94bd29f215a4787b27d8a
9d3df96b762f475baecfda5f306ccdc7,0.10065989,b7ef0a61de0e4adf9688b2c525c9ad09
ac2d96b937b24483be886056bc0c2b67,0.0996383,23066f7964874fd39639dbf2cb2766df
a72d6ed397c64fa7ad1aeb46a417fa4e,0.097408175,8a77dc665d8b4d95a0b1113522f7e9c3
36b74b7a585a45e796fd8ff39bc60f3b,0.09575379,e5692bd498004d32934fbaa05af2120d
7d4cb32e892a463b96ac09595cffccf8,0.095410764,0f9cc12519eb4872af7be7fe49e19f59
4440ec412a204073bc44b4890ee24ee9,0.08805263,d443e0c5017d48d1b3f86bf4da959ed5
7f8ae3801f3441f696f05e6cdd70c2fb,0.08763823,156f393f7ca046299e09d05464afa056
df8769c84f5b4a8f9811c4537faa576f,0.08547008,73e7e41e8db447c09cb2363d76556c64
cb03a3e350c3487d9d636625b49d09a0,0.08483386,855b3971c4a147cfb9a7c281fa6b915e
93a89031c44d4d6e87976f696e205219,0.08157742,4d708e5878784386a42c2f436d2d60f0
d7c1791491584b2984bbcdbc178299f1,0.07743312,691a538d2372403fad2b919b48ff5f85
b8cc82e2dd7b4ef9932f2377c1bf9e53,0.06425318,6a33c207c8b648f680dbd0e65639ef04
dc31ba78cf194fa59ae6ae94413ba0c0,0.059657574,23066f7964874fd39639dbf2cb2766df
2a8517391a58458c8b4054fc225e976d,0.054099023,bd2f91a9415049d980e453f94327e0ce
b25c125f6fd14177920e7f609ea6f819,0.051615894,66b0c8a58f444ea0aec34d9403b88a49
3464f002cd954218836b9014bcd0c620,0.050235987,5a26ae7959494fef99542e9b2004fd11
00306589ab9241cfb569f6b85c0e2843,0.049928866,7ce06191f1114b4c8a00609f6867761f
fcde1e3b91aa485688682e6fdc3c24e8,0.04758638,1d47a696eae94bd29f215a4787b27d8a
20256e6cd14e4624979db79d84582573,0.045123897,fe6ace599de44aa19b1773dad3658fee
bfd311fb1c224274b98d99f84e3cf150,0.04094827,d42996c2b67443fd9b73bba7641d4f77
4271098208074e6ea1a9497085061483,0.02783513,6542f58c143446f280e88a6375ccf79a
a202212d6ad9404fbc16c60a7fc73ddc,0.02733308,fb695c097d5845c282f6b30c241e8cf2
de89bc23ccf04f3387bf242e269f4ea3,0.023781896,c322b788813745e0aa7b592b4345d379
20a91015a52d4a81bb29c195b01ed6e7,0.014444113,46ba0b979a664c7cb0c315c4cde6ac86
3a53b02d11d74f9b84a71811f607d433,0.0066108704,8f285540a9394706bd6ec6cda46c5058
a2c99cf18b24478a838bc5837a75721f,0.0046233535,d4cd0b56b6f54e08aec8ebfdb6122c5c
1f4dd46f7d93406e9b1fd33e5a2a4158,0.0043016076,a1d8cb16dafd4126922f985021e93631
