58e273c754c742a5a7557cc56e24814f,8.233742,b7ef0a61de0e4adf9688b2c525c9ad09
3b038bed6122476bba5c73f7188efdcb,6.997947,1d47a696eae94bd29f215a4787b27d8a
f7d52b90e2e24549bfaa50d46ded3176,6.697264,9303b9f7f4984b2dac8aeba8c8da8ef6
4593972edeb84fe49e5ad1058e0d8d35,6.34092,bf59502a233e4b5eaff9cfa3a992c387
7b1d70a80254489e9de91807e6e223dc,6.2708545,5a73e0a5c757410eb0928feed7b151c8
0499bd7b39be4304b273f17a516f2eaa,6.2564173,80921378de2b4cd3a14d449688d8b079
48a75cdc09f54f0e802424e74e850008,6.182981,6d3c42356e3b459c919e3129ff192ac4
b187ddffdecd4cf9b139b97f1fe3695f,6.117083,1b4e143cfc1648a5b877d7445446366a
e90176ac18954403abf1a65c40838e23,6.0144634,bf59502a233e4b5eaff9cfa3a992c387
a95f568bf31846fd86a94ef5cc3a229e,5.978735,ad289d5052264f9c8bd0aaf9faace92e
2246c7640ba74a0d8caef1ca9f9d44dc,5.9461007,564a84b1b830407e811bcfc7fd086a6f
ddb7ffce794746d1bcc1cbc3747fcac4,5.912446,11ec23965d2941d0817082107996ebbb
aa8510751ea1474a90449f0bf668c26a,5.870042,691acac4a54d450697afb2c2dc4fca09
275a7144962641e1a6b32428d2e025ec,5.8395777,fe6ace599de44aa19b1773dad3658fee
7d52dc1203ef4f9e9149a1557341406b,5.718763,a1d8cb16dafd4126922f985021e93631
03338969d6c44f879a13c672864f6001,5.640727,f615619defc4402b82845090c238e597
249dee8be73c4f019ebfc02f74d02ad8,5.576428,640f3bd184b7425fb22cc7773b8b2244
4cdd959af2f14b51bed3c4107c2f0405,5.4317875,80921378de2b4cd3a14d449688d8b079
76ffb89b5ba84a8788d68f4010821e12,5.4310102,c0cb721b56f240dabf7f464e453ef72e
c36813b8ca3e42de94bfb013ddb507ed,5.4014463,1543a2f94aa74008914301874d98f0f5
9557a396825b49eb93cedbab96019843,5.279718,23066f7964874fd39639dbf2cb2766df
0ef75de01cd14e0faadcf05c8a85a916,5.262533,057164cf4aab45ebbefef3409359cfb1
f6a57bd21bcc4009bdd07b1d8b86afa6,5.1989336,630edd9b8f754b5dbd36cfbbd03ccb51
410190593a7f4b7e8ed63596f20c37e8,5.1398473,e5692bd498004d32934fbaa05af2120d
a9a64390a549402a87d7334ff62aa560,5.128653,73e7e41e8db447c09cb2363d76556c64
47bdbd87490b4698bcd3b038c2baf6d4,5.0863996,4d708e5878784386a42c2f436d2d60f0
fcd3d852367e464bab386817f4536abb,5.0785837,9e304a9bbc7b4c22af8025fc93757357
7510f4f5df754961a921d50523718ff7,5.048113,1af4472b38cc4304841b2f1720075c9d
55472eb25f9841c2b39b9bcef06d7bf8,5.031624,dc58564d0c8540bea4f3e2e3696deae8
174e16d27164468ea679a619b853b1a6,5.002884,e96aa0967ab94368b381354e03dc40ad
d87ab9d9a67547ccada7b9ea3d22154e,4.9719415,bade01bd83ec4b6786fd8c867ca7a090
00989f2d41344337a67e440d6506b9cf,4.950415,73e7e41e8db447c09cb2363d76556c64
cfa58c9270cf4b82a9a79385be571a83,4.925497,6542f58c143446f280e88a6375ccf79a
8afe31852af94133a8a0e21f4b27e5d1,4.9169006,37337ebec05640b890e4b9612776c32b
27074d8daee940d0ad71d8c9e50c854d,4.909834,d74f6e7abeb84eedb9923dadb62f45f0
152e0362dac34ef8940b97d42520b9de,4.88552,17cc6768c9d14388b7455fea0060b62c
1f4946d6701f4d75b1b71b16833299d1,4.8753886,3be388c9ab614bceb086c19f70df23c2
523ac70af19e4d6988870738be0827dc,4.839302,1fde4c9a01f84c349461083b6d0ba9ed
d7c4bf8f05fb4648a8778e884052db2c,4.8237534,09fc9f38fbbb4bfaa1c979ac9cc43f0b
67a610b0590e4dc98c6ad2de2c47446b,4.8030047,64fa5ce839ef406b9bc8a1b2f05094c7
c81fde53a5804d74983247fb14718050,4.790781,bade01bd83ec4b6786fd8c867ca7a090
8f46f1c9e7dc4f0184c02d6fef8f3708,4.7796435,b4150337314e40fb9e3ebb24514504a3
e244d77b242a4a54a7bdcb784245c01c,4.7716503,ad2109663af04c549385cd2ab9b3283b
899b54b766454749af73a7b5ba6ddfc9,4.763142,eaca056cec224a30aaaed30c39f644c2
91e6133ed3e2412cbd4f9450388c7eb6,4.758501,17cc6768c9d14388b7455fea0060b62c
64c90aaee7904b2ab8098f0dfe8cd516,4.7486,d576e334105247369362b05a375e88cd
27b747520a594968b11704d54233d20e,4.740217,e7d6747e8c8b4ebcb665e232240daf17
07c0659266c446b4b413362a241214b2,4.7383633,e7d6747e8c8b4ebcb665e232240daf17
ef4b6d47c51c4527a80e52519f3c872b,4.7286634,691a538d2372403fad2b919b48ff5f85
68ea9efe09ec467b955f3960508e08de,4.719037,23066f7964874fd39639dbf2cb2766df
19e32ddf92c24f32a65a82f858c5c148,4.641981,0ebc441d25664c91adad96b570270f07
b001beeb0d384d448ff9383afc5ad45b,4.620498,c0cb721b56f240dabf7f464e453ef72e
d70588024f024cdda9e71020d4ec2183,4.5825562,c8b9a0ac7c214a449c434aabdf6ef770
a89278348142457886434482fa366f57,4.574444,e25b9d9944cb4d7197efb8ffc4ff57a1
6b56add8c1e8488e9e85c4085e0cadc9,4.5239925,d443e0c5017d48d1b3f86bf4da959ed5
da098162d0924c6eaf6699ca87326527,4.5073476,ad2b6fb945714e6792c17bd49a1066e0
9d3df96b762f475baecfda5f306ccdc7,4.496857,b7ef0a61de0e4adf9688b2c525c9ad09
2c379dfb72da44e9988beb15638fc7db,4.4927397,6a33c207c8b648f680dbd0e65639ef04
0111c90ac0ad4280b5cbf6b56c2d2150,4.4926505,e7d6747e8c8b4ebcb665e232240daf17
13efb9d3d8904edb87940273047233f6,4.4789944,eaca056cec224a30aaaed30c39f644c2
27a9489cf5724d47bbcc508684389f2a,4.456236,3257035cc77946d98bdc09e2fdd5cdae
62550b8ddf604cfba4e092fbead3bc1f,4.425803,34b71675a1ae442395b6eb1f3eda23df
76d6bcc61c924186ac0c0cb384856e6e,4.4051714,ad2109663af04c549385cd2ab9b3283b
9fbb54f6ca3747198e55e3f00ad81251,4.3994007,27eee82d7fb94b9b8b60bd3101187496
78806c5668cd4a01a34eaa549dbc4021,4.384215,d79afb377f5349a69830b2b4c7cfefcb
b5c4664ba26443dba0dde05295158123,4.3768935,564a84b1b830407e811bcfc7fd086a6f
ccf605a5ad9c406f9876e141954e5e80,4.3671417,903360099fb644b6b88c6edac88eecb2
7727fce048c74dfba9b871f0a6bb4504,4.3312454,e27d9425c912446e947fe53c4a757375
469ca74fcdf244ba896fd018680b3201,4.318687,4ad7e2502210436f9ca5735fdf7e50c3
2c477c4f58dc4ca1975569a1f34923fc,4.31422,77ac5eb4b3054ca68e2b0dcbd5473fd1
6728135560274c459d26043145918a59,4.298022,ed9b10a2879742628fce003076ef9024
df2549937e044a9583242e2c20f87e85,4.285867,f615619defc4402b82845090c238e597
a8117ce7b13549fc829e0bf1a9330dc9,4.274111,fe6ace599de44aa19b1773dad3658fee
c9d40d7967754291b6d16c34879f008c,4.26492,73e7e41e8db447c09cb2363d76556c64
7d4cb32e892a463b96ac09595cffccf8,4.237358,0f9cc12519eb4872af7be7fe49e19f59
55cd381ef54d43069999636fdbce998d,4.228941,46bfd7af0ed6491fa621350963d11e35
a18a19c2ef80495ea076e2ecc882c7e7,4.20247,80948e17b5694599919e1502bfcc08f3
f83685b1d7eb4bb2912f5e7358584feb,4.181945,691a538d2372403fad2b919b48ff5f85
8c55cc4f7bc44ef7b9210ff7b7595435,4.1803074,75b0bd2240a54f6fb45bf95ca43ab5e6
703c375bffc346788123e8e9d957db42,4.1731033,bade01bd83ec4b6786fd8c867ca7a090
a30d8464e03848a8b72421c107f22fd5,4.1688113,d9fbe02f04a4469dac855f69ea6ad02a
00bc1d895118471ea04c2ee6a3ef3f22,4.166434,156f393f7ca046299e09d05464afa056
96bc1d7521944aa9bd60c810ef28080a,4.163515,b050e9e1ef5946c297a34dda98d8f476
d9826bec6e1c4be6a7152f89b950fee2,4.162792,c3412c53e9ec4b6a9a1aa95cf7f0f1e4
fa4b1640bbdb4f0bad2435be75a94586,4.1426353,dc58564d0c8540bea4f3e2e3696deae8
9c3a88f966094359839f8ebc3263a6ae,4.1349216,ad289d5052264f9c8bd0aaf9faace92e
2341754cd2ac49f79a6f98d84b177e6f,4.118415,11ec23965d2941d0817082107996ebbb
574579024c244c8692dbb21de8829775,4.1110516,5831f5e280be4c02a09ce4588b56d7f3
84e4c1bdea914f529a194f767629d1b7,4.1094546,2a9658410614443d8a27ef174f61d6e8
c5c5b71dc4ff4e8cb11769f0b2cd9907,4.106886,1fde4c9a01f84c349461083b6d0ba9ed
d7b01643eac140139ea2680d74080bb7,4.0852456,c9e2e76e631c4d0a8013d90892350e06
90d603d31e104c02a43e18ee6dfe41d8,4.0610394,e492ff7fecf046a4948c5ba5631cdefe
fe866322e3f94718be3a75be3975a37a,4.0515876,9b22c5cdbff44bdabd48dba008e6a3b2
a1cb97ab677f48d0b81dedd497512989,4.038173,a926df6d7fcf4b17b68dae6f41fbce66
7968aaf915264497a603da45beabd178,4.0371804,5a26ae7959494fef99542e9b2004fd11
3df0fa25822f457496cd93c2402bd292,4.0190897,aa2d7a3a535243189492d4ce8e79c049
f2f267caea8b4b99a078a6d77af06916,4.0111732,7a4c413f5c844796bd5ffed2b65f0336
6fdbbc8445214d81aef5fc22b3f4e9bc,4.004363,c26f5e7dcc8149f18f3d719bba9ae717
33a87d7db931410abdafbba3321d5b5c,3.9967616,8db9e204b8b841df8fd94eff0888cdf7
dd671b4f80574f9b903f650ec7d65be2,3.969162,0472051dc57d43f8b9dd08df475fc4a3
aac7a2be32044f6b908b9548ab324ed4,3.9568295,a6a551a308b9442f947ea0608ae2c3fb
0623d83a061f449f86d03b34bcacd314,3.9550953,e456afdf95e643dd926249fec4d68753
fe079e85e77f4cd98fc3ce5e6b2476c0,3.9526224,7a4c413f5c844796bd5ffed2b65f0336
a5580bcfdae9468781349b4ca3ee101d,3.874699,5831f5e280be4c02a09ce4588b56d7f3
b0f8d38771464874a4c57aa453d842ab,3.8704946,4aa3556b2aed469584c573868193a07a
2e7dec015d344fb58ce0988844becd9b,3.8685458,f5a6222612ef406b8f02aef87e08c476
63e06c0c69054bdd8c2690539549d9cf,3.8648524,37337ebec05640b890e4b9612776c32b
374f3a07f645432ca97d2116e61d6fc6,3.854586,0472051dc57d43f8b9dd08df475fc4a3
06706b7f76a3492e8e814546d9bcefab,3.8374512,d981f2c67f764e0c84af125b563958e9
5be3fd711b704af39312fd1561b95353,3.821967,9170e0bb8fe44b309f83293808d871fe
ea4bf9d0ec3d4bb9a4d910eb2ab70eb3,3.8093345,8f761e1117754656ac86a3a25f241cd7
2a4b8f6f2f1948e587b2de1effffc8c6,3.805273,23066f7964874fd39639dbf2cb2766df
3e5dd993b40a449fa94dcff02439d160,3.7885928,9ff95d23c3284d31ba5e398afa520649
28d967465fcb488eaab515b23282c0d7,3.7765698,fe6ace599de44aa19b1773dad3658fee
ea055ef8a6de4cdb8761ddd4dc3bf3af,3.77514,965598a17b624a0f9bb1cd58595458a6
e8ee807a789d465c99039c42dbdb3203,3.754926,5a8cc5ff28fb4359afc7e9fcbf3bce55
4271098208074e6ea1a9497085061483,3.7324357,6542f58c143446f280e88a6375ccf79a
4ec7a9ba5579479e8eb75b6a39172728,3.7270522,5831f5e280be4c02a09ce4588b56d7f3
ea0b41aa56ee406986b5b4f422a625ee,3.72014,f5a6222612ef406b8f02aef87e08c476
24e177e9075a4c7ebd2cf154bcbf7b78,3.7193794,c9628610053945f4a7998ae48cd70da3
9ecd5b6acb6a4d10899c3464d4929105,3.7178428,8f285540a9394706bd6ec6cda46c5058
d74e7c71176e4554969cb9fdf7d1986c,3.7137666,34b71675a1ae442395b6eb1f3eda23df
c60349b6f8454e529aa85264c412eb2c,3.7111168,77ac5eb4b3054ca68e2b0dcbd5473fd1
211bbe2f818640a39e55304483f7aee1,3.7085493,691a538d2372403fad2b919b48ff5f85
856daadbd4c24836a85731844393b1f4,3.7039375,9e304a9bbc7b4c22af8025fc93757357
8585971b042846729be0531195bb8d5c,3.697738,3b13d134762445cebcdbb02b484db77b
669388a30d174fa48b59092d2b8770cc,3.662716,a25b08e008114c9ca0266ce3e55d82bb
d3910d69c924478ea90090b8b527e0b1,3.659037,903360099fb644b6b88c6edac88eecb2
eca4d38f7ac74e9981fa9bb9495edf84,3.6572595,0472051dc57d43f8b9dd08df475fc4a3
dc31ba78cf194fa59ae6ae94413ba0c0,3.6437511,23066f7964874fd39639dbf2cb2766df
b4a8d87a40804af0ba2290010e25deb5,3.643418,21b1ded02d7b42618592187e287835a3
83d43c7c640c4996a271c9ec70bd0746,3.637994,0302e7dde9074dddbbbdf85e9be57901
1debf605469f435a817fe50539698246,3.6350431,34b71675a1ae442395b6eb1f3eda23df
c63b9549ac384d1092aa0770e0290785,3.6317778,92d5da561f5a41bf929f3555a74cd653
a57effbc5a3a4d369b53ac72791e1b82,3.6008053,7a2491a27f3c438a8549988f7a79e26e
9f44eb98cc5c4143a57358e733c1cb23,3.5630922,650afb6a1d054e59904a1b796552eb04
d4cf39f8ba7e4a92b4ced7faa1218229,3.5539043,e492ff7fecf046a4948c5ba5631cdefe
183908f894694011b40f78d80cbeb742,3.5529268,f5a6222612ef406b8f02aef87e08c476
c762fdf4bb4d4f4992cdcd83ef4f2222,3.526429,fd51f3eef1a64d9a93652be481bde32e
7bdcbc60a1354e079289b50702cced90,3.51819,5971501b0e8b4ef5b203c3985d7f5e88
5d204449172f48b1b51ca2ed9308b6d6,3.509026,11ec23965d2941d0817082107996ebbb
d15af016ef394763b0f876df474531e4,3.5082123,057164cf4aab45ebbefef3409359cfb1
539c9a4dd3ac4de18415aae9107a2600,3.4871316,11ec23965d2941d0817082107996ebbb
4d2df900c0ef4261878a1ee108ac520d,3.482218,ec281224f8ee419ebde676f291672aea
c81dd22a150c47b8b83d8439c0024f01,3.4773464,a585d23fe43f459ba86ac15645af77ff
d7d1062b83d0482889557ef5578d6c18,3.4727669,836ec4ef8df644328ac07b7803709323
cd1d8e8c5cbe4d4cb0b1fbaf84bec386,3.4711928,650afb6a1d054e59904a1b796552eb04
e2b08fa4040643048867ee258a43c077,3.4624083,678725f8b914453fbc1029b7c1bc0879
5df786def0874c84a4a9878f379009d0,3.460282,92d5da561f5a41bf929f3555a74cd653
fdfc870c19de4b5e99b1b3cdb4acfa39,3.4518883,a585d23fe43f459ba86ac15645af77ff
abf8b91082294675ba25ab35c659daa7,3.4517632,09fc9f38fbbb4bfaa1c979ac9cc43f0b
0c472016621a42b2ace086642ed58917,3.4255798,92229a391d0b418f87b32c86c42a292c
3ce3c6c49a2b43c3b683ec91e9657341,3.4182277,d0a840820172465f83c8480d571e7b71
5dd11b299b1e4c9fa5e4d0683b4d02ad,3.4134748,cd56b9a044c24df8a7156f661cb3d9cf
6c8cdd6141244ba1b62fee70292cc68a,3.412993,b4150337314e40fb9e3ebb24514504a3
d1a53e6e1d6b423e8bc3fb6a7986a87e,3.4106965,b2be859ca8f24cda86821d5383edbc18
299011ed1f504bc0ac2d31f2876162d4,3.3931594,4b748d6624144214b3d8a80b37aabde6
be7a669164c1423c8ebd0ba23ce48329,3.3922298,e52a528036014db0a7bd54b99a310fe8
74f1eb9bb1ba4fe5a565558b1ebc7a72,3.3912547,1b4e143cfc1648a5b877d7445446366a
afb3f7ad74ad422c8162326a9647de92,3.3886209,73e7e41e8db447c09cb2363d76556c64
356335bb29d4424ab31c89c6931246f5,3.387946,965598a17b624a0f9bb1cd58595458a6
bb5b0894b81e4a8daf1feb3b422e35a8,3.3876638,eb513691b7a04d31ab1bc50bf343447b
9304c56db5b34e709d22e558122d8338,3.386229,b8ca3b6144cd48208caae952e096e7ae
d7c1791491584b2984bbcdbc178299f1,3.3829181,691a538d2372403fad2b919b48ff5f85
21aae632c1bf454196e14809b781c9e2,3.3773746,6b9b2c8f0a874bb8b6691aca6bc49565
ac23b811505944319414d3f59b4b90ef,3.3634617,01690d9b08164fcabd5bf0819754f71f
f8dc989408ab412199e89745baedbb50,3.3571498,8f285540a9394706bd6ec6cda46c5058
9bc0b7a878a34cdd97666a27e60314a1,3.3385649,7cd1db4b50dd41e6b2f3dd15fcab3b89
d1c94e11ba214e61b63f00da3fb00a09,3.3246841,ad289d5052264f9c8bd0aaf9faace92e
7919001f5a3f4b7ca384f7a6ade1783e,3.321466,7cd1db4b50dd41e6b2f3dd15fcab3b89
97c22deac29b43b8a2911e08c2aba299,3.3200054,0f9cc12519eb4872af7be7fe49e19f59
e578d2ca90a241bcb241e65a62648a66,3.314866,f5a6222612ef406b8f02aef87e08c476
f23847f4eab34d3ba19bf1dccbc32306,3.3095553,66b0c8a58f444ea0aec34d9403b88a49
cde999f7973048f5bdccda367d1eef4c,3.3084633,37337ebec05640b890e4b9612776c32b
6178ae89b15545f39f754e64a9283916,3.3007162,8a77dc665d8b4d95a0b1113522f7e9c3
6a057932e0f440299b46bf70039cf9d7,3.2976162,e492ff7fecf046a4948c5ba5631cdefe
936da7c6ee60477dab2d4d91e51a0931,3.2953794,526ab7eda50e4a239d03ad505832d61d
3127238ca74643c3bd2e042605dc5e25,3.2917905,983940e0b12e4186a281c36de657406e
693fab3513204d1594f6d18136b865e3,3.271087,1fde4c9a01f84c349461083b6d0ba9ed
3295b23d76ab4661b9a92952160eb966,3.2546086,1c97c72e076f40fcadb22b17e71beed1
c8aebab05e9d4c7e8a5e4875c217263d,3.2545452,e7d6747e8c8b4ebcb665e232240daf17
6f6fd5b2a152493e8afcb221b1b198bd,3.25364,cc21026ff0d541909df56c5618d28518
d4560ab76d914af184a3cafa8ec46abc,3.2491922,983940e0b12e4186a281c36de657406e
707f6646366145df8e5402888ac28325,3.2468643,779d7c2bad1940c8a861451964e1ce01
0d995ee72a0b43739f37e5962dd6c907,3.239442,0302e7dde9074dddbbbdf85e9be57901
6ede534375a14c609d02c3f94a41907e,3.2217848,de9328bdd1b34adda74a0363ff0a52b6
551ec133b10e448a939d6f857cf1dc17,3.2184877,0ebc441d25664c91adad96b570270f07
42096f8107c945a1a2cb7d0c4ba65a75,3.20136,faaac88748714ce8a99413b952a1dac8
f6577f16e3764b67b1b06fc24d9379bb,3.1990905,e96aa0967ab94368b381354e03dc40ad
8ec020ab1bfe43a58c104ac0eaa95bf7,3.1966114,0ebc441d25664c91adad96b570270f07
d5720a4e3cd34c23ac605c840bcd69ae,3.18842,cd56b9a044c24df8a7156f661cb3d9cf
8766cab3c343406587942ee9f9888671,3.1754794,74e7db4222ca4a20811199afafa346a7
5b1ed8f4a5bb43b59f972b95a4346c9c,3.1695056,64f1d63a671d441d9663a783f632f794
a904fb4b818843aebcf6c526facb5089,3.1160593,8a77dc665d8b4d95a0b1113522f7e9c3
71938515de5a4c74929e6fa8edb97420,3.1095831,c9e2e76e631c4d0a8013d90892350e06
1cab9ba05da64cb6a34b521f9b039303,3.091799,1d47a696eae94bd29f215a4787b27d8a
0c6306c2d9c64af7a28d5fd434ba9b19,3.0843692,6b9b2c8f0a874bb8b6691aca6bc49565
87afeec5f3cd4d9d8f6d5a0c7f48260f,3.0774755,bd2f91a9415049d980e453f94327e0ce
cfbebb0b8d25424bad46127adbe59343,3.0620441,3257035cc77946d98bdc09e2fdd5cdae
1197a3e216ea459dbc822d775b701062,3.0576434,e02ad4f63c8444b79a7a56fb23a4e0f1
b7e671bfae63423bab3fb47c46a0b0b9,3.053921,8a77dc665d8b4d95a0b1113522f7e9c3
da809b1c982e47e48ea951dff1120841,3.0363805,369fe18b94f54c98b554fd22b4a3b50b
e20a7ed561e1414ba269129124fa8186,3.035401,f5a6222612ef406b8f02aef87e08c476
14169e1048564c4689c2584a790d6696,3.0274005,1af4472b38cc4304841b2f1720075c9d
d30d31b8272b4fd0ad8156bc69d4ddf5,3.025032,d42996c2b67443fd9b73bba7641d4f77
84350503e37143fc8548ffcbd24070b0,3.0237055,c26f5e7dcc8149f18f3d719bba9ae717
477b5f953efb42e6a18e9428c69b0fa6,3.0156875,ad2b6fb945714e6792c17bd49a1066e0
5209a952bb1a4ac991ae51e8a3e9abdc,3.0149226,1cbfb22f84454b1fb821b602e3ad11f8
cb44ae0776e3419e8b0aab12b82dc8e2,3.0081353,23066f7964874fd39639dbf2cb2766df
d7f295b3018e494d84b29f498ac03fa5,2.9989433,46bfd7af0ed6491fa621350963d11e35
18eaa3f481614cfc945c16f2cbb757fe,2.998565,6542f58c143446f280e88a6375ccf79a
e0d2814553f94dafaa11cc4de14b94db,2.9819515,bf59502a233e4b5eaff9cfa3a992c387
d0f798b90ad04da3a8a192e16d0b1743,2.9773762,b2be859ca8f24cda86821d5383edbc18
b06dc9c1726443b19aa4d4e118d8596e,2.9718554,6542f58c143446f280e88a6375ccf79a
d02300771c8742a688cdc05ccd13d2a0,2.9704943,6c8a24653ef04f559b88e0f27c0df63a
00bddd864f6b4c06bdae75aa6a690693,2.9687948,ad2109663af04c549385cd2ab9b3283b
d1fafb5d71ba42229f870ebc99263d20,2.9604557,836ec4ef8df644328ac07b7803709323
9f68e2380d2a40eda419370717d328b2,2.9597633,ad289d5052264f9c8bd0aaf9faace92e
987dc1b016fe4664902db31211a59bd9,2.9518778,efdf40eee13d409c9955e5b84e4408f6
ade56895f4dd427b8c4477aa940dc716,2.9502878,e52a528036014db0a7bd54b99a310fe8
06435a3004794b68b31f4c445a06fe71,2.943938,f615619defc4402b82845090c238e597
b95ad51d19ee4ea28d5d02064e368c84,2.9418344,691a538d2372403fad2b919b48ff5f85
65985829f37342a3b2560fd757d02169,2.937709,19c9ac7b84df472c85ed6cf5a05fbbc6
b1574b190fd242e9a0cf3b489caa91e4,2.929853,75b0bd2240a54f6fb45bf95ca43ab5e6
56fc3ec2992a4a609298efd89a7d3f59,2.9143467,e492ff7fecf046a4948c5ba5631cdefe
b9a77513e24d477887a0d0582ca7ed7a,2.9101079,8aadcf7251724cc6858dc0db44abebe3
5a37cdd19ab741ca8f65dbc2e207ac65,2.9076972,650afb6a1d054e59904a1b796552eb04
57cb6a69463a4f248087b39af146fdc7,2.8988423,0f9cc12519eb4872af7be7fe49e19f59
574b37b5f1374cd3b422354879e9f582,2.8832703,6542f58c143446f280e88a6375ccf79a
bb53d0593f034d19b5b20210035e1058,2.881188,f11f1682b5924181b047d757d3e20964
55f19079097043d4b29cd2c08fb960c5,2.8720698,58db4c3a26c84fa68d81235d078208bc
e5968b40a7054871b2ae79f18399b30f,2.8714085,6c74bedaa406493a99988c5b8a47b704
569c47730fc949f7a3971473e07d0f6a,2.8660407,678725f8b914453fbc1029b7c1bc0879
d940c859c01449d2acaaa7b3fdf1fbe9,2.8621483,01690d9b08164fcabd5bf0819754f71f
2de4480d7e534fbb8564efefe43623d1,2.8573349,37337ebec05640b890e4b9612776c32b
37cf2461e5cb4c8fa0b0751436bfa69c,2.855962,92229a391d0b418f87b32c86c42a292c
eb00bd2670c84bb588d8454baa453007,2.8504548,a0fe3cd34e474c3b90662ce8ef1fcac6
b38ef262d489438c979703e3e503f1b7,2.8402376,b050e9e1ef5946c297a34dda98d8f476
7798dea58b5a4389aca581f8efc4b17d,2.8336,c322b788813745e0aa7b592b4345d379
e980c76243164587a41b4adacf1c6b50,2.8208117,58db4c3a26c84fa68d81235d078208bc
a5d2be317fc24e528df576140c0a3849,2.8158538,1543a2f94aa74008914301874d98f0f5
f825d91f98ed4b9fbffdd2f5bcea698a,2.8136063,d79afb377f5349a69830b2b4c7cfefcb
1f8a0f1ab6d94f46a1c669d409295676,2.8135273,d331012ecf0c40888e0ac290184f0883
497126af5d624b7894a1cca2b3b0e57b,2.8094075,d443e0c5017d48d1b3f86bf4da959ed5
f93d08dd757f4cb9a593f27024c614ff,2.8077013,4aa3556b2aed469584c573868193a07a
22ded3f607364f7b96960f862358777a,2.7955275,de9328bdd1b34adda74a0363ff0a52b6
b457016349004dba8b94241ddf2b6964,2.7943237,640f3bd184b7425fb22cc7773b8b2244
25bf72b6554d4ce0850dbd0879a47ec7,2.7941422,01690d9b08164fcabd5bf0819754f71f
c4060e0878a944af9730a8113eacafc9,2.7904978,37337ebec05640b890e4b9612776c32b
2d6d2f2089614469bda4b6e9b2b33678,2.783815,bade01bd83ec4b6786fd8c867ca7a090
1c4b7fec0bd14f4d832d26dd643c4045,2.7752848,92229a391d0b418f87b32c86c42a292c
e2b879e36e484b0992165829229529ec,2.7739146,27eee82d7fb94b9b8b60bd3101187496
95eb2760eddb42a799eed009f1907025,2.7710013,0ebc441d25664c91adad96b570270f07
d18685a2ca8c4ab48ac9d9b824ce3bc7,2.7691064,983940e0b12e4186a281c36de657406e
98b5731fc463498f9da6bf4beeaadc1c,2.765827,8a77dc665d8b4d95a0b1113522f7e9c3
64e6b4c018f14601949aa629c1de4014,2.7652082,779d7c2bad1940c8a861451964e1ce01
75a44d8541fc4f6db502671300b2ea97,2.7529848,fd51f3eef1a64d9a93652be481bde32e
924127ab124d40edaac3616675e82655,2.7504103,bd35571850644321b86ce4fae286ce7d
7f2876c8100e4b68a311343853ebb177,2.7502525,19c9ac7b84df472c85ed6cf5a05fbbc6
b116fe66d95d4c04beea8a4e5f347684,2.7480674,dc58564d0c8540bea4f3e2e3696deae8
7dcdd31673a44edaa5df70306899ce60,2.743363,de9328bdd1b34adda74a0363ff0a52b6
4aa10500630647f891ae1bf725a8f169,2.7420325,700f381f40ce4b039ce0df8b49fb199b
c3a842974e16433d9488c7df87df853b,2.7387571,92229a391d0b418f87b32c86c42a292c
840de6fde47e4e64916bdd5277bcd173,2.7361374,8f761e1117754656ac86a3a25f241cd7
bacf4a682b8743f48776deb535f64eef,2.7355497,00f45d57fd3c448d8cfdf3185ebae894
e4c05db0326140dd9c48a8179a3fb6ba,2.7313356,02cf82700b4f4773af3a14ad8eaa5270
7c9553e399964910b2eb9f1c94c913b1,2.7186604,7a4c413f5c844796bd5ffed2b65f0336
5a7c0160ff224dc08e280c9d93a87c66,2.715874,1c97c72e076f40fcadb22b17e71beed1
35129a42bebe41de95138c15b348926d,2.692389,7ac9c94011924c09b47f9640211885a2
e08d644c0950461e843595f14ded4387,2.6913483,5a68e05acea4434ba08e17e1fff00057
e1c498af40d54c85bcea4f0ce236b966,2.6905284,d9fbe02f04a4469dac855f69ea6ad02a
01213179f19e4a5d97590bdc85be49aa,2.6767972,1cbfb22f84454b1fb821b602e3ad11f8
9c299c4c6746403990eba7f18b97be71,2.6661258,9303b9f7f4984b2dac8aeba8c8da8ef6
ca143ca992a648ca9b004f3be8a53a61,2.665822,4696c8192576454f8684954bc771aa23
b4d2f62738d84adba1b5809481bab602,2.6617346,fe6ace599de44aa19b1773dad3658fee
a286b690dbf845d9b5651b98f76845a7,2.657612,5a68e05acea4434ba08e17e1fff00057
36b74b7a585a45e796fd8ff39bc60f3b,2.649627,e5692bd498004d32934fbaa05af2120d
b44be1c1621b40e1a7c06c02b225c470,2.6409855,17cc6768c9d14388b7455fea0060b62c
53ad9b6f270d43beaa19337b588c1e60,2.6359632,1543a2f94aa74008914301874d98f0f5
20256e6cd14e4624979db79d84582573,2.6358511,fe6ace599de44aa19b1773dad3658fee
398dcfd9b9434e5aae4fbf7f5752d33e,2.6337268,ff715b4f228443e3b067c801250f3402
963dcd06789246059d5a6ecdb28e6321,2.6289175,77ac5eb4b3054ca68e2b0dcbd5473fd1
43584afca09c4071adba01dad786c329,2.6229944,e492ff7fecf046a4948c5ba5631cdefe
1ca76b297f0e46b1ab22a8cd94230582,2.6086326,27eee82d7fb94b9b8b60bd3101187496
bd9ad9e73d3d47e6bc36d0072d5d99bf,2.6075256,3be388c9ab614bceb086c19f70df23c2
cea01bc4a1554d61a6b1a564073b4fc6,2.5990098,564a84b1b830407e811bcfc7fd086a6f
91a077bae982429595e548a2859976ab,2.5958784,7ab29c5e2f05481d8a69cc479a764ee8
646d3b40f16d41d0952ee2bf74fff6b3,2.5957868,eb513691b7a04d31ab1bc50bf343447b
7360c15d3abd4dd8a5af35cc13c48b1c,2.5854406,89597084b19c4902b073a2c6c6622456
f74645ebd6e74b0a8ca70c4a1a983295,2.5776172,46bfd7af0ed6491fa621350963d11e35
4cfe5514dcd64af29dbb1012e6e35f81,2.5758665,bab3bdc133384798b558f8fb6466a7fa
9de5dee9dd8a425fbfb5e0c198e653be,2.5728283,e492ff7fecf046a4948c5ba5631cdefe
d65ec9584a074f8494467734378fc499,2.5670109,d0a840820172465f83c8480d571e7b71
3dd7bbe2cb1845608dc71b36bc82667a,2.5655131,dc58564d0c8540bea4f3e2e3696deae8
503e10935d8945e8b7552e9f83309667,2.5635774,efdf40eee13d409c9955e5b84e4408f6
2ef6a38c8e514fb1b98b9cac832fdd14,2.5587292,8aadcf7251724cc6858dc0db44abebe3
b615a0420b8b49d8a7153658ccbdd788,2.551932,aa2d7a3a535243189492d4ce8e79c049
7e211c9e52254e199e0deca74afcc524,2.546461,bd2f91a9415049d980e453f94327e0ce
1ca6f54416f4410eb8e23dab9dbf012f,2.545115,a6a551a308b9442f947ea0608ae2c3fb
180f987f287248c487b83fbddc87ee09,2.5332744,17cc6768c9d14388b7455fea0060b62c
b4aed3fb5b3f491b99ace5c051b75eab,2.5212417,7ac9c94011924c09b47f9640211885a2
8fd8f14d327f4037a26fa4bfed84f993,2.5147161,6b9b2c8f0a874bb8b6691aca6bc49565
acedb352e247418e9c82dcd73b857c82,2.5090797,eaca056cec224a30aaaed30c39f644c2
e35fef892ba84f8cbeb63132b6f7f094,2.50664,4a4eb12a639346b5a00557d54b51fe51
c2ed9246a86b4c0f93db5a4cdfa7f06c,2.5013926,d443e0c5017d48d1b3f86bf4da959ed5
eeb6b27942084fa6a8e663ec3a3dad56,2.5009782,a0fe3cd34e474c3b90662ce8ef1fcac6
a0720ed891c94750a6be596258ee3d43,2.5006943,678725f8b914453fbc1029b7c1bc0879
be07f7c09f5c40da9ebdc231520afe90,2.4945302,cc21026ff0d541909df56c5618d28518
901288a03fde4b628e2efc51f9ec6f0e,2.494326,257aed6ca7a44f1cb5c664beb1be527b
8d93adac5fe7477a99015ec9ef32330a,2.4888086,dc58564d0c8540bea4f3e2e3696deae8
0440c322e82547b787d5f173806bb341,2.4856925,e039a00eae414ebbb2205b011ac127cf
184facf4be454b60a5fe9a953d771690,2.4819255,6b9b2c8f0a874bb8b6691aca6bc49565
cbb7beb8042e48aa868c13a6e2ee8a6c,2.4743109,27eee82d7fb94b9b8b60bd3101187496
6193d950669f47f9a2268d0f3a41b2fd,2.472211,faaac88748714ce8a99413b952a1dac8
a3a8679097e74509b7525e86a5457662,2.470517,b4150337314e40fb9e3ebb24514504a3
bf4e8bc83a74425e8657c603c0004113,2.467297,b25fe3b79f714d38b3fc53e39fd84d36
37a17e9368a0458aad652a8b0602892a,2.467004,630edd9b8f754b5dbd36cfbbd03ccb51
0001880401724f72b4b0f8fafabbd872,2.4549022,4a4eb12a639346b5a00557d54b51fe51
9280a530ada64a8f829e0ec528712cbe,2.4471078,65664fb3aad341fab563409d91dddd2d
7771343be99843f58171d62a3f040005,2.4402156,e52a528036014db0a7bd54b99a310fe8
ff710f3510b24d89a54afab54c23edc6,2.431689,691acac4a54d450697afb2c2dc4fca09
93ff73f78f7c4aac9aa13de5f64205cd,2.430334,00f45d57fd3c448d8cfdf3185ebae894
91467c6be29e4dd4bf681cc05803d081,2.428803,c88be17376104f999b914a91aebf7220
a2cd26a2e3b1415bb6c861ab0368b73f,2.4163883,89597084b19c4902b073a2c6c6622456
52f16fa757624404b9d43dfe2885697b,2.4140918,09fc9f38fbbb4bfaa1c979ac9cc43f0b
6978d19475ab49b1ae3acf443710c48b,2.4107418,6c8a24653ef04f559b88e0f27c0df63a
5854ad482e74460797366e8eb405b2e7,2.4078102,b7ef0a61de0e4adf9688b2c525c9ad09
c27914b906234330b9a6677788aab658,2.4076962,89597084b19c4902b073a2c6c6622456
2d641fad427d4884b7624102a50d5edb,2.3946934,5a68e05acea4434ba08e17e1fff00057
54189dfe90d2466b990b9dd0c5484606,2.3911762,89e43b092c844b5886a93091a22c894a
a7c05ece6ffc42e9a9efdc286789bba2,2.3748055,bd35571850644321b86ce4fae286ce7d
1dfeecb0d6cc4fd68f8fe7bddc5573f7,2.3746815,a926df6d7fcf4b17b68dae6f41fbce66
b9a2d4a31cc74336b4c66e880ac51f1e,2.3706622,fe6ace599de44aa19b1773dad3658fee
bc3dcde96af9406186e1b5eb3b8af798,2.3673522,4696c8192576454f8684954bc771aa23
fba9b7d7ae944ed889c1f11ceefd238f,2.3657248,cd60a0fcac24465a880af7d8f921dd68
3f4f551ba9d74d6e8622c1da8b00180e,2.360308,c322b788813745e0aa7b592b4345d379
0428fe3094fc415e8fa4599480d6b434,2.3550918,17cc6768c9d14388b7455fea0060b62c
3b54cc7ced814b6cbc6dea86f09aa770,2.349823,ed9b10a2879742628fce003076ef9024
0619f008d28446449bfab75441601f01,2.3497763,7a4c413f5c844796bd5ffed2b65f0336
794358e3d9a94bc48a240617b29ec0af,2.3466284,3be388c9ab614bceb086c19f70df23c2
7f8ae3801f3441f696f05e6cdd70c2fb,2.342759,156f393f7ca046299e09d05464afa056
51ce7c9230f540a78ecf1c757e16a6a3,2.3407626,7c1e02f3ab614e539ac901e5cd3c92d8
f856e536fb204df3b9d9dcffebf3085f,2.3368137,88dc23909eb4415aa39b96cc3a4c2926
2937b0fa761c4d3294bf68f522d9ab25,2.3273668,74e7db4222ca4a20811199afafa346a7
a476d6cbc62045dc948a30c9c18327a2,2.3198621,691acac4a54d450697afb2c2dc4fca09
6730fca5ad3b4afc8715dc16caa1a2b5,2.3170037,d4cd0b56b6f54e08aec8ebfdb6122c5c
ed7174d9684e4c1ab43b255543d62f86,2.3144395,b25fe3b79f714d38b3fc53e39fd84d36
b9927fff8eac41ac99d787e84af9c3da,2.3049483,95fbc6ed8bfd43c1a6bcf676e26e7f8a
d076d72caa2d4bff9470fe2409888904,2.303576,88dc23909eb4415aa39b96cc3a4c2926
d279eb260acc48558e34415c5c588926,2.303027,7cd1db4b50dd41e6b2f3dd15fcab3b89
fc982cca5c594093a33406ccd0a2b83c,2.287918,89597084b19c4902b073a2c6c6622456
b98768914d8d4eaebb4632fefbad06aa,2.287535,89e43b092c844b5886a93091a22c894a
9f4712695bb64f01a331632d4e83e318,2.2858047,cb85047b65f8468aa02744c28c075dbd
774622a7382646c4ad5ef139574052c1,2.2772508,9170e0bb8fe44b309f83293808d871fe
7065ff8945cc45c2a4dfb58ac4955a94,2.271286,d576e334105247369362b05a375e88cd
1a0cefb6898c48e7a91f6448d967d1ba,2.2682781,19c9ac7b84df472c85ed6cf5a05fbbc6
583a781c0b984086a93f2f1c7c5f98b9,2.2680879,f0695d7e59d64941b510a3d12f801d59
71466cbf526f4ad890c742b6e4fe7449,2.26088,6542f58c143446f280e88a6375ccf79a
112c929868df4d8fa0428f2c3cf17e3d,2.2579055,ad289d5052264f9c8bd0aaf9faace92e
dd207a6be6fb481c941ff42092bbb3da,2.248744,34b71675a1ae442395b6eb1f3eda23df
390ed716ee69427f85d1d9d4da45fd20,2.241199,526ab7eda50e4a239d03ad505832d61d
1a12b7978d8e4dd5b563cf97606bfa9b,2.2408845,1216ce1ef31e4643bb1222538c206342
73816ea484544387b7c1014e6b97b187,2.2314453,0f9cc12519eb4872af7be7fe49e19f59
de06cda8b2974e1faea48a81f0d71342,2.2305624,6b9b2c8f0a874bb8b6691aca6bc49565
f33800b2fc5d43febcbee5156e729a2c,2.2236938,ff218cc7835d4b5ba0de22792319050a
d52b00145e914e48aa1e81cc1b399901,2.222184,cc21026ff0d541909df56c5618d28518
bd2048721a484ac4925726f9a0df7499,2.215401,e52a528036014db0a7bd54b99a310fe8
ef33ab499b054efb968d7cca5bef4a31,2.2152405,c0cb721b56f240dabf7f464e453ef72e
f1f565a6c118448aaf377cc5c5ec0abe,2.2080612,1d47a696eae94bd29f215a4787b27d8a
8c178f61ba134a9a905810910eef239a,2.206125,75b0bd2240a54f6fb45bf95ca43ab5e6
9542d0008f7d40028d37ffe95d4e270c,2.203133,a0fe3cd34e474c3b90662ce8ef1fcac6
01bdc1af846a44eeb5a789e393d1d7fb,2.203017,5971501b0e8b4ef5b203c3985d7f5e88
9fa9673a6edb4e15b5f57d97a0b16037,2.1988268,4aa3556b2aed469584c573868193a07a
128de5daa04242e7b0c9eca5277071bd,2.1944246,85e7ea30890b456084b8e85c299c8649
94aeafd28e6749c09c57cbaecef9df80,2.188664,6c8a24653ef04f559b88e0f27c0df63a
4a2be481c29745e6be4e4b6a6d39ff64,2.1859102,6a122ce1702646db918266228d48bd08
a1855c7563c54b5c86e2f73c5fe9f8d7,2.1856256,640f3bd184b7425fb22cc7773b8b2244
c189a309da7a472e88194571c3354d34,2.1850126,6b9b2c8f0a874bb8b6691aca6bc49565
24a298b1f7cd4f74bdd60b6e1adaac53,2.178396,d0a840820172465f83c8480d571e7b71
977e35ba2148438f8189a592de1705c0,2.1748614,e7d6747e8c8b4ebcb665e232240daf17
4cf68d2768954335a7f7c61a045babf9,2.1691046,e7d6747e8c8b4ebcb665e232240daf17
1d2a027561834f03b680a90079cc8e25,2.161032,4696c8192576454f8684954bc771aa23
f6440ad65bcb48fc8d7fb11f5accc309,2.1609328,e7d6747e8c8b4ebcb665e232240daf17
0cee0f740cfa4b118595c4e921220588,2.153693,92d5da561f5a41bf929f3555a74cd653
b575522bfda54d4d83e55ab89262a216,2.1450186,6a122ce1702646db918266228d48bd08
5cf8596279eb4fd1a30ceda96102ef99,2.141607,80921378de2b4cd3a14d449688d8b079
b0f8acbb976643b7b4c8736a8d7305ef,2.1245196,0ebc441d25664c91adad96b570270f07
6bfef081f7a9453399f6d98d6cd01f60,2.1239939,1f8c0f02984e4139bf8043e57497fdb2
2fd2926eef6c41939266c5d6a5803999,2.119419,eaca056cec224a30aaaed30c39f644c2
3f284acc005e4f23a2bdf5b45700c4cc,2.119026,f9fae977af2c4f35b29400f31267e170
ad016f4559a0419297dfc6da2a37349e,2.108765,526ab7eda50e4a239d03ad505832d61d
55af16e0058942008349107e8a2e1845,2.1085188,d4cd0b56b6f54e08aec8ebfdb6122c5c
984975b63ccd4be48b7aa852bed6fc65,2.1081777,c26f5e7dcc8149f18f3d719bba9ae717
c69f7426bfca4d959cc756572440109e,2.1078444,3b13d134762445cebcdbb02b484db77b
8888abcca90946828a172b03f4e16fad,2.10327,cd60a0fcac24465a880af7d8f921dd68
edae612794a548eea7fe0edde2cd8271,2.1027384,c3412c53e9ec4b6a9a1aa95cf7f0f1e4
5d880a342d1a4ff987be8c9023fe6275,2.0868661,c0cb721b56f240dabf7f464e453ef72e
6e4efb567c284833b93c09713f4af1df,2.082738,0472051dc57d43f8b9dd08df475fc4a3
f66bd53c07c7410ca1da94b1c1f96480,2.0824645,a0fe3cd34e474c3b90662ce8ef1fcac6
6e11fad70c424277a969434bd2dbd8b9,2.0818002,09fc9f38fbbb4bfaa1c979ac9cc43f0b
9d9b4852b8034985805080eb49678bc3,2.063151,a1d8cb16dafd4126922f985021e93631
a5acc7bcf83741208d3d3d0cc9696fcb,2.0625098,b7ef0a61de0e4adf9688b2c525c9ad09
7cb075d8031f47dfb9a6b37840756bcf,2.0586767,b25fe3b79f714d38b3fc53e39fd84d36
4838bbbf3ac543ebb0bef130f0f28d48,2.046437,d6fe6f8380464e21a27fd69de27f1f57
7438e386a6a9468fad05b2507d9194e8,2.02805,fd51f3eef1a64d9a93652be481bde32e
0fcfdcdd99c34d2f8c849839febcbeee,2.0221703,9303b9f7f4984b2dac8aeba8c8da8ef6
1f14295a03ac4251b24ccf3a74772f55,2.0142138,257aed6ca7a44f1cb5c664beb1be527b
45f6671f9fb64495bc585555e3b8e55c,2.0130365,257aed6ca7a44f1cb5c664beb1be527b
a703ddf11df347d6a8ca6f572ef505f2,2.0128736,e45844e0215f4a1596a7f9ac41367c46
a2257482b09e449f8dc0e6a32423b610,2.0118108,faaac88748714ce8a99413b952a1dac8
00384c60922647c68bbbf144d4c751c6,2.0089407,d443e0c5017d48d1b3f86bf4da959ed5
78b24e025ac34eca9b613f65bcba2f33,2.0084155,b7ef0a61de0e4adf9688b2c525c9ad09
9e1261d3e89b47a78e1590fa544c3df0,2.0052736,02cf82700b4f4773af3a14ad8eaa5270
7a63c379c6ed4b2faa1b9e863eb35d54,2.00297,cc21026ff0d541909df56c5618d28518
d52a218e156e461f8d5f05a8a136988b,1.9983451,89597084b19c4902b073a2c6c6622456
3ce8d2e955bf406c8830f97658207859,1.9968626,8f761e1117754656ac86a3a25f241cd7
1c5c1558517e409b9358d9a48811062a,1.987766,fd51f3eef1a64d9a93652be481bde32e
2fe38ce318ec41e091618386a291f79b,1.9618717,e96aa0967ab94368b381354e03dc40ad
10f74d10373f4f128add836b046afcdc,1.9577036,d9fbe02f04a4469dac855f69ea6ad02a
999fb1ffa3824b0691a5dcd65625f30f,1.9537493,2a9658410614443d8a27ef174f61d6e8
dace4a83a81f42048efb60a217370134,1.9474213,cb85047b65f8468aa02744c28c075dbd
50eff679bc384b72918eba1cd77a5597,1.9469116,46bfd7af0ed6491fa621350963d11e35
3d4e582564564c72b47184e7b5c0717d,1.944358,5971501b0e8b4ef5b203c3985d7f5e88
a5b36f9c26ec44639e19ecba64ad7063,1.9432788,8a77dc665d8b4d95a0b1113522f7e9c3
ad251b857ef3422398c3c3aa91f9c632,1.9407159,c26f5e7dcc8149f18f3d719bba9ae717
1c5703785c574a4a86152b8e8ceaaab1,1.93785,4ad7e2502210436f9ca5735fdf7e50c3
020f53a16c0047f9a592ac5126da2ccd,1.9347595,4696c8192576454f8684954bc771aa23
9addae0c40c248d4ab8fd02fb3861e99,1.9267764,9170e0bb8fe44b309f83293808d871fe
92048547bb5d4e79856a1c872a2e018b,1.9159977,01e805bb5a1845a7addf86fe9bc8d814
3e730fdc177b48f293b58b68d7b54313,1.9137626,aa2d7a3a535243189492d4ce8e79c049
c44ae4a053bf47e5b9b2ee3ef8ae2b5b,1.9129146,ff715b4f228443e3b067c801250f3402
0de5d39510de4443a35bdbb6b6b2c2fd,1.9104977,7ce06191f1114b4c8a00609f6867761f
37c0ed56957944cd874df80d82afca79,1.9019114,6aaae524573f477f8fdef0b83787cbee
14f6b3f3ee164c98b2aa0e93e06070d3,1.8971792,678725f8b914453fbc1029b7c1bc0879
898b757291e64b7b982221e0a86dea5d,1.8914584,e5692bd498004d32934fbaa05af2120d
ef7e074ee0664115b08c5b98bc09f83e,1.8892703,efdf40eee13d409c9955e5b84e4408f6
739e45c484874024a94fec4cf8b13fba,1.8874419,c9628610053945f4a7998ae48cd70da3
523ae070f70149be975ea27f84bdb39c,1.8848404,75b0bd2240a54f6fb45bf95ca43ab5e6
882f017418bb44afad1448d9640bd967,1.8770093,7ce06191f1114b4c8a00609f6867761f
cde31d7f76684d62b17e619c0f1e98d1,1.8723525,b8ca3b6144cd48208caae952e096e7ae
d2a4c950a6244d788c3d60d371b154f6,1.8685309,fd51f3eef1a64d9a93652be481bde32e
70a1cb72566e4c6fbe46c9b03b8a31d5,1.8677416,f9fae977af2c4f35b29400f31267e170
bc4671732d9843eaabd57d23d84f259d,1.8631513,bd35571850644321b86ce4fae286ce7d
aef3a265256d49af8433aac1b85fe097,1.862471,5831f5e280be4c02a09ce4588b56d7f3
a5e2a560340b491299c037bccbbf6d9f,1.8615524,3be388c9ab614bceb086c19f70df23c2
16a030831ce1413fa733f24b6ff28501,1.8526367,a585d23fe43f459ba86ac15645af77ff
eccc933299ba48deadc3fbeb6ca6ffea,1.8489281,37337ebec05640b890e4b9612776c32b
c0860e1ee41347ae81ca7fee69119dc2,1.8447624,3257035cc77946d98bdc09e2fdd5cdae
192ea3bc5bf1479bb3255c41ff2fa9e8,1.8341079,bd2f91a9415049d980e453f94327e0ce
5491a19984a643bca536cb015e65adbe,1.8338828,92229a391d0b418f87b32c86c42a292c
373a81f37e674bf381ab2c67de8df0dc,1.8332553,19c9ac7b84df472c85ed6cf5a05fbbc6
1aa2b5e2dcdf4c4c954c4af1b2112143,1.8324022,e02ad4f63c8444b79a7a56fb23a4e0f1
2092a0007cd74f32bd9954b25b49cf21,1.8275077,5971501b0e8b4ef5b203c3985d7f5e88
b717169ea8804058961095ae61a7b5fd,1.8227537,64fa5ce839ef406b9bc8a1b2f05094c7
08b353e1649c42d6b37c9f7179dabf6e,1.8179824,d27cfea4da8f445fb4e3c55e53c6482c
6f5aba39f47a4d7b87f4b50122d8b660,1.8173218,7a4c413f5c844796bd5ffed2b65f0336
844cc162c90c4ad0bf5be9750450f4f7,1.8158904,89e43b092c844b5886a93091a22c894a
7b5adbd82a584ff6b6e23b89956dd6f2,1.8111933,bd35571850644321b86ce4fae286ce7d
da365c80b3ac47ccb8a01a48820437a2,1.8074993,37337ebec05640b890e4b9612776c32b
51bb2642caaa4fdfa82051cea135a8ba,1.8063366,b4150337314e40fb9e3ebb24514504a3
fdaaf6e004b04cb18e798331b9d9ebc6,1.802016,99142f1c07cd4782814f8c970eaaa40a
85d372a0f34b42109e467e07922756ae,1.8004884,82b01998353e4141a7613fdc96d7b600
69f55093e5564ec098780c2feb474e04,1.7923094,ad2109663af04c549385cd2ab9b3283b
22fbef34478f40bbbd083e12595903b4,1.7913046,de9328bdd1b34adda74a0363ff0a52b6
0d2bb28b114e4f4c8c688a13f967b79b,1.7895656,a4cad92644614f78bded3ca6d6023473
c8edf9162b024bcbbab1b1a81987a40b,1.7881731,1cbfb22f84454b1fb821b602e3ad11f8
05c94abeee1e4897a6b14e8c36542ab6,1.787116,5a26ae7959494fef99542e9b2004fd11
3d87a00da06642ab94224dffed6c2ef5,1.7862616,c9e2e76e631c4d0a8013d90892350e06
af5d2c39e4a54d8295b3a933c8bc7b43,1.7805281,bab3bdc133384798b558f8fb6466a7fa
af56dd5a3d1a403c910f7ccd67f42dd5,1.7799551,23066f7964874fd39639dbf2cb2766df
c11c77b1b50e475e8b0a0df774292211,1.7721792,3257035cc77946d98bdc09e2fdd5cdae
b49ff629d01a47a284c14dc1d21a0d1a,1.7716401,a585d23fe43f459ba86ac15645af77ff
75c4589bd9604a0ea1651453f58495b2,1.7688744,ecdae9f36c6a437ea72739febbf1c89c
bee104c3212c473da29f1f4518f4fd7a,1.7543098,4430d47e30904eab969c1baebca184c0
16b26a25f49f4efa85d21e2a4302e506,1.7519022,19c9ac7b84df472c85ed6cf5a05fbbc6
95d68b07aaac48c4a61e5fd5175885da,1.7474756,bf59502a233e4b5eaff9cfa3a992c387
29d39b14f72c45cebe5afd433c98dd23,1.7460022,b2be859ca8f24cda86821d5383edbc18
9ebe890cdbad44f1936503311aa8efac,1.7440267,d79afb377f5349a69830b2b4c7cfefcb
3e85ec80c479459598052f2abc51cc73,1.7415127,c9e2e76e631c4d0a8013d90892350e06
9e85ec108ce944f69e9225fd35831464,1.7244966,156f393f7ca046299e09d05464afa056
47605d3a13c9403597c879e6825e3f45,1.722788,77a8b27acb0e4600bb6ff974eabc269c
c20164d6b8844f428057133e0ab47347,1.722658,78b600dd53854b018f87267d268b7b1a
efd4bc5be92d4f7abb7c4bd8c19423a2,1.7216325,74e7db4222ca4a20811199afafa346a7
a987046439f446848e7b3520dcece6d6,1.7197566,4ad7e2502210436f9ca5735fdf7e50c3
9c74b02f802b41bab45bd626251e1d88,1.7142239,4b748d6624144214b3d8a80b37aabde6
b90d91a297514acd88d2d9aef7a483da,1.7125139,7a2491a27f3c438a8549988f7a79e26e
ed60600cbe5240f29132b4cda76d4960,1.7119782,faaac88748714ce8a99413b952a1dac8
4bd7c89c496144089a9b340c20c1a8bf,1.7032871,ad2b6fb945714e6792c17bd49a1066e0
de522abd79fd437a9ba590c4aa3aa7a1,1.70098,a1d8cb16dafd4126922f985021e93631
1f2e192e12674543860d4dfb5ccbf818,1.7000626,d6fe6f8380464e21a27fd69de27f1f57
16b6598102224ec59ae691c80c17f913,1.6985253,e9f055a212cd4e5e8601228c37713f35
ec1ea84e09b54849a539177f929c65cd,1.6955771,1216ce1ef31e4643bb1222538c206342
d2d96f2a42674dfbab3101abbce904dd,1.6954076,a0fe3cd34e474c3b90662ce8ef1fcac6
b9135422e0ba43e19be118d0eaae294f,1.6845429,d981f2c67f764e0c84af125b563958e9
88de1634c729442aa72060868b167abd,1.680496,82b01998353e4141a7613fdc96d7b600
654c2ffb9ccf4c1a9a3f865902e7b683,1.67701,fe6ace599de44aa19b1773dad3658fee
a95afea2e8ff4cedb3e0f1aedf6efb9f,1.6754944,e02ad4f63c8444b79a7a56fb23a4e0f1
bcb1b70968a74d41b4f3b9dc27129974,1.6747346,b050e9e1ef5946c297a34dda98d8f476
a10fa0e95314472f9c5d9f4695a8391c,1.6673663,74e7db4222ca4a20811199afafa346a7
2952ebe55f624860922615014214deb1,1.6650186,88dc23909eb4415aa39b96cc3a4c2926
13bc78da1120442190653a8273c4f2af,1.6621125,19c9ac7b84df472c85ed6cf5a05fbbc6
1ab3ed9b9a4d45cc81fcf7e200bdee0f,1.6601816,ff715b4f228443e3b067c801250f3402
0b0ee45e830245ffa3ce101af6a1a750,1.6557465,855b3971c4a147cfb9a7c281fa6b915e
6f5ef9875cc848bbac020144e710e378,1.6548568,75b0bd2240a54f6fb45bf95ca43ab5e6
88769fc17b0e4f3a9736d45e131659d9,1.6504245,ad289d5052264f9c8bd0aaf9faace92e
93945027f4fc4a43aedd7dc6affd5621,1.6461325,d74f6e7abeb84eedb9923dadb62f45f0
ba6e6bd633084e56bb1f91c62afff197,1.6445106,77ac5eb4b3054ca68e2b0dcbd5473fd1
e98cad653d89476483782ae1a239135b,1.6438313,5a8cc5ff28fb4359afc7e9fcbf3bce55
301e127ffa514901b5840fd47f9f7e18,1.6376777,cc21026ff0d541909df56c5618d28518
c5487b5f9cec423b8ea3117173949a1c,1.6343971,0472051dc57d43f8b9dd08df475fc4a3
fed199237941466bbcb3b0333580ee3f,1.6288452,77ac5eb4b3054ca68e2b0dcbd5473fd1
a4057a1aa4e948e5abc7ddcad9479b24,1.626972,e9f055a212cd4e5e8601228c37713f35
064ec184b18e48e18255745eb01a80f5,1.6268169,640f3bd184b7425fb22cc7773b8b2244
a4c088804f1a458e849f356cef8bfa22,1.6238108,e336d113184c4ebdbad7aa2b6ec64640
590ea703d6da42979db4f6cf3ec882f4,1.6180508,1c97c72e076f40fcadb22b17e71beed1
dea0770945c6460c8082a2fa1e710ccc,1.6129515,74e7db4222ca4a20811199afafa346a7
49ed92caa29841ae9341d53497cb8124,1.6105921,1216ce1ef31e4643bb1222538c206342
052e254bff244d2f88c0d2566ddc13db,1.6080601,e52a528036014db0a7bd54b99a310fe8
dd72a1cbe29f432bb51ae6342e0382e6,1.6012375,2768d411cc374a018a898f9df0ca207d
58556ab04cfc4acf9ea2865485923949,1.6001054,630edd9b8f754b5dbd36cfbbd03ccb51
179de20d4413414c92aa7828d5950f5d,1.5985938,5a26ae7959494fef99542e9b2004fd11
b3d1c6603e6a4f05bfe265607ea252ba,1.5973475,e02ad4f63c8444b79a7a56fb23a4e0f1
65120ac6b44e42f1831bb02005863657,1.5958387,fd51f3eef1a64d9a93652be481bde32e
619fb307d36a42b8818b2918edc88ade,1.5943387,aa2d7a3a535243189492d4ce8e79c049
6e6870a557a147a9acc900ab380040fb,1.5873294,e25b9d9944cb4d7197efb8ffc4ff57a1
18200ac0950d44d7af9f61b8b1f6467c,1.5869255,ec281224f8ee419ebde676f291672aea
b2e0675fdf93468a8fe7f4992e5ac02e,1.5780464,a1d8cb16dafd4126922f985021e93631
7f23a0de3d6649fbaa67cb1b2dae2289,1.5770106,ff715b4f228443e3b067c801250f3402
4a79ee95c2f94e6fb182632a2357e449,1.5738648,a0fe3cd34e474c3b90662ce8ef1fcac6
d64dd5997016472488972a82c8d2148f,1.5705421,b25fe3b79f714d38b3fc53e39fd84d36
e327090a663242caa64ea6482dabfd29,1.5697278,5a8cc5ff28fb4359afc7e9fcbf3bce55
b4e94218abf54b0787b1a6e1191836d3,1.5671554,e456afdf95e643dd926249fec4d68753
0414265ccf0d4dd59c98749d24924fe4,1.5637796,d27cfea4da8f445fb4e3c55e53c6482c
82a059da201341cea6290c541e65ce5d,1.5591826,75b0bd2240a54f6fb45bf95ca43ab5e6
b0535812250c45b497a6bad12645aca1,1.5576044,2a9658410614443d8a27ef174f61d6e8
a3b9cd8b03da4791964406ffeee48526,1.5574292,6542f58c143446f280e88a6375ccf79a
dd9a8e0a766b4f6e81c6ace1403cd374,1.5537865,c0cb721b56f240dabf7f464e453ef72e
b50583d5d6494691a33b4cc22373d8b5,1.5461316,e02ad4f63c8444b79a7a56fb23a4e0f1
1e239dcb58ac4c869ed3fc6c4c4a06bb,1.5399926,f0695d7e59d64941b510a3d12f801d59
1f487d592adc46f1ba935a923c34a9c6,1.5369017,7a4c413f5c844796bd5ffed2b65f0336
91af71c421dd4b9fa1252bd59cd4afd6,1.5357928,369fe18b94f54c98b554fd22b4a3b50b
29add4c6302d4386b285a8fe68153479,1.5331216,c8b9a0ac7c214a449c434aabdf6ef770
9f0c4fc689014714bc3604b21f1a694c,1.532562,6aaae524573f477f8fdef0b83787cbee
0d47fb068dda441b9e8f8f7bf704d553,1.5322078,d4cd0b56b6f54e08aec8ebfdb6122c5c
4805a294e65b4d4db75948e86d3fdee4,1.526003,acee70abee2841c9b67b95e9ed079647
6237fc7134d449b9bc4158d9a707cca1,1.5249932,e9f055a212cd4e5e8601228c37713f35
620d85d5d0b947dfb2f0574a0d4dfe72,1.5229805,8db9e204b8b841df8fd94eff0888cdf7
a3c58d5d2da942aab6283a42db2a14f7,1.5133117,37337ebec05640b890e4b9612776c32b
454132982ecd4d5e9e6ed9c9e33f3433,1.5082633,257aed6ca7a44f1cb5c664beb1be527b
f505e4ddc7604ec896a2bc461f2bb86f,1.5052986,d0a840820172465f83c8480d571e7b71
6823a93202f146b282eb66b620ae592b,1.5051796,6b9b2c8f0a874bb8b6691aca6bc49565
518dcd746ac344f692cc34db6c714430,1.4961269,4ad7e2502210436f9ca5735fdf7e50c3
071079b5a0494fe2b01b0dc5399d8089,1.4952754,eb513691b7a04d31ab1bc50bf343447b
34bf626d6a87427281f80c0938fe0278,1.4820516,7ce06191f1114b4c8a00609f6867761f
c3b713beca8b4136b4807dc4071fe795,1.4817575,d331012ecf0c40888e0ac290184f0883
a0f623aff0d34804a39f4b55a08898ca,1.4798932,903360099fb644b6b88c6edac88eecb2
9894b55999bc4793bee78babf6df12bd,1.4749032,09fc9f38fbbb4bfaa1c979ac9cc43f0b
e824774b41174da8a1c495885b348626,1.4690957,e492ff7fecf046a4948c5ba5631cdefe
0478a4dd439f4218a9194cd283b15aca,1.4675354,ed9b10a2879742628fce003076ef9024
1d79bd154afd47138f529dd6f1d52902,1.4562998,c8b9a0ac7c214a449c434aabdf6ef770
deaec801f6344b9d9ffe289794354038,1.4498448,acee70abee2841c9b67b95e9ed079647
d89a3137737e42bc94b53fd641bd17a4,1.441374,2768d411cc374a018a898f9df0ca207d
dade1ac92c08448e93e20a96c20f9d0a,1.436938,f036aaf4ab714c598a0b6da4ca604136
a22926b3ca894e6c80de0e172a46f36a,1.4358306,9170e0bb8fe44b309f83293808d871fe
7de183d0b5f24efebfc15ae35f4b0fc3,1.4356697,73e7e41e8db447c09cb2363d76556c64
ad13a71eb5594e529ad80ed59082fe17,1.4356663,9303b9f7f4984b2dac8aeba8c8da8ef6
3037c91a3e5a4499827cbdaec427c82f,1.4346948,17cc6768c9d14388b7455fea0060b62c
caba51ea4cb243dc87741ad2c31130b1,1.4339569,ed9b10a2879742628fce003076ef9024
9923a917ad644091bbc508d3ced20f75,1.4324698,369fe18b94f54c98b554fd22b4a3b50b
7dc9553f77c842f1848c9fe066681b67,1.4257672,bf59502a233e4b5eaff9cfa3a992c387
db4153df6e94413dada442eb6e6a8fee,1.4215417,2768d411cc374a018a898f9df0ca207d
5d81d489a98d444a83664fe0db47fccb,1.4132429,00f45d57fd3c448d8cfdf3185ebae894
6bc08caeb482448c85c44c89c5fee7b8,1.4100133,4aa3556b2aed469584c573868193a07a
ac047081c69246efb1e1385bc77fb76c,1.4054669,88dc23909eb4415aa39b96cc3a4c2926
b982c8da93db48ddbd69de9c207f2187,1.4026053,ff218cc7835d4b5ba0de22792319050a
56c2b163d79149048fcdf4e0f9d5598b,1.3985903,64fa5ce839ef406b9bc8a1b2f05094c7
59f932ea796043fdba3c19bd87389e96,1.398116,58f53c379f7a4868a2ba6d91a06247d2
5db16d2af83a479d85d0755051ccebb6,1.3916175,b25fe3b79f714d38b3fc53e39fd84d36
a34c38121a3948f8949f49df67186c78,1.386215,92229a391d0b418f87b32c86c42a292c
0a6d5cd06af2452ca1b3a4657d9e0767,1.3828006,d331012ecf0c40888e0ac290184f0883
5b578482d6cc41b9a12382c724e9e19d,1.3807138,d981f2c67f764e0c84af125b563958e9
4762d831f5884e25bb3eb6e73fd283fe,1.3793651,d79afb377f5349a69830b2b4c7cfefcb
e09735216b1f4e3f9fd7eb54f6aa2b1a,1.378377,b7ef0a61de0e4adf9688b2c525c9ad09
7118df93df274839b3c1c622ac4b53f0,1.3767732,f11f1682b5924181b047d757d3e20964
24156e9d41404d568c7e22931d2631a3,1.3757199,d79afb377f5349a69830b2b4c7cfefcb
8887992f6e314e5bb22217a98a5dc1d2,1.3750273,46bfd7af0ed6491fa621350963d11e35
da88d4d5eaad4690bbe94a2165985050,1.3685415,01e805bb5a1845a7addf86fe9bc8d814
38b738aa374d42a1b20afa63ccfcfd62,1.3621414,01e805bb5a1845a7addf86fe9bc8d814
429c0e9f5199454590fcd1e2560a42a7,1.3536272,1af4472b38cc4304841b2f1720075c9d
4a5a47f40e9b42f5af28b197d3e59ef7,1.3526971,3be388c9ab614bceb086c19f70df23c2
8278ffeb4f7e4854a015f434887473a4,1.3513927,700f381f40ce4b039ce0df8b49fb199b
278a6d1334d949ac865e60b6199bf59d,1.3434353,a926df6d7fcf4b17b68dae6f41fbce66
42dc4d44bc374b80baf0a8ac2c90c250,1.3365855,1216ce1ef31e4643bb1222538c206342
8779ed6ba8014232ae6caf2ff9ef4317,1.3307186,156f393f7ca046299e09d05464afa056
7c890f402f38475d942c1190be3ab2a8,1.3289368,77a8b27acb0e4600bb6ff974eabc269c
018f42d116aa4bcdb1ab9e05bfc01b63,1.326839,640f3bd184b7425fb22cc7773b8b2244
7e1df8a5aabd4ab88cff299bb27c308d,1.318084,0472051dc57d43f8b9dd08df475fc4a3
baa0f8290544453cb52c2a41cc0eee30,1.3169714,d79afb377f5349a69830b2b4c7cfefcb
d23da11a51a94f54a9acb157cbe7056b,1.3115182,27eee82d7fb94b9b8b60bd3101187496
613c069f276a48f2b4d203e4b49d44cb,1.2967225,fd51f3eef1a64d9a93652be481bde32e
4cf647a905be45e5b1b81a0559d834d9,1.2950165,fcc9863b07fc4bd5a01fab5b9160eafb
c853cbd19ac0421eac6817429b6f8804,1.2930567,526ab7eda50e4a239d03ad505832d61d
d480f925a4b94f518e72ad64b3ed439a,1.2895894,9303b9f7f4984b2dac8aeba8c8da8ef6
fba706d6c465422cb8a6944bb92f5b97,1.2895083,d0a840820172465f83c8480d571e7b71
239190927a44453bb33c24a550d70b96,1.2872547,c26f5e7dcc8149f18f3d719bba9ae717
20c77ed7406f451bac8e8bcd18b5187b,1.2712903,9e304a9bbc7b4c22af8025fc93757357
61353a38c7e14c49ad888ed8da7d282b,1.2676706,ed9b10a2879742628fce003076ef9024
85fe4ea28be0476fb41585de18435d94,1.2632837,8a77dc665d8b4d95a0b1113522f7e9c3
7bd320ff5d6f4bfc906470499b8ae3b6,1.2631246,80921378de2b4cd3a14d449688d8b079
fb7510f9799745e8bb2d730dafe50aa4,1.2594223,e25b9d9944cb4d7197efb8ffc4ff57a1
fcd022d73a35405ab8a38d11dd06ff4e,1.2587618,c88be17376104f999b914a91aebf7220
d51de57d4ced4566bed6fef2db5c099f,1.2571886,d42996c2b67443fd9b73bba7641d4f77
0186efa87e364652a49460c2436f11da,1.2543676,ec281224f8ee419ebde676f291672aea
5ab1cd14b5304690a8f45e2bb5a92dc4,1.2539272,19c9ac7b84df472c85ed6cf5a05fbbc6
fcaf0031ba12457ca8cd515c95fea22b,1.253691,bade01bd83ec4b6786fd8c867ca7a090
8058d1c206ab4268a15994fd69f5d5d0,1.2457137,1c97c72e076f40fcadb22b17e71beed1
74ee886c358c466b93e307e28af9d52e,1.2450397,7cd1db4b50dd41e6b2f3dd15fcab3b89
f3ea230754ba41d192cd37ed751d1318,1.2419941,8f761e1117754656ac86a3a25f241cd7
8ef2aba44c3c4a85a7499fcc0cf28ff5,1.2352262,e52a528036014db0a7bd54b99a310fe8
6a9e4d855e3944719a49f41d3f30b8d6,1.2256248,faaac88748714ce8a99413b952a1dac8
ee6aeba966504751952213ca4d85796e,1.2231672,3b13d134762445cebcdbb02b484db77b
07e594806c6c4bdf8d98e2995979eae1,1.2155876,0472051dc57d43f8b9dd08df475fc4a3
305e57d28cc74f018c0ee4a93fe92c0b,1.2123199,a585d23fe43f459ba86ac15645af77ff
862ca039da124a9d80603938ab13c289,1.2081876,8a77dc665d8b4d95a0b1113522f7e9c3
4aeb82ff294e4be9be97a1aee9698fef,1.2045997,e456afdf95e643dd926249fec4d68753
55e30898427a472799115a2e014580a6,1.2033309,d74f6e7abeb84eedb9923dadb62f45f0
00aac7746e164d80a6a257d31925297c,1.1999484,1b4e143cfc1648a5b877d7445446366a
f7d9f745835a44c4a947a141f080ed24,1.1950097,c0cb721b56f240dabf7f464e453ef72e
b48f5f444c3140b38a8e756e57fd042c,1.1922908,9b22c5cdbff44bdabd48dba008e6a3b2
014b077427a84137a08055cd6ba1057f,1.1884842,fd51f3eef1a64d9a93652be481bde32e
f8a46af09cee4fd4a9c2ffe00e109f28,1.1838953,6aaae524573f477f8fdef0b83787cbee
a2c99cf18b24478a838bc5837a75721f,1.1835665,d4cd0b56b6f54e08aec8ebfdb6122c5c
65add58592564636a49ae7417f79e9ca,1.1812327,b8ca3b6144cd48208caae952e096e7ae
a306a4b51e064a1daf8766259f6f5c19,1.1809797,c8b9a0ac7c214a449c434aabdf6ef770
67cdfba89fae4e3896b9aebb4f52dae5,1.1739037,cc21026ff0d541909df56c5618d28518
599db2cba5134f72b9cd514e41aa34ba,1.169914,e5692bd498004d32934fbaa05af2120d
824e34ffddf447618c176cfb2577eb45,1.1590621,965598a17b624a0f9bb1cd58595458a6
82e2ae3e0d3c4ccab9093974f974e854,1.155292,a6a551a308b9442f947ea0608ae2c3fb
299ada2bc5ef4534ad5e0b1b7d10e457,1.1485233,e02ad4f63c8444b79a7a56fb23a4e0f1
abc9ab04fed74e638625e3e6f26de13d,1.147119,a0fe3cd34e474c3b90662ce8ef1fcac6
f6023dfadf94495fba9f43c8230ce2a3,1.1451485,a4cad92644614f78bded3ca6d6023473
8522edbe627049f0b00eabbb776399d3,1.1423912,aa2d7a3a535243189492d4ce8e79c049
bc1026f31e374c13a6d40e36a58b4b4c,1.1296685,4430d47e30904eab969c1baebca184c0
7c44128ff20b427f8ee22047fba9882b,1.1275249,1f8c0f02984e4139bf8043e57497fdb2
c0f3c55551da4b9fa0600e0d1b9181bb,1.1228741,0472051dc57d43f8b9dd08df475fc4a3
4dc64707bd42424f82f84de41d91a5fd,1.1213671,3be388c9ab614bceb086c19f70df23c2
68017cd7896a412db28e47c90096b888,1.1197684,d9fbe02f04a4469dac855f69ea6ad02a
56db49f870bb49eaac223bc725d79f26,1.1194065,17cc6768c9d14388b7455fea0060b62c
f7968b9dc2674ffd888bfbc7a86342d6,1.1158056,1543a2f94aa74008914301874d98f0f5
7243a107cca54629976980cef4591fb0,1.1047084,1b4e143cfc1648a5b877d7445446366a
503e869546cf415ab60324f38dc8f73f,1.1023893,eaca056cec224a30aaaed30c39f644c2
ab4c8222cf584ba3982f14500c005291,1.1000955,a6a551a308b9442f947ea0608ae2c3fb
7f50b6b5321c44e191bc82be785455b3,1.0974537,7ce06191f1114b4c8a00609f6867761f
256d2577d4f940778857e3ae7fa8e965,1.0908935,58f53c379f7a4868a2ba6d91a06247d2
e152a0f89fe0446f998c519058feabc5,1.080128,a0fe3cd34e474c3b90662ce8ef1fcac6
7cb1eb87f58f48c88b0b1f3205d9a6e5,1.0790343,d27cfea4da8f445fb4e3c55e53c6482c
bb5525dd713a4a6bac622eef1a7c83c6,1.0759468,1af4472b38cc4304841b2f1720075c9d
0f23167585384e62970cf34d4092c7a7,1.0732973,e52a528036014db0a7bd54b99a310fe8
39ce9102f2044852bd09b544df5b8092,1.0731704,7ac9c94011924c09b47f9640211885a2
0ac5a5f9477a43b2b222bfec1888b8f0,1.0723943,19c9ac7b84df472c85ed6cf5a05fbbc6
63cf218e957a465696c4482a9d4b226b,1.0686231,aa2d7a3a535243189492d4ce8e79c049
8159d92e267d438e9012e936aa5fb15d,1.068234,95fbc6ed8bfd43c1a6bcf676e26e7f8a
6770b085f8cf47ee9a162fa8fbac551b,1.0625064,369fe18b94f54c98b554fd22b4a3b50b
4b82d1239c3f47488e057d0f3898204e,1.0598137,95fbc6ed8bfd43c1a6bcf676e26e7f8a
3e8ebff2d8524f5aa87e3d2117dcb463,1.0582601,e7d6747e8c8b4ebcb665e232240daf17
a7fe5588b97f435caa29a3b507cd51f1,1.0551398,0ebc441d25664c91adad96b570270f07
b57d527c5d13406cadfa1a4f809cc040,1.0545607,64f1d63a671d441d9663a783f632f794
9385f152b6204244bd58c6107f500381,1.0513632,9303b9f7f4984b2dac8aeba8c8da8ef6
f119f6dc27c64e5c8485b001368d839e,1.0506873,7cd1db4b50dd41e6b2f3dd15fcab3b89
c3758e6612fe4a54ae862d91d26d805f,1.0488051,d331012ecf0c40888e0ac290184f0883
9f143dcef5ee44dd89610738332533b6,1.0456638,6a33c207c8b648f680dbd0e65639ef04
1950440f5ca34d0bb2c737f896ec3b16,1.0441376,c322b788813745e0aa7b592b4345d379
e30792faab17454587f51314a00ae69b,1.0418618,d74f6e7abeb84eedb9923dadb62f45f0
26b721f1caa14c70b7aa9e5a8898e76a,1.0351174,34b71675a1ae442395b6eb1f3eda23df
77061464d801457a80b33cbbe0f017f6,1.029136,d4cd0b56b6f54e08aec8ebfdb6122c5c
924c235415de407b8fe453ecc8aa95be,1.0243133,ec281224f8ee419ebde676f291672aea
ab85f0b004fe481ebacaefa2d94bb656,1.0221801,e52a528036014db0a7bd54b99a310fe8
7eab4332b2af45cd8ba6c4050d814b39,1.021734,ad289d5052264f9c8bd0aaf9faace92e
b4bfd87056ca4927b56965f9b8341f74,1.0191109,74e7db4222ca4a20811199afafa346a7
77f470031d7a4d3aa691e074e7215cb5,1.0185755,e96aa0967ab94368b381354e03dc40ad
ba86837d26e64a5095e50f614cebc183,1.0167938,92d5da561f5a41bf929f3555a74cd653
8dc57aa25917490abcf294b3f73bedd6,1.005075,ad289d5052264f9c8bd0aaf9faace92e
73ef58ddfcb54d09ac1737fdccd62d07,1.0024881,9e304a9bbc7b4c22af8025fc93757357
e0be49d601a84ae1afc8a7ca92f58087,1.0008454,7c1e02f3ab614e539ac901e5cd3c92d8
e1373920ccf54979ab678e62eb165c60,1.0002794,b2be859ca8f24cda86821d5383edbc18
287f16e644254fb4ab92c40cf4fd41e5,0.99526656,fb695c097d5845c282f6b30c241e8cf2
f4a11d6e649f44be960bbfc9a5aab7c9,0.9942105,b25fe3b79f714d38b3fc53e39fd84d36
2ae6d89874964a38a8d1dadc9efeded3,0.98891044,89e43b092c844b5886a93091a22c894a
6f0406b6deea4302b4e44ece4eba9ef9,0.98857903,eb513691b7a04d31ab1bc50bf343447b
1ea12b451b3d408baf7902165bd34a14,0.98635966,65664fb3aad341fab563409d91dddd2d
4710bc4b3f9547e4a1b836e957787a46,0.983818,a1d8cb16dafd4126922f985021e93631
206c38136fda4bdb97f8087fab551d1a,0.9818771,e27d9425c912446e947fe53c4a757375
33babb0b73f84a8a87d9c75c03bfbc99,0.98080534,1216ce1ef31e4643bb1222538c206342
7901d858c6e44dea8acd99a79e378956,0.9776207,fcc9863b07fc4bd5a01fab5b9160eafb
8e80b474643e48ac86e6d8e4a23c507d,0.97426164,77ac5eb4b3054ca68e2b0dcbd5473fd1
6776a4646460462797dc83573d630d14,0.9726847,156f393f7ca046299e09d05464afa056
7e808bd74e2447d79f7d266c88de6410,0.9692216,95fbc6ed8bfd43c1a6bcf676e26e7f8a
1e008659e5994366815fe158a9f9a26c,0.9683008,9e304a9bbc7b4c22af8025fc93757357
1413507f5f8f46109e5caee2e853eae9,0.967331,700f381f40ce4b039ce0df8b49fb199b
074732e2729c421abe906cc4077f1eae,0.96707004,369fe18b94f54c98b554fd22b4a3b50b
9ddc0583ec0e4cc0bbaa79c812c97afa,0.9668113,73e7e41e8db447c09cb2363d76556c64
790595e600c949459cfe2629a30f5371,0.96351725,4430d47e30904eab969c1baebca184c0
af1aeb26d52b41fea9c9af10f45c7bc3,0.96311796,7cd1db4b50dd41e6b2f3dd15fcab3b89
12274ca89ccf49bdb0903f80560e3d7f,0.96059126,c9628610053945f4a7998ae48cd70da3
42b1aada557b48a0989c6a1c05378299,0.9582597,17cc6768c9d14388b7455fea0060b62c
9a941b16ff4840eda21ad2f9e0c81f3f,0.9574156,9b22c5cdbff44bdabd48dba008e6a3b2
42c545ddf97e457a8ae47f8f1229bec7,0.95244217,80921378de2b4cd3a14d449688d8b079
74b25851047d4c08840debaa0bcd9e2e,0.9374529,80948e17b5694599919e1502bfcc08f3
1139ff813de54ba583f9d19e3a2b6ac6,0.93558556,a585d23fe43f459ba86ac15645af77ff
1ef6177541694b09a66cc37c32dd92d8,0.93351996,691acac4a54d450697afb2c2dc4fca09
ba50600bf9f046bf97bbe28dc09a3ff4,0.9298138,92229a391d0b418f87b32c86c42a292c
72b24b9944aa43599173c03884689224,0.9267423,95fbc6ed8bfd43c1a6bcf676e26e7f8a
3c6017018cff435f8a15557ec2740321,0.92458797,85e7ea30890b456084b8e85c299c8649
d0fb524183bb44a9a854de124a8becb5,0.92218924,640f3bd184b7425fb22cc7773b8b2244
ac2d96b937b24483be886056bc0c2b67,0.9215681,23066f7964874fd39639dbf2cb2766df
173d05df5b374e3ea0eeb958b8854299,0.91390735,27eee82d7fb94b9b8b60bd3101187496
81506e59f5b54c66a3459e47c2bad700,0.91266215,d6fe6f8380464e21a27fd69de27f1f57
a1e176f474f04640aedebc0ece81583e,0.91059667,965598a17b624a0f9bb1cd58595458a6
3710bf2a11584bf098b45d14f2308ef2,0.90778106,ed9b10a2879742628fce003076ef9024
6de8d8e544ee4bc3b84a9aa3f56f4d30,0.90687543,64fa5ce839ef406b9bc8a1b2f05094c7
a7c72b26df5e476a8a8efd1d597ead90,0.90618473,9ff95d23c3284d31ba5e398afa520649
77e2cfc79eee4e1b91f93386b436bd31,0.9032584,5a8cc5ff28fb4359afc7e9fcbf3bce55
3bc9e7189bd1419081f54d35e956639e,0.8956009,b8ca3b6144cd48208caae952e096e7ae
4443770debc447b1b3f8c9dbb46160cd,0.88492924,e456afdf95e643dd926249fec4d68753
f5abb68eab244fe38e79be186719a8d8,0.87484646,369fe18b94f54c98b554fd22b4a3b50b
5fa7699fd07e48f29a259e9b1044fab6,0.87380916,d4cd0b56b6f54e08aec8ebfdb6122c5c
78c3087265224b479cfa12716bcf1599,0.87345374,27eee82d7fb94b9b8b60bd3101187496
b74ab07a7c004219aee7bd6d643ebfb1,0.86893487,64f1d63a671d441d9663a783f632f794
ac601d55d74246afa29a020b8029c7af,0.8665512,c0cb721b56f240dabf7f464e453ef72e
167939f1c55740a5bd8d235691475fc4,0.8664402,11ec23965d2941d0817082107996ebbb
c299003ba5bb48b3bd7eab31321b539b,0.8591577,f615619defc4402b82845090c238e597
38003415b2fe4903b7183cdd279c09f9,0.85827404,678725f8b914453fbc1029b7c1bc0879
972aaaac6728431b983362d505543fa0,0.8565214,80948e17b5694599919e1502bfcc08f3
173d2968abb140d2bd3ad182500686c2,0.8542985,d443e0c5017d48d1b3f86bf4da959ed5
5b21a17866f54dfa8e63c58219851a21,0.8525959,d981f2c67f764e0c84af125b563958e9
3df61db7681f47ecbe9f92df83b36e59,0.8509202,bd35571850644321b86ce4fae286ce7d
d404db290f094f2f9dc6ffe54216308f,0.8505192,564a84b1b830407e811bcfc7fd086a6f
312939eb59d541dfa7df51991a32d5f6,0.84620374,f615619defc4402b82845090c238e597
f1ccf2ee3c3d4cddb27a2e081d844de5,0.84603435,564a84b1b830407e811bcfc7fd086a6f
a030121d60a04600bb73087739ac4044,0.84508216,d981f2c67f764e0c84af125b563958e9
aa7a7a6a0bfe40619e55e8f0b07f04fe,0.8443981,1216ce1ef31e4643bb1222538c206342
8f66f54b48f64293bbb1f369f41ee3c2,0.8406436,6c8a24653ef04f559b88e0f27c0df63a
010b4030f3e24d059d9e4d37cbd1963a,0.8397899,66b0c8a58f444ea0aec34d9403b88a49
5e369cf5939f4d15bb771d98108df034,0.82845074,9170e0bb8fe44b309f83293808d871fe
d826d2d9a30147d59c909ec8484bf8b6,0.824559,ed9b10a2879742628fce003076ef9024
70aba94871d94cf5b2d7e950982cbb8f,0.82139766,e45844e0215f4a1596a7f9ac41367c46
2c2bd31efb4543d08c60180fb6fa21a2,0.8198929,1d47a696eae94bd29f215a4787b27d8a
3ff3a9f9ebdf41968cac02ff122f56eb,0.8102083,c88be17376104f999b914a91aebf7220
a082e18320bf47fe8c3c9506d626862a,0.80834794,b4150337314e40fb9e3ebb24514504a3
64310259af8e430b8a9577093b411ada,0.805807,6a122ce1702646db918266228d48bd08
3eb1fed1bfea482687c433b63ad56eda,0.805669,efdf40eee13d409c9955e5b84e4408f6
dd9bd5320911433f9d855d754095534b,0.8025822,4696c8192576454f8684954bc771aa23
f8839308f8e84df6a185506e6f3f1674,0.79906905,e5692bd498004d32934fbaa05af2120d
3a53b02d11d74f9b84a71811f607d433,0.79824483,8f285540a9394706bd6ec6cda46c5058
17ef3923d27b4a0d99dbc74302d79924,0.7917274,e25b9d9944cb4d7197efb8ffc4ff57a1
c8d0d1f2df5c4b2a8eecdd2acc610a85,0.7846621,e25b9d9944cb4d7197efb8ffc4ff57a1
d49f6a76fe334b5ebf72758df0f42d07,0.78410685,c26f5e7dcc8149f18f3d719bba9ae717
8db2bf7ef1ed4e16b8f31fc7a9ad0e9e,0.7834024,fe6ace599de44aa19b1773dad3658fee
5bf9e6f5654045d28dd2225231386807,0.7828631,23066f7964874fd39639dbf2cb2766df
13964a2d472649b59d5126c24da8d4b1,0.7765194,23066f7964874fd39639dbf2cb2766df
d7af13217f9446bc8d46c21e5d91114a,0.77646124,836ec4ef8df644328ac07b7803709323
d4b67d4bedeb47018a353598e2262d9e,0.77360505,c3412c53e9ec4b6a9a1aa95cf7f0f1e4
ede38dce85584305a3733d42a3d38246,0.77230054,19c9ac7b84df472c85ed6cf5a05fbbc6
b615eb75fd0545b397a63d7c6a86c4eb,0.77175033,ad2109663af04c549385cd2ab9b3283b
b5f4e559a70849b2943f3967cc08b56e,0.76912,3be388c9ab614bceb086c19f70df23c2
f161ed58877741ceaa5a6f014b69de49,0.76802665,e27d9425c912446e947fe53c4a757375
18256c30bb5447d2bc0c5b2c56f67811,0.75993776,bab3bdc133384798b558f8fb6466a7fa
67807253c7c94312952c818472d4888b,0.75570345,6c8a24653ef04f559b88e0f27c0df63a
b344c4448c13473197e3c11682c4096e,0.7489384,3257035cc77946d98bdc09e2fdd5cdae
6ef8ff7c77a84500af8da2548cb4bcd1,0.7392679,855b3971c4a147cfb9a7c281fa6b915e
8c5aff69d92e4556bbd5cfdb17a74109,0.7369492,5a73e0a5c757410eb0928feed7b151c8
e68a3201b5e74913bc61894aae617101,0.7359983,b050e9e1ef5946c297a34dda98d8f476
3b01fad04aad4fba95d40be77808d716,0.7355113,cd60a0fcac24465a880af7d8f921dd68
3cb482f381eb449b99a6b9b7707078b2,0.72648346,9303b9f7f4984b2dac8aeba8c8da8ef6
919a7551269b4f86ad471c424ce96b2a,0.7236733,fcc9863b07fc4bd5a01fab5b9160eafb
b26293f2e7f54384a164fb685236aa8f,0.7206987,58f53c379f7a4868a2ba6d91a06247d2
31d3239dbec34e65a0e239ffec9138ea,0.7192434,257aed6ca7a44f1cb5c664beb1be527b
649971e6871c4d3596bbe61f84b0e117,0.7180752,1216ce1ef31e4643bb1222538c206342
fa4aad3a76ce4c019895b7d73d8b496d,0.7139781,e5692bd498004d32934fbaa05af2120d
59ad0e42bca44e7c95b0aeb6bc5ca7dd,0.70649076,a585d23fe43f459ba86ac15645af77ff
eedf84d8949845939452e2cf59d2cc6a,0.70394546,a0fe3cd34e474c3b90662ce8ef1fcac6
727185eb6c4b40c7826be433f5a5d627,0.7032307,23066f7964874fd39639dbf2cb2766df
bee778e5989a42b98f01c3f28373b730,0.7012984,ec281224f8ee419ebde676f291672aea
d8ea4ac9525840edbbf19a36ad957e31,0.6883279,d4cd0b56b6f54e08aec8ebfdb6122c5c
6bf15791f42e4323bf626650477d9beb,0.6875528,8db9e204b8b841df8fd94eff0888cdf7
d163c4863d9640b8b9610decb9ae92ff,0.68057203,bade01bd83ec4b6786fd8c867ca7a090
6e651760ac2e4377abd5ff9ac4b8c9f0,0.6803804,d9fbe02f04a4469dac855f69ea6ad02a
7ee89cd6d6774885a024ad9e8abfda35,0.6768578,3257035cc77946d98bdc09e2fdd5cdae
9c33f1dbb3ce4d8f9a3262e5fbb55cda,0.6706122,779d7c2bad1940c8a861451964e1ce01
ed96d522f1d74dcb9a41c80634f5abe0,0.66303945,d0a840820172465f83c8480d571e7b71
b8cc82e2dd7b4ef9932f2377c1bf9e53,0.66104233,6a33c207c8b648f680dbd0e65639ef04
20017566ccc94b8982c75f9f05a8eb20,0.65853,ecdae9f36c6a437ea72739febbf1c89c
3cbe7ad4fbe64e83876d9c85f91a8237,0.65478575,d4cd0b56b6f54e08aec8ebfdb6122c5c
3fa1b0de6d4c416189e62ee40264edd1,0.6539159,e27d9425c912446e947fe53c4a757375
c76c69c650e64dab822589767532bc87,0.6534958,89e43b092c844b5886a93091a22c894a
f2d238ecc2d34c4583220abec4d75ba2,0.653337,057164cf4aab45ebbefef3409359cfb1
64f28ab73b654d0399810c11e2dc615f,0.6451408,7ce06191f1114b4c8a00609f6867761f
2a15a6ed7e29403295f571a40fbf5895,0.6432087,e492ff7fecf046a4948c5ba5631cdefe
ce7e02187e74451f8fe2511db0fed0fb,0.6427632,779d7c2bad1940c8a861451964e1ce01
2b4fda504eff4531832d7897265ba39f,0.639835,d79afb377f5349a69830b2b4c7cfefcb
0aa6a9108b584bbf8d7c94f8d1ba84e3,0.63944715,691a538d2372403fad2b919b48ff5f85
beaee44c26404f84a56c0c185b5bf1be,0.63457733,e96aa0967ab94368b381354e03dc40ad
7fef3b2e0481482fb860ca2b3db02567,0.6327003,9b22c5cdbff44bdabd48dba008e6a3b2
054f93d33d7e494d8ddd2e57a8e4dd62,0.610936,46bfd7af0ed6491fa621350963d11e35
886b1cde3d0e4f1db12bcb160b6f357a,0.60187685,0302e7dde9074dddbbbdf85e9be57901
f7b6d1525412435fbc5af750fb1d4dfb,0.5961586,1cbfb22f84454b1fb821b602e3ad11f8
ffe5e5fc7adf437bba769a5d9fff5c27,0.5942419,19c9ac7b84df472c85ed6cf5a05fbbc6
9d3679e8828845c6be8f7376e953d216,0.5929457,82b01998353e4141a7613fdc96d7b600
e263f6646da54395823572d53a7be6e9,0.5872352,58db4c3a26c84fa68d81235d078208bc
1d6f4b84093244e6915c8d2b03d11912,0.5854341,bade01bd83ec4b6786fd8c867ca7a090
4eef43c568d642d0b7a75932102cd2f8,0.5817598,8aadcf7251724cc6858dc0db44abebe3
d067ca627837456bb0e6cc40a06d224f,0.57956105,64f1d63a671d441d9663a783f632f794
e3fce4db03644ebaa6d2618e06092fe7,0.57875425,1cbfb22f84454b1fb821b602e3ad11f8
b627c84048a742d292cc9adc0f36f58d,0.5756304,5a68e05acea4434ba08e17e1fff00057
44ed303d7bde4629ae56239936f499ec,0.5731383,1af4472b38cc4304841b2f1720075c9d
daec8c9bb81142a98349b34affefed91,0.57226986,630edd9b8f754b5dbd36cfbbd03ccb51
dcaf50ce32524dee92c4fe00de88a3ab,0.56806576,a585d23fe43f459ba86ac15645af77ff
5a1096197b8648d882cdd33875519404,0.5678834,ecdae9f36c6a437ea72739febbf1c89c
1ba49dc7eaca42cc9df60f6a9a04f11a,0.56755424,983940e0b12e4186a281c36de657406e
e1e6878707524a03864e9b83fb89345d,0.56695354,74e7db4222ca4a20811199afafa346a7
dbf2f20d05034e77a9be456ee8d44377,0.5617942,564a84b1b830407e811bcfc7fd086a6f
b19ea3eefb454edd861821b7164f50e0,0.55630463,ad2b6fb945714e6792c17bd49a1066e0
5f5d6306678c4a0cbeb65f8580c9cdbb,0.5352234,89597084b19c4902b073a2c6c6622456
96ad923a06f54d79a74431cd06b8adea,0.5300703,fb709e29755b44988bb252c87a2ce2f3
c67274e9cb5b41b18336fa05f437c470,0.5280686,9ff95d23c3284d31ba5e398afa520649
52acdc11a8df4558867635630b69348c,0.52234435,74e7db4222ca4a20811199afafa346a7
a7065654ab41446abde84554b4442a5b,0.5205658,7cd1db4b50dd41e6b2f3dd15fcab3b89
7149705cc0f243f3877d976946fcba4e,0.5203257,cd60a0fcac24465a880af7d8f921dd68
c4e88a88103749f08d034998e76b6a35,0.5151,a0fe3cd34e474c3b90662ce8ef1fcac6
e862a12dcbc4446cb1bfe03570cc7b44,0.5132164,7ce06191f1114b4c8a00609f6867761f
2ab29c6bc859481988c1133ecd494a65,0.50867605,1f8c0f02984e4139bf8043e57497fdb2
8058721caad34d58a7ddae70e71c3f9e,0.5061069,c9e2e76e631c4d0a8013d90892350e06
ae5e0ee1d17e4fb0839e3d41295a5479,0.49898863,903360099fb644b6b88c6edac88eecb2
94c480de369e4fcab0aee54d6543f90b,0.49790707,630edd9b8f754b5dbd36cfbbd03ccb51
e84532113530478c84db1abdcae9a6d6,0.4936231,95fbc6ed8bfd43c1a6bcf676e26e7f8a
3321422a798047078d258d49e7912855,0.48900348,6d3c42356e3b459c919e3129ff192ac4
362c00f2982342a8a518f57f7ec9a60e,0.48693228,2768d411cc374a018a898f9df0ca207d
06cec2d499d345bc9c033032d765acb3,0.4821248,779d7c2bad1940c8a861451964e1ce01
bfa67f429e414493a7306f4ad2e21550,0.48203933,1f8c0f02984e4139bf8043e57497fdb2
f52e6b02fcbe40089962449e4b4968db,0.4816405,cd60a0fcac24465a880af7d8f921dd68
c294e4564fbd465e948be4cb38ab0f2d,0.47568655,d42996c2b67443fd9b73bba7641d4f77
bc74f6e0e01940f8b0e150ba65e72d34,0.47512212,74e7db4222ca4a20811199afafa346a7
d13abb2f14514eafa77e5ef77ae45be2,0.4698315,6c74bedaa406493a99988c5b8a47b704
e45e383a0b9844e2b5ea7eaea5eb9fea,0.46871284,156f393f7ca046299e09d05464afa056
a5d13a0d598241769730951b2e94e7ba,0.46698394,23066f7964874fd39639dbf2cb2766df
55f81e8022ee42b893d99d17d99a3f32,0.4558247,0302e7dde9074dddbbbdf85e9be57901
b6564d12e54b4e09a41d57e66159df56,0.4523486,a6a551a308b9442f947ea0608ae2c3fb
3391f84c6c544d63a18f7c2e8431fbe4,0.45051742,bd2f91a9415049d980e453f94327e0ce
9b8afef332b0478a954974c9be4b010f,0.44628096,2a9658410614443d8a27ef174f61d6e8
e96f7d9a6eb04d7e9b3a01744c7f210e,0.4461203,836ec4ef8df644328ac07b7803709323
50b607a9b5e540148f9155693795e5d8,0.4424547,3257035cc77946d98bdc09e2fdd5cdae
5f5c72816fcd4fcc8f58aa66c02daac3,0.43984044,eaca056cec224a30aaaed30c39f644c2
4862c9b0d8ae46eb8831a66a01eeb02f,0.43800092,b050e9e1ef5946c297a34dda98d8f476
76313e4034d24a788d6f02923f14c045,0.43692714,d79afb377f5349a69830b2b4c7cfefcb
63c3f37ef5c1455db7914313f0e0be1c,0.43190604,64fa5ce839ef406b9bc8a1b2f05094c7
06dafb47baf148b9ab12caa5200a4d2c,0.42935416,58f53c379f7a4868a2ba6d91a06247d2
2d78b8e319a04caba78f81308c489ad0,0.42394325,5a26ae7959494fef99542e9b2004fd11
2f2c1d07f46c48cc9afd407c79405b1a,0.42340088,7c1e02f3ab614e539ac901e5cd3c92d8
7138411c54ee4ddc9519ced57941eb3e,0.41953522,78b600dd53854b018f87267d268b7b1a
8756c0e4eee54ca69baec75ff9c6f44c,0.4002996,17cc6768c9d14388b7455fea0060b62c
dfd4d092c16c4fbca7e9aac5e15806c4,0.39950895,1cbfb22f84454b1fb821b602e3ad11f8
4207cafc0d1f4d50b76a0fe4b67edc09,0.39708626,9ff95d23c3284d31ba5e398afa520649
d6b4f4ad86b24c25967551b42462c386,0.3957085,d443e0c5017d48d1b3f86bf4da959ed5
850ffbbf78224a1b910a45c2ad3ab6cd,0.39546028,19c9ac7b84df472c85ed6cf5a05fbbc6
4f6887bfd8d64e9c96cb60b2fc428027,0.3916629,526ab7eda50e4a239d03ad505832d61d
45d15e5e49574f79bb6a3116fc761b83,0.38828117,369fe18b94f54c98b554fd22b4a3b50b
a2e363e09aed44868c4e51d9cce19eb3,0.3790416,c0cb721b56f240dabf7f464e453ef72e
6fb94e9ac58f4d9694f15b78affe4f02,0.37357324,34b71675a1ae442395b6eb1f3eda23df
662a6fe9ae1b47f5b598c9d0ff7ad784,0.37143177,640f3bd184b7425fb22cc7773b8b2244
5c85caaeb0fe44b19a63bae94eb3c1b2,0.37100285,c8c201e25c0047a2ba9d9e8541ac0939
28cae44de1fa4e56a10eb13b57a78668,0.37083256,c0cb721b56f240dabf7f464e453ef72e
b5db665a6be74d6d917e217bae5f59b7,0.3588735,21b1ded02d7b42618592187e287835a3
90f24532a2864b7aabfcb8e5d5dbce72,0.35132712,46ba0b979a664c7cb0c315c4cde6ac86
c8e075e8f30e4586ac075d59d5be938d,0.35078222,fb709e29755b44988bb252c87a2ce2f3
dcd4e8a77e0c47f4bfeaedc8b8dfc397,0.3505298,bade01bd83ec4b6786fd8c867ca7a090
aa580e725d534bcc967dbef0c65b141d,0.3388082,88dc23909eb4415aa39b96cc3a4c2926
7e4f7e1030bd4e0d9be72f6761ea3def,0.33808732,77a8b27acb0e4600bb6ff974eabc269c
8fbf0e065e2147b39508d482b6af3901,0.3368271,855b3971c4a147cfb9a7c281fa6b915e
387cfff049b44a62ad0215e9bcd6f912,0.32882404,ecdae9f36c6a437ea72739febbf1c89c
b1d8d95b89ff4347aa88a86b33c0e524,0.3287589,c322b788813745e0aa7b592b4345d379
c8505b52f0aa4beb8144837de094973d,0.3221094,2425086d8eaf44d2a9519f0e4e6b289a
a40e1b69ce604c8198c2de59ad0c8b93,0.32146636,7c1e02f3ab614e539ac901e5cd3c92d8
eaab6a29e5cf470dad7b0b66bdfa71f6,0.3213414,1216ce1ef31e4643bb1222538c206342
ec9e443ba4a94ce1b32501a817565a6b,0.31734464,c26f5e7dcc8149f18f3d719bba9ae717
0cb422afc9b5409dbdc542e32e32d01e,0.31503087,965598a17b624a0f9bb1cd58595458a6
fa644cc0807d4d278be005d3e2f849b3,0.30586243,5a26ae7959494fef99542e9b2004fd11
15af8d3a801645799a0656e8ff3c729f,0.30255467,691acac4a54d450697afb2c2dc4fca09
c91d4a1a75504beeb98888cfe719a863,0.30134326,1543a2f94aa74008914301874d98f0f5
ee3555240e534ffc880818cf7f848c8b,0.30117205,b8ca3b6144cd48208caae952e096e7ae
117ba0c13f714eadbb3a6a9d0f6f3702,0.2991586,9e304a9bbc7b4c22af8025fc93757357
54d65ec837ed478986a344f4bba2e423,0.29797518,64fa5ce839ef406b9bc8a1b2f05094c7
537772e1a2c849b2bcc68c362d5c2c16,0.29762733,d0a840820172465f83c8480d571e7b71
63e22c9413454acc8c86fb1ec33284b7,0.2946809,a25b08e008114c9ca0266ce3e55d82bb
d0dad3a420c744c3b2aaaa1604121d1f,0.2883442,e96aa0967ab94368b381354e03dc40ad
38d3a8b3543b4548ab16eca74b1ed293,0.28522664,46bfd7af0ed6491fa621350963d11e35
ca9d736b288240819d620ec83c0b3f3d,0.28355515,8f761e1117754656ac86a3a25f241cd7
f90990b791cf49ff9b92b9a49cd87f89,0.27628374,66b0c8a58f444ea0aec34d9403b88a49
8aaa8f372a5346a59b85061f27d9ffc9,0.27569166,b4150337314e40fb9e3ebb24514504a3
ff2339e06523437eb464f18a90d5f80d,0.27509466,ff715b4f228443e3b067c801250f3402
fd45ab2e058b4b5fb374e54e60aceb48,0.27464187,b050e9e1ef5946c297a34dda98d8f476
cf4d7289a12b4ebcb7b17e8b76d82342,0.2732662,ad2109663af04c549385cd2ab9b3283b
44b833375c854450a60b5f4819e94466,0.27051648,d0a840820172465f83c8480d571e7b71
9e428df718b04a159edebe604bf4ab3f,0.2701586,c8b9a0ac7c214a449c434aabdf6ef770
d2bf482573ea4097b41b6bc649bece51,0.26748076,01690d9b08164fcabd5bf0819754f71f
b30b809bfd8141fb9aab99fe056092d2,0.26614046,65664fb3aad341fab563409d91dddd2d
f3c47f8050814b93a91d14f2add36403,0.26418406,efdf40eee13d409c9955e5b84e4408f6
c46143f6691f4af38d4779e21a33f827,0.2639619,01690d9b08164fcabd5bf0819754f71f
0b887e10733b4259bd5c30a1c724ff50,0.2635579,fb695c097d5845c282f6b30c241e8cf2
91a9ce617c5b458284f2fab317b423cd,0.25990283,1216ce1ef31e4643bb1222538c206342
78fff51240e14352b1fae67b59be4cc2,0.25929475,58f53c379f7a4868a2ba6d91a06247d2
e95f49fcbcd542bf8815319116a39edd,0.25637162,0302e7dde9074dddbbbdf85e9be57901
1008087cab8f407eb2cd44e6c79658c7,0.25327152,d576e334105247369362b05a375e88cd
ba2103e1cad442ec881f2b0d25c99bb9,0.25233656,46ba0b979a664c7cb0c315c4cde6ac86
d0c34b42e0ea475cbec6f473103ce609,0.251106,e039a00eae414ebbb2205b011ac127cf
4a1eda64c5a74dc59c1ca7cc15a429dc,0.24964535,7ce06191f1114b4c8a00609f6867761f
7f38510693a9428bbcd86009bb013321,0.24676728,6c8a24653ef04f559b88e0f27c0df63a
22c7e1d0cbfb4391813376493a8023d7,0.24328795,92d5da561f5a41bf929f3555a74cd653
fc0ddf22d761445da507bfd2d2d08d33,0.24237008,efdf40eee13d409c9955e5b84e4408f6
28f694942751431c839fe1d22e753e1c,0.2413581,7cd1db4b50dd41e6b2f3dd15fcab3b89
146864f4715c4e438e2c3294df06d9b8,0.23551604,691acac4a54d450697afb2c2dc4fca09
f68b3be7e23c4f86addba549e41b9077,0.22973114,9b22c5cdbff44bdabd48dba008e6a3b2
1d2cd0bb5b1c471ca10d1eea0ef9b729,0.22500408,c26f5e7dcc8149f18f3d719bba9ae717
2fd5284523f24eb1bae1d9e857c61d4a,0.22238721,ff218cc7835d4b5ba0de22792319050a
cf020a2f14884c16bc73b159ead104b8,0.21874617,5a73e0a5c757410eb0928feed7b151c8
d8fd098382264e93a362843242d58e0a,0.20837009,8f761e1117754656ac86a3a25f241cd7
9b18e72d85384d73bf3bc666ebd18aa9,0.20535159,f036aaf4ab714c598a0b6da4ca604136
da3ca57a5b8943839227341c423ae8f2,0.20531219,e02ad4f63c8444b79a7a56fb23a4e0f1
432fd48d8c1946838e62f7912527deae,0.20245828,7c1e02f3ab614e539ac901e5cd3c92d8
b2486195994b46178a02231ec766d3ea,0.19995068,b050e9e1ef5946c297a34dda98d8f476
984301327f964e12a088fd8ee2361fdc,0.19878699,ecdae9f36c6a437ea72739febbf1c89c
ae8dce8e4fd84a42916e2a2ea4ab7c38,0.19492945,fb709e29755b44988bb252c87a2ce2f3
277c71d0965642b2b592f9a48534fee7,0.19426861,c8c201e25c0047a2ba9d9e8541ac0939
b7e24f3f016a422b89ff10b363c86e9d,0.18841884,09fc9f38fbbb4bfaa1c979ac9cc43f0b
7e1f279ed0b04e478b3bd9dbc9e6a6c0,0.1861831,6a122ce1702646db918266228d48bd08
26b564b6bf114f2bbe987a9490e74e89,0.1845513,d74f6e7abeb84eedb9923dadb62f45f0
4b3202343ccc4337aa099b8a9e046db5,0.18163133,e25b9d9944cb4d7197efb8ffc4ff57a1
c244f9298eca46bebe8382249b3a300b,0.18129516,e336d113184c4ebdbad7aa2b6ec64640
acb93c3b67cb4fc8bf222a8468b2b6ed,0.16505605,64f1d63a671d441d9663a783f632f794
a202212d6ad9404fbc16c60a7fc73ddc,0.15712279,fb695c097d5845c282f6b30c241e8cf2
b24046864bc341499137c0e4a5d92315,0.14865613,82b01998353e4141a7613fdc96d7b600
9123b9ef4c9d4fde932408d0244495f7,0.14788556,6d3c42356e3b459c919e3129ff192ac4
f41620f1a5c84928b422bcd3fb97c109,0.14420637,09fc9f38fbbb4bfaa1c979ac9cc43f0b
b0428ae75a7d474bbf2e2f440fab50e9,0.14176676,e492ff7fecf046a4948c5ba5631cdefe
8a96af0f20f74b209326dd750c56a2f3,0.1362378,0ebc441d25664c91adad96b570270f07
ae806a1c4d304ce388ffbf648f241d20,0.1337739,a585d23fe43f459ba86ac15645af77ff
7d4bb63bd91a4617a40be8165b7fc9a6,0.13351619,7ac9c94011924c09b47f9640211885a2
f4e34063359742b7916fe2635de1aba0,0.1272186,e45844e0215f4a1596a7f9ac41367c46
9dd0c24c21ab4b5586c29d90237b3840,0.12487927,3b13d134762445cebcdbb02b484db77b
dd86feab056c4c7daa68ee078e171302,0.124566585,8db9e204b8b841df8fd94eff0888cdf7
8f2691e2160d4c95b5b1ec99938ea931,0.122210026,23066f7964874fd39639dbf2cb2766df
d3e12207d56644628943a01c0cdd93ed,0.12055588,1216ce1ef31e4643bb1222538c206342
edf32c81fa8c41f4ba76d882cc8f88c7,0.11391447,fd51f3eef1a64d9a93652be481bde32e
fcde1e3b91aa485688682e6fdc3c24e8,0.11012757,1d47a696eae94bd29f215a4787b27d8a
734db9fe91ae4ef4aa4f3798343785f4,0.10945997,eb513691b7a04d31ab1bc50bf343447b
96cfa510415b439da48aa661aff3500b,0.10546541,1d47a696eae94bd29f215a4787b27d8a
d56e8f69077e42b1aca7c99f6675c5af,0.09809917,1c97c72e076f40fcadb22b17e71beed1
334dd9387233405cb0ba67a8ddd52c53,0.09102321,bab3bdc133384798b558f8fb6466a7fa
df8769c84f5b4a8f9811c4537faa576f,0.08757177,73e7e41e8db447c09cb2363d76556c64
de89bc23ccf04f3387bf242e269f4ea3,0.08746058,c322b788813745e0aa7b592b4345d379
413423a32eba46c2b7def04c66e6f9f2,0.08407605,19c9ac7b84df472c85ed6cf5a05fbbc6
dc439e2feee54ac8a73f06f7ea3d8334,0.07539487,8f285540a9394706bd6ec6cda46c5058
0b7bef4f00bf42b0ac6d5e824b04daa3,0.07512504,903360099fb644b6b88c6edac88eecb2
9ac0ff71215742d1bb1d294fd8b4e240,0.071897745,855b3971c4a147cfb9a7c281fa6b915e
f9a7d6299ae54cb8bc2e6ba1b878f8cf,0.07160717,e27d9425c912446e947fe53c4a757375
54371d2d71dc41b99b9d79ae757b5dbf,0.06854886,4a4eb12a639346b5a00557d54b51fe51
7779e19852544c0a86ee54cbf58acb3c,0.067208946,e5692bd498004d32934fbaa05af2120d
4d8700f8f8b3476899b9e140d2b572ea,0.06717867,e492ff7fecf046a4948c5ba5631cdefe
24f0ffec89c94e20bd898e051adcbf79,0.06632084,d27cfea4da8f445fb4e3c55e53c6482c
76e51865ac6e4b1c83433a9fee78d5cf,0.061438024,a1d8cb16dafd4126922f985021e93631
83be35bfce854dc48152629a9841375d,0.058802724,c88be17376104f999b914a91aebf7220
e95715a92c0a4c8292d8599a0c1a7dec,0.057654172,1543a2f94aa74008914301874d98f0f5
26463e5a5b3b4b8abdc0a436268a93cb,0.052188367,77ac5eb4b3054ca68e2b0dcbd5473fd1
f4e9b9fb265843768046ac7985c89f7a,0.049963236,a4cad92644614f78bded3ca6d6023473
3bfce2ad291d4b7780e0e8b06d4283c7,0.047849655,6aba5a04ef8742a39d3a61644a5f0729
484bed1b612b48f3a0b37b91bf626f39,0.045137838,057164cf4aab45ebbefef3409359cfb1
96a221031ce64e98ba5fcdb2fb45c9f2,0.04359269,7ce06191f1114b4c8a00609f6867761f
aaff66d83c1441cba7531bde3e46f124,0.04278025,1216ce1ef31e4643bb1222538c206342
0d281c2568314e5eac84aab63872e81c,0.041845918,4430d47e30904eab969c1baebca184c0
fd66e1095a8d4ed89af26eb4018a0c00,0.03976655,3b13d134762445cebcdbb02b484db77b
10edc8c73a904e63bc4317abfd0d7213,0.03753957,66b0c8a58f444ea0aec34d9403b88a49
1f314e6f401c4bcb95f97316f5aceb0a,0.032814562,2425086d8eaf44d2a9519f0e4e6b289a
5b2c1e575e8a46daaedcab661b62235f,0.03229864,34b71675a1ae442395b6eb1f3eda23df
72679574292b4dcba4cd8bf82996bc5f,0.03196933,64f1d63a671d441d9663a783f632f794
29fdc29e4b23460088e7060422eb8582,0.030041099,f5a6222612ef406b8f02aef87e08c476
0a8f26e2ff5d462b97d23238e36ae72d,0.025711589,cc21026ff0d541909df56c5618d28518
f185dd7af4814c9e83eb8e679837ee60,0.008775413,4430d47e30904eab969c1baebca184c0
0a18772678f04aad97501db427e8f725,0.0060043233,d9fbe02f04a4469dac855f69ea6ad02a
6ad7781d238a4ed28cba7dda16397459,0.005196154,1c97c72e076f40fcadb22b17e71beed1
