31d3239dbec34e65a0e239ffec9138ea,9.407419,257aed6ca7a44f1cb5c664beb1be527b
824e34ffddf447618c176cfb2577eb45,9.019541,965598a17b624a0f9bb1cd58595458a6
567cb2c4e6b4417c89be6420cffff826,8.924787,4aa3556b2aed469584c573868193a07a
34bf626d6a87427281f80c0938fe0278,8.7166195,7ce06191f1114b4c8a00609f6867761f
a2cd26a2e3b1415bb6c861ab0368b73f,8.665051,89597084b19c4902b073a2c6c6622456
2a4b8f6f2f1948e587b2de1effffc8c6,8.585327,23066f7964874fd39639dbf2cb2766df
c76c69c650e64dab822589767532bc87,8.387039,89e43b092c844b5886a93091a22c894a
206c38136fda4bdb97f8087fab551d1a,8.309542,e27d9425c912446e947fe53c4a757375
9ecd5b6acb6a4d10899c3464d4929105,8.096125,8f285540a9394706bd6ec6cda46c5058
f1ccf2ee3c3d4cddb27a2e081d844de5,7.8188314,564a84b1b830407e811bcfc7fd086a6f
8de833e138ae4924a0cc47129cde2cb9,7.7793384,1216ce1ef31e4643bb1222538c206342
654c2ffb9ccf4c1a9a3f865902e7b683,7.66884,fe6ace599de44aa19b1773dad3658fee
590ea703d6da42979db4f6cf3ec882f4,7.619008,1c97c72e076f40fcadb22b17e71beed1
ba86837d26e64a5095e50f614cebc183,7.585762,92d5da561f5a41bf929f3555a74cd653
b4a8d87a40804af0ba2290010e25deb5,7.5441356,21b1ded02d7b42618592187e287835a3
7968aaf915264497a603da45beabd178,7.5206184,5a26ae7959494fef99542e9b2004fd11
13efb9d3d8904edb87940273047233f6,7.2993493,eaca056cec224a30aaaed30c39f644c2
911ee4e9eb0d4ed1add57e7a79dd71d6,7.263804,eb513691b7a04d31ab1bc50bf343447b
a7065654ab41446abde84554b4442a5b,7.2435637,7cd1db4b50dd41e6b2f3dd15fcab3b89
77061464d801457a80b33cbbe0f017f6,7.1504536,d4cd0b56b6f54e08aec8ebfdb6122c5c
0499bd7b39be4304b273f17a516f2eaa,7.1179214,80921378de2b4cd3a14d449688d8b079
9f68e2380d2a40eda419370717d328b2,7.0976095,ad289d5052264f9c8bd0aaf9faace92e
c3a842974e16433d9488c7df87df853b,7.0893664,92229a391d0b418f87b32c86c42a292c
334dd9387233405cb0ba67a8ddd52c53,7.0052457,bab3bdc133384798b558f8fb6466a7fa
5c85caaeb0fe44b19a63bae94eb3c1b2,6.964199,c8c201e25c0047a2ba9d9e8541ac0939
1252c75b04024238b04ae25eb65cf090,6.962959,6a122ce1702646db918266228d48bd08
bb5525dd713a4a6bac622eef1a7c83c6,6.93914,1af4472b38cc4304841b2f1720075c9d
c299003ba5bb48b3bd7eab31321b539b,6.887934,f615619defc4402b82845090c238e597
f3c6b6b18ad14537b64fde19aca70992,6.849267,bd35571850644321b86ce4fae286ce7d
dcaf50ce32524dee92c4fe00de88a3ab,6.8455286,a585d23fe43f459ba86ac15645af77ff
712e2f3a807b4a8fa67e7bc78a2b5da6,6.7527924,b2be859ca8f24cda86821d5383edbc18
0478a4dd439f4218a9194cd283b15aca,6.7278614,ed9b10a2879742628fce003076ef9024
58f93c38cc65487492ae04fd498f436b,6.671312,fb709e29755b44988bb252c87a2ce2f3
74b25851047d4c08840debaa0bcd9e2e,6.6030426,80948e17b5694599919e1502bfcc08f3
27074d8daee940d0ad71d8c9e50c854d,6.5555067,d74f6e7abeb84eedb9923dadb62f45f0
e3fce4db03644ebaa6d2618e06092fe7,6.428857,1cbfb22f84454b1fb821b602e3ad11f8
474bd4189cb5456daf7a1df79784d4aa,6.4249477,e96aa0967ab94368b381354e03dc40ad
f6577f16e3764b67b1b06fc24d9379bb,6.3874283,e96aa0967ab94368b381354e03dc40ad
2fa8c386148647ccaeee6adf877a7ac6,6.386079,8aadcf7251724cc6858dc0db44abebe3
1f314e6f401c4bcb95f97316f5aceb0a,6.3794594,2425086d8eaf44d2a9519f0e4e6b289a
503e869546cf415ab60324f38dc8f73f,6.377457,eaca056cec224a30aaaed30c39f644c2
a2257482b09e449f8dc0e6a32423b610,6.3326554,faaac88748714ce8a99413b952a1dac8
a703ddf11df347d6a8ca6f572ef505f2,6.319723,e45844e0215f4a1596a7f9ac41367c46
87773e87aa4246ecb99c535106be1412,6.262746,acee70abee2841c9b67b95e9ed079647
0111c90ac0ad4280b5cbf6b56c2d2150,6.2139864,e7d6747e8c8b4ebcb665e232240daf17
3f44a924107f4ecabdb619dac62a5931,6.2055826,5a68e05acea4434ba08e17e1fff00057
6ec94917d60e4edbb8db99b5f7c18612,6.1755934,00f45d57fd3c448d8cfdf3185ebae894
dd9a8e0a766b4f6e81c6ace1403cd374,6.156251,c0cb721b56f240dabf7f464e453ef72e
249dee8be73c4f019ebfc02f74d02ad8,6.1044884,640f3bd184b7425fb22cc7773b8b2244
7fea4bf4a0c24e2f84ca2e69e88529fe,6.093037,e25b9d9944cb4d7197efb8ffc4ff57a1
8afe31852af94133a8a0e21f4b27e5d1,6.0859485,37337ebec05640b890e4b9612776c32b
a02994faca0a4c088e226d856518737f,6.06343,630edd9b8f754b5dbd36cfbbd03ccb51
a8a7550acecf4436939c03b7e74ec8a6,6.043883,cb85047b65f8468aa02744c28c075dbd
03338969d6c44f879a13c672864f6001,6.040455,f615619defc4402b82845090c238e597
537772e1a2c849b2bcc68c362d5c2c16,6.0292473,d0a840820172465f83c8480d571e7b71
f90990b791cf49ff9b92b9a49cd87f89,6.0265565,66b0c8a58f444ea0aec34d9403b88a49
0001880401724f72b4b0f8fafabbd872,6.007308,4a4eb12a639346b5a00557d54b51fe51
7a81a74f4b0e49839c3fbcfd7ad02560,6.0070524,fb709e29755b44988bb252c87a2ce2f3
187dd510c41a49f4af9d4c4371e98953,5.966351,b4150337314e40fb9e3ebb24514504a3
9aca4f5f45944250973b5a08c3fa9547,5.9633284,58db4c3a26c84fa68d81235d078208bc
12b4b13d49b64b55ae65fe00960c4711,5.946457,6a33c207c8b648f680dbd0e65639ef04
be220fecc0fe4c75a466c1f760eed397,5.900973,3be388c9ab614bceb086c19f70df23c2
c2da5a4eff03435c8c936f9c5f4cf43f,5.8915586,1d47a696eae94bd29f215a4787b27d8a
518dcd746ac344f692cc34db6c714430,5.887617,4ad7e2502210436f9ca5735fdf7e50c3
8522edbe627049f0b00eabbb776399d3,5.87229,aa2d7a3a535243189492d4ce8e79c049
729eb469bdc343e6b5c2628e9be83fd1,5.8633018,903360099fb644b6b88c6edac88eecb2
45d15e5e49574f79bb6a3116fc761b83,5.838585,369fe18b94f54c98b554fd22b4a3b50b
f2210503df2e4ed297faefd9a1152e2c,5.8291683,8f761e1117754656ac86a3a25f241cd7
a66dab00c6184b79866a0fe90c090db0,5.8289056,65664fb3aad341fab563409d91dddd2d
d26040150be642cfa0310e083cc0d204,5.818771,bf59502a233e4b5eaff9cfa3a992c387
f6440ad65bcb48fc8d7fb11f5accc309,5.80584,e7d6747e8c8b4ebcb665e232240daf17
a7c72b26df5e476a8a8efd1d597ead90,5.794834,9ff95d23c3284d31ba5e398afa520649
b324a5fe4a374e51a39d53b0b235ca94,5.7793946,c88be17376104f999b914a91aebf7220
18200ac0950d44d7af9f61b8b1f6467c,5.7606153,ec281224f8ee419ebde676f291672aea
c4060e0878a944af9730a8113eacafc9,5.7331004,37337ebec05640b890e4b9612776c32b
2d6d2f2089614469bda4b6e9b2b33678,5.7256055,bade01bd83ec4b6786fd8c867ca7a090
f7d9f745835a44c4a947a141f080ed24,5.715236,c0cb721b56f240dabf7f464e453ef72e
63d32d729061451cbc920b4066c15339,5.6984096,6c74bedaa406493a99988c5b8a47b704
01213179f19e4a5d97590bdc85be49aa,5.6828136,1cbfb22f84454b1fb821b602e3ad11f8
20c77ed7406f451bac8e8bcd18b5187b,5.6354713,9e304a9bbc7b4c22af8025fc93757357
8e5a5214d8844be09dabddd5a39036e3,5.551704,ec281224f8ee419ebde676f291672aea
c189555deda047629ebb90350290dab8,5.529922,1f8c0f02984e4139bf8043e57497fdb2
984975b63ccd4be48b7aa852bed6fc65,5.516328,c26f5e7dcc8149f18f3d719bba9ae717
96cfa510415b439da48aa661aff3500b,5.494641,1d47a696eae94bd29f215a4787b27d8a
1caf9a18d1b74dd5b4b7841f5fa7c12f,5.4601645,37337ebec05640b890e4b9612776c32b
1b6f4307fa4e42cda9018c5085947b48,5.458396,66b0c8a58f444ea0aec34d9403b88a49
3a48941fe58c4afdb3ca7520eb9bd36e,5.4551916,a4cad92644614f78bded3ca6d6023473
da88d4d5eaad4690bbe94a2165985050,5.4495926,01e805bb5a1845a7addf86fe9bc8d814
84e237a5da704cc28748ceb897b709a3,5.449193,11ec23965d2941d0817082107996ebbb
128de5daa04242e7b0c9eca5277071bd,5.4292183,85e7ea30890b456084b8e85c299c8649
315bc88bb0aa4c8d8eb55bb22f811730,5.4187317,0302e7dde9074dddbbbdf85e9be57901
d9826bec6e1c4be6a7152f89b950fee2,5.379847,c3412c53e9ec4b6a9a1aa95cf7f0f1e4
b982c8da93db48ddbd69de9c207f2187,5.362837,ff218cc7835d4b5ba0de22792319050a
d19e2961aa1846aea691337aa1f275e0,5.346202,faaac88748714ce8a99413b952a1dac8
fcde1e3b91aa485688682e6fdc3c24e8,5.2946186,1d47a696eae94bd29f215a4787b27d8a
ec9e443ba4a94ce1b32501a817565a6b,5.288,c26f5e7dcc8149f18f3d719bba9ae717
6abbc2ba6e8241f5b7132c7bb338f92e,5.2777567,37337ebec05640b890e4b9612776c32b
7d52dc1203ef4f9e9149a1557341406b,5.264469,a1d8cb16dafd4126922f985021e93631
a030121d60a04600bb73087739ac4044,5.220067,d981f2c67f764e0c84af125b563958e9
be7a669164c1423c8ebd0ba23ce48329,5.2035074,e52a528036014db0a7bd54b99a310fe8
9542d0008f7d40028d37ffe95d4e270c,5.188876,a0fe3cd34e474c3b90662ce8ef1fcac6
fba706d6c465422cb8a6944bb92f5b97,5.188857,d0a840820172465f83c8480d571e7b71
28ff28dc16ac43ad9110f26f13aa339e,5.186476,c9628610053945f4a7998ae48cd70da3
fa4b1640bbdb4f0bad2435be75a94586,5.179226,dc58564d0c8540bea4f3e2e3696deae8
b95ad51d19ee4ea28d5d02064e368c84,5.175712,691a538d2372403fad2b919b48ff5f85
af93b48dee3a4f0a924c31d87144d7fc,5.171953,b7ef0a61de0e4adf9688b2c525c9ad09
d7c4bf8f05fb4648a8778e884052db2c,5.171667,09fc9f38fbbb4bfaa1c979ac9cc43f0b
844cc162c90c4ad0bf5be9750450f4f7,5.1642475,89e43b092c844b5886a93091a22c894a
47bdbd87490b4698bcd3b038c2baf6d4,5.154475,4d708e5878784386a42c2f436d2d60f0
f913fbb165604ca09fa3b9c547ab4d04,5.1433606,5a73e0a5c757410eb0928feed7b151c8
ba2103e1cad442ec881f2b0d25c99bb9,5.1144667,46ba0b979a664c7cb0c315c4cde6ac86
4d2df900c0ef4261878a1ee108ac520d,5.113062,ec281224f8ee419ebde676f291672aea
4208fd7b21964394aa023825a91e5e42,5.102658,ff715b4f228443e3b067c801250f3402
9ac0ff71215742d1bb1d294fd8b4e240,5.102263,855b3971c4a147cfb9a7c281fa6b915e
287f16e644254fb4ab92c40cf4fd41e5,5.082941,fb695c097d5845c282f6b30c241e8cf2
ab4c8222cf584ba3982f14500c005291,5.015576,a6a551a308b9442f947ea0608ae2c3fb
0e07a1ba34174816a6e96d6ffb215671,4.9962406,ad2b6fb945714e6792c17bd49a1066e0
29add4c6302d4386b285a8fe68153479,4.980027,c8b9a0ac7c214a449c434aabdf6ef770
387cfff049b44a62ad0215e9bcd6f912,4.976091,ecdae9f36c6a437ea72739febbf1c89c
de6f18bac6e4441f8dd17e252f1d993a,4.9693594,0ebc441d25664c91adad96b570270f07
a9b2741eb1ab4c8bab6bec840430968c,4.967783,02cf82700b4f4773af3a14ad8eaa5270
9938803be0884fc282a350a72835a9b9,4.909016,4a4eb12a639346b5a00557d54b51fe51
e09735216b1f4e3f9fd7eb54f6aa2b1a,4.9019833,b7ef0a61de0e4adf9688b2c525c9ad09
69f55093e5564ec098780c2feb474e04,4.8775754,ad2109663af04c549385cd2ab9b3283b
0440c322e82547b787d5f173806bb341,4.8568244,e039a00eae414ebbb2205b011ac127cf
20a91015a52d4a81bb29c195b01ed6e7,4.847556,46ba0b979a664c7cb0c315c4cde6ac86
36b74b7a585a45e796fd8ff39bc60f3b,4.814266,e5692bd498004d32934fbaa05af2120d
239190927a44453bb33c24a550d70b96,4.805627,c26f5e7dcc8149f18f3d719bba9ae717
b9a77513e24d477887a0d0582ca7ed7a,4.8017654,8aadcf7251724cc6858dc0db44abebe3
c0f3c55551da4b9fa0600e0d1b9181bb,4.7967806,0472051dc57d43f8b9dd08df475fc4a3
aa8510751ea1474a90449f0bf668c26a,4.7910085,691acac4a54d450697afb2c2dc4fca09
b5db665a6be74d6d917e217bae5f59b7,4.786209,21b1ded02d7b42618592187e287835a3
d0dad3a420c744c3b2aaaa1604121d1f,4.7859,e96aa0967ab94368b381354e03dc40ad
9d3df96b762f475baecfda5f306ccdc7,4.785111,b7ef0a61de0e4adf9688b2c525c9ad09
96bc1d7521944aa9bd60c810ef28080a,4.781733,b050e9e1ef5946c297a34dda98d8f476
f4e9b9fb265843768046ac7985c89f7a,4.779461,a4cad92644614f78bded3ca6d6023473
1ea12b451b3d408baf7902165bd34a14,4.769865,65664fb3aad341fab563409d91dddd2d
a22b7bc93cbe40cba26f5e4456762f6e,4.7561727,f615619defc4402b82845090c238e597
7faeecafea264aeba8271a5a540bee0b,4.735497,1543a2f94aa74008914301874d98f0f5
58e273c754c742a5a7557cc56e24814f,4.7170744,b7ef0a61de0e4adf9688b2c525c9ad09
42096f8107c945a1a2cb7d0c4ba65a75,4.6769733,faaac88748714ce8a99413b952a1dac8
972aaaac6728431b983362d505543fa0,4.6767254,80948e17b5694599919e1502bfcc08f3
5d204449172f48b1b51ca2ed9308b6d6,4.670413,11ec23965d2941d0817082107996ebbb
112c929868df4d8fa0428f2c3cf17e3d,4.6689243,ad289d5052264f9c8bd0aaf9faace92e
de06cda8b2974e1faea48a81f0d71342,4.6686916,6b9b2c8f0a874bb8b6691aca6bc49565
9e769043a2f5480e8f0bde6e83caf70a,4.6578994,e02ad4f63c8444b79a7a56fb23a4e0f1
d6b4f4ad86b24c25967551b42462c386,4.6484995,d443e0c5017d48d1b3f86bf4da959ed5
a5acc7bcf83741208d3d3d0cc9696fcb,4.629879,b7ef0a61de0e4adf9688b2c525c9ad09
d142f9dac4904fd9a93e4b68197a4fa9,4.6282,ecdae9f36c6a437ea72739febbf1c89c
4810807024104aebb9028b6d53c9ed44,4.620627,77ac5eb4b3054ca68e2b0dcbd5473fd1
a40e1b69ce604c8198c2de59ad0c8b93,4.5924225,7c1e02f3ab614e539ac901e5cd3c92d8
cbb7beb8042e48aa868c13a6e2ee8a6c,4.5897293,27eee82d7fb94b9b8b60bd3101187496
1ef6177541694b09a66cc37c32dd92d8,4.5379877,691acac4a54d450697afb2c2dc4fca09
fa350c4d307c4225b43fde340c1e9c40,4.529964,acee70abee2841c9b67b95e9ed079647
70c5d0168ece4f13b8553e469845fce5,4.517317,c0cb721b56f240dabf7f464e453ef72e
37a0d209e50848efb76d08c3f22eb3bd,4.5055857,d576e334105247369362b05a375e88cd
5df786def0874c84a4a9878f379009d0,4.4994216,92d5da561f5a41bf929f3555a74cd653
d30d31b8272b4fd0ad8156bc69d4ddf5,4.490244,d42996c2b67443fd9b73bba7641d4f77
cd1d8e8c5cbe4d4cb0b1fbaf84bec386,4.478696,650afb6a1d054e59904a1b796552eb04
152e0362dac34ef8940b97d42520b9de,4.4681993,17cc6768c9d14388b7455fea0060b62c
6ef8ff7c77a84500af8da2548cb4bcd1,4.442175,855b3971c4a147cfb9a7c281fa6b915e
76e51865ac6e4b1c83433a9fee78d5cf,4.433036,a1d8cb16dafd4126922f985021e93631
7986e60543204582ac542d56eef7cda9,4.4298315,9303b9f7f4984b2dac8aeba8c8da8ef6
1a28f3dacbd74510b8f8f45e80348e68,4.4240837,0472051dc57d43f8b9dd08df475fc4a3
ef4b6d47c51c4527a80e52519f3c872b,4.421702,691a538d2372403fad2b919b48ff5f85
30c2e203d4e74967b5166f3da78fbe36,4.402757,f615619defc4402b82845090c238e597
99370de3bbb74c12a92ca24b995d92b1,4.38978,4430d47e30904eab969c1baebca184c0
75a44d8541fc4f6db502671300b2ea97,4.386157,fd51f3eef1a64d9a93652be481bde32e
4cdd959af2f14b51bed3c4107c2f0405,4.371222,80921378de2b4cd3a14d449688d8b079
301e127ffa514901b5840fd47f9f7e18,4.353273,cc21026ff0d541909df56c5618d28518
f230b42debc04e9ab59684ae05e721fd,4.342809,9014beae94cf4f648e1663c8d5ec6803
dd671b4f80574f9b903f650ec7d65be2,4.2884808,0472051dc57d43f8b9dd08df475fc4a3
b112a5b1b2e44b49971304154011c418,4.278398,1c97c72e076f40fcadb22b17e71beed1
6fb6a2666474414e950f94d5b467b229,4.2763247,bab3bdc133384798b558f8fb6466a7fa
5be3fd711b704af39312fd1561b95353,4.258291,9170e0bb8fe44b309f83293808d871fe
f4e34063359742b7916fe2635de1aba0,4.2555985,e45844e0215f4a1596a7f9ac41367c46
e90176ac18954403abf1a65c40838e23,4.251576,bf59502a233e4b5eaff9cfa3a992c387
7eab4332b2af45cd8ba6c4050d814b39,4.2502956,ad289d5052264f9c8bd0aaf9faace92e
693fab3513204d1594f6d18136b865e3,4.239797,1fde4c9a01f84c349461083b6d0ba9ed
6d60c813cd9640d0840e8567de817877,4.23202,bade01bd83ec4b6786fd8c867ca7a090
356335bb29d4424ab31c89c6931246f5,4.2138357,965598a17b624a0f9bb1cd58595458a6
70a1cb72566e4c6fbe46c9b03b8a31d5,4.1922297,f9fae977af2c4f35b29400f31267e170
2f0bcda66cd34231b3a3822dd57f7f2c,4.172691,65664fb3aad341fab563409d91dddd2d
a95f568bf31846fd86a94ef5cc3a229e,4.149109,ad289d5052264f9c8bd0aaf9faace92e
6e50350fd3c745e6be8f38c45f9b9148,4.1433587,fe6ace599de44aa19b1773dad3658fee
aaba5fcdec244fc79439dd67ba8a495d,4.138257,e02ad4f63c8444b79a7a56fb23a4e0f1
432fd48d8c1946838e62f7912527deae,4.125824,7c1e02f3ab614e539ac901e5cd3c92d8
5491a19984a643bca536cb015e65adbe,4.092394,92229a391d0b418f87b32c86c42a292c
1e61632437f042c89075c565adee2ded,4.0696797,dc58564d0c8540bea4f3e2e3696deae8
f93d08dd757f4cb9a593f27024c614ff,4.0602617,4aa3556b2aed469584c573868193a07a
292a36cd38ba43bf86a043e2de9d7bef,4.056657,eaca056cec224a30aaaed30c39f644c2
2a8517391a58458c8b4054fc225e976d,4.0359693,bd2f91a9415049d980e453f94327e0ce
a904fb4b818843aebcf6c526facb5089,4.0348773,8a77dc665d8b4d95a0b1113522f7e9c3
d70588024f024cdda9e71020d4ec2183,4.0331626,c8b9a0ac7c214a449c434aabdf6ef770
b717169ea8804058961095ae61a7b5fd,4.031635,64fa5ce839ef406b9bc8a1b2f05094c7
0ff2646f55f04a5a93328204b6fa099c,4.0209785,31b69f9501c4415e929b6af28c83f6a6
67807253c7c94312952c818472d4888b,3.995868,6c8a24653ef04f559b88e0f27c0df63a
987dc1b016fe4664902db31211a59bd9,3.989789,efdf40eee13d409c9955e5b84e4408f6
d3b5dd91af4f4e17a5b26bd5058f3dd5,3.984338,c26f5e7dcc8149f18f3d719bba9ae717
65985829f37342a3b2560fd757d02169,3.968915,19c9ac7b84df472c85ed6cf5a05fbbc6
e8ee807a789d465c99039c42dbdb3203,3.9635487,5a8cc5ff28fb4359afc7e9fcbf3bce55
454132982ecd4d5e9e6ed9c9e33f3433,3.952488,257aed6ca7a44f1cb5c664beb1be527b
b44be1c1621b40e1a7c06c02b225c470,3.926569,17cc6768c9d14388b7455fea0060b62c
e2b879e36e484b0992165829229529ec,3.9064238,27eee82d7fb94b9b8b60bd3101187496
a286b690dbf845d9b5651b98f76845a7,3.867421,5a68e05acea4434ba08e17e1fff00057
1f92b7ff3de8413bb81c7346203bec40,3.8351483,630edd9b8f754b5dbd36cfbbd03ccb51
5d81d489a98d444a83664fe0db47fccb,3.8277311,00f45d57fd3c448d8cfdf3185ebae894
64e6b4c018f14601949aa629c1de4014,3.825469,779d7c2bad1940c8a861451964e1ce01
1946e52260f34a0695c378112d6020fa,3.8087158,1af4472b38cc4304841b2f1720075c9d
06bf7c8951c64f95bec0eb20b232e5bd,3.8018677,e039a00eae414ebbb2205b011ac127cf
e1c498af40d54c85bcea4f0ce236b966,3.7918954,d9fbe02f04a4469dac855f69ea6ad02a
c00b77da1a6749149b7830ba636d7101,3.7907932,4a4eb12a639346b5a00557d54b51fe51
bf4e8bc83a74425e8657c603c0004113,3.7862077,b25fe3b79f714d38b3fc53e39fd84d36
9644dd0795c64946bd689d24d80536a4,3.7720437,a6a551a308b9442f947ea0608ae2c3fb
9304c56db5b34e709d22e558122d8338,3.7659357,b8ca3b6144cd48208caae952e096e7ae
999fb1ffa3824b0691a5dcd65625f30f,3.7644753,2a9658410614443d8a27ef174f61d6e8
2fd5284523f24eb1bae1d9e857c61d4a,3.752562,ff218cc7835d4b5ba0de22792319050a
71134a9c69f44b489217b6a7661eeb5d,3.744039,ed9b10a2879742628fce003076ef9024
42dc4d44bc374b80baf0a8ac2c90c250,3.7413685,1216ce1ef31e4643bb1222538c206342
a35d09d1bfff474a8029dcb3bbbd32dc,3.6750119,e5692bd498004d32934fbaa05af2120d
963dcd06789246059d5a6ecdb28e6321,3.6687639,77ac5eb4b3054ca68e2b0dcbd5473fd1
1413507f5f8f46109e5caee2e853eae9,3.6641233,700f381f40ce4b039ce0df8b49fb199b
366c800d775a48eeb3c735cde3a881ab,3.6583848,6b9b2c8f0a874bb8b6691aca6bc49565
8f46f1c9e7dc4f0184c02d6fef8f3708,3.653616,b4150337314e40fb9e3ebb24514504a3
1ee540e56f46476f8d452e04f0490075,3.6505718,2768d411cc374a018a898f9df0ca207d
cb70763b642a49e48c7e66689f180efb,3.6323545,0ebc441d25664c91adad96b570270f07
0c472016621a42b2ace086642ed58917,3.632052,92229a391d0b418f87b32c86c42a292c
360cbc8189604ca7bed1d03379488753,3.6223059,eaca056cec224a30aaaed30c39f644c2
c63b9549ac384d1092aa0770e0290785,3.6212454,92d5da561f5a41bf929f3555a74cd653
b5ac47314a344318be396fd6fdef8239,3.6071362,6aba5a04ef8742a39d3a61644a5f0729
95eb2760eddb42a799eed009f1907025,3.6054933,0ebc441d25664c91adad96b570270f07
899b54b766454749af73a7b5ba6ddfc9,3.6023612,eaca056cec224a30aaaed30c39f644c2
33d76c41516a4e5aa8c5b3b16cc6c6f7,3.5986986,e7d6747e8c8b4ebcb665e232240daf17
4593972edeb84fe49e5ad1058e0d8d35,3.5985332,bf59502a233e4b5eaff9cfa3a992c387
c44ae4a053bf47e5b9b2ee3ef8ae2b5b,3.5908768,ff715b4f228443e3b067c801250f3402
2246c7640ba74a0d8caef1ca9f9d44dc,3.5900733,564a84b1b830407e811bcfc7fd086a6f
ef33ab499b054efb968d7cca5bef4a31,3.5830112,c0cb721b56f240dabf7f464e453ef72e
4aeb82ff294e4be9be97a1aee9698fef,3.5728612,e456afdf95e643dd926249fec4d68753
1d9521ba2b624c7aab43f311872c1d09,3.5662212,983940e0b12e4186a281c36de657406e
1950440f5ca34d0bb2c737f896ec3b16,3.5617743,c322b788813745e0aa7b592b4345d379
b7734f7f37a349c491b96e42059f61dd,3.5577054,bab3bdc133384798b558f8fb6466a7fa
15f76b93b94f4dfaa2c8b03a95b771e2,3.5431972,99142f1c07cd4782814f8c970eaaa40a
c4e88a88103749f08d034998e76b6a35,3.5372095,a0fe3cd34e474c3b90662ce8ef1fcac6
722ce5c8bc4f4e07b309329bddf66d7e,3.5341563,80921378de2b4cd3a14d449688d8b079
7fef3b2e0481482fb860ca2b3db02567,3.5319722,9b22c5cdbff44bdabd48dba008e6a3b2
83be35bfce854dc48152629a9841375d,3.5206826,c88be17376104f999b914a91aebf7220
620d85d5d0b947dfb2f0574a0d4dfe72,3.5140924,8db9e204b8b841df8fd94eff0888cdf7
1c5703785c574a4a86152b8e8ceaaab1,3.5116832,4ad7e2502210436f9ca5735fdf7e50c3
f6a57bd21bcc4009bdd07b1d8b86afa6,3.499472,630edd9b8f754b5dbd36cfbbd03ccb51
425fbf4deffd4fa183bfa210c296d087,3.4974587,d42996c2b67443fd9b73bba7641d4f77
7dcdd31673a44edaa5df70306899ce60,3.483747,de9328bdd1b34adda74a0363ff0a52b6
c7d1e88369c14b5bbfe40bbbe31311ae,3.4784195,cd60a0fcac24465a880af7d8f921dd68
3b038bed6122476bba5c73f7188efdcb,3.475701,1d47a696eae94bd29f215a4787b27d8a
76ffb89b5ba84a8788d68f4010821e12,3.4720366,c0cb721b56f240dabf7f464e453ef72e
a9a64390a549402a87d7334ff62aa560,3.470561,73e7e41e8db447c09cb2363d76556c64
f119f6dc27c64e5c8485b001368d839e,3.462111,7cd1db4b50dd41e6b2f3dd15fcab3b89
6f2088d6c7bc418f90e6328cd345c77a,3.458833,00f45d57fd3c448d8cfdf3185ebae894
d87ab9d9a67547ccada7b9ea3d22154e,3.4162006,bade01bd83ec4b6786fd8c867ca7a090
6770b085f8cf47ee9a162fa8fbac551b,3.402567,369fe18b94f54c98b554fd22b4a3b50b
f8dc989408ab412199e89745baedbb50,3.392121,8f285540a9394706bd6ec6cda46c5058
5c6c691ff9a94d5e954977de26cd9cad,3.3833153,fb695c097d5845c282f6b30c241e8cf2
bfd8d22a1f9a42a28b2a78c5e4323725,3.3811617,f615619defc4402b82845090c238e597
619fb307d36a42b8818b2918edc88ade,3.3663461,aa2d7a3a535243189492d4ce8e79c049
277c71d0965642b2b592f9a48534fee7,3.3638945,c8c201e25c0047a2ba9d9e8541ac0939
b1d8d95b89ff4347aa88a86b33c0e524,3.3588912,c322b788813745e0aa7b592b4345d379
a57effbc5a3a4d369b53ac72791e1b82,3.3462067,7a2491a27f3c438a8549988f7a79e26e
5d32b941bc394464a6da8d1c78aeb3ef,3.3379867,11ec23965d2941d0817082107996ebbb
afb3f7ad74ad422c8162326a9647de92,3.3367457,73e7e41e8db447c09cb2363d76556c64
e4c05db0326140dd9c48a8179a3fb6ba,3.3314795,02cf82700b4f4773af3a14ad8eaa5270
5ebfa573972845a5842bf96fbf02053a,3.3263414,5a68e05acea4434ba08e17e1fff00057
1724b0e2e9bc4a61a23d4f7082b1d3bc,3.3199058,ec281224f8ee419ebde676f291672aea
146864f4715c4e438e2c3294df06d9b8,3.3097205,691acac4a54d450697afb2c2dc4fca09
ea4bf9d0ec3d4bb9a4d910eb2ab70eb3,3.3085284,8f761e1117754656ac86a3a25f241cd7
2b50f012261b4b2ba6b92ef109d17277,3.3041272,b25fe3b79f714d38b3fc53e39fd84d36
0a18772678f04aad97501db427e8f725,3.3026373,d9fbe02f04a4469dac855f69ea6ad02a
6283b7ae96e24cb789de54f62817a522,3.2872958,e25b9d9944cb4d7197efb8ffc4ff57a1
c5c5b71dc4ff4e8cb11769f0b2cd9907,3.2871583,1fde4c9a01f84c349461083b6d0ba9ed
c27914b906234330b9a6677788aab658,3.2778804,89597084b19c4902b073a2c6c6622456
c9d40d7967754291b6d16c34879f008c,3.275665,73e7e41e8db447c09cb2363d76556c64
5ab1cd14b5304690a8f45e2bb5a92dc4,3.2693496,19c9ac7b84df472c85ed6cf5a05fbbc6
4d11f7b70f1b430697bde44deb6f6e8d,3.2462316,f5a6222612ef406b8f02aef87e08c476
bc74f6e0e01940f8b0e150ba65e72d34,3.243237,74e7db4222ca4a20811199afafa346a7
ed7174d9684e4c1ab43b255543d62f86,3.2395754,b25fe3b79f714d38b3fc53e39fd84d36
1e9c95ee032147a2aa469f8482bf5f9c,3.2309117,678725f8b914453fbc1029b7c1bc0879
66f2b56505bb4a009232e327041bcff4,3.2304335,5a26ae7959494fef99542e9b2004fd11
bb53d0593f034d19b5b20210035e1058,3.2271767,f11f1682b5924181b047d757d3e20964
01bdc1af846a44eeb5a789e393d1d7fb,3.22642,5971501b0e8b4ef5b203c3985d7f5e88
5a9a922465d14fc6b190a50e964695f5,3.2214906,6a33c207c8b648f680dbd0e65639ef04
ccf605a5ad9c406f9876e141954e5e80,3.216791,903360099fb644b6b88c6edac88eecb2
f825d91f98ed4b9fbffdd2f5bcea698a,3.2138996,d79afb377f5349a69830b2b4c7cfefcb
bacf4a682b8743f48776deb535f64eef,3.2105289,00f45d57fd3c448d8cfdf3185ebae894
6f5aba39f47a4d7b87f4b50122d8b660,3.2064805,7a4c413f5c844796bd5ffed2b65f0336
ffe5e5fc7adf437bba769a5d9fff5c27,3.1948667,19c9ac7b84df472c85ed6cf5a05fbbc6
90d603d31e104c02a43e18ee6dfe41d8,3.1946964,e492ff7fecf046a4948c5ba5631cdefe
63e06c0c69054bdd8c2690539549d9cf,3.1868,37337ebec05640b890e4b9612776c32b
39ce9102f2044852bd09b544df5b8092,3.178811,7ac9c94011924c09b47f9640211885a2
e707e5790c554edeb5ab0f070fb36720,3.1734033,7c1e02f3ab614e539ac901e5cd3c92d8
91e6133ed3e2412cbd4f9450388c7eb6,3.1663547,17cc6768c9d14388b7455fea0060b62c
3827fc528c674ba6b4b692725d257a11,3.164281,1cbfb22f84454b1fb821b602e3ad11f8
7779e19852544c0a86ee54cbf58acb3c,3.155572,e5692bd498004d32934fbaa05af2120d
1dce77fb1e9e419d8977644f0d18fd1e,3.146428,f0695d7e59d64941b510a3d12f801d59
bee104c3212c473da29f1f4518f4fd7a,3.1315775,4430d47e30904eab969c1baebca184c0
067c039494914485ad6e06b72bbb8e13,3.1263204,58db4c3a26c84fa68d81235d078208bc
d1c94e11ba214e61b63f00da3fb00a09,3.1244292,ad289d5052264f9c8bd0aaf9faace92e
41e25db024634f619358f3093d8df1e8,3.117434,3257035cc77946d98bdc09e2fdd5cdae
c61e43ceb2744ddda2e531aa77f3c6b2,3.1060665,c322b788813745e0aa7b592b4345d379
cf4d7289a12b4ebcb7b17e8b76d82342,3.084684,ad2109663af04c549385cd2ab9b3283b
42058ac0b3ff4d34b26f6d53d69b27be,3.0761635,9b22c5cdbff44bdabd48dba008e6a3b2
af5d2c39e4a54d8295b3a933c8bc7b43,3.0746448,bab3bdc133384798b558f8fb6466a7fa
9ae0dc25880a4b1ca67998ae29c63cd9,3.0744526,eaca056cec224a30aaaed30c39f644c2
fdaaf6e004b04cb18e798331b9d9ebc6,3.0716555,99142f1c07cd4782814f8c970eaaa40a
168e875b6a7c4f0c83e74f55508fb7cd,3.0637598,d6fe6f8380464e21a27fd69de27f1f57
6a3f2a9e86ed4054acf8db2265158d6b,3.0624442,2425086d8eaf44d2a9519f0e4e6b289a
bd2048721a484ac4925726f9a0df7499,3.0610585,e52a528036014db0a7bd54b99a310fe8
3e85ec80c479459598052f2abc51cc73,3.0582194,c9e2e76e631c4d0a8013d90892350e06
7bccbe2abf334b329b400531be6a3be7,3.055255,d443e0c5017d48d1b3f86bf4da959ed5
de34f2e7e9ae4380a242b0f09f1716e6,3.0532978,6aaae524573f477f8fdef0b83787cbee
914e224085a24a7c87db637c208baac5,3.0463593,6c74bedaa406493a99988c5b8a47b704
468609586ccd417ca9487c3c35ade3b3,3.0386615,057164cf4aab45ebbefef3409359cfb1
312939eb59d541dfa7df51991a32d5f6,3.034057,f615619defc4402b82845090c238e597
f7b6d1525412435fbc5af750fb1d4dfb,3.026241,1cbfb22f84454b1fb821b602e3ad11f8
28cae44de1fa4e56a10eb13b57a78668,3.025442,c0cb721b56f240dabf7f464e453ef72e
a073ad7e6cff44bca20e23485bde2461,3.021748,e52a528036014db0a7bd54b99a310fe8
5a7c0160ff224dc08e280c9d93a87c66,3.0216076,1c97c72e076f40fcadb22b17e71beed1
c244f9298eca46bebe8382249b3a300b,3.0207627,e336d113184c4ebdbad7aa2b6ec64640
757730e7c0414b47ba2a3a52768cdb3e,3.007531,630edd9b8f754b5dbd36cfbbd03ccb51
7b5adbd82a584ff6b6e23b89956dd6f2,3.0059795,bd35571850644321b86ce4fae286ce7d
84e4c1bdea914f529a194f767629d1b7,3.004263,2a9658410614443d8a27ef174f61d6e8
7118df93df274839b3c1c622ac4b53f0,3.0029507,f11f1682b5924181b047d757d3e20964
cadfda09774f4983a79a1c20a77a7b6e,3.0019016,678725f8b914453fbc1029b7c1bc0879
1e008659e5994366815fe158a9f9a26c,3.000249,9e304a9bbc7b4c22af8025fc93757357
4838bbbf3ac543ebb0bef130f0f28d48,2.9985456,d6fe6f8380464e21a27fd69de27f1f57
874d46cd1753457ab2d3b62ad0f3d867,2.9972363,75b0bd2240a54f6fb45bf95ca43ab5e6
69669e9f88dc43b68dda6126c27675ca,2.9948492,e039a00eae414ebbb2205b011ac127cf
1a0cefb6898c48e7a91f6448d967d1ba,2.983963,19c9ac7b84df472c85ed6cf5a05fbbc6
0727ac84c4494b248aa13d6c8ffe7225,2.9761472,4d708e5878784386a42c2f436d2d60f0
4b984f558f9e4236b12f8875520bdebf,2.9623995,e25b9d9944cb4d7197efb8ffc4ff57a1
e0bbcc95980e4aee9f0b5f6976c5eaff,2.9590797,f5a6222612ef406b8f02aef87e08c476
6e4efb567c284833b93c09713f4af1df,2.9463646,0472051dc57d43f8b9dd08df475fc4a3
d15af016ef394763b0f876df474531e4,2.916811,057164cf4aab45ebbefef3409359cfb1
a306a4b51e064a1daf8766259f6f5c19,2.9034843,c8b9a0ac7c214a449c434aabdf6ef770
ae244311f36c42c19709ec36d518171c,2.8985088,0472051dc57d43f8b9dd08df475fc4a3
3e730fdc177b48f293b58b68d7b54313,2.8902977,aa2d7a3a535243189492d4ce8e79c049
00bddd864f6b4c06bdae75aa6a690693,2.8838758,ad2109663af04c549385cd2ab9b3283b
6de8d8e544ee4bc3b84a9aa3f56f4d30,2.8771186,64fa5ce839ef406b9bc8a1b2f05094c7
cc88f1f679b3441cbdad8db36097e960,2.8718264,e25b9d9944cb4d7197efb8ffc4ff57a1
8887992f6e314e5bb22217a98a5dc1d2,2.8687756,46bfd7af0ed6491fa621350963d11e35
6b5d194c37f14e5d89385ae747199cc1,2.8628192,700f381f40ce4b039ce0df8b49fb199b
3088711035bc4a06b3595ae315f54fb2,2.8608441,c9e2e76e631c4d0a8013d90892350e06
174196604f504ed29027427608904003,2.857976,1216ce1ef31e4643bb1222538c206342
cceea5a23ce7472b9023735952df0ed8,2.856431,6c74bedaa406493a99988c5b8a47b704
8dfd5233498c4be2b88b2b71cf67ed64,2.853335,11ec23965d2941d0817082107996ebbb
850ffbbf78224a1b910a45c2ad3ab6cd,2.8447955,19c9ac7b84df472c85ed6cf5a05fbbc6
93945027f4fc4a43aedd7dc6affd5621,2.84333,d74f6e7abeb84eedb9923dadb62f45f0
727185eb6c4b40c7826be433f5a5d627,2.833736,23066f7964874fd39639dbf2cb2766df
d7b01643eac140139ea2680d74080bb7,2.828816,c9e2e76e631c4d0a8013d90892350e06
49b80615188d4680a95923cff4718e3d,2.8256564,8f761e1117754656ac86a3a25f241cd7
d2bf482573ea4097b41b6bc649bece51,2.8121462,01690d9b08164fcabd5bf0819754f71f
2fe38ce318ec41e091618386a291f79b,2.811565,e96aa0967ab94368b381354e03dc40ad
c7cad58f831849a6a4f0f9cbccb2f458,2.8038194,fe6ace599de44aa19b1773dad3658fee
6b56add8c1e8488e9e85c4085e0cadc9,2.7861853,d443e0c5017d48d1b3f86bf4da959ed5
47b8aa81feb6443088dc32ba9aaeca66,2.7794406,3257035cc77946d98bdc09e2fdd5cdae
c36813b8ca3e42de94bfb013ddb507ed,2.7759087,1543a2f94aa74008914301874d98f0f5
00306589ab9241cfb569f6b85c0e2843,2.7473583,7ce06191f1114b4c8a00609f6867761f
ddd74ab8b91e4e3fa6509838de7e33d4,2.741425,e25b9d9944cb4d7197efb8ffc4ff57a1
c81dd22a150c47b8b83d8439c0024f01,2.7361174,a585d23fe43f459ba86ac15645af77ff
eb00bd2670c84bb588d8454baa453007,2.7318003,a0fe3cd34e474c3b90662ce8ef1fcac6
2af53201cad64c32bedf284dd06c1cea,2.730022,f11f1682b5924181b047d757d3e20964
d3e12207d56644628943a01c0cdd93ed,2.726925,1216ce1ef31e4643bb1222538c206342
d9b3a26c8de14ab4ad2a779d31b4f01a,2.726325,a585d23fe43f459ba86ac15645af77ff
bbd851331a6a4da4b22326af57c9ea32,2.719871,faaac88748714ce8a99413b952a1dac8
d56e8f69077e42b1aca7c99f6675c5af,2.7118077,1c97c72e076f40fcadb22b17e71beed1
2092a0007cd74f32bd9954b25b49cf21,2.7059042,5971501b0e8b4ef5b203c3985d7f5e88
3df0fa25822f457496cd93c2402bd292,2.6887252,aa2d7a3a535243189492d4ce8e79c049
e84532113530478c84db1abdcae9a6d6,2.685217,95fbc6ed8bfd43c1a6bcf676e26e7f8a
17ef3923d27b4a0d99dbc74302d79924,2.6833067,e25b9d9944cb4d7197efb8ffc4ff57a1
13964a2d472649b59d5126c24da8d4b1,2.6774566,23066f7964874fd39639dbf2cb2766df
c60349b6f8454e529aa85264c412eb2c,2.6738822,77ac5eb4b3054ca68e2b0dcbd5473fd1
68ea9efe09ec467b955f3960508e08de,2.6540859,23066f7964874fd39639dbf2cb2766df
539c9a4dd3ac4de18415aae9107a2600,2.654068,11ec23965d2941d0817082107996ebbb
e0be49d601a84ae1afc8a7ca92f58087,2.6538036,7c1e02f3ab614e539ac901e5cd3c92d8
50b607a9b5e540148f9155693795e5d8,2.64926,3257035cc77946d98bdc09e2fdd5cdae
735faaf6b07348a2a4d4cc31c8fbc021,2.6458488,640f3bd184b7425fb22cc7773b8b2244
cea01bc4a1554d61a6b1a564073b4fc6,2.6393867,564a84b1b830407e811bcfc7fd086a6f
a3c8a08e370346b095ed986fc19f420d,2.6379344,89e43b092c844b5886a93091a22c894a
180f987f287248c487b83fbddc87ee09,2.6354752,17cc6768c9d14388b7455fea0060b62c
2fd2926eef6c41939266c5d6a5803999,2.6348658,eaca056cec224a30aaaed30c39f644c2
0c6306c2d9c64af7a28d5fd434ba9b19,2.6263926,6b9b2c8f0a874bb8b6691aca6bc49565
88769fc17b0e4f3a9736d45e131659d9,2.6251612,ad289d5052264f9c8bd0aaf9faace92e
21160fabb87f4b0fb849c04438771115,2.6164024,1af4472b38cc4304841b2f1720075c9d
7e1df8a5aabd4ab88cff299bb27c308d,2.6117005,0472051dc57d43f8b9dd08df475fc4a3
75c4589bd9604a0ea1651453f58495b2,2.6009765,ecdae9f36c6a437ea72739febbf1c89c
65654ba4d0d241cea5f12740d725d0ad,2.5992312,77a8b27acb0e4600bb6ff974eabc269c
739e45c484874024a94fec4cf8b13fba,2.5979934,c9628610053945f4a7998ae48cd70da3
5b6f7847212340cfb461967cbfd411f6,2.5908785,0f9cc12519eb4872af7be7fe49e19f59
ce7e02187e74451f8fe2511db0fed0fb,2.5819254,779d7c2bad1940c8a861451964e1ce01
7065ff8945cc45c2a4dfb58ac4955a94,2.5750966,d576e334105247369362b05a375e88cd
18eaa3f481614cfc945c16f2cbb757fe,2.5667496,6542f58c143446f280e88a6375ccf79a
8f2691e2160d4c95b5b1ec99938ea931,2.5613778,23066f7964874fd39639dbf2cb2766df
012773cf6c104fd8a7ded7f346c0a261,2.560893,d981f2c67f764e0c84af125b563958e9
d7af13217f9446bc8d46c21e5d91114a,2.560606,836ec4ef8df644328ac07b7803709323
89b0d50305744a53bf5c6cabc6f94b08,2.5488153,d27cfea4da8f445fb4e3c55e53c6482c
bd346d134e9046b592df35bc13397ab2,2.5329576,0ebc441d25664c91adad96b570270f07
a4e40c85d10248bd9a34d6c44e22b010,2.53279,c9628610053945f4a7998ae48cd70da3
01651322a4034bdba60434218dfeb79f,2.5303416,d6fe6f8380464e21a27fd69de27f1f57
b4e255878aac412187c87d835597242f,2.5173452,983940e0b12e4186a281c36de657406e
bd11eda8c59c41a383c769c428ce6d6a,2.509368,a1d8cb16dafd4126922f985021e93631
ba7add48a45e4ff8947f8a846082bf48,2.508868,4d708e5878784386a42c2f436d2d60f0
07e594806c6c4bdf8d98e2995979eae1,2.49914,0472051dc57d43f8b9dd08df475fc4a3
e5968b40a7054871b2ae79f18399b30f,2.4989705,6c74bedaa406493a99988c5b8a47b704
d076d72caa2d4bff9470fe2409888904,2.4935327,88dc23909eb4415aa39b96cc3a4c2926
8c5aff69d92e4556bbd5cfdb17a74109,2.490978,5a73e0a5c757410eb0928feed7b151c8
00b97e3bd70241758022cdd5d10450a9,2.48799,fcc9863b07fc4bd5a01fab5b9160eafb
b615eb75fd0545b397a63d7c6a86c4eb,2.483739,ad2109663af04c549385cd2ab9b3283b
bc1026f31e374c13a6d40e36a58b4b4c,2.4810095,4430d47e30904eab969c1baebca184c0
e63f3979515d466faa902d724344014e,2.4730139,b050e9e1ef5946c297a34dda98d8f476
79ac90f7c3254209afc09b44172a29d3,2.4702482,c8c201e25c0047a2ba9d9e8541ac0939
4cf647a905be45e5b1b81a0559d834d9,2.4656658,fcc9863b07fc4bd5a01fab5b9160eafb
9993c4c8576c4a6cbb5cd12592fe9e72,2.4642377,11ec23965d2941d0817082107996ebbb
de522abd79fd437a9ba590c4aa3aa7a1,2.4572773,a1d8cb16dafd4126922f985021e93631
3bfce2ad291d4b7780e0e8b06d4283c7,2.4541163,6aba5a04ef8742a39d3a61644a5f0729
ac2d96b937b24483be886056bc0c2b67,2.4538903,23066f7964874fd39639dbf2cb2766df
49f4672f4be94535a516b1013cea2b54,2.4523058,c9e2e76e631c4d0a8013d90892350e06
3464f002cd954218836b9014bcd0c620,2.448706,5a26ae7959494fef99542e9b2004fd11
7f8ae3801f3441f696f05e6cdd70c2fb,2.4322045,156f393f7ca046299e09d05464afa056
ac23b811505944319414d3f59b4b90ef,2.4289646,01690d9b08164fcabd5bf0819754f71f
7e808bd74e2447d79f7d266c88de6410,2.4230502,95fbc6ed8bfd43c1a6bcf676e26e7f8a
70aba94871d94cf5b2d7e950982cbb8f,2.422395,e45844e0215f4a1596a7f9ac41367c46
b0535812250c45b497a6bad12645aca1,2.4180257,2a9658410614443d8a27ef174f61d6e8
02dba61169914bf6bca380e6ebba2037,2.4167771,7ce06191f1114b4c8a00609f6867761f
f161ed58877741ceaa5a6f014b69de49,2.401764,e27d9425c912446e947fe53c4a757375
4862c9b0d8ae46eb8831a66a01eeb02f,2.396941,b050e9e1ef5946c297a34dda98d8f476
eccc933299ba48deadc3fbeb6ca6ffea,2.3925238,37337ebec05640b890e4b9612776c32b
0b887e10733b4259bd5c30a1c724ff50,2.390851,fb695c097d5845c282f6b30c241e8cf2
c661bf4a97394c40af06ff80bbec3a75,2.3895364,a25b08e008114c9ca0266ce3e55d82bb
25f901ba444c47eab6b03184191a3151,2.3857524,4b748d6624144214b3d8a80b37aabde6
57cb6a69463a4f248087b39af146fdc7,2.3773048,0f9cc12519eb4872af7be7fe49e19f59
a987046439f446848e7b3520dcece6d6,2.376512,4ad7e2502210436f9ca5735fdf7e50c3
b2486195994b46178a02231ec766d3ea,2.3719003,b050e9e1ef5946c297a34dda98d8f476
98b5731fc463498f9da6bf4beeaadc1c,2.3681464,8a77dc665d8b4d95a0b1113522f7e9c3
7e7a88a994dc4039b1e34409009b8f84,2.3588405,e27d9425c912446e947fe53c4a757375
c294e4564fbd465e948be4cb38ab0f2d,2.348203,d42996c2b67443fd9b73bba7641d4f77
86584226e35e4eda9eaba4e5fe495984,2.3449678,6a33c207c8b648f680dbd0e65639ef04
daec8c9bb81142a98349b34affefed91,2.3357463,630edd9b8f754b5dbd36cfbbd03ccb51
b9e0a43c19a04981af4a6dbf15166196,2.3170485,aa2d7a3a535243189492d4ce8e79c049
d51de57d4ced4566bed6fef2db5c099f,2.316557,d42996c2b67443fd9b73bba7641d4f77
2937b0fa761c4d3294bf68f522d9ab25,2.3032188,74e7db4222ca4a20811199afafa346a7
523ac70af19e4d6988870738be0827dc,2.296767,1fde4c9a01f84c349461083b6d0ba9ed
9b8afef332b0478a954974c9be4b010f,2.2920454,2a9658410614443d8a27ef174f61d6e8
982360bc10ca4c3ba78467718112babd,2.2822585,c26f5e7dcc8149f18f3d719bba9ae717
6ef03128028e416e929a82f5c819206b,2.279626,21b1ded02d7b42618592187e287835a3
58150298bebd4a7a81085018c220ca49,2.2757843,ad289d5052264f9c8bd0aaf9faace92e
054f93d33d7e494d8ddd2e57a8e4dd62,2.2734342,46bfd7af0ed6491fa621350963d11e35
c350ff1ea49c4547b89b09403669a4b0,2.2731957,4430d47e30904eab969c1baebca184c0
4b3202343ccc4337aa099b8a9e046db5,2.2708018,e25b9d9944cb4d7197efb8ffc4ff57a1
484bed1b612b48f3a0b37b91bf626f39,2.2594824,057164cf4aab45ebbefef3409359cfb1
64c90aaee7904b2ab8098f0dfe8cd516,2.2513213,d576e334105247369362b05a375e88cd
d8abdab9cd7145c19d33fe76e47d0c1e,2.2480526,31b69f9501c4415e929b6af28c83f6a6
15af8d3a801645799a0656e8ff3c729f,2.2412434,691acac4a54d450697afb2c2dc4fca09
9f44eb98cc5c4143a57358e733c1cb23,2.2406905,650afb6a1d054e59904a1b796552eb04
a1e176f474f04640aedebc0ece81583e,2.2391164,965598a17b624a0f9bb1cd58595458a6
daaf43ca009348bfa676ca06cddcdf61,2.2227619,a1d8cb16dafd4126922f985021e93631
2e7dec015d344fb58ce0988844becd9b,2.2188745,f5a6222612ef406b8f02aef87e08c476
73ef58ddfcb54d09ac1737fdccd62d07,2.218211,9e304a9bbc7b4c22af8025fc93757357
745463c1ff2c43398a488057b94b7dd5,2.2088945,8f761e1117754656ac86a3a25f241cd7
c189a309da7a472e88194571c3354d34,2.2075677,6b9b2c8f0a874bb8b6691aca6bc49565
074732e2729c421abe906cc4077f1eae,2.1979065,369fe18b94f54c98b554fd22b4a3b50b
63b43033779f4fd5ba6309fb8f1fb41e,2.1950593,7ce06191f1114b4c8a00609f6867761f
8e57d7771c084620b4bc95981a394b34,2.169347,4aa3556b2aed469584c573868193a07a
58556ab04cfc4acf9ea2865485923949,2.163474,630edd9b8f754b5dbd36cfbbd03ccb51
5f5c72816fcd4fcc8f58aa66c02daac3,2.1634405,eaca056cec224a30aaaed30c39f644c2
67a610b0590e4dc98c6ad2de2c47446b,2.1548812,64fa5ce839ef406b9bc8a1b2f05094c7
05695e1694384bd79b37246fbab26b35,2.1487396,965598a17b624a0f9bb1cd58595458a6
04cde55231e04394a675268411aee01c,2.1379642,1af4472b38cc4304841b2f1720075c9d
5bf9e6f5654045d28dd2225231386807,2.116638,23066f7964874fd39639dbf2cb2766df
54371d2d71dc41b99b9d79ae757b5dbf,2.1164718,4a4eb12a639346b5a00557d54b51fe51
a9b68d896d484e6a9c7e87b014dce89c,2.1161654,c88be17376104f999b914a91aebf7220
d8da57bead4f4bd8a90f916f7cd032ce,2.1129513,5a8cc5ff28fb4359afc7e9fcbf3bce55
589df17e77094a82933b4003a252ae26,2.1123195,e02ad4f63c8444b79a7a56fb23a4e0f1
c762fdf4bb4d4f4992cdcd83ef4f2222,2.1028013,fd51f3eef1a64d9a93652be481bde32e
ebaa88d224a746d786a5cf59845ee011,2.1024897,e27d9425c912446e947fe53c4a757375
4866602fe3094c6789fdc1956c616d93,2.0995603,b25fe3b79f714d38b3fc53e39fd84d36
8766cab3c343406587942ee9f9888671,2.0659502,74e7db4222ca4a20811199afafa346a7
4ec7a9ba5579479e8eb75b6a39172728,2.062528,5831f5e280be4c02a09ce4588b56d7f3
63cf218e957a465696c4482a9d4b226b,2.054882,aa2d7a3a535243189492d4ce8e79c049
0af83a2558ad459cb3b54e5c9da02975,2.0507197,4696c8192576454f8684954bc771aa23
96c624bf03614499b399bfbb431f5b98,2.0496068,6c74bedaa406493a99988c5b8a47b704
df8769c84f5b4a8f9811c4537faa576f,2.0494013,73e7e41e8db447c09cb2363d76556c64
b2b15ac784564b17b414221232730701,2.0432596,4696c8192576454f8684954bc771aa23
497126af5d624b7894a1cca2b3b0e57b,2.0386877,d443e0c5017d48d1b3f86bf4da959ed5
4cf01329838243b998a06d2ffab76517,2.037615,99142f1c07cd4782814f8c970eaaa40a
c1c018ca07df447caa530adc78d76736,2.0333047,6a33c207c8b648f680dbd0e65639ef04
794358e3d9a94bc48a240617b29ec0af,2.0328653,3be388c9ab614bceb086c19f70df23c2
369716c45312435faf4f35f7fa3ecebf,2.0296211,3257035cc77946d98bdc09e2fdd5cdae
7d4bb63bd91a4617a40be8165b7fc9a6,2.027034,7ac9c94011924c09b47f9640211885a2
dd86feab056c4c7daa68ee078e171302,2.0174356,8db9e204b8b841df8fd94eff0888cdf7
faf7544dd7fb43c5b63a56c55bcaafb6,2.0149875,4ad7e2502210436f9ca5735fdf7e50c3
4aa10500630647f891ae1bf725a8f169,2.0041325,700f381f40ce4b039ce0df8b49fb199b
46f0f2692fe44c88963712d6f65f6dbb,1.9984508,678725f8b914453fbc1029b7c1bc0879
d64dd5997016472488972a82c8d2148f,1.9958773,b25fe3b79f714d38b3fc53e39fd84d36
7e4f7e1030bd4e0d9be72f6761ea3def,1.9826576,77a8b27acb0e4600bb6ff974eabc269c
b06dc9c1726443b19aa4d4e118d8596e,1.9802731,6542f58c143446f280e88a6375ccf79a
68f3223d477e4e1cbe3830412674f8f4,1.9787048,ad2b6fb945714e6792c17bd49a1066e0
167939f1c55740a5bd8d235691475fc4,1.9760418,11ec23965d2941d0817082107996ebbb
27b747520a594968b11704d54233d20e,1.971662,e7d6747e8c8b4ebcb665e232240daf17
74f1eb9bb1ba4fe5a565558b1ebc7a72,1.9708643,1b4e143cfc1648a5b877d7445446366a
f8a46af09cee4fd4a9c2ffe00e109f28,1.9658499,6aaae524573f477f8fdef0b83787cbee
b57d527c5d13406cadfa1a4f809cc040,1.9654498,64f1d63a671d441d9663a783f632f794
19ba27a603c0492ba795fba0999e589e,1.9581077,cd60a0fcac24465a880af7d8f921dd68
86339034705d41e685883013d2ef7d6a,1.9571375,9303b9f7f4984b2dac8aeba8c8da8ef6
1f4946d6701f4d75b1b71b16833299d1,1.9522427,3be388c9ab614bceb086c19f70df23c2
fdef09f89c644db89a91442b6889f7b0,1.9447023,f615619defc4402b82845090c238e597
8105d0f3a03d43f0ba0794fe967c3c61,1.9415551,64f1d63a671d441d9663a783f632f794
e95f49fcbcd542bf8815319116a39edd,1.9394639,0302e7dde9074dddbbbdf85e9be57901
00bdb7919575484197d63d6dfc45bf9c,1.9359028,66b0c8a58f444ea0aec34d9403b88a49
38003415b2fe4903b7183cdd279c09f9,1.9350624,678725f8b914453fbc1029b7c1bc0879
6d86d0062e7c4ab1a1c263fe7418697f,1.9285595,e336d113184c4ebdbad7aa2b6ec64640
2582ce6fc7d14ce6bd50980959cd305c,1.9133245,cd60a0fcac24465a880af7d8f921dd68
d4560ab76d914af184a3cafa8ec46abc,1.9055309,983940e0b12e4186a281c36de657406e
aef3a265256d49af8433aac1b85fe097,1.9032574,5831f5e280be4c02a09ce4588b56d7f3
34e6f332d53646d38eb22993afc64a02,1.8956041,02cf82700b4f4773af3a14ad8eaa5270
006744853c1a4bfd9d39aea6556c7be3,1.8952676,c0cb721b56f240dabf7f464e453ef72e
bb5b0894b81e4a8daf1feb3b422e35a8,1.8921626,eb513691b7a04d31ab1bc50bf343447b
5c24677a92364f97aada250f8acd8f3e,1.8916756,c8b9a0ac7c214a449c434aabdf6ef770
574579024c244c8692dbb21de8829775,1.8682202,5831f5e280be4c02a09ce4588b56d7f3
7f2876c8100e4b68a311343853ebb177,1.8597684,19c9ac7b84df472c85ed6cf5a05fbbc6
ae8dce8e4fd84a42916e2a2ea4ab7c38,1.8577687,fb709e29755b44988bb252c87a2ce2f3
6ba13a7346044bfba1b6245853af401d,1.8569674,d9fbe02f04a4469dac855f69ea6ad02a
861d015f426f45d6bd869c91fb7aed57,1.8539569,eaca056cec224a30aaaed30c39f644c2
e862a12dcbc4446cb1bfe03570cc7b44,1.8532708,7ce06191f1114b4c8a00609f6867761f
aede09058c264aa399a460be910cf10e,1.8527684,02cf82700b4f4773af3a14ad8eaa5270
83d43c7c640c4996a271c9ec70bd0746,1.8520591,0302e7dde9074dddbbbdf85e9be57901
ee1a685984d741a18ad44faaa3fc553f,1.846582,ecdae9f36c6a437ea72739febbf1c89c
af017ad1aa9c48c490bae2aaba2f1029,1.8368881,ec281224f8ee419ebde676f291672aea
882ef5ef88af445e9dede3d98a7dd8e3,1.8350284,9b22c5cdbff44bdabd48dba008e6a3b2
05fadc86cab04c70ba18949f1163cea1,1.8281652,0302e7dde9074dddbbbdf85e9be57901
6728135560274c459d26043145918a59,1.8269231,ed9b10a2879742628fce003076ef9024
19e32ddf92c24f32a65a82f858c5c148,1.8256153,0ebc441d25664c91adad96b570270f07
2de4480d7e534fbb8564efefe43623d1,1.8252481,37337ebec05640b890e4b9612776c32b
27a9489cf5724d47bbcc508684389f2a,1.8222823,3257035cc77946d98bdc09e2fdd5cdae
60cfb02a92884acf8cbc7ea1abaf7046,1.8208425,e492ff7fecf046a4948c5ba5631cdefe
fcd3d852367e464bab386817f4536abb,1.8204035,9e304a9bbc7b4c22af8025fc93757357
f3f6ec5a1f4a455297eaeeb1145a0d7d,1.817435,6b9b2c8f0a874bb8b6691aca6bc49565
7342516c90ad4776bc0f64a3358d530c,1.8137473,02cf82700b4f4773af3a14ad8eaa5270
0cee0f740cfa4b118595c4e921220588,1.8110191,92d5da561f5a41bf929f3555a74cd653
477b5f953efb42e6a18e9428c69b0fa6,1.8059081,ad2b6fb945714e6792c17bd49a1066e0
4eef43c568d642d0b7a75932102cd2f8,1.8041155,8aadcf7251724cc6858dc0db44abebe3
e750dd4744fd4421bd2387f0ec80c5aa,1.796771,f5a6222612ef406b8f02aef87e08c476
f33800b2fc5d43febcbee5156e729a2c,1.7922826,ff218cc7835d4b5ba0de22792319050a
9c299c4c6746403990eba7f18b97be71,1.7917864,9303b9f7f4984b2dac8aeba8c8da8ef6
b457016349004dba8b94241ddf2b6964,1.7771635,640f3bd184b7425fb22cc7773b8b2244
b4bfd87056ca4927b56965f9b8341f74,1.776017,74e7db4222ca4a20811199afafa346a7
7727fce048c74dfba9b871f0a6bb4504,1.7694819,e27d9425c912446e947fe53c4a757375
c71fc9273bb64cf78fcb3160724b40be,1.7694,34b71675a1ae442395b6eb1f3eda23df
f17e080b2680401da91c350fa7e9cfa1,1.7660948,fb695c097d5845c282f6b30c241e8cf2
08fe7d5213ea41ebafdb17d60eb36a97,1.7618135,c9e2e76e631c4d0a8013d90892350e06
246cbab9fb49461fab4520132d4fa1af,1.7564214,a585d23fe43f459ba86ac15645af77ff
0f1bdf98cdc7472282cb0375b87b3ba4,1.756209,6aaae524573f477f8fdef0b83787cbee
df2549937e044a9583242e2c20f87e85,1.7537761,f615619defc4402b82845090c238e597
51bb2642caaa4fdfa82051cea135a8ba,1.7419558,b4150337314e40fb9e3ebb24514504a3
56db49f870bb49eaac223bc725d79f26,1.74158,17cc6768c9d14388b7455fea0060b62c
f7d52b90e2e24549bfaa50d46ded3176,1.7401991,9303b9f7f4984b2dac8aeba8c8da8ef6
c69f7426bfca4d959cc756572440109e,1.7334318,3b13d134762445cebcdbb02b484db77b
743660b5e64e440a8607fdc79aa05544,1.7317652,bd35571850644321b86ce4fae286ce7d
eedf84d8949845939452e2cf59d2cc6a,1.7303972,a0fe3cd34e474c3b90662ce8ef1fcac6
9d91a50f84cd42d999f13adae10c4a0c,1.7276891,bab3bdc133384798b558f8fb6466a7fa
b116fe66d95d4c04beea8a4e5f347684,1.7264565,dc58564d0c8540bea4f3e2e3696deae8
25dc04ff2b704b6f9229ad7cb91efc99,1.7226386,2425086d8eaf44d2a9519f0e4e6b289a
2ab29c6bc859481988c1133ecd494a65,1.7155929,1f8c0f02984e4139bf8043e57497fdb2
7e7b0eca4a964ddbba6f2fe892340895,1.7104077,c9628610053945f4a7998ae48cd70da3
9fa9673a6edb4e15b5f57d97a0b16037,1.6974782,4aa3556b2aed469584c573868193a07a
34a4ab8c365d469e9f634993d0a5b61a,1.6897976,fcc9863b07fc4bd5a01fab5b9160eafb
a34c38121a3948f8949f49df67186c78,1.6852458,92229a391d0b418f87b32c86c42a292c
6febefdfecdd4d6dbe493b2dab3579b0,1.6715195,156f393f7ca046299e09d05464afa056
7dda222413534a90ab8e3d686a1ba461,1.6709826,d27cfea4da8f445fb4e3c55e53c6482c
d0c34b42e0ea475cbec6f473103ce609,1.6691948,e039a00eae414ebbb2205b011ac127cf
da58e0684cc34833a768589a2ab19e46,1.6679659,b8ca3b6144cd48208caae952e096e7ae
a5d2be317fc24e528df576140c0a3849,1.6637776,1543a2f94aa74008914301874d98f0f5
266024fef71d4c25a73f93db3af86fa7,1.6593592,46bfd7af0ed6491fa621350963d11e35
cf020a2f14884c16bc73b159ead104b8,1.6581066,5a73e0a5c757410eb0928feed7b151c8
ade56895f4dd427b8c4477aa940dc716,1.6498438,e52a528036014db0a7bd54b99a310fe8
f6023dfadf94495fba9f43c8230ce2a3,1.6476271,a4cad92644614f78bded3ca6d6023473
c91d4a1a75504beeb98888cfe719a863,1.6428359,1543a2f94aa74008914301874d98f0f5
acc8825aa2cb4d06bd3574a6b36e6a40,1.6411015,c0cb721b56f240dabf7f464e453ef72e
e08d644c0950461e843595f14ded4387,1.6386265,5a68e05acea4434ba08e17e1fff00057
c853cbd19ac0421eac6817429b6f8804,1.631392,526ab7eda50e4a239d03ad505832d61d
91af71c421dd4b9fa1252bd59cd4afd6,1.6285355,369fe18b94f54c98b554fd22b4a3b50b
cb30b65c95af402290d013cc19a01632,1.6241654,0ebc441d25664c91adad96b570270f07
97c22deac29b43b8a2911e08c2aba299,1.6201483,0f9cc12519eb4872af7be7fe49e19f59
d826d2d9a30147d59c909ec8484bf8b6,1.6191262,ed9b10a2879742628fce003076ef9024
7f50b6b5321c44e191bc82be785455b3,1.615749,7ce06191f1114b4c8a00609f6867761f
f23847f4eab34d3ba19bf1dccbc32306,1.6085612,66b0c8a58f444ea0aec34d9403b88a49
e18211bb1b9a4eb5b5679481523d0c23,1.6015837,d981f2c67f764e0c84af125b563958e9
915d79767ad746c99ea804f4b5dbf60d,1.5947808,d981f2c67f764e0c84af125b563958e9
1f14295a03ac4251b24ccf3a74772f55,1.5913191,257aed6ca7a44f1cb5c664beb1be527b
e95715a92c0a4c8292d8599a0c1a7dec,1.5842205,1543a2f94aa74008914301874d98f0f5
052e254bff244d2f88c0d2566ddc13db,1.578336,e52a528036014db0a7bd54b99a310fe8
53ad9b6f270d43beaa19337b588c1e60,1.5775572,1543a2f94aa74008914301874d98f0f5
4a2b5888e21b471bb770cd3b5b496ae4,1.5704873,4d708e5878784386a42c2f436d2d60f0
6d9fe29b75544ce6b2e1c3329771cd32,1.5685343,64fa5ce839ef406b9bc8a1b2f05094c7
b5c4664ba26443dba0dde05295158123,1.5679289,564a84b1b830407e811bcfc7fd086a6f
c8505b52f0aa4beb8144837de094973d,1.566391,2425086d8eaf44d2a9519f0e4e6b289a
a30d8464e03848a8b72421c107f22fd5,1.5605159,d9fbe02f04a4469dac855f69ea6ad02a
6fdbbc8445214d81aef5fc22b3f4e9bc,1.5592396,c26f5e7dcc8149f18f3d719bba9ae717
ef0d69bfdc4e49acb1978167c6edf80e,1.557668,19c9ac7b84df472c85ed6cf5a05fbbc6
8585971b042846729be0531195bb8d5c,1.5496042,3b13d134762445cebcdbb02b484db77b
55af16e0058942008349107e8a2e1845,1.5488961,d4cd0b56b6f54e08aec8ebfdb6122c5c
7bd320ff5d6f4bfc906470499b8ae3b6,1.5395305,80921378de2b4cd3a14d449688d8b079
d37d23786d3f4e90977fbe2a3e5be556,1.5385734,85e7ea30890b456084b8e85c299c8649
7dc9553f77c842f1848c9fe066681b67,1.5382264,bf59502a233e4b5eaff9cfa3a992c387
2cd2c87b068749a492cdd369cb60ef9a,1.5378242,fb695c097d5845c282f6b30c241e8cf2
65add58592564636a49ae7417f79e9ca,1.5362437,b8ca3b6144cd48208caae952e096e7ae
95efaf80178b4a519dbf8769d415c000,1.5342051,e492ff7fecf046a4948c5ba5631cdefe
44ed303d7bde4629ae56239936f499ec,1.5303721,1af4472b38cc4304841b2f1720075c9d
04457b683e1d4eaf8e6a37b15f5d8aa8,1.5152241,700f381f40ce4b039ce0df8b49fb199b
14169e1048564c4689c2584a790d6696,1.513201,1af4472b38cc4304841b2f1720075c9d
774622a7382646c4ad5ef139574052c1,1.5122123,9170e0bb8fe44b309f83293808d871fe
b6564d12e54b4e09a41d57e66159df56,1.5071439,a6a551a308b9442f947ea0608ae2c3fb
f5a036940f0b4b219a4903d8efd2cac0,1.4994301,5831f5e280be4c02a09ce4588b56d7f3
a7fe5588b97f435caa29a3b507cd51f1,1.4990578,0ebc441d25664c91adad96b570270f07
1cfa0ddd81a04ee1bcbf754e6c92c5d8,1.498134,f5a6222612ef406b8f02aef87e08c476
74f89cf2b75547168060f6c31aa572f9,1.4920961,156f393f7ca046299e09d05464afa056
5b1ed8f4a5bb43b59f972b95a4346c9c,1.4914577,64f1d63a671d441d9663a783f632f794
613c069f276a48f2b4d203e4b49d44cb,1.4895018,fd51f3eef1a64d9a93652be481bde32e
33a87d7db931410abdafbba3321d5b5c,1.4882843,8db9e204b8b841df8fd94eff0888cdf7
a868fa08c4994234bd1947577c34c2f6,1.4862912,b050e9e1ef5946c297a34dda98d8f476
3e5dd993b40a449fa94dcff02439d160,1.474075,9ff95d23c3284d31ba5e398afa520649
7c4376eae79f4bb992d0bbb206eaebc1,1.4670112,c322b788813745e0aa7b592b4345d379
803ab31024764a56a2ac0cda5c79c69c,1.4664236,11ec23965d2941d0817082107996ebbb
6730fca5ad3b4afc8715dc16caa1a2b5,1.4649479,d4cd0b56b6f54e08aec8ebfdb6122c5c
da365c80b3ac47ccb8a01a48820437a2,1.4602048,37337ebec05640b890e4b9612776c32b
383e7cf30f234aaf852e3f30de7879ed,1.4541487,4a4eb12a639346b5a00557d54b51fe51
5209a952bb1a4ac991ae51e8a3e9abdc,1.4509287,1cbfb22f84454b1fb821b602e3ad11f8
40d03471812c4f0398b4551b5f116068,1.4502615,fb695c097d5845c282f6b30c241e8cf2
7e211c9e52254e199e0deca74afcc524,1.4496988,bd2f91a9415049d980e453f94327e0ce
e349c885e3cf4b12898ea2f38cccf188,1.4454476,f615619defc4402b82845090c238e597
55e30898427a472799115a2e014580a6,1.4407033,d74f6e7abeb84eedb9923dadb62f45f0
34bd7137776446a3b70fb89720492e73,1.4313331,58f53c379f7a4868a2ba6d91a06247d2
5f67168bea6646a69c49dec78942dfae,1.4290235,fd51f3eef1a64d9a93652be481bde32e
b9a2d4a31cc74336b4c66e880ac51f1e,1.4189843,fe6ace599de44aa19b1773dad3658fee
600602c8b38d4fe293a8b89ca3c4b7a6,1.4179083,d0a840820172465f83c8480d571e7b71
af733079cdf649cd95e030d070b603da,1.4172614,903360099fb644b6b88c6edac88eecb2
42c545ddf97e457a8ae47f8f1229bec7,1.4136093,80921378de2b4cd3a14d449688d8b079
903552e550a14d61b7dafdda426e7596,1.409312,7c1e02f3ab614e539ac901e5cd3c92d8
0a0ac8e04384494aa6efad6605bee67c,1.4064028,cd56b9a044c24df8a7156f661cb3d9cf
dc439e2feee54ac8a73f06f7ea3d8334,1.4044547,8f285540a9394706bd6ec6cda46c5058
5a1096197b8648d882cdd33875519404,1.400544,ecdae9f36c6a437ea72739febbf1c89c
fc20e7b4bfc243ef82918b7c93591747,1.3996718,a4cad92644614f78bded3ca6d6023473
c50c1d8eb4024bf080812d01310eb133,1.399536,c8c201e25c0047a2ba9d9e8541ac0939
dade1ac92c08448e93e20a96c20f9d0a,1.3934194,f036aaf4ab714c598a0b6da4ca604136
2c5c1b245a194f81a943ef372c580853,1.3930304,01690d9b08164fcabd5bf0819754f71f
ec6e7c2e584c4bd09dc91d1729c2c90a,1.3926873,89597084b19c4902b073a2c6c6622456
fa4aad3a76ce4c019895b7d73d8b496d,1.3916483,e5692bd498004d32934fbaa05af2120d
064ec184b18e48e18255745eb01a80f5,1.3913399,640f3bd184b7425fb22cc7773b8b2244
34dd2bcde19344c69a51099dd39f23de,1.3886635,5a68e05acea4434ba08e17e1fff00057
0414265ccf0d4dd59c98749d24924fe4,1.3862967,d27cfea4da8f445fb4e3c55e53c6482c
a3b8ab612b544a76bfa18fd8d3c06621,1.3846484,d79afb377f5349a69830b2b4c7cfefcb
587a668f01694a1e847a97f47debb81c,1.3844961,37337ebec05640b890e4b9612776c32b
56fc3ec2992a4a609298efd89a7d3f59,1.3840516,e492ff7fecf046a4948c5ba5631cdefe
cf7564fd313c4802adfcab226cb71a73,1.3827322,965598a17b624a0f9bb1cd58595458a6
523ae070f70149be975ea27f84bdb39c,1.3822482,75b0bd2240a54f6fb45bf95ca43ab5e6
d279eb260acc48558e34415c5c588926,1.3820161,7cd1db4b50dd41e6b2f3dd15fcab3b89
9923a917ad644091bbc508d3ced20f75,1.3812912,369fe18b94f54c98b554fd22b4a3b50b
4dd9cf8a1b2348fd81e6ed73ea81c716,1.3766468,78b600dd53854b018f87267d268b7b1a
f66bd53c07c7410ca1da94b1c1f96480,1.3680136,a0fe3cd34e474c3b90662ce8ef1fcac6
f3c47f8050814b93a91d14f2add36403,1.364786,efdf40eee13d409c9955e5b84e4408f6
a18a19c2ef80495ea076e2ecc882c7e7,1.3633767,80948e17b5694599919e1502bfcc08f3
de89bc23ccf04f3387bf242e269f4ea3,1.3629501,c322b788813745e0aa7b592b4345d379
6cf7328bcc2c487e8e43953245e0f4af,1.3599811,0302e7dde9074dddbbbdf85e9be57901
af56dd5a3d1a403c910f7ccd67f42dd5,1.3566415,23066f7964874fd39639dbf2cb2766df
fa3faa7dd3774c2681f4c5b7527b1e78,1.3548622,965598a17b624a0f9bb1cd58595458a6
ac7a9829a2a24b3aa81bebb2785533ef,1.3434596,8f285540a9394706bd6ec6cda46c5058
0beb47a537e14562b509e395d77dc749,1.3280333,526ab7eda50e4a239d03ad505832d61d
87097861fe6e492abd016be0dba27ec9,1.3266864,9e304a9bbc7b4c22af8025fc93757357
410190593a7f4b7e8ed63596f20c37e8,1.3239537,e5692bd498004d32934fbaa05af2120d
1ca6f54416f4410eb8e23dab9dbf012f,1.3151305,a6a551a308b9442f947ea0608ae2c3fb
43e7ebaddea142908ddeece45bfd2049,1.3140738,bab3bdc133384798b558f8fb6466a7fa
58c7b41f2b3b4984aa23beaa1382b4f3,1.307908,e7d6747e8c8b4ebcb665e232240daf17
b615a0420b8b49d8a7153658ccbdd788,1.3032117,aa2d7a3a535243189492d4ce8e79c049
a7696e4b2a7b4a87a64c7bf5ced3a129,1.2946985,efdf40eee13d409c9955e5b84e4408f6
d989c36a82a14c81ab2fe8b49f3c94f4,1.2933636,a1d8cb16dafd4126922f985021e93631
3bcea4af010844979851dffe0c194e96,1.2892729,0ebc441d25664c91adad96b570270f07
1d2a027561834f03b680a90079cc8e25,1.2851989,4696c8192576454f8684954bc771aa23
493a9c5f51a84accb411c3f643d0fba3,1.282865,21b1ded02d7b42618592187e287835a3
b49ff629d01a47a284c14dc1d21a0d1a,1.281021,a585d23fe43f459ba86ac15645af77ff
f41620f1a5c84928b422bcd3fb97c109,1.2799239,09fc9f38fbbb4bfaa1c979ac9cc43f0b
acedb352e247418e9c82dcd73b857c82,1.2795596,eaca056cec224a30aaaed30c39f644c2
7e1f279ed0b04e478b3bd9dbc9e6a6c0,1.2762814,6a122ce1702646db918266228d48bd08
8dc57aa25917490abcf294b3f73bedd6,1.2757102,ad289d5052264f9c8bd0aaf9faace92e
fdc1732f54e34300bc77d7b4c38ec31b,1.2692844,77a8b27acb0e4600bb6ff974eabc269c
00989f2d41344337a67e440d6506b9cf,1.268636,73e7e41e8db447c09cb2363d76556c64
9ddc0583ec0e4cc0bbaa79c812c97afa,1.2656444,73e7e41e8db447c09cb2363d76556c64
33babb0b73f84a8a87d9c75c03bfbc99,1.264205,1216ce1ef31e4643bb1222538c206342
275a7144962641e1a6b32428d2e025ec,1.2604914,fe6ace599de44aa19b1773dad3658fee
38b738aa374d42a1b20afa63ccfcfd62,1.2522767,01e805bb5a1845a7addf86fe9bc8d814
d940c859c01449d2acaaa7b3fdf1fbe9,1.25224,01690d9b08164fcabd5bf0819754f71f
c3d18896ee6e422680a3435f0ca9af84,1.2456449,95fbc6ed8bfd43c1a6bcf676e26e7f8a
ad251b857ef3422398c3c3aa91f9c632,1.2417763,c26f5e7dcc8149f18f3d719bba9ae717
56cfe84755904ae98f74d085dd2fcb7c,1.2347703,6d3c42356e3b459c919e3129ff192ac4
7e7b92ee644e42a3adc00967aa9f4cf8,1.2337443,965598a17b624a0f9bb1cd58595458a6
b0cf2cbd50e3496996a7e649063dc127,1.2317392,8f761e1117754656ac86a3a25f241cd7
26b721f1caa14c70b7aa9e5a8898e76a,1.223646,34b71675a1ae442395b6eb1f3eda23df
924127ab124d40edaac3616675e82655,1.2196839,bd35571850644321b86ce4fae286ce7d
4a5ee7ff69a445f48974483a915d4d84,1.2174698,1543a2f94aa74008914301874d98f0f5
356781d87d504d789e58fd87a987a67d,1.2143393,fe6ace599de44aa19b1773dad3658fee
4440ec412a204073bc44b4890ee24ee9,1.2109416,d443e0c5017d48d1b3f86bf4da959ed5
91467c6be29e4dd4bf681cc05803d081,1.2078056,c88be17376104f999b914a91aebf7220
ff2339e06523437eb464f18a90d5f80d,1.1908783,ff715b4f228443e3b067c801250f3402
924c235415de407b8fe453ecc8aa95be,1.1905975,ec281224f8ee419ebde676f291672aea
3cabf7db885244c3aef797eb94b75b3c,1.1882671,17cc6768c9d14388b7455fea0060b62c
c6754ce8bf4346258c03509140eece37,1.1861936,65664fb3aad341fab563409d91dddd2d
b4aed3fb5b3f491b99ace5c051b75eab,1.1859035,7ac9c94011924c09b47f9640211885a2
b894792524d841b3b24c566aa9c41b8d,1.1853611,cd56b9a044c24df8a7156f661cb3d9cf
3321422a798047078d258d49e7912855,1.1800464,6d3c42356e3b459c919e3129ff192ac4
dd72a1cbe29f432bb51ae6342e0382e6,1.1795955,2768d411cc374a018a898f9df0ca207d
ec947b46f577485bacac003c668ee2b8,1.1782615,d74f6e7abeb84eedb9923dadb62f45f0
d13abb2f14514eafa77e5ef77ae45be2,1.1768169,6c74bedaa406493a99988c5b8a47b704
662c1dace3274fb79254a1e59f299ccc,1.1740711,7a4c413f5c844796bd5ffed2b65f0336
9557a396825b49eb93cedbab96019843,1.1702707,23066f7964874fd39639dbf2cb2766df
371437b76fbc4eeaa709683744e7ee08,1.158417,e45844e0215f4a1596a7f9ac41367c46
179de20d4413414c92aa7828d5950f5d,1.1581855,5a26ae7959494fef99542e9b2004fd11
dd9bd5320911433f9d855d754095534b,1.1555285,4696c8192576454f8684954bc771aa23
d7f295b3018e494d84b29f498ac03fa5,1.1505034,46bfd7af0ed6491fa621350963d11e35
9c5692d8cfcc49f5ae1d1eb4577cee70,1.1491195,acee70abee2841c9b67b95e9ed079647
d8c0f66ffaf94373b23b46444c5acb4f,1.1447521,156f393f7ca046299e09d05464afa056
47605d3a13c9403597c879e6825e3f45,1.1443479,77a8b27acb0e4600bb6ff974eabc269c
5cf8596279eb4fd1a30ceda96102ef99,1.1405709,80921378de2b4cd3a14d449688d8b079
8fbf0e065e2147b39508d482b6af3901,1.1363385,855b3971c4a147cfb9a7c281fa6b915e
3f284acc005e4f23a2bdf5b45700c4cc,1.1336001,f9fae977af2c4f35b29400f31267e170
fba9b7d7ae944ed889c1f11ceefd238f,1.133162,cd60a0fcac24465a880af7d8f921dd68
fe079e85e77f4cd98fc3ce5e6b2476c0,1.1297939,7a4c413f5c844796bd5ffed2b65f0336
4207cafc0d1f4d50b76a0fe4b67edc09,1.127822,9ff95d23c3284d31ba5e398afa520649
06b6d2be43a64627b49fcfeafcec63dc,1.1211345,6b9b2c8f0a874bb8b6691aca6bc49565
9267609a976547b19a2cc08683835f4e,1.1173568,257aed6ca7a44f1cb5c664beb1be527b
d1fafb5d71ba42229f870ebc99263d20,1.1159909,836ec4ef8df644328ac07b7803709323
018f42d116aa4bcdb1ab9e05bfc01b63,1.1137115,640f3bd184b7425fb22cc7773b8b2244
ddbc9d9a558041779711fd17e89ec33f,1.1135089,eaca056cec224a30aaaed30c39f644c2
a1855c7563c54b5c86e2f73c5fe9f8d7,1.1132462,640f3bd184b7425fb22cc7773b8b2244
4b6eb18ba8244091a7dab36a9dd58d87,1.105334,f5a6222612ef406b8f02aef87e08c476
aa7a7a6a0bfe40619e55e8f0b07f04fe,1.1039443,1216ce1ef31e4643bb1222538c206342
ddb77e0838c941d9acdd2f02496195e2,1.1009628,e9f055a212cd4e5e8601228c37713f35
b74ab07a7c004219aee7bd6d643ebfb1,1.0916129,64f1d63a671d441d9663a783f632f794
385af4460b5a436baece6ce3fa1cd423,1.089882,6a122ce1702646db918266228d48bd08
f8839308f8e84df6a185506e6f3f1674,1.0852902,e5692bd498004d32934fbaa05af2120d
69fc5af906524d06b5c47a8c984a7199,1.0762254,e27d9425c912446e947fe53c4a757375
eeb6b27942084fa6a8e663ec3a3dad56,1.075688,a0fe3cd34e474c3b90662ce8ef1fcac6
d3910d69c924478ea90090b8b527e0b1,1.074977,903360099fb644b6b88c6edac88eecb2
63c3f37ef5c1455db7914313f0e0be1c,1.070096,64fa5ce839ef406b9bc8a1b2f05094c7
14251437e9d7466c9909622c9fe454a4,1.0569079,257aed6ca7a44f1cb5c664beb1be527b
2c689d06459b496798e7fc1e4ce8b03e,1.0470829,6c8a24653ef04f559b88e0f27c0df63a
5d2dcf398cf24f1fa650c7f0c8035ffa,1.0465462,d27cfea4da8f445fb4e3c55e53c6482c
5a3e95d6f7e84750a9b090dbfef91f61,1.0429509,bd2f91a9415049d980e453f94327e0ce
d8fd098382264e93a362843242d58e0a,1.0380312,8f761e1117754656ac86a3a25f241cd7
ea60559c1a414dafbe5652b8b1ef5ffa,1.0241932,e02ad4f63c8444b79a7a56fb23a4e0f1
17176251386d48d798eb18eee7208273,1.0235267,46ba0b979a664c7cb0c315c4cde6ac86
aea33ab76ea843ddb17f1196fa2875f1,1.0234466,f9fae977af2c4f35b29400f31267e170
1139d27eff6f4adcbf602ee48c269d3a,1.0195746,0ebc441d25664c91adad96b570270f07
9dd0c24c21ab4b5586c29d90237b3840,1.0187699,3b13d134762445cebcdbb02b484db77b
55472eb25f9841c2b39b9bcef06d7bf8,1.0173587,dc58564d0c8540bea4f3e2e3696deae8
56f20fa9e0904380b48d10ec3d81950e,1.0156598,ff715b4f228443e3b067c801250f3402
b7e24f3f016a422b89ff10b363c86e9d,1.011884,09fc9f38fbbb4bfaa1c979ac9cc43f0b
7b1d70a80254489e9de91807e6e223dc,1.0115621,5a73e0a5c757410eb0928feed7b151c8
ad016f4559a0419297dfc6da2a37349e,1.0103614,526ab7eda50e4a239d03ad505832d61d
335322101aa0491c89fbabfb87c21ad8,1.0046732,9ff95d23c3284d31ba5e398afa520649
b4aee6c48c214408b310c9c345695420,1.001133,5a73e0a5c757410eb0928feed7b151c8
974a8661873f458193c891d3ef4dd208,1.0000076,691acac4a54d450697afb2c2dc4fca09
dc31ba78cf194fa59ae6ae94413ba0c0,0.99163795,23066f7964874fd39639dbf2cb2766df
9addae0c40c248d4ab8fd02fb3861e99,0.9855908,9170e0bb8fe44b309f83293808d871fe
37cf2461e5cb4c8fa0b0751436bfa69c,0.9716358,92229a391d0b418f87b32c86c42a292c
7438e386a6a9468fad05b2507d9194e8,0.9637288,fd51f3eef1a64d9a93652be481bde32e
e30792faab17454587f51314a00ae69b,0.95262086,d74f6e7abeb84eedb9923dadb62f45f0
72b24b9944aa43599173c03884689224,0.9514628,95fbc6ed8bfd43c1a6bcf676e26e7f8a
f8e19b9e878142969c95441f15b0da57,0.9502984,89e43b092c844b5886a93091a22c894a
c0278f41c00f4876a3c2c551dc74e70b,0.9497689,d0a840820172465f83c8480d571e7b71
96ad923a06f54d79a74431cd06b8adea,0.9364219,fb709e29755b44988bb252c87a2ce2f3
54d65ec837ed478986a344f4bba2e423,0.9273282,64fa5ce839ef406b9bc8a1b2f05094c7
92048547bb5d4e79856a1c872a2e018b,0.92187905,01e805bb5a1845a7addf86fe9bc8d814
12b45c8ab28a4361a016608db99cc91a,0.92103994,01e805bb5a1845a7addf86fe9bc8d814
f83685b1d7eb4bb2912f5e7358584feb,0.91328967,691a538d2372403fad2b919b48ff5f85
1139ff813de54ba583f9d19e3a2b6ac6,0.9129035,a585d23fe43f459ba86ac15645af77ff
d74e7c71176e4554969cb9fdf7d1986c,0.9112595,34b71675a1ae442395b6eb1f3eda23df
c1904c9ab6bc4ae5b4b364ea1f24b7d3,0.9066609,7a4c413f5c844796bd5ffed2b65f0336
9f4712695bb64f01a331632d4e83e318,0.90462434,cb85047b65f8468aa02744c28c075dbd
af33a412aeb947a8b8c53cfc9e78a69d,0.900344,983940e0b12e4186a281c36de657406e
45134c6dd42d4814b2fba3d713c1b3a5,0.90022945,1cbfb22f84454b1fb821b602e3ad11f8
8ec020ab1bfe43a58c104ac0eaa95bf7,0.8986026,0ebc441d25664c91adad96b570270f07
fb4a9db6c94f4a49a12fa4071706242f,0.8974117,f0695d7e59d64941b510a3d12f801d59
9e2872646e314b1f97e9cb135dccd315,0.8964877,92d5da561f5a41bf929f3555a74cd653
1ab3ed9b9a4d45cc81fcf7e200bdee0f,0.8943721,ff715b4f228443e3b067c801250f3402
dbedff835ba847d386ac1cca87b2c7bb,0.8901136,6c74bedaa406493a99988c5b8a47b704
7771343be99843f58171d62a3f040005,0.8893172,e52a528036014db0a7bd54b99a310fe8
50eff679bc384b72918eba1cd77a5597,0.8863902,46bfd7af0ed6491fa621350963d11e35
8f2e335cd3c54f569c74283b0078f908,0.8728298,f036aaf4ab714c598a0b6da4ca604136
56c2b163d79149048fcdf4e0f9d5598b,0.87089074,64fa5ce839ef406b9bc8a1b2f05094c7
b38ef262d489438c979703e3e503f1b7,0.8577994,b050e9e1ef5946c297a34dda98d8f476
429c0e9f5199454590fcd1e2560a42a7,0.85412514,1af4472b38cc4304841b2f1720075c9d
e2b6403a2141451a9febd997a026ed2d,0.84969944,8a77dc665d8b4d95a0b1113522f7e9c3
b32a35611f6b4eef9cfd102e5e72766a,0.8360395,b2be859ca8f24cda86821d5383edbc18
d1cbea7387cd4d1bab69dbd0238bd135,0.83512723,6a33c207c8b648f680dbd0e65639ef04
e9ffeaac65414a5fb9df90c528ca02f2,0.8342249,e5692bd498004d32934fbaa05af2120d
2341754cd2ac49f79a6f98d84b177e6f,0.82232475,11ec23965d2941d0817082107996ebbb
65120ac6b44e42f1831bb02005863657,0.8190215,fd51f3eef1a64d9a93652be481bde32e
b3d0e1f27a4c4d9dbda5877bde3bf232,0.8175888,9e304a9bbc7b4c22af8025fc93757357
1197a3e216ea459dbc822d775b701062,0.81555617,e02ad4f63c8444b79a7a56fb23a4e0f1
c2ed9246a86b4c0f93db5a4cdfa7f06c,0.8147054,d443e0c5017d48d1b3f86bf4da959ed5
4762d831f5884e25bb3eb6e73fd283fe,0.8119062,d79afb377f5349a69830b2b4c7cfefcb
c873b341cab549d6be3c38ca79441d7f,0.7982768,b25fe3b79f714d38b3fc53e39fd84d36
1f51f549ad514b1c98445416e5acfe66,0.7876728,5831f5e280be4c02a09ce4588b56d7f3
fa644cc0807d4d278be005d3e2f849b3,0.77496934,5a26ae7959494fef99542e9b2004fd11
a72d6ed397c64fa7ad1aeb46a417fa4e,0.7733694,8a77dc665d8b4d95a0b1113522f7e9c3
14f6b3f3ee164c98b2aa0e93e06070d3,0.7683262,678725f8b914453fbc1029b7c1bc0879
8d93adac5fe7477a99015ec9ef32330a,0.7548812,dc58564d0c8540bea4f3e2e3696deae8
8159d92e267d438e9012e936aa5fb15d,0.7371065,95fbc6ed8bfd43c1a6bcf676e26e7f8a
9cda69694f9945cda4d98d01dfa6bc79,0.7329333,7cd1db4b50dd41e6b2f3dd15fcab3b89
659ae42d80174d04b5c0e2295c83e1cf,0.72771215,e7d6747e8c8b4ebcb665e232240daf17
aa580e725d534bcc967dbef0c65b141d,0.7237981,88dc23909eb4415aa39b96cc3a4c2926
54189dfe90d2466b990b9dd0c5484606,0.7203386,89e43b092c844b5886a93091a22c894a
175670fdd73e4fbc967ac1f61eeb9bec,0.7192055,9014beae94cf4f648e1663c8d5ec6803
a5580bcfdae9468781349b4ca3ee101d,0.7148763,5831f5e280be4c02a09ce4588b56d7f3
5302778a501c4de9bbc6c6fc6f7cd8b1,0.7076041,92d5da561f5a41bf929f3555a74cd653
69705e3d3da0436881b25f42d2a6f102,0.70622206,4d708e5878784386a42c2f436d2d60f0
bee778e5989a42b98f01c3f28373b730,0.7005895,ec281224f8ee419ebde676f291672aea
00bc1d895118471ea04c2ee6a3ef3f22,0.6982095,156f393f7ca046299e09d05464afa056
7b51de0f71b142e7ba4820c5972d711f,0.6970763,b050e9e1ef5946c297a34dda98d8f476
c6b7ad3591e84b359837e00aac91e82c,0.69187355,6a122ce1702646db918266228d48bd08
19697467a2f64fdcaccd3a65d2a60d7d,0.6832799,23066f7964874fd39639dbf2cb2766df
f856e536fb204df3b9d9dcffebf3085f,0.677988,88dc23909eb4415aa39b96cc3a4c2926
803051539d144fdeb70807a70a667f4a,0.6770399,11ec23965d2941d0817082107996ebbb
13c651889f50420d9c7adaeac0c211d8,0.67289066,d42996c2b67443fd9b73bba7641d4f77
960fbf15535f437db3b7e4614367c633,0.6632688,e96aa0967ab94368b381354e03dc40ad
83959d6f09044431b64a06cc335f08eb,0.65965843,9014beae94cf4f648e1663c8d5ec6803
7216fa39e2414501a8f87ddb54a3133b,0.65382886,fb709e29755b44988bb252c87a2ce2f3
6e11fad70c424277a969434bd2dbd8b9,0.6535337,09fc9f38fbbb4bfaa1c979ac9cc43f0b
8756c0e4eee54ca69baec75ff9c6f44c,0.65109134,17cc6768c9d14388b7455fea0060b62c
4805a294e65b4d4db75948e86d3fdee4,0.64725405,acee70abee2841c9b67b95e9ed079647
3f4f551ba9d74d6e8622c1da8b00180e,0.6448458,c322b788813745e0aa7b592b4345d379
2b1ae0f0956e475c80e1ba5ca01abe84,0.644508,b4150337314e40fb9e3ebb24514504a3
a3c58d5d2da942aab6283a42db2a14f7,0.63915,37337ebec05640b890e4b9612776c32b
9c541c2079a0420298c16b25b87beee7,0.6373472,d42996c2b67443fd9b73bba7641d4f77
5b204de5b2be4f0cad1271ad9c6b1f51,0.6371724,82b01998353e4141a7613fdc96d7b600
3d62fd7345e249eca395731c94b53eba,0.6331471,d42996c2b67443fd9b73bba7641d4f77
66c69be4b87942098f652198c91df0bd,0.6320083,77ac5eb4b3054ca68e2b0dcbd5473fd1
fbbfaaf2bc764120a3356650c7d62219,0.6294857,2768d411cc374a018a898f9df0ca207d
f2fe001a9caf435a9e440ed89e6b806e,0.62919974,f0695d7e59d64941b510a3d12f801d59
42b1aada557b48a0989c6a1c05378299,0.6291605,17cc6768c9d14388b7455fea0060b62c
09a86f7239984e8faf484dba2109244d,0.6286283,4a4eb12a639346b5a00557d54b51fe51
b256661e96a042c28b299514e4e6e4cf,0.62649083,5831f5e280be4c02a09ce4588b56d7f3
dfd4d092c16c4fbca7e9aac5e15806c4,0.6262092,1cbfb22f84454b1fb821b602e3ad11f8
b627c84048a742d292cc9adc0f36f58d,0.60891646,5a68e05acea4434ba08e17e1fff00057
ab90f505d58d4d94afa71bd0811469b1,0.6046354,80948e17b5694599919e1502bfcc08f3
26ee506b01f6447f8db3592bd80ed39e,0.59333,78b600dd53854b018f87267d268b7b1a
2c2bd31efb4543d08c60180fb6fa21a2,0.5890342,1d47a696eae94bd29f215a4787b27d8a
662a6fe9ae1b47f5b598c9d0ff7ad784,0.5884988,640f3bd184b7425fb22cc7773b8b2244
0b7bef4f00bf42b0ac6d5e824b04daa3,0.58378386,903360099fb644b6b88c6edac88eecb2
fdfc870c19de4b5e99b1b3cdb4acfa39,0.5821764,a585d23fe43f459ba86ac15645af77ff
3d76459228604351a61361bb4e50f836,0.57285035,faaac88748714ce8a99413b952a1dac8
eaab6a29e5cf470dad7b0b66bdfa71f6,0.5715796,1216ce1ef31e4643bb1222538c206342
0a6d5cd06af2452ca1b3a4657d9e0767,0.5715487,d331012ecf0c40888e0ac290184f0883
17d4b37e6cf045b691ff88ff7ec2d5fa,0.57134175,85e7ea30890b456084b8e85c299c8649
b7a481f7374140f98117d92683d80c49,0.56947714,855b3971c4a147cfb9a7c281fa6b915e
b92da6fa48d248779bf06eaba1e7a2a9,0.56437933,f615619defc4402b82845090c238e597
98d13339052248b0b3c45e976da3acf5,0.5629467,3257035cc77946d98bdc09e2fdd5cdae
64e8bc2bd44d4328bac29a1ed2e655bd,0.560113,8aadcf7251724cc6858dc0db44abebe3
2b4fda504eff4531832d7897265ba39f,0.5591433,d79afb377f5349a69830b2b4c7cfefcb
569c47730fc949f7a3971473e07d0f6a,0.54682904,678725f8b914453fbc1029b7c1bc0879
f792d5fbc00c47c59ce1791351c39504,0.54081905,1fde4c9a01f84c349461083b6d0ba9ed
5b578482d6cc41b9a12382c724e9e19d,0.5400175,d981f2c67f764e0c84af125b563958e9
347c303d1b5c48f9a21e9432327258c8,0.5395752,27eee82d7fb94b9b8b60bd3101187496
b001beeb0d384d448ff9383afc5ad45b,0.5371047,c0cb721b56f240dabf7f464e453ef72e
acf1a040f09440e7b67e2b901b3b1583,0.5344417,cd56b9a044c24df8a7156f661cb3d9cf
c12ab02c4bac4b91877f10f42eb704dc,0.53210133,3b13d134762445cebcdbb02b484db77b
405e667675254ffdb3e8cb25813e586a,0.5307487,e456afdf95e643dd926249fec4d68753
957566f2fe9f4406aa561e32617baa00,0.528093,4aa3556b2aed469584c573868193a07a
3407ed3eb6d4426bb50ced20b862de96,0.5140158,8f285540a9394706bd6ec6cda46c5058
43d1998f5950428d94f74e0f6227fc3b,0.50458145,92d5da561f5a41bf929f3555a74cd653
492d363c9d8b450da859bd06f06cf687,0.5039348,ff218cc7835d4b5ba0de22792319050a
7736e2c1dbab4b4c904c42e51fd17759,0.49760187,640f3bd184b7425fb22cc7773b8b2244
d6db57dd12dd48adae78eb66e24cd991,0.4968701,cb85047b65f8468aa02744c28c075dbd
a22926b3ca894e6c80de0e172a46f36a,0.49115807,9170e0bb8fe44b309f83293808d871fe
28f694942751431c839fe1d22e753e1c,0.48799652,7cd1db4b50dd41e6b2f3dd15fcab3b89
1d6f4b84093244e6915c8d2b03d11912,0.48322737,bade01bd83ec4b6786fd8c867ca7a090
ef7e074ee0664115b08c5b98bc09f83e,0.47577202,efdf40eee13d409c9955e5b84e4408f6
7360c15d3abd4dd8a5af35cc13c48b1c,0.4699092,89597084b19c4902b073a2c6c6622456
6f8c1d69a43c4848bf3426c02ae5b938,0.46879423,f9fae977af2c4f35b29400f31267e170
d7c1791491584b2984bbcdbc178299f1,0.45998126,691a538d2372403fad2b919b48ff5f85
0623d83a061f449f86d03b34bcacd314,0.45846152,e456afdf95e643dd926249fec4d68753
bd9ad9e73d3d47e6bc36d0072d5d99bf,0.4552865,3be388c9ab614bceb086c19f70df23c2
0eda051895d044f3a592d1d0098e8f01,0.45461524,2a9658410614443d8a27ef174f61d6e8
bfc3042d6d684128b937f9d9878d4eaf,0.45436692,f036aaf4ab714c598a0b6da4ca604136
7b5270f3124740838e60c375f3003665,0.4532174,691acac4a54d450697afb2c2dc4fca09
8195fb97514a48a7a6eddc58be5d8f37,0.44614822,691acac4a54d450697afb2c2dc4fca09
e8d0fd5309724c1cbb4da8f5c55ac9f4,0.44578046,4696c8192576454f8684954bc771aa23
7975ca7b6008414e8bab9d135c53eb59,0.444437,a926df6d7fcf4b17b68dae6f41fbce66
fcd13888ea3d4c2cba9cdbf3a7d2bbdd,0.44430506,b2be859ca8f24cda86821d5383edbc18
503e10935d8945e8b7552e9f83309667,0.44174325,efdf40eee13d409c9955e5b84e4408f6
5ccfffd900a1434dae33727030983cc8,0.4401414,75b0bd2240a54f6fb45bf95ca43ab5e6
9c33f1dbb3ce4d8f9a3262e5fbb55cda,0.43373144,779d7c2bad1940c8a861451964e1ce01
45e4e8abcc7d41019873e9cefcf22239,0.4229712,01690d9b08164fcabd5bf0819754f71f
2d78b8e319a04caba78f81308c489ad0,0.41683227,5a26ae7959494fef99542e9b2004fd11
790d3e003e2545f9822873e830615360,0.41640484,ad289d5052264f9c8bd0aaf9faace92e
3ce8d2e955bf406c8830f97658207859,0.41071463,8f761e1117754656ac86a3a25f241cd7
707f6646366145df8e5402888ac28325,0.40598574,779d7c2bad1940c8a861451964e1ce01
3bc9e7189bd1419081f54d35e956639e,0.38648582,b8ca3b6144cd48208caae952e096e7ae
a4f6bb74f2654c17b04bb3fe4c05fd91,0.38368937,d74f6e7abeb84eedb9923dadb62f45f0
48a75cdc09f54f0e802424e74e850008,0.37572825,6d3c42356e3b459c919e3129ff192ac4
bc3dcde96af9406186e1b5eb3b8af798,0.36891294,4696c8192576454f8684954bc771aa23
4b39ba0bb2e54f72bf6cc4c7832b3841,0.36572832,fb709e29755b44988bb252c87a2ce2f3
a3693333d6ba432295feae73fcde2dce,0.36520252,bd35571850644321b86ce4fae286ce7d
48aa588059cd4883bab6da96a75c16b9,0.36413205,aa2d7a3a535243189492d4ce8e79c049
4bb46186bb5347c793ef12b4397ebcd6,0.36234242,6a33c207c8b648f680dbd0e65639ef04
7ee89cd6d6774885a024ad9e8abfda35,0.34782895,3257035cc77946d98bdc09e2fdd5cdae
020f53a16c0047f9a592ac5126da2ccd,0.3405336,4696c8192576454f8684954bc771aa23
2ecb2538a079498991304b0864fbe039,0.33899134,e456afdf95e643dd926249fec4d68753
6eeb265798ed440e9feda4d09e043bf5,0.33493537,156f393f7ca046299e09d05464afa056
07c0659266c446b4b413362a241214b2,0.3239299,e7d6747e8c8b4ebcb665e232240daf17
43286efab53f465da28a9d31716d392a,0.32005322,09fc9f38fbbb4bfaa1c979ac9cc43f0b
96a40dc922f94bc78c39fadb8ecbd263,0.31822026,b7ef0a61de0e4adf9688b2c525c9ad09
cfa58c9270cf4b82a9a79385be571a83,0.31511116,6542f58c143446f280e88a6375ccf79a
c81fde53a5804d74983247fb14718050,0.31028947,bade01bd83ec4b6786fd8c867ca7a090
a202212d6ad9404fbc16c60a7fc73ddc,0.30116093,fb695c097d5845c282f6b30c241e8cf2
546369a62bd740beadc07cd40b6e758e,0.29632568,a926df6d7fcf4b17b68dae6f41fbce66
7243a107cca54629976980cef4591fb0,0.28634953,1b4e143cfc1648a5b877d7445446366a
6776a4646460462797dc83573d630d14,0.2857932,156f393f7ca046299e09d05464afa056
e1373920ccf54979ab678e62eb165c60,0.2795405,b2be859ca8f24cda86821d5383edbc18
c0e006372bab471897981e28cf25f546,0.2794135,d4cd0b56b6f54e08aec8ebfdb6122c5c
4185600f230d4b21b2e32c2d85caa90f,0.27759182,75b0bd2240a54f6fb45bf95ca43ab5e6
b575522bfda54d4d83e55ab89262a216,0.2704733,6a122ce1702646db918266228d48bd08
64310259af8e430b8a9577093b411ada,0.2694342,6a122ce1702646db918266228d48bd08
aaff66d83c1441cba7531bde3e46f124,0.2637366,1216ce1ef31e4643bb1222538c206342
5db16d2af83a479d85d0755051ccebb6,0.26313603,b25fe3b79f714d38b3fc53e39fd84d36
46d21d8ab5eb41a080233ba04192b3f6,0.26027083,d576e334105247369362b05a375e88cd
45fc0cc071f44aa5a4f55b6521959f82,0.25349092,7a4c413f5c844796bd5ffed2b65f0336
32b499158c154bc2991b5799962d9b5a,0.25327826,2425086d8eaf44d2a9519f0e4e6b289a
ed96d522f1d74dcb9a41c80634f5abe0,0.25058985,d0a840820172465f83c8480d571e7b71
3420154012cd4b5b993f16f000a9476e,0.2463612,1216ce1ef31e4643bb1222538c206342
57c53927cc0942b7a012edd211993b5f,0.24397528,27eee82d7fb94b9b8b60bd3101187496
1c8f15d98ac3471fb966536a1bc8e9e6,0.24310973,f036aaf4ab714c598a0b6da4ca604136
174e16d27164468ea679a619b853b1a6,0.24047494,e96aa0967ab94368b381354e03dc40ad
78fff51240e14352b1fae67b59be4cc2,0.2366823,58f53c379f7a4868a2ba6d91a06247d2
ac99786a858b4fa2a4aab5dcdd49d652,0.23148403,6a122ce1702646db918266228d48bd08
71938515de5a4c74929e6fa8edb97420,0.23120356,c9e2e76e631c4d0a8013d90892350e06
0681f461c4ad4ee699a843df5ab30607,0.22953284,dc58564d0c8540bea4f3e2e3696deae8
96a715a174b74274ad9ad1ca752169f8,0.22817037,6c8a24653ef04f559b88e0f27c0df63a
1db0071ef86044f094e7faa2720a4ca4,0.22413966,d331012ecf0c40888e0ac290184f0883
f185dd7af4814c9e83eb8e679837ee60,0.21870077,4430d47e30904eab969c1baebca184c0
fb7510f9799745e8bb2d730dafe50aa4,0.20942628,e25b9d9944cb4d7197efb8ffc4ff57a1
1e5b95e7ca1a462588131ff25c545f32,0.20595846,80921378de2b4cd3a14d449688d8b079
9b5cafae0dc14e9ba24b5c6db5381eae,0.20289215,23066f7964874fd39639dbf2cb2766df
ee1746342f304912aca6d1956f95bc68,0.20071888,eb513691b7a04d31ab1bc50bf343447b
5c189d9231904498a16870be4936df4a,0.20013148,cc21026ff0d541909df56c5618d28518
0d47fb068dda441b9e8f8f7bf704d553,0.19461271,d4cd0b56b6f54e08aec8ebfdb6122c5c
299ada2bc5ef4534ad5e0b1b7d10e457,0.19207066,e02ad4f63c8444b79a7a56fb23a4e0f1
7119bcd6ffec46a3b428819c202e431e,0.19045627,257aed6ca7a44f1cb5c664beb1be527b
75bd7834bfba42a0824a1918cd04b829,0.18786913,c8b9a0ac7c214a449c434aabdf6ef770
977e35ba2148438f8189a592de1705c0,0.1842984,e7d6747e8c8b4ebcb665e232240daf17
d02c0b31ac9a428fb46248742eb502fa,0.180096,e7d6747e8c8b4ebcb665e232240daf17
a89278348142457886434482fa366f57,0.17535163,e25b9d9944cb4d7197efb8ffc4ff57a1
11bb2992a06243158ef845965bbb79ec,0.16270971,efdf40eee13d409c9955e5b84e4408f6
d404db290f094f2f9dc6ffe54216308f,0.16202784,564a84b1b830407e811bcfc7fd086a6f
48ac74f9b05a4b4da78a5f6497555631,0.15306997,a0fe3cd34e474c3b90662ce8ef1fcac6
08b73196f2c24757b7a87419ad378a36,0.14379197,8aadcf7251724cc6858dc0db44abebe3
656745a4e33546768385d4e040d0fb52,0.14269638,01690d9b08164fcabd5bf0819754f71f
d8ea4ac9525840edbbf19a36ad957e31,0.14045846,d4cd0b56b6f54e08aec8ebfdb6122c5c
efd4bc5be92d4f7abb7c4bd8c19423a2,0.12913203,74e7db4222ca4a20811199afafa346a7
2b87269c561444308fce933186cf6042,0.1275712,0ebc441d25664c91adad96b570270f07
0d0b25a05a4148d2b15c4f2ac11010e6,0.12718645,b050e9e1ef5946c297a34dda98d8f476
43de32fcef1548dbb9d856b138ecf429,0.12689757,7a4c413f5c844796bd5ffed2b65f0336
b344c4448c13473197e3c11682c4096e,0.12443133,3257035cc77946d98bdc09e2fdd5cdae
6c8cdd6141244ba1b62fee70292cc68a,0.12094745,b4150337314e40fb9e3ebb24514504a3
ddb7ffce794746d1bcc1cbc3747fcac4,0.117038965,11ec23965d2941d0817082107996ebbb
d2a4c950a6244d788c3d60d371b154f6,0.11689162,fd51f3eef1a64d9a93652be481bde32e
78c3087265224b479cfa12716bcf1599,0.113067925,27eee82d7fb94b9b8b60bd3101187496
55cd7fb3f7fa410b973c972dc5f4b757,0.11291133,c88be17376104f999b914a91aebf7220
45f6671f9fb64495bc585555e3b8e55c,0.10682821,257aed6ca7a44f1cb5c664beb1be527b
1f125654980e402e84e676e3b1c1db15,0.10678905,73e7e41e8db447c09cb2363d76556c64
041c8b8571254958916a2b21a2e98516,0.09453243,3257035cc77946d98bdc09e2fdd5cdae
05074ae1d6a64faf8736a89264404087,0.090001166,e492ff7fecf046a4948c5ba5631cdefe
f68b3be7e23c4f86addba549e41b9077,0.08770025,9b22c5cdbff44bdabd48dba008e6a3b2
da809b1c982e47e48ea951dff1120841,0.0861425,369fe18b94f54c98b554fd22b4a3b50b
a10fa0e95314472f9c5d9f4695a8391c,0.08323735,74e7db4222ca4a20811199afafa346a7
38407a6caf584c85afd497d9bcadcef7,0.08062287,75b0bd2240a54f6fb45bf95ca43ab5e6
1d2cd0bb5b1c471ca10d1eea0ef9b729,0.07997382,c26f5e7dcc8149f18f3d719bba9ae717
abf8b91082294675ba25ab35c659daa7,0.078641534,09fc9f38fbbb4bfaa1c979ac9cc43f0b
f9858ec6cc4e424aacd697295e8cabbb,0.0691427,ff715b4f228443e3b067c801250f3402
7c44128ff20b427f8ee22047fba9882b,0.068336576,1f8c0f02984e4139bf8043e57497fdb2
fcaf0031ba12457ca8cd515c95fea22b,0.06654863,bade01bd83ec4b6786fd8c867ca7a090
b4d2f62738d84adba1b5809481bab602,0.062069178,fe6ace599de44aa19b1773dad3658fee
3d87a00da06642ab94224dffed6c2ef5,0.057145596,c9e2e76e631c4d0a8013d90892350e06
b386bdd20171436f9c420013263490da,0.05546999,78b600dd53854b018f87267d268b7b1a
43584afca09c4071adba01dad786c329,0.05452442,e492ff7fecf046a4948c5ba5631cdefe
bfd311fb1c224274b98d99f84e3cf150,0.05270362,d42996c2b67443fd9b73bba7641d4f77
1fa5b671cd0d4cb39567f651ef001e97,0.043581545,7cd1db4b50dd41e6b2f3dd15fcab3b89
b8cc82e2dd7b4ef9932f2377c1bf9e53,0.03851539,6a33c207c8b648f680dbd0e65639ef04
17b5e130e0444402bcedf9400cf07aca,0.038021624,e456afdf95e643dd926249fec4d68753
a5b36f9c26ec44639e19ecba64ad7063,0.037170053,8a77dc665d8b4d95a0b1113522f7e9c3
3ce3c6c49a2b43c3b683ec91e9657341,0.035037816,d0a840820172465f83c8480d571e7b71
898b757291e64b7b982221e0a86dea5d,0.028239727,e5692bd498004d32934fbaa05af2120d
9f6d414fa64347368d119235b14b5cbc,0.024240732,fb709e29755b44988bb252c87a2ce2f3
70eae43486ba469e9dcabff502a498ba,0.023656087,11ec23965d2941d0817082107996ebbb
52f16fa757624404b9d43dfe2885697b,0.023358285,09fc9f38fbbb4bfaa1c979ac9cc43f0b
1ca76b297f0e46b1ab22a8cd94230582,0.016233087,27eee82d7fb94b9b8b60bd3101187496
6bfef081f7a9453399f6d98d6cd01f60,0.014378011,1f8c0f02984e4139bf8043e57497fdb2
59f932ea796043fdba3c19bd87389e96,0.0032360554,58f53c379f7a4868a2ba6d91a06247d2
d65ec9584a074f8494467734378fc499,0.00086283684,d0a840820172465f83c8480d571e7b71
