b8052a41b1ca486aa8d1d4fd870dda88,5.3787394,64fa5ce839ef406b9bc8a1b2f05094c7
2ca1d4b5568b484d92ce254f17374b6f,5.2909794,d79afb377f5349a69830b2b4c7cfefcb
451c5024a60b4f45afcd2f388601c16b,4.925829,640f3bd184b7425fb22cc7773b8b2244
6f19ee43f25e4a01adfde430ceb68864,4.9229455,9303b9f7f4984b2dac8aeba8c8da8ef6
95d68b07aaac48c4a61e5fd5175885da,4.859163,bf59502a233e4b5eaff9cfa3a992c387
7c79c3280c0f45a693fefbeb30bb648d,4.7337804,3be388c9ab614bceb086c19f70df23c2
9d91a50f84cd42d999f13adae10c4a0c,4.6840286,bab3bdc133384798b558f8fb6466a7fa
e89166577a8e4c1d9c4025a06e1d5a24,4.6679893,a0fe3cd34e474c3b90662ce8ef1fcac6
4c35694f60f94daa9e2cb35e66d8031f,4.6415205,f11f1682b5924181b047d757d3e20964
2e9806470e994a85904d3521b5fddaa6,4.5506516,5a26ae7959494fef99542e9b2004fd11
7e7a88a994dc4039b1e34409009b8f84,4.469413,e27d9425c912446e947fe53c4a757375
7f01bceb5689442b8a024b4596c8a11e,4.3917,34b71675a1ae442395b6eb1f3eda23df
44ed303d7bde4629ae56239936f499ec,4.3888693,1af4472b38cc4304841b2f1720075c9d
12b4b13d49b64b55ae65fe00960c4711,4.352939,6a33c207c8b648f680dbd0e65639ef04
73cc10e747ca46bba886d9939cc3b768,4.3212457,691a538d2372403fad2b919b48ff5f85
1f8623bf930a4fcfbd914e784354ca2a,4.319056,f615619defc4402b82845090c238e597
ec947b46f577485bacac003c668ee2b8,4.2929144,d74f6e7abeb84eedb9923dadb62f45f0
71c46776d0a0400f9f919d0c3e578755,4.2127233,e25b9d9944cb4d7197efb8ffc4ff57a1
93851d403349407996bba1dfd7457f79,4.2005663,057164cf4aab45ebbefef3409359cfb1
a3693333d6ba432295feae73fcde2dce,4.11185,bd35571850644321b86ce4fae286ce7d
3723741c22a347c7a622bec61ab94d3f,4.0967655,64f1d63a671d441d9663a783f632f794
8a96af0f20f74b209326dd750c56a2f3,4.0735226,0ebc441d25664c91adad96b570270f07
d098bf81d2e34d868f274370a0a39716,4.064932,fb695c097d5845c282f6b30c241e8cf2
5b6f7847212340cfb461967cbfd411f6,4.0517135,0f9cc12519eb4872af7be7fe49e19f59
9555747543024d518645fa84d0dbac94,4.048782,369fe18b94f54c98b554fd22b4a3b50b
932fad47da6c474ebd763a0249ad22cd,4.0050063,f9fae977af2c4f35b29400f31267e170
c0701f4c6a8e41a8a7df573b4abbe04f,3.9921763,b4150337314e40fb9e3ebb24514504a3
e212caf6ce0045358ab77835c78ae98a,3.9679134,7ce06191f1114b4c8a00609f6867761f
6cfe829d301f463ba1bc66d1c8087b0c,3.9574482,e25b9d9944cb4d7197efb8ffc4ff57a1
fc06ca8216b146f1811dbd89c4518c42,3.9429219,6a122ce1702646db918266228d48bd08
bc216861a2124a6b9cd42cda34629f7a,3.9396877,257aed6ca7a44f1cb5c664beb1be527b
f52e6b02fcbe40089962449e4b4968db,3.9360137,cd60a0fcac24465a880af7d8f921dd68
c61e43ceb2744ddda2e531aa77f3c6b2,3.8475735,c322b788813745e0aa7b592b4345d379
9126864790e8431db0440435469417cd,3.8415117,7ac9c94011924c09b47f9640211885a2
863e6e460e12403393c97a12e6ce92f1,3.7500072,d0a840820172465f83c8480d571e7b71
b7ebc3098f284cdc8a70c21862a74b00,3.7373374,73e7e41e8db447c09cb2363d76556c64
9d9d4a9695414746b71566692311e57b,3.6914303,cd60a0fcac24465a880af7d8f921dd68
ca6f0e18c75849428e7dbe14c1403841,3.6587741,c26f5e7dcc8149f18f3d719bba9ae717
775b2092579349f6877cebb751ba7f11,3.6568477,9b22c5cdbff44bdabd48dba008e6a3b2
9c5692d8cfcc49f5ae1d1eb4577cee70,3.644476,acee70abee2841c9b67b95e9ed079647
58150298bebd4a7a81085018c220ca49,3.6317587,ad289d5052264f9c8bd0aaf9faace92e
f854f94037cd4d678dad33c5ee4d0dae,3.6313076,5a68e05acea4434ba08e17e1fff00057
f17e080b2680401da91c350fa7e9cfa1,3.5993967,fb695c097d5845c282f6b30c241e8cf2
66f2b56505bb4a009232e327041bcff4,3.5744257,5a26ae7959494fef99542e9b2004fd11
e862a12dcbc4446cb1bfe03570cc7b44,3.5639794,7ce06191f1114b4c8a00609f6867761f
8ef2aba44c3c4a85a7499fcc0cf28ff5,3.5466566,e52a528036014db0a7bd54b99a310fe8
11626770763040b882ab69e58caa67bb,3.542428,903360099fb644b6b88c6edac88eecb2
865e99466009410e82a3a9daa7d34d29,3.534143,dc58564d0c8540bea4f3e2e3696deae8
68f3223d477e4e1cbe3830412674f8f4,3.4706526,ad2b6fb945714e6792c17bd49a1066e0
3e7d386674184d34bfa0757dab4b3681,3.447333,700f381f40ce4b039ce0df8b49fb199b
b4606932b1e94119b460652c11647413,3.420783,1d47a696eae94bd29f215a4787b27d8a
1a3959ec40e24329b5c36ae3d8bd148b,3.41779,d443e0c5017d48d1b3f86bf4da959ed5
f4398da2a74044829b4f7bd0808aec82,3.4005892,6c8a24653ef04f559b88e0f27c0df63a
c8e075e8f30e4586ac075d59d5be938d,3.3906937,fb709e29755b44988bb252c87a2ce2f3
d783d92ce7464edd930cf3e6a5a3ec9e,3.3855476,5a26ae7959494fef99542e9b2004fd11
701ea34d0faf4b558956b1af3863b503,3.3720963,acee70abee2841c9b67b95e9ed079647
65b7a423fc92497086fe55ce3a85dd55,3.361849,99142f1c07cd4782814f8c970eaaa40a
7e4f7e1030bd4e0d9be72f6761ea3def,3.3448555,77a8b27acb0e4600bb6ff974eabc269c
0d281c2568314e5eac84aab63872e81c,3.341892,4430d47e30904eab969c1baebca184c0
a1940599db974ded9752d1567b236c42,3.3275156,c8c201e25c0047a2ba9d9e8541ac0939
4afd31c733874e938dea46b7c0843f2f,3.306638,e52a528036014db0a7bd54b99a310fe8
1f4dd46f7d93406e9b1fd33e5a2a4158,3.3062313,a1d8cb16dafd4126922f985021e93631
3827fc528c674ba6b4b692725d257a11,3.3030374,1cbfb22f84454b1fb821b602e3ad11f8
9da0bc8ceec24ce7bac851ca1fc67b5f,3.287607,d6fe6f8380464e21a27fd69de27f1f57
c8edf9162b024bcbbab1b1a81987a40b,3.2850142,1cbfb22f84454b1fb821b602e3ad11f8
b36e14c403c746758111d5c51809e382,3.250824,b2be859ca8f24cda86821d5383edbc18
77303cd1aba44c3abccb823ad3006b47,3.2401726,903360099fb644b6b88c6edac88eecb2
8b1f6fd1fabc4cb7abbd5a7a2ed0cac9,3.2204144,156f393f7ca046299e09d05464afa056
6fdbbc8445214d81aef5fc22b3f4e9bc,3.2157574,c26f5e7dcc8149f18f3d719bba9ae717
886b1cde3d0e4f1db12bcb160b6f357a,3.2078001,0302e7dde9074dddbbbdf85e9be57901
4ef4c104173e4986b5ea7a85d28d9330,3.202224,983940e0b12e4186a281c36de657406e
e046c26587cb42afb43672bc7895ec22,3.18809,9303b9f7f4984b2dac8aeba8c8da8ef6
3b065dc23322478a8128f0322c8d0678,3.1833901,8db9e204b8b841df8fd94eff0888cdf7
58f93c38cc65487492ae04fd498f436b,3.1814141,fb709e29755b44988bb252c87a2ce2f3
8b1eb206468046df8b8c19637b250996,3.1736782,89e43b092c844b5886a93091a22c894a
68a1587934b74c2aac31a790843f3b56,3.1645384,e5692bd498004d32934fbaa05af2120d
f31d22a46dc54bd7b4dbd9366f0304d5,3.1512885,2a9658410614443d8a27ef174f61d6e8
af1aeb26d52b41fea9c9af10f45c7bc3,3.1442485,7cd1db4b50dd41e6b2f3dd15fcab3b89
05074ae1d6a64faf8736a89264404087,3.134352,e492ff7fecf046a4948c5ba5631cdefe
d19e2961aa1846aea691337aa1f275e0,3.065578,faaac88748714ce8a99413b952a1dac8
e45e383a0b9844e2b5ea7eaea5eb9fea,3.058296,156f393f7ca046299e09d05464afa056
8e5a5214d8844be09dabddd5a39036e3,3.0568624,ec281224f8ee419ebde676f291672aea
6475f4fbc11942b8814094002d1133b9,3.053856,a6a551a308b9442f947ea0608ae2c3fb
ddfb9bf3e876482b994c7955230bcda9,3.0439246,5a8cc5ff28fb4359afc7e9fcbf3bce55
fa6d529498794d1f98deb51ebbb48d55,3.027647,89597084b19c4902b073a2c6c6622456
6b5d194c37f14e5d89385ae747199cc1,3.0030293,700f381f40ce4b039ce0df8b49fb199b
512d51a776a240e1b495922587e2bbba,2.9759345,a926df6d7fcf4b17b68dae6f41fbce66
0c915913c66d40f6b77e2491b30dfc9c,2.968224,a0fe3cd34e474c3b90662ce8ef1fcac6
6983a79417f9490ca7534cc0b9e72978,2.953917,4b748d6624144214b3d8a80b37aabde6
59faf734dccd49c39c471b705bbf90a2,2.9263346,cb85047b65f8468aa02744c28c075dbd
3477cf6029bd4abb97d2bbcc6c11509b,2.9242425,1216ce1ef31e4643bb1222538c206342
9cda69694f9945cda4d98d01dfa6bc79,2.9214244,7cd1db4b50dd41e6b2f3dd15fcab3b89
3fa1b0de6d4c416189e62ee40264edd1,2.91748,e27d9425c912446e947fe53c4a757375
4fb27ec50c5a44b9a81d230f845e3047,2.9109094,75b0bd2240a54f6fb45bf95ca43ab5e6
f745ccee7e2340918079fa1ec6e0e29a,2.8931212,7ab29c5e2f05481d8a69cc479a764ee8
64310259af8e430b8a9577093b411ada,2.8920772,6a122ce1702646db918266228d48bd08
8c4f8ffe681a4951928e1444bf4947d6,2.8869092,fcc9863b07fc4bd5a01fab5b9160eafb
cc88f1f679b3441cbdad8db36097e960,2.8753357,e25b9d9944cb4d7197efb8ffc4ff57a1
f7d9f745835a44c4a947a141f080ed24,2.8732557,c0cb721b56f240dabf7f464e453ef72e
69669e9f88dc43b68dda6126c27675ca,2.8651202,e039a00eae414ebbb2205b011ac127cf
15d3499d1d4a4168b863a75b7e0b7e8f,2.8589153,e456afdf95e643dd926249fec4d68753
78ba6aa176c7496d85a6fdee9dad62f1,2.846259,fe6ace599de44aa19b1773dad3658fee
977e35ba2148438f8189a592de1705c0,2.8368728,e7d6747e8c8b4ebcb665e232240daf17
8505b6622aed4fb0aeece7e02c0fa748,2.836407,4aa3556b2aed469584c573868193a07a
e750dd4744fd4421bd2387f0ec80c5aa,2.831776,f5a6222612ef406b8f02aef87e08c476
73bf5efa54504a0186bd7a13def281d6,2.829578,bab3bdc133384798b558f8fb6466a7fa
41d559a45180411298adc4fbea7618ca,2.8219788,de9328bdd1b34adda74a0363ff0a52b6
44e0859420c4441d8b2eab856c4e010a,2.8212025,f0695d7e59d64941b510a3d12f801d59
e16ea80e38c340678ef8f73bb189fa64,2.8200397,cc21026ff0d541909df56c5618d28518
c6b7ad3591e84b359837e00aac91e82c,2.8001091,6a122ce1702646db918266228d48bd08
b7e96cbc27284100ad9f3ea6005e3af7,2.7664983,34b71675a1ae442395b6eb1f3eda23df
757730e7c0414b47ba2a3a52768cdb3e,2.76221,630edd9b8f754b5dbd36cfbbd03ccb51
de34f2e7e9ae4380a242b0f09f1716e6,2.7576382,6aaae524573f477f8fdef0b83787cbee
e42fa7d6b7134c18be1ea6c41a504057,2.749699,650afb6a1d054e59904a1b796552eb04
d89a3137737e42bc94b53fd641bd17a4,2.7440364,2768d411cc374a018a898f9df0ca207d
f99339dff24a46dea0ac6862299d7024,2.736692,1cbfb22f84454b1fb821b602e3ad11f8
3a824fd4eb9c426291f1b6fadad0d90e,2.7307174,fe6ace599de44aa19b1773dad3658fee
187dd510c41a49f4af9d4c4371e98953,2.7094667,b4150337314e40fb9e3ebb24514504a3
4c8ffe2f47284e42af52b98aeea87fb4,2.7092373,89e43b092c844b5886a93091a22c894a
99a4beb62cd744e5842541fd8cc9f61d,2.707798,678725f8b914453fbc1029b7c1bc0879
0414265ccf0d4dd59c98749d24924fe4,2.7071939,d27cfea4da8f445fb4e3c55e53c6482c
9267609a976547b19a2cc08683835f4e,2.7011042,257aed6ca7a44f1cb5c664beb1be527b
277c71d0965642b2b592f9a48534fee7,2.691726,c8c201e25c0047a2ba9d9e8541ac0939
fd66e1095a8d4ed89af26eb4018a0c00,2.6914098,3b13d134762445cebcdbb02b484db77b
98a56450793d4447a21350dcb38b80eb,2.6819265,efdf40eee13d409c9955e5b84e4408f6
70d4373544a8407086d520841c1eb504,2.6810997,7c1e02f3ab614e539ac901e5cd3c92d8
b34eaaea52614dfe82c2df09e4121948,2.675498,8a77dc665d8b4d95a0b1113522f7e9c3
8ece6e92c7c541a2b5f597b12b7e0f92,2.6631913,82b01998353e4141a7613fdc96d7b600
dff829b336b64da68408d78fc0580c38,2.6612365,e45844e0215f4a1596a7f9ac41367c46
fa4aad3a76ce4c019895b7d73d8b496d,2.660145,e5692bd498004d32934fbaa05af2120d
f9f15f3fa87e4ecb852682898d5c2044,2.6583736,9b22c5cdbff44bdabd48dba008e6a3b2
2090b42e4121433892402ab5724a805d,2.6556263,27eee82d7fb94b9b8b60bd3101187496
be07f7c09f5c40da9ebdc231520afe90,2.6435096,cc21026ff0d541909df56c5618d28518
79ac90f7c3254209afc09b44172a29d3,2.638455,c8c201e25c0047a2ba9d9e8541ac0939
70aba94871d94cf5b2d7e950982cbb8f,2.6384304,e45844e0215f4a1596a7f9ac41367c46
2952ebe55f624860922615014214deb1,2.619207,88dc23909eb4415aa39b96cc3a4c2926
1068628f10b7400aa4e87b04d24fd803,2.6098301,3257035cc77946d98bdc09e2fdd5cdae
53487bcf5c684dd2ba470bf89947f7d2,2.6014788,5971501b0e8b4ef5b203c3985d7f5e88
0b7bef4f00bf42b0ac6d5e824b04daa3,2.5964699,903360099fb644b6b88c6edac88eecb2
37a0d209e50848efb76d08c3f22eb3bd,2.589394,d576e334105247369362b05a375e88cd
ba4278aa214b4c66a8da0220e99b2014,2.5859637,fcc9863b07fc4bd5a01fab5b9160eafb
8ffbcfeb411843b2bd6e513ae284b232,2.5828485,00f45d57fd3c448d8cfdf3185ebae894
e064b22a3b0a424498be0599ec51b26d,2.5522268,1b4e143cfc1648a5b877d7445446366a
87097861fe6e492abd016be0dba27ec9,2.5500062,9e304a9bbc7b4c22af8025fc93757357
65c8efd2131b447d90bed385eeeb91a0,2.5439343,a25b08e008114c9ca0266ce3e55d82bb
92048547bb5d4e79856a1c872a2e018b,2.5429292,01e805bb5a1845a7addf86fe9bc8d814
3bcea4af010844979851dffe0c194e96,2.5398316,0ebc441d25664c91adad96b570270f07
c27914b906234330b9a6677788aab658,2.5358863,89597084b19c4902b073a2c6c6622456
61bbbca9959242abaabb21b01f9f40b6,2.531456,526ab7eda50e4a239d03ad505832d61d
b6564d12e54b4e09a41d57e66159df56,2.5234952,a6a551a308b9442f947ea0608ae2c3fb
e20a7ed561e1414ba269129124fa8186,2.5230563,f5a6222612ef406b8f02aef87e08c476
a5d7fc13c59d4aef8d24e5d15dfc363d,2.5181212,4d708e5878784386a42c2f436d2d60f0
237d880c4172486781ba355b82ab8600,2.5159683,e96aa0967ab94368b381354e03dc40ad
5d2dcf398cf24f1fa650c7f0c8035ffa,2.5157757,d27cfea4da8f445fb4e3c55e53c6482c
a72d6ed397c64fa7ad1aeb46a417fa4e,2.514644,8a77dc665d8b4d95a0b1113522f7e9c3
5f9f73f06c024e65a85b3c9298c426cd,2.513777,d4cd0b56b6f54e08aec8ebfdb6122c5c
05c94abeee1e4897a6b14e8c36542ab6,2.4963236,5a26ae7959494fef99542e9b2004fd11
ba4441ee87f14d4ab951a01cf5035eb9,2.4922576,7ce06191f1114b4c8a00609f6867761f
963dcd06789246059d5a6ecdb28e6321,2.4888356,77ac5eb4b3054ca68e2b0dcbd5473fd1
96cfa510415b439da48aa661aff3500b,2.4844854,1d47a696eae94bd29f215a4787b27d8a
da3ca57a5b8943839227341c423ae8f2,2.4811587,e02ad4f63c8444b79a7a56fb23a4e0f1
e99926e33dcd4f4082308eff2e38da35,2.4729223,88dc23909eb4415aa39b96cc3a4c2926
9c74b02f802b41bab45bd626251e1d88,2.4709754,4b748d6624144214b3d8a80b37aabde6
0b35c0eab3ef4062bc3e184951a22fa9,2.4669123,80921378de2b4cd3a14d449688d8b079
b386bdd20171436f9c420013263490da,2.4663146,78b600dd53854b018f87267d268b7b1a
98d13339052248b0b3c45e976da3acf5,2.4522476,3257035cc77946d98bdc09e2fdd5cdae
041c8b8571254958916a2b21a2e98516,2.448367,3257035cc77946d98bdc09e2fdd5cdae
790595e600c949459cfe2629a30f5371,2.4373515,4430d47e30904eab969c1baebca184c0
606a301239a6472ea371152fa2029fb6,2.4338672,75b0bd2240a54f6fb45bf95ca43ab5e6
b4aee6c48c214408b310c9c345695420,2.4267702,5a73e0a5c757410eb0928feed7b151c8
ee3555240e534ffc880818cf7f848c8b,2.424844,b8ca3b6144cd48208caae952e096e7ae
1f14295a03ac4251b24ccf3a74772f55,2.4146042,257aed6ca7a44f1cb5c664beb1be527b
fdef09f89c644db89a91442b6889f7b0,2.4124312,f615619defc4402b82845090c238e597
d7cad8025bcb4868a7196c152770ab3d,2.4107041,fd51f3eef1a64d9a93652be481bde32e
c67274e9cb5b41b18336fa05f437c470,2.4101348,9ff95d23c3284d31ba5e398afa520649
7d4bb63bd91a4617a40be8165b7fc9a6,2.404882,7ac9c94011924c09b47f9640211885a2
53a334f932ed437db303f19b0f6ea7b4,2.4028578,99142f1c07cd4782814f8c970eaaa40a
de89bc23ccf04f3387bf242e269f4ea3,2.4027562,c322b788813745e0aa7b592b4345d379
e63f3979515d466faa902d724344014e,2.3980446,b050e9e1ef5946c297a34dda98d8f476
f023a1ec2a5e4947a0c66be38c5f67b2,2.3962514,7ac9c94011924c09b47f9640211885a2
beaee44c26404f84a56c0c185b5bf1be,2.389337,e96aa0967ab94368b381354e03dc40ad
c1904c9ab6bc4ae5b4b364ea1f24b7d3,2.384212,7a4c413f5c844796bd5ffed2b65f0336
5dce93cb07464f0db845af41bf878604,2.3809903,acee70abee2841c9b67b95e9ed079647
d51b249d11a44ae699cd4e2854b00d4a,2.3699083,4a4eb12a639346b5a00557d54b51fe51
ef3589381bb34e74bf3f0f4479614d70,2.363813,1b4e143cfc1648a5b877d7445446366a
669388a30d174fa48b59092d2b8770cc,2.3523214,a25b08e008114c9ca0266ce3e55d82bb
b5f4e559a70849b2943f3967cc08b56e,2.3464243,3be388c9ab614bceb086c19f70df23c2
780486c1076b4c48a2e7b01053d328cf,2.3434548,46bfd7af0ed6491fa621350963d11e35
ba7add48a45e4ff8947f8a846082bf48,2.3406367,4d708e5878784386a42c2f436d2d60f0
32b7043aedf94f65af81490dfccc8b7a,2.3344316,7ac9c94011924c09b47f9640211885a2
1946e52260f34a0695c378112d6020fa,2.3312516,1af4472b38cc4304841b2f1720075c9d
da548115b6564ca69d846f3ea8615b6e,2.3255916,e96aa0967ab94368b381354e03dc40ad
735faaf6b07348a2a4d4cc31c8fbc021,2.3250494,640f3bd184b7425fb22cc7773b8b2244
cb30b65c95af402290d013cc19a01632,2.3227286,0ebc441d25664c91adad96b570270f07
dbb7cd57e11848d399a156605f0f11c4,2.3120902,17cc6768c9d14388b7455fea0060b62c
7de183d0b5f24efebfc15ae35f4b0fc3,2.3029838,73e7e41e8db447c09cb2363d76556c64
d5491c8b5caa42bfbce7ed937032b28b,2.3014965,46ba0b979a664c7cb0c315c4cde6ac86
569c47730fc949f7a3971473e07d0f6a,2.2902253,678725f8b914453fbc1029b7c1bc0879
f40346321e624c7caf2e7586b7254203,2.2869754,2425086d8eaf44d2a9519f0e4e6b289a
00ba0de9ca0245ab8489ffd199e84c92,2.2859175,7cd1db4b50dd41e6b2f3dd15fcab3b89
28cae44de1fa4e56a10eb13b57a78668,2.284683,c0cb721b56f240dabf7f464e453ef72e
78c3087265224b479cfa12716bcf1599,2.283195,27eee82d7fb94b9b8b60bd3101187496
054f93d33d7e494d8ddd2e57a8e4dd62,2.2771654,46bfd7af0ed6491fa621350963d11e35
86584226e35e4eda9eaba4e5fe495984,2.2644825,6a33c207c8b648f680dbd0e65639ef04
22fbef34478f40bbbd083e12595903b4,2.2608485,de9328bdd1b34adda74a0363ff0a52b6
4fb63b6f9f8a48dc921c53a21d354a0e,2.2585325,73e7e41e8db447c09cb2363d76556c64
8c178f61ba134a9a905810910eef239a,2.2545145,75b0bd2240a54f6fb45bf95ca43ab5e6
96427260d7a740dc8e8abb4b879ac84d,2.2540717,4d708e5878784386a42c2f436d2d60f0
252a2a3078134eb8876626820c9ca8aa,2.2528358,1fde4c9a01f84c349461083b6d0ba9ed
d2b5f8ef9a8a42058f879a4e41d8d02c,2.2518442,b050e9e1ef5946c297a34dda98d8f476
c60349b6f8454e529aa85264c412eb2c,2.243944,77ac5eb4b3054ca68e2b0dcbd5473fd1
d9b3a26c8de14ab4ad2a779d31b4f01a,2.2430267,a585d23fe43f459ba86ac15645af77ff
546369a62bd740beadc07cd40b6e758e,2.2368991,a926df6d7fcf4b17b68dae6f41fbce66
dcd792ee5ed44c18908c70bc295d64d1,2.2302682,6a122ce1702646db918266228d48bd08
fba706d6c465422cb8a6944bb92f5b97,2.2270381,d0a840820172465f83c8480d571e7b71
a1ea6d619e4045668556cef7645bb76b,2.2195148,9ff95d23c3284d31ba5e398afa520649
b9a2d4a31cc74336b4c66e880ac51f1e,2.21668,fe6ace599de44aa19b1773dad3658fee
9993c4c8576c4a6cbb5cd12592fe9e72,2.199548,11ec23965d2941d0817082107996ebbb
b1574b190fd242e9a0cf3b489caa91e4,2.183848,75b0bd2240a54f6fb45bf95ca43ab5e6
298a7ef0260542fb9aec7190927220c8,2.1824396,bd2f91a9415049d980e453f94327e0ce
e2b879e36e484b0992165829229529ec,2.1688242,27eee82d7fb94b9b8b60bd3101187496
1b136bc276a84642874e1a5427cac81f,2.1676333,e7d6747e8c8b4ebcb665e232240daf17
c0f5519b1d3842a68611736d9c0e5c9e,2.1528516,01690d9b08164fcabd5bf0819754f71f
8f66f54b48f64293bbb1f369f41ee3c2,2.1458352,6c8a24653ef04f559b88e0f27c0df63a
312939eb59d541dfa7df51991a32d5f6,2.1428404,f615619defc4402b82845090c238e597
d37d23786d3f4e90977fbe2a3e5be556,2.135905,85e7ea30890b456084b8e85c299c8649
091380ee73214c408bde7f510f136c4f,2.1308434,c8c201e25c0047a2ba9d9e8541ac0939
726d313084b349baaffae4f209998766,2.128461,b050e9e1ef5946c297a34dda98d8f476
7e7b0eca4a964ddbba6f2fe892340895,2.1270547,c9628610053945f4a7998ae48cd70da3
130d36b77a584c7da24a4cfeb3a00f62,2.1178002,e25b9d9944cb4d7197efb8ffc4ff57a1
4aeb82ff294e4be9be97a1aee9698fef,2.1166224,e456afdf95e643dd926249fec4d68753
d163c4863d9640b8b9610decb9ae92ff,2.11406,bade01bd83ec4b6786fd8c867ca7a090
9e85ec108ce944f69e9225fd35831464,2.1081555,156f393f7ca046299e09d05464afa056
28ff28dc16ac43ad9110f26f13aa339e,2.1066303,c9628610053945f4a7998ae48cd70da3
81c6d98619c8406bb519ea26c477b3b7,2.1044295,d9fbe02f04a4469dac855f69ea6ad02a
01f344e8e895424eaa3251d134512cf7,2.0981553,f036aaf4ab714c598a0b6da4ca604136
7002381cfd40489ebf699ce239f95dd0,2.0972466,d0a840820172465f83c8480d571e7b71
253d404216244e3e8c298eef54b7424a,2.0949779,d74f6e7abeb84eedb9923dadb62f45f0
525962b8d45849bf83483c6f246cf7b4,2.0912986,e039a00eae414ebbb2205b011ac127cf
8058721caad34d58a7ddae70e71c3f9e,2.0893917,c9e2e76e631c4d0a8013d90892350e06
b1d8d95b89ff4347aa88a86b33c0e524,2.0892074,c322b788813745e0aa7b592b4345d379
f83685b1d7eb4bb2912f5e7358584feb,2.088372,691a538d2372403fad2b919b48ff5f85
266d75addc654d52968c8c67300f73bb,2.0882332,e5692bd498004d32934fbaa05af2120d
869ede3e68734644b841477bdcecf1e7,2.0813704,1b4e143cfc1648a5b877d7445446366a
c67c378aa42248cfab4b61e502027a8c,2.0765736,9e304a9bbc7b4c22af8025fc93757357
e449398fb3714ef39cfae0e60e4b3fd1,2.0630739,34b71675a1ae442395b6eb1f3eda23df
c8d0d1f2df5c4b2a8eecdd2acc610a85,2.0601754,e25b9d9944cb4d7197efb8ffc4ff57a1
0de5d39510de4443a35bdbb6b6b2c2fd,2.0531158,7ce06191f1114b4c8a00609f6867761f
722ce5c8bc4f4e07b309329bddf66d7e,2.0476909,80921378de2b4cd3a14d449688d8b079
2c5c1b245a194f81a943ef372c580853,2.0317082,01690d9b08164fcabd5bf0819754f71f
da58e0684cc34833a768589a2ab19e46,2.0251315,b8ca3b6144cd48208caae952e096e7ae
8e454bf7a3e945bfa6efeac4dcd2ce92,2.0247207,c8b9a0ac7c214a449c434aabdf6ef770
3febcf126f0f4f8585113e1917eed33e,2.0146503,1fde4c9a01f84c349461083b6d0ba9ed
7b77d3c7e5fe4d2abc10ed7f00ad4e1f,2.0105264,ec281224f8ee419ebde676f291672aea
cb70763b642a49e48c7e66689f180efb,2.0093193,0ebc441d25664c91adad96b570270f07
dd86feab056c4c7daa68ee078e171302,2.0080662,8db9e204b8b841df8fd94eff0888cdf7
af733079cdf649cd95e030d070b603da,2.007059,903360099fb644b6b88c6edac88eecb2
a545f38de45e4870b398a90fe9c5cbbd,2.0000823,257aed6ca7a44f1cb5c664beb1be527b
e4c05db0326140dd9c48a8179a3fb6ba,1.9947897,02cf82700b4f4773af3a14ad8eaa5270
acb93c3b67cb4fc8bf222a8468b2b6ed,1.9907849,64f1d63a671d441d9663a783f632f794
0c3b7a4e78f94de7ab1a415503097c9c,1.9904467,ecdae9f36c6a437ea72739febbf1c89c
0186efa87e364652a49460c2436f11da,1.9878155,ec281224f8ee419ebde676f291672aea
b575522bfda54d4d83e55ab89262a216,1.9848583,6a122ce1702646db918266228d48bd08
071079b5a0494fe2b01b0dc5399d8089,1.984019,eb513691b7a04d31ab1bc50bf343447b
d7f295b3018e494d84b29f498ac03fa5,1.9814863,46bfd7af0ed6491fa621350963d11e35
003d3f2fc0d74fc58746a9d38d310d8a,1.9787067,6b9b2c8f0a874bb8b6691aca6bc49565
0a8f26e2ff5d462b97d23238e36ae72d,1.9715332,cc21026ff0d541909df56c5618d28518
a48cffbae43148f292d3a78837fbd4ca,1.9697661,efdf40eee13d409c9955e5b84e4408f6
3d76459228604351a61361bb4e50f836,1.9678826,faaac88748714ce8a99413b952a1dac8
f2b48599b4e942a098c9a2fb280c2525,1.9667466,7ac9c94011924c09b47f9640211885a2
b24046864bc341499137c0e4a5d92315,1.9433106,82b01998353e4141a7613fdc96d7b600
e824774b41174da8a1c495885b348626,1.9428592,e492ff7fecf046a4948c5ba5631cdefe
c674a30eca94429c91ef5e7bfd2d9f24,1.9416636,c322b788813745e0aa7b592b4345d379
112c929868df4d8fa0428f2c3cf17e3d,1.9380147,ad289d5052264f9c8bd0aaf9faace92e
5df786def0874c84a4a9878f379009d0,1.9379554,92d5da561f5a41bf929f3555a74cd653
c7d1e88369c14b5bbfe40bbbe31311ae,1.9341073,cd60a0fcac24465a880af7d8f921dd68
6e651760ac2e4377abd5ff9ac4b8c9f0,1.9275789,d9fbe02f04a4469dac855f69ea6ad02a
9de5dee9dd8a425fbfb5e0c198e653be,1.9155363,e492ff7fecf046a4948c5ba5631cdefe
5f67168bea6646a69c49dec78942dfae,1.9144903,fd51f3eef1a64d9a93652be481bde32e
ba2103e1cad442ec881f2b0d25c99bb9,1.9138296,46ba0b979a664c7cb0c315c4cde6ac86
662c1dace3274fb79254a1e59f299ccc,1.9100204,7a4c413f5c844796bd5ffed2b65f0336
97c22deac29b43b8a2911e08c2aba299,1.9077725,0f9cc12519eb4872af7be7fe49e19f59
eead86464fcc47c9a4330692646f0973,1.9018164,1216ce1ef31e4643bb1222538c206342
126cac1063d947f1b6b54ce7d54f2c68,1.8998606,e96aa0967ab94368b381354e03dc40ad
69ac3d3d408a45fda23c327ed1f2678f,1.8991793,1d47a696eae94bd29f215a4787b27d8a
f913fbb165604ca09fa3b9c547ab4d04,1.8988376,5a73e0a5c757410eb0928feed7b151c8
7bccbe2abf334b329b400531be6a3be7,1.8973562,d443e0c5017d48d1b3f86bf4da959ed5
25f901ba444c47eab6b03184191a3151,1.8956065,4b748d6624144214b3d8a80b37aabde6
ec9e443ba4a94ce1b32501a817565a6b,1.8895158,c26f5e7dcc8149f18f3d719bba9ae717
1e3ef31d6bdc469a89c1eaf71cbead2a,1.88941,e5692bd498004d32934fbaa05af2120d
e1373920ccf54979ab678e62eb165c60,1.8893852,b2be859ca8f24cda86821d5383edbc18
c0e4b6d0b4ac4f978868636d7675e345,1.8802288,e456afdf95e643dd926249fec4d68753
387e43ce9c334938bbfe0ae8c0419ead,1.878784,bade01bd83ec4b6786fd8c867ca7a090
266024fef71d4c25a73f93db3af86fa7,1.8757302,46bfd7af0ed6491fa621350963d11e35
db9abde406b849d59dadd9330fa873dd,1.8534954,d0a840820172465f83c8480d571e7b71
12b45c8ab28a4361a016608db99cc91a,1.8522246,01e805bb5a1845a7addf86fe9bc8d814
c7cad58f831849a6a4f0f9cbccb2f458,1.8465083,fe6ace599de44aa19b1773dad3658fee
42c545ddf97e457a8ae47f8f1229bec7,1.8458165,80921378de2b4cd3a14d449688d8b079
00b97e3bd70241758022cdd5d10450a9,1.840875,fcc9863b07fc4bd5a01fab5b9160eafb
b9e0a43c19a04981af4a6dbf15166196,1.838468,aa2d7a3a535243189492d4ce8e79c049
9bc0b7a878a34cdd97666a27e60314a1,1.8372554,7cd1db4b50dd41e6b2f3dd15fcab3b89
f5abb68eab244fe38e79be186719a8d8,1.833563,369fe18b94f54c98b554fd22b4a3b50b
63c3f37ef5c1455db7914313f0e0be1c,1.833277,64fa5ce839ef406b9bc8a1b2f05094c7
b513c98d376b4102a9119d959aa7ebfd,1.8318464,d6fe6f8380464e21a27fd69de27f1f57
57c53927cc0942b7a012edd211993b5f,1.8261694,27eee82d7fb94b9b8b60bd3101187496
fbbfaaf2bc764120a3356650c7d62219,1.8232337,2768d411cc374a018a898f9df0ca207d
a2be1094a2d64ff78445a42b82c28a63,1.820909,d74f6e7abeb84eedb9923dadb62f45f0
9fb8c17411204358aa87dcf800bd36b4,1.8208085,bd35571850644321b86ce4fae286ce7d
fb4a9db6c94f4a49a12fa4071706242f,1.8206056,f0695d7e59d64941b510a3d12f801d59
ef7e074ee0664115b08c5b98bc09f83e,1.8176109,efdf40eee13d409c9955e5b84e4408f6
f503f17338d443e6a873dd091898a5b6,1.8121531,855b3971c4a147cfb9a7c281fa6b915e
fdc1732f54e34300bc77d7b4c38ec31b,1.8103831,77a8b27acb0e4600bb6ff974eabc269c
be220fecc0fe4c75a466c1f760eed397,1.8034409,3be388c9ab614bceb086c19f70df23c2
5a3e95d6f7e84750a9b090dbfef91f61,1.7975253,bd2f91a9415049d980e453f94327e0ce
4cf647a905be45e5b1b81a0559d834d9,1.7848933,fcc9863b07fc4bd5a01fab5b9160eafb
0effebf3021a4263bb46281f2fb33987,1.7787952,dc58564d0c8540bea4f3e2e3696deae8
6fb94e9ac58f4d9694f15b78affe4f02,1.7767985,34b71675a1ae442395b6eb1f3eda23df
0f94bc21c14143a9aa839de2e99bdecd,1.772238,7ce06191f1114b4c8a00609f6867761f
70a1cb72566e4c6fbe46c9b03b8a31d5,1.7687606,f9fae977af2c4f35b29400f31267e170
22831856b4ef4ecda0ee60656417b904,1.768299,0f9cc12519eb4872af7be7fe49e19f59
5ea4394d43e44b219a8390a0b54d2982,1.7680568,46ba0b979a664c7cb0c315c4cde6ac86
0ff31fb63a044ecba52ee62968e78be6,1.7647246,65664fb3aad341fab563409d91dddd2d
1c72a6a5b70a4bf08702aba29a63ead5,1.7600378,650afb6a1d054e59904a1b796552eb04
c7ddfc6b54294c34a4722f8eaa9b55b7,1.7533139,156f393f7ca046299e09d05464afa056
e1e6878707524a03864e9b83fb89345d,1.7511218,74e7db4222ca4a20811199afafa346a7
90d603d31e104c02a43e18ee6dfe41d8,1.7495613,e492ff7fecf046a4948c5ba5631cdefe
444cddd136524b8792db7fe1caeec69c,1.7362747,acee70abee2841c9b67b95e9ed079647
fd45ab2e058b4b5fb374e54e60aceb48,1.7353622,b050e9e1ef5946c297a34dda98d8f476
b06dc9c1726443b19aa4d4e118d8596e,1.7327863,6542f58c143446f280e88a6375ccf79a
8d0f508b17b140db934bc95a70c06411,1.7311351,78b600dd53854b018f87267d268b7b1a
d832897254e74ba4a5515e22654b2d04,1.7283553,9303b9f7f4984b2dac8aeba8c8da8ef6
11bb2992a06243158ef845965bbb79ec,1.7235391,efdf40eee13d409c9955e5b84e4408f6
383e7cf30f234aaf852e3f30de7879ed,1.7139182,4a4eb12a639346b5a00557d54b51fe51
60cfb02a92884acf8cbc7ea1abaf7046,1.7046405,e492ff7fecf046a4948c5ba5631cdefe
15af8d3a801645799a0656e8ff3c729f,1.7032838,691acac4a54d450697afb2c2dc4fca09
d2eed3a46ce744eab6ced2424b2593b2,1.7015793,d331012ecf0c40888e0ac290184f0883
5b1ed8f4a5bb43b59f972b95a4346c9c,1.6982894,64f1d63a671d441d9663a783f632f794
f6304923104f47d1ae9f82b7116051a6,1.6971781,6aba5a04ef8742a39d3a61644a5f0729
4a1eda64c5a74dc59c1ca7cc15a429dc,1.6946061,7ce06191f1114b4c8a00609f6867761f
b593c0100abe40c4a0204ad40b73080c,1.6900898,ec281224f8ee419ebde676f291672aea
3111ca7c585243e4aff0fad54c82a69b,1.6856818,836ec4ef8df644328ac07b7803709323
3b9a5aa10a7d4cc9b31122f2d4258ccc,1.6822214,b25fe3b79f714d38b3fc53e39fd84d36
73816ea484544387b7c1014e6b97b187,1.6798786,0f9cc12519eb4872af7be7fe49e19f59
61e6eab2c60042858ee62e5d01968ba8,1.679558,e039a00eae414ebbb2205b011ac127cf
05de4f46aac741bd81e6bb9133542716,1.6761415,bd2f91a9415049d980e453f94327e0ce
984975b63ccd4be48b7aa852bed6fc65,1.6574954,c26f5e7dcc8149f18f3d719bba9ae717
a2adf2cbae1441e3a30cb0ce1658be8f,1.6511242,c26f5e7dcc8149f18f3d719bba9ae717
d0f798b90ad04da3a8a192e16d0b1743,1.6484389,b2be859ca8f24cda86821d5383edbc18
9b18e72d85384d73bf3bc666ebd18aa9,1.6473709,f036aaf4ab714c598a0b6da4ca604136
7fea4bf4a0c24e2f84ca2e69e88529fe,1.641063,e25b9d9944cb4d7197efb8ffc4ff57a1
ad13a71eb5594e529ad80ed59082fe17,1.6401596,9303b9f7f4984b2dac8aeba8c8da8ef6
385af4460b5a436baece6ce3fa1cd423,1.6353445,6a122ce1702646db918266228d48bd08
01651322a4034bdba60434218dfeb79f,1.6335503,d6fe6f8380464e21a27fd69de27f1f57
174196604f504ed29027427608904003,1.620995,1216ce1ef31e4643bb1222538c206342
6365bc21f6084ccd8da4d5c6afb8b26a,1.615103,2425086d8eaf44d2a9519f0e4e6b289a
ad5f2cd68d6c448ba9532ff7665af2c1,1.6096388,1b4e143cfc1648a5b877d7445446366a
67cdfba89fae4e3896b9aebb4f52dae5,1.5999559,cc21026ff0d541909df56c5618d28518
727185eb6c4b40c7826be433f5a5d627,1.5964041,23066f7964874fd39639dbf2cb2766df
006744853c1a4bfd9d39aea6556c7be3,1.5953103,c0cb721b56f240dabf7f464e453ef72e
9ac0ff71215742d1bb1d294fd8b4e240,1.5923042,855b3971c4a147cfb9a7c281fa6b915e
4c0fd754fe344b9ba99a09a70be831df,1.5910468,f9fae977af2c4f35b29400f31267e170
5f47f156e8204f808cef8696d1f8920a,1.5901927,5a68e05acea4434ba08e17e1fff00057
7438e386a6a9468fad05b2507d9194e8,1.5814173,fd51f3eef1a64d9a93652be481bde32e
46328d405c424838a7c023c33af7ec2c,1.5813298,c88be17376104f999b914a91aebf7220
167939f1c55740a5bd8d235691475fc4,1.5802581,11ec23965d2941d0817082107996ebbb
7f1f5ddc758b4e929452c112c70911ba,1.5801885,7a4c413f5c844796bd5ffed2b65f0336
eb5fe491e3474e81865751ec9f52b3ce,1.5773423,1af4472b38cc4304841b2f1720075c9d
00bdb7919575484197d63d6dfc45bf9c,1.5762902,66b0c8a58f444ea0aec34d9403b88a49
43286efab53f465da28a9d31716d392a,1.5729594,09fc9f38fbbb4bfaa1c979ac9cc43f0b
d2e23fe1095249c4a12577fd6efe8a65,1.572491,700f381f40ce4b039ce0df8b49fb199b
06b4425d4dcb4aaaafb52063bd3af473,1.5707519,a6a551a308b9442f947ea0608ae2c3fb
6178ae89b15545f39f754e64a9283916,1.5645008,8a77dc665d8b4d95a0b1113522f7e9c3
edf32c81fa8c41f4ba76d882cc8f88c7,1.5636802,fd51f3eef1a64d9a93652be481bde32e
dd9bd5320911433f9d855d754095534b,1.5613908,4696c8192576454f8684954bc771aa23
07d706541ba64a5a860673ea0aff78bb,1.5570612,3b13d134762445cebcdbb02b484db77b
78c726c0af744ce0b72aeb59512d26d8,1.5548978,e52a528036014db0a7bd54b99a310fe8
5c6c691ff9a94d5e954977de26cd9cad,1.5508313,fb695c097d5845c282f6b30c241e8cf2
3f284acc005e4f23a2bdf5b45700c4cc,1.5507104,f9fae977af2c4f35b29400f31267e170
96a40dc922f94bc78c39fadb8ecbd263,1.5486978,b7ef0a61de0e4adf9688b2c525c9ad09
6f8c1d69a43c4848bf3426c02ae5b938,1.5383352,f9fae977af2c4f35b29400f31267e170
599db2cba5134f72b9cd514e41aa34ba,1.5367007,e5692bd498004d32934fbaa05af2120d
7320e14823a54b30b0a3fa3f42a01ffd,1.5364109,1f8c0f02984e4139bf8043e57497fdb2
cadfda09774f4983a79a1c20a77a7b6e,1.5350695,678725f8b914453fbc1029b7c1bc0879
45f269eb7e1044bfbd012ba2df2be6ad,1.5272219,4a4eb12a639346b5a00557d54b51fe51
34dd2bcde19344c69a51099dd39f23de,1.5243886,5a68e05acea4434ba08e17e1fff00057
38407a6caf584c85afd497d9bcadcef7,1.5199379,75b0bd2240a54f6fb45bf95ca43ab5e6
7e4c2a881ad24760b9775870c8ec426a,1.5183085,f036aaf4ab714c598a0b6da4ca604136
a5af794012384211a60360b6b1752339,1.5161214,0f9cc12519eb4872af7be7fe49e19f59
4207cafc0d1f4d50b76a0fe4b67edc09,1.5129288,9ff95d23c3284d31ba5e398afa520649
b2a24b751645419cb6e060319b510e79,1.5069821,cd56b9a044c24df8a7156f661cb3d9cf
8819510944174ce28e7b0d3e9d8c9fe3,1.5022907,691acac4a54d450697afb2c2dc4fca09
b7a481f7374140f98117d92683d80c49,1.5015626,855b3971c4a147cfb9a7c281fa6b915e
472240e1b5e84fdc9e2c3dc8c4ad8435,1.5009084,e96aa0967ab94368b381354e03dc40ad
deaec801f6344b9d9ffe289794354038,1.4994677,acee70abee2841c9b67b95e9ed079647
383851cf303e47bf803a3a00b6481efe,1.4923639,fcc9863b07fc4bd5a01fab5b9160eafb
e7484e33c0004b31996c7062d82f4819,1.4899757,678725f8b914453fbc1029b7c1bc0879
76d6bcc61c924186ac0c0cb384856e6e,1.4880157,ad2109663af04c549385cd2ab9b3283b
be9ab7f3be354f5c90bd15df7006776d,1.4726129,02cf82700b4f4773af3a14ad8eaa5270
bfd8d22a1f9a42a28b2a78c5e4323725,1.4700027,f615619defc4402b82845090c238e597
794516c691a54f63a105c96bf716febf,1.4679838,1c97c72e076f40fcadb22b17e71beed1
c00b77da1a6749149b7830ba636d7101,1.4648961,4a4eb12a639346b5a00557d54b51fe51
b9500ef3747d4220b748183372d8c2cf,1.4622024,f9fae977af2c4f35b29400f31267e170
551ec133b10e448a939d6f857cf1dc17,1.4614114,0ebc441d25664c91adad96b570270f07
63e22c9413454acc8c86fb1ec33284b7,1.4565125,a25b08e008114c9ca0266ce3e55d82bb
4eae669b05f642a98f2ee1b828c4807d,1.451117,fb709e29755b44988bb252c87a2ce2f3
369716c45312435faf4f35f7fa3ecebf,1.450922,3257035cc77946d98bdc09e2fdd5cdae
dd0e1c93929b4f4d8ade4c3f39aa91e2,1.4484783,e02ad4f63c8444b79a7a56fb23a4e0f1
ec6e7c2e584c4bd09dc91d1729c2c90a,1.442232,89597084b19c4902b073a2c6c6622456
c0278f41c00f4876a3c2c551dc74e70b,1.4404538,d0a840820172465f83c8480d571e7b71
5c24677a92364f97aada250f8acd8f3e,1.4366709,c8b9a0ac7c214a449c434aabdf6ef770
af017ad1aa9c48c490bae2aaba2f1029,1.4347495,ec281224f8ee419ebde676f291672aea
30bedeca60dd40b78dc5e6d52d6af8a8,1.4320097,acee70abee2841c9b67b95e9ed079647
fbffec6a21df44de80e049b741243c36,1.4285005,8f285540a9394706bd6ec6cda46c5058
b8cb140987104f8db7456d8b3ad57ae7,1.426604,e25b9d9944cb4d7197efb8ffc4ff57a1
04457b683e1d4eaf8e6a37b15f5d8aa8,1.4264247,700f381f40ce4b039ce0df8b49fb199b
d61fa8f9c09d4aef95f64f941a957c96,1.4243817,640f3bd184b7425fb22cc7773b8b2244
0cb422afc9b5409dbdc542e32e32d01e,1.4242432,965598a17b624a0f9bb1cd58595458a6
a40e1b69ce604c8198c2de59ad0c8b93,1.4194058,7c1e02f3ab614e539ac901e5cd3c92d8
2c5e568a58a646b7b291350b7145e317,1.4160706,88dc23909eb4415aa39b96cc3a4c2926
2f0bcda66cd34231b3a3822dd57f7f2c,1.4157376,65664fb3aad341fab563409d91dddd2d
80a892b08d854ed7ba82af259da76154,1.4131428,156f393f7ca046299e09d05464afa056
f2fe001a9caf435a9e440ed89e6b806e,1.4110563,f0695d7e59d64941b510a3d12f801d59
ad251b857ef3422398c3c3aa91f9c632,1.4092588,c26f5e7dcc8149f18f3d719bba9ae717
0a0d970d0884494391ed2a3bb2f00b54,1.4002879,92229a391d0b418f87b32c86c42a292c
7f2876c8100e4b68a311343853ebb177,1.3965971,19c9ac7b84df472c85ed6cf5a05fbbc6
583a781c0b984086a93f2f1c7c5f98b9,1.396275,f0695d7e59d64941b510a3d12f801d59
874d46cd1753457ab2d3b62ad0f3d867,1.3945946,75b0bd2240a54f6fb45bf95ca43ab5e6
405e667675254ffdb3e8cb25813e586a,1.393149,e456afdf95e643dd926249fec4d68753
0c2f43def73f4f3a89a64828f97dde43,1.3911271,a6a551a308b9442f947ea0608ae2c3fb
a879a1da30c4407aa84b5fea90b60f32,1.3888308,6c74bedaa406493a99988c5b8a47b704
d076d72caa2d4bff9470fe2409888904,1.3881161,88dc23909eb4415aa39b96cc3a4c2926
9c0fbba28fa24de2a7d3b5fff53b8ef6,1.384871,34b71675a1ae442395b6eb1f3eda23df
9123b9ef4c9d4fde932408d0244495f7,1.3840199,6d3c42356e3b459c919e3129ff192ac4
183908f894694011b40f78d80cbeb742,1.3793648,f5a6222612ef406b8f02aef87e08c476
580c0c6a3cd6416cb6654f177ff2498a,1.3782189,9b22c5cdbff44bdabd48dba008e6a3b2
195aaede1fda491bbf8495b564c9d001,1.3773403,f9fae977af2c4f35b29400f31267e170
705398996d6440bd986d3dfa47bb583a,1.3765738,3be388c9ab614bceb086c19f70df23c2
587a668f01694a1e847a97f47debb81c,1.3751827,37337ebec05640b890e4b9612776c32b
5a9a922465d14fc6b190a50e964695f5,1.3739346,6a33c207c8b648f680dbd0e65639ef04
26ee506b01f6447f8db3592bd80ed39e,1.3732302,78b600dd53854b018f87267d268b7b1a
c5487b5f9cec423b8ea3117173949a1c,1.373,0472051dc57d43f8b9dd08df475fc4a3
54189dfe90d2466b990b9dd0c5484606,1.3709854,89e43b092c844b5886a93091a22c894a
9c541c2079a0420298c16b25b87beee7,1.3657387,d42996c2b67443fd9b73bba7641d4f77
6a3f2a9e86ed4054acf8db2265158d6b,1.3636204,2425086d8eaf44d2a9519f0e4e6b289a
ca5e7f899c944d258e0fe020c844ccb2,1.3597288,e52a528036014db0a7bd54b99a310fe8
d8abdab9cd7145c19d33fe76e47d0c1e,1.3580444,31b69f9501c4415e929b6af28c83f6a6
953a07c9b67d487f9d6ac9b71b85dff7,1.354581,e9f055a212cd4e5e8601228c37713f35
744af08539fd44678fb92fe2cd3adfbd,1.353247,acee70abee2841c9b67b95e9ed079647
07ecb7f8a5f642e98200ac37c34425a5,1.3452829,0472051dc57d43f8b9dd08df475fc4a3
8c85184de9ce46bdbd65f38bd49612b6,1.3363024,9b22c5cdbff44bdabd48dba008e6a3b2
bbd851331a6a4da4b22326af57c9ea32,1.3352122,faaac88748714ce8a99413b952a1dac8
fdaaf6e004b04cb18e798331b9d9ebc6,1.3338461,99142f1c07cd4782814f8c970eaaa40a
d2d96f2a42674dfbab3101abbce904dd,1.3284086,a0fe3cd34e474c3b90662ce8ef1fcac6
19a8e983eaac433fb6e4dccab0c03fcc,1.319844,d576e334105247369362b05a375e88cd
1b6f4307fa4e42cda9018c5085947b48,1.3196352,66b0c8a58f444ea0aec34d9403b88a49
8a53841d512741f5ac2d49f75a83780a,1.3111808,bab3bdc133384798b558f8fb6466a7fa
f560f83f452a48fc84973544fe676991,1.3062322,257aed6ca7a44f1cb5c664beb1be527b
f1015462e69f41ea9a9c663ae07f13fd,1.3037359,ad2109663af04c549385cd2ab9b3283b
e35fef892ba84f8cbeb63132b6f7f094,1.3027263,4a4eb12a639346b5a00557d54b51fe51
246cbab9fb49461fab4520132d4fa1af,1.302549,a585d23fe43f459ba86ac15645af77ff
3391f84c6c544d63a18f7c2e8431fbe4,1.2985607,bd2f91a9415049d980e453f94327e0ce
14251437e9d7466c9909622c9fe454a4,1.2935098,257aed6ca7a44f1cb5c664beb1be527b
b615a0420b8b49d8a7153658ccbdd788,1.2903798,aa2d7a3a535243189492d4ce8e79c049
a4f6bb74f2654c17b04bb3fe4c05fd91,1.2861862,d74f6e7abeb84eedb9923dadb62f45f0
ced8e3adb0484f249ac865052953d5b6,1.282649,58db4c3a26c84fa68d81235d078208bc
7f23a0de3d6649fbaa67cb1b2dae2289,1.2821206,ff715b4f228443e3b067c801250f3402
52b9939de81d456e831c97f43e912728,1.278203,d0a840820172465f83c8480d571e7b71
0efa7128e7d54bb098c98a8d23fa4d55,1.2768991,aa2d7a3a535243189492d4ce8e79c049
9d11c4d6d3fd48a6886629be4969f055,1.273633,a0fe3cd34e474c3b90662ce8ef1fcac6
34e6f332d53646d38eb22993afc64a02,1.2727575,02cf82700b4f4773af3a14ad8eaa5270
2ae3d79e1c8641a9892ed31117156c0e,1.2702208,bd2f91a9415049d980e453f94327e0ce
3df0fa25822f457496cd93c2402bd292,1.2684757,aa2d7a3a535243189492d4ce8e79c049
b5db665a6be74d6d917e217bae5f59b7,1.2662205,21b1ded02d7b42618592187e287835a3
6de8d8e544ee4bc3b84a9aa3f56f4d30,1.26515,64fa5ce839ef406b9bc8a1b2f05094c7
0f7f319e6bfb4438a4746cfecb70a08e,1.2650279,855b3971c4a147cfb9a7c281fa6b915e
84e4c1bdea914f529a194f767629d1b7,1.2636238,2a9658410614443d8a27ef174f61d6e8
803ab31024764a56a2ac0cda5c79c69c,1.2579305,11ec23965d2941d0817082107996ebbb
c50c1d8eb4024bf080812d01310eb133,1.2573551,c8c201e25c0047a2ba9d9e8541ac0939
d18685a2ca8c4ab48ac9d9b824ce3bc7,1.2569115,983940e0b12e4186a281c36de657406e
ad016f4559a0419297dfc6da2a37349e,1.2549473,526ab7eda50e4a239d03ad505832d61d
882ef5ef88af445e9dede3d98a7dd8e3,1.2549003,9b22c5cdbff44bdabd48dba008e6a3b2
73d822e81eff46d9947b9854da4db52c,1.2546872,95fbc6ed8bfd43c1a6bcf676e26e7f8a
468609586ccd417ca9487c3c35ade3b3,1.2508668,057164cf4aab45ebbefef3409359cfb1
4ce3fea9e2ab48ac805aa7b46f2cfe73,1.2504677,2425086d8eaf44d2a9519f0e4e6b289a
745463c1ff2c43398a488057b94b7dd5,1.249532,8f761e1117754656ac86a3a25f241cd7
e919ef1fffb2496894c9769d7ce9aacc,1.2439213,8f285540a9394706bd6ec6cda46c5058
9e2872646e314b1f97e9cb135dccd315,1.2416523,92d5da561f5a41bf929f3555a74cd653
6eeb265798ed440e9feda4d09e043bf5,1.2399752,156f393f7ca046299e09d05464afa056
7901d858c6e44dea8acd99a79e378956,1.2360864,fcc9863b07fc4bd5a01fab5b9160eafb
9f3b0cd053d04311acf31077db03f489,1.2360094,cb85047b65f8468aa02744c28c075dbd
7e14c6fa40384f39be08ef7ac6b7deba,1.2344846,4b748d6624144214b3d8a80b37aabde6
a7e8389d66b049749ff42ecf8384fc99,1.2339704,ed9b10a2879742628fce003076ef9024
dc31ba78cf194fa59ae6ae94413ba0c0,1.2275501,23066f7964874fd39639dbf2cb2766df
b707dfaa86a540dd9c3fa75fed4a43af,1.223586,b8ca3b6144cd48208caae952e096e7ae
0a0ac8e04384494aa6efad6605bee67c,1.222858,cd56b9a044c24df8a7156f661cb3d9cf
47605d3a13c9403597c879e6825e3f45,1.2201223,77a8b27acb0e4600bb6ff974eabc269c
bd346d134e9046b592df35bc13397ab2,1.217943,0ebc441d25664c91adad96b570270f07
91467c6be29e4dd4bf681cc05803d081,1.2175231,c88be17376104f999b914a91aebf7220
55e30898427a472799115a2e014580a6,1.2138063,d74f6e7abeb84eedb9923dadb62f45f0
9d68d4254983475b9feb48e30494c9ae,1.2111683,66b0c8a58f444ea0aec34d9403b88a49
4bb93a70efe949939c13ce6a18678093,1.204665,77a8b27acb0e4600bb6ff974eabc269c
1d9521ba2b624c7aab43f311872c1d09,1.2019922,983940e0b12e4186a281c36de657406e
173d2968abb140d2bd3ad182500686c2,1.1966752,d443e0c5017d48d1b3f86bf4da959ed5
74ee886c358c466b93e307e28af9d52e,1.1960775,7cd1db4b50dd41e6b2f3dd15fcab3b89
c8cf5bb63c7849c79141e48f0b609996,1.1959505,85e7ea30890b456084b8e85c299c8649
4b984f558f9e4236b12f8875520bdebf,1.1860939,e25b9d9944cb4d7197efb8ffc4ff57a1
17bcb53a4aac4e2d81bba1fca7bcc69f,1.1827681,fcc9863b07fc4bd5a01fab5b9160eafb
c81dd22a150c47b8b83d8439c0024f01,1.182281,a585d23fe43f459ba86ac15645af77ff
020f53a16c0047f9a592ac5126da2ccd,1.1822321,4696c8192576454f8684954bc771aa23
64e8bc2bd44d4328bac29a1ed2e655bd,1.1777413,8aadcf7251724cc6858dc0db44abebe3
6fe5e86e29684922a7b66985a0abbe4d,1.1770264,c8b9a0ac7c214a449c434aabdf6ef770
a5e2a560340b491299c037bccbbf6d9f,1.1770017,3be388c9ab614bceb086c19f70df23c2
57dfde028e58407980d373eb21be8e36,1.1765467,965598a17b624a0f9bb1cd58595458a6
1e9c95ee032147a2aa469f8482bf5f9c,1.1752403,678725f8b914453fbc1029b7c1bc0879
63b43033779f4fd5ba6309fb8f1fb41e,1.1696854,7ce06191f1114b4c8a00609f6867761f
1cfa0ddd81a04ee1bcbf754e6c92c5d8,1.1687427,f5a6222612ef406b8f02aef87e08c476
70c5d0168ece4f13b8553e469845fce5,1.1682206,c0cb721b56f240dabf7f464e453ef72e
f8839308f8e84df6a185506e6f3f1674,1.1680193,e5692bd498004d32934fbaa05af2120d
8fd8f14d327f4037a26fa4bfed84f993,1.1676776,6b9b2c8f0a874bb8b6691aca6bc49565
3321422a798047078d258d49e7912855,1.1669359,6d3c42356e3b459c919e3129ff192ac4
e08d644c0950461e843595f14ded4387,1.1655918,5a68e05acea4434ba08e17e1fff00057
bb1d29d38bf146d882c0237285e635b6,1.1616004,a4cad92644614f78bded3ca6d6023473
211c5c1ee1d042d391296b95c6c95c66,1.1578014,cc21026ff0d541909df56c5618d28518
1dfeecb0d6cc4fd68f8fe7bddc5573f7,1.1574292,a926df6d7fcf4b17b68dae6f41fbce66
faf7544dd7fb43c5b63a56c55bcaafb6,1.1573597,4ad7e2502210436f9ca5735fdf7e50c3
6f57ca99a1e54968882b1a10aed416e5,1.1569598,6a33c207c8b648f680dbd0e65639ef04
ec892733179f48d7b907594ba63d8431,1.1548636,d79afb377f5349a69830b2b4c7cfefcb
52bcb0a99aff4ed18c8fd7fc24e687f6,1.1548166,7cd1db4b50dd41e6b2f3dd15fcab3b89
e248745a536e4547b843917beb8bc3ea,1.1544439,cc21026ff0d541909df56c5618d28518
f185dd7af4814c9e83eb8e679837ee60,1.1499822,4430d47e30904eab969c1baebca184c0
9542d0008f7d40028d37ffe95d4e270c,1.148753,a0fe3cd34e474c3b90662ce8ef1fcac6
d940c859c01449d2acaaa7b3fdf1fbe9,1.1468996,01690d9b08164fcabd5bf0819754f71f
bf4c4007f57a4055bcb4d820c06d7ca8,1.134635,d74f6e7abeb84eedb9923dadb62f45f0
e578d2ca90a241bcb241e65a62648a66,1.1339192,f5a6222612ef406b8f02aef87e08c476
2cd2c87b068749a492cdd369cb60ef9a,1.1327069,fb695c097d5845c282f6b30c241e8cf2
78f98ba4d60845a481387741d684c46f,1.1292808,e02ad4f63c8444b79a7a56fb23a4e0f1
7d741d7645a848d086367003b1d9a767,1.1279604,d27cfea4da8f445fb4e3c55e53c6482c
839527c5eff74e27a3dd2e5a9336cc57,1.1226351,c9628610053945f4a7998ae48cd70da3
87773e87aa4246ecb99c535106be1412,1.1174146,acee70abee2841c9b67b95e9ed079647
16a030831ce1413fa733f24b6ff28501,1.1141641,a585d23fe43f459ba86ac15645af77ff
85fe4ea28be0476fb41585de18435d94,1.1067789,8a77dc665d8b4d95a0b1113522f7e9c3
e9ffeaac65414a5fb9df90c528ca02f2,1.1053329,e5692bd498004d32934fbaa05af2120d
7b844c15f35e4db9b884e79c271e87f9,1.1038425,a585d23fe43f459ba86ac15645af77ff
e96f7d9a6eb04d7e9b3a01744c7f210e,1.1008245,836ec4ef8df644328ac07b7803709323
b32a35611f6b4eef9cfd102e5e72766a,1.0975559,b2be859ca8f24cda86821d5383edbc18
ee6aeba966504751952213ca4d85796e,1.0909978,3b13d134762445cebcdbb02b484db77b
48aa588059cd4883bab6da96a75c16b9,1.0866181,aa2d7a3a535243189492d4ce8e79c049
247daf33fb4d4fa993fd572025cb5166,1.0856942,d331012ecf0c40888e0ac290184f0883
91c1e818e83d4b929c7b35f910b68663,1.0833365,a25b08e008114c9ca0266ce3e55d82bb
700d97396d164429817cb71d0e1b313f,1.0821242,f9fae977af2c4f35b29400f31267e170
3e1186b551804ac0880d688f4ad41f5d,1.0799073,17cc6768c9d14388b7455fea0060b62c
8766cab3c343406587942ee9f9888671,1.0770895,74e7db4222ca4a20811199afafa346a7
8887992f6e314e5bb22217a98a5dc1d2,1.0756607,46bfd7af0ed6491fa621350963d11e35
09234512603c4025b0b0b863e285fb5e,1.074952,21b1ded02d7b42618592187e287835a3
41e25db024634f619358f3093d8df1e8,1.0742731,3257035cc77946d98bdc09e2fdd5cdae
45e4e8abcc7d41019873e9cefcf22239,1.0626565,01690d9b08164fcabd5bf0819754f71f
24a298b1f7cd4f74bdd60b6e1adaac53,1.0612992,d0a840820172465f83c8480d571e7b71
3b01fad04aad4fba95d40be77808d716,1.0575662,cd60a0fcac24465a880af7d8f921dd68
fae3e9acdc1c4860bb50119b70effcf1,1.0556936,ecdae9f36c6a437ea72739febbf1c89c
014b077427a84137a08055cd6ba1057f,1.0517049,fd51f3eef1a64d9a93652be481bde32e
8058d1c206ab4268a15994fd69f5d5d0,1.0505768,1c97c72e076f40fcadb22b17e71beed1
1f8a0f1ab6d94f46a1c669d409295676,1.0466793,d331012ecf0c40888e0ac290184f0883
b4e255878aac412187c87d835597242f,1.0456978,983940e0b12e4186a281c36de657406e
5ad95d0217fa4cccb9c2c7428bffd1f7,1.045571,8aadcf7251724cc6858dc0db44abebe3
613c069f276a48f2b4d203e4b49d44cb,1.0446888,fd51f3eef1a64d9a93652be481bde32e
d3e12207d56644628943a01c0cdd93ed,1.0429292,1216ce1ef31e4643bb1222538c206342
7138411c54ee4ddc9519ced57941eb3e,1.0423998,78b600dd53854b018f87267d268b7b1a
e263f6646da54395823572d53a7be6e9,1.0423486,58db4c3a26c84fa68d81235d078208bc
d6b4f4ad86b24c25967551b42462c386,1.0413868,d443e0c5017d48d1b3f86bf4da959ed5
16b26a25f49f4efa85d21e2a4302e506,1.0366323,19c9ac7b84df472c85ed6cf5a05fbbc6
14169e1048564c4689c2584a790d6696,1.0365665,1af4472b38cc4304841b2f1720075c9d
371437b76fbc4eeaa709683744e7ee08,1.0327481,e45844e0215f4a1596a7f9ac41367c46
0aa6a9108b584bbf8d7c94f8d1ba84e3,1.03217,691a538d2372403fad2b919b48ff5f85
0a18772678f04aad97501db427e8f725,1.0317237,d9fbe02f04a4469dac855f69ea6ad02a
c8a6cf1a44fb449b9f338991907da389,1.0244921,89597084b19c4902b073a2c6c6622456
6ef20b2327be456ebe9d47d6c015c659,1.0243726,77a8b27acb0e4600bb6ff974eabc269c
e95715a92c0a4c8292d8599a0c1a7dec,1.0231277,1543a2f94aa74008914301874d98f0f5
faafc7c371d240a29c764c0074231e6a,1.0162315,779d7c2bad1940c8a861451964e1ce01
e98cad653d89476483782ae1a239135b,1.0161523,5a8cc5ff28fb4359afc7e9fcbf3bce55
7831dfb1e07e43dbac524b0df5c28053,1.0142758,d443e0c5017d48d1b3f86bf4da959ed5
41f9870b0da34d88a3e68dd195a3e474,1.0109627,27eee82d7fb94b9b8b60bd3101187496
d2ed407fe4db4fa69c57cfa4bd7d002b,1.006847,8f761e1117754656ac86a3a25f241cd7
0f836960df064e7c96c2a78d865fd458,1.0034528,bab3bdc133384798b558f8fb6466a7fa
a3d947b7e3e3451bb473b1b5e22cca51,1.0030497,ad2b6fb945714e6792c17bd49a1066e0
00a23ea3107f484f84ca76a6fb313ceb,1.0019569,e9f055a212cd4e5e8601228c37713f35
8756c0e4eee54ca69baec75ff9c6f44c,0.9981436,17cc6768c9d14388b7455fea0060b62c
c6754ce8bf4346258c03509140eece37,0.99670506,65664fb3aad341fab563409d91dddd2d
edb63218ad374e72804e964a5ea6949a,0.9931153,a6a551a308b9442f947ea0608ae2c3fb
ab85f0b004fe481ebacaefa2d94bb656,0.98640215,e52a528036014db0a7bd54b99a310fe8
c873b341cab549d6be3c38ca79441d7f,0.9775568,b25fe3b79f714d38b3fc53e39fd84d36
b92da6fa48d248779bf06eaba1e7a2a9,0.97744906,f615619defc4402b82845090c238e597
20c77ed7406f451bac8e8bcd18b5187b,0.97103024,9e304a9bbc7b4c22af8025fc93757357
83be35bfce854dc48152629a9841375d,0.9707569,c88be17376104f999b914a91aebf7220
40d03471812c4f0398b4551b5f116068,0.9616273,fb695c097d5845c282f6b30c241e8cf2
7727fce048c74dfba9b871f0a6bb4504,0.95923054,e27d9425c912446e947fe53c4a757375
8e80b474643e48ac86e6d8e4a23c507d,0.9558639,77ac5eb4b3054ca68e2b0dcbd5473fd1
fa644cc0807d4d278be005d3e2f849b3,0.9542674,5a26ae7959494fef99542e9b2004fd11
9aca4f5f45944250973b5a08c3fa9547,0.9532267,58db4c3a26c84fa68d81235d078208bc
c44ae4a053bf47e5b9b2ee3ef8ae2b5b,0.9503982,ff715b4f228443e3b067c801250f3402
32b499158c154bc2991b5799962d9b5a,0.94824886,2425086d8eaf44d2a9519f0e4e6b289a
a2cd26a2e3b1415bb6c861ab0368b73f,0.9463446,89597084b19c4902b073a2c6c6622456
c3758e6612fe4a54ae862d91d26d805f,0.94587874,d331012ecf0c40888e0ac290184f0883
8de833e138ae4924a0cc47129cde2cb9,0.9457477,1216ce1ef31e4643bb1222538c206342
3cb482f381eb449b99a6b9b7707078b2,0.94281936,9303b9f7f4984b2dac8aeba8c8da8ef6
7409ac4ac3c944aca7a9965f2568766e,0.938086,5971501b0e8b4ef5b203c3985d7f5e88
fbf3e9aa77924f2397522f3e54f91d54,0.937724,836ec4ef8df644328ac07b7803709323
b187ddffdecd4cf9b139b97f1fe3695f,0.9362749,1b4e143cfc1648a5b877d7445446366a
408a26bfd8bd41529e7fa7db94cdae03,0.9325992,d4cd0b56b6f54e08aec8ebfdb6122c5c
4a6e09d6abf04c768a24fc91a2f17181,0.9323266,23066f7964874fd39639dbf2cb2766df
3427373bf8314ae5a87677132dc4874f,0.92496973,8a77dc665d8b4d95a0b1113522f7e9c3
9ae0dc25880a4b1ca67998ae29c63cd9,0.9243509,eaca056cec224a30aaaed30c39f644c2
1ca76b297f0e46b1ab22a8cd94230582,0.9218157,27eee82d7fb94b9b8b60bd3101187496
ee4ccba3df1844ce82f9731a2c019234,0.92056286,a25b08e008114c9ca0266ce3e55d82bb
a95afea2e8ff4cedb3e0f1aedf6efb9f,0.9159529,e02ad4f63c8444b79a7a56fb23a4e0f1
22c7e1d0cbfb4391813376493a8023d7,0.91472656,92d5da561f5a41bf929f3555a74cd653
ba86837d26e64a5095e50f614cebc183,0.9136851,92d5da561f5a41bf929f3555a74cd653
1aaf2fb4fc244f5ea6b9eb65d1183c03,0.91276,7a4c413f5c844796bd5ffed2b65f0336
16242654caa64a669f249360ac629e5a,0.91246605,3be388c9ab614bceb086c19f70df23c2
3741fd305b324ab4a29b14442af8f8ab,0.91140115,d576e334105247369362b05a375e88cd
6823a93202f146b282eb66b620ae592b,0.9049678,6b9b2c8f0a874bb8b6691aca6bc49565
136549c15f3f468ab2ced44ab70b0539,0.90344703,d74f6e7abeb84eedb9923dadb62f45f0
c0db9a38259c4b429eb66ba537ac8730,0.9032034,19c9ac7b84df472c85ed6cf5a05fbbc6
4b3202343ccc4337aa099b8a9e046db5,0.9031537,e25b9d9944cb4d7197efb8ffc4ff57a1
2d6d2f2089614469bda4b6e9b2b33678,0.90157646,bade01bd83ec4b6786fd8c867ca7a090
503e10935d8945e8b7552e9f83309667,0.90103304,efdf40eee13d409c9955e5b84e4408f6
960fbf15535f437db3b7e4614367c633,0.89915407,e96aa0967ab94368b381354e03dc40ad
4c2fc2033f15495485965dbc18d3191d,0.89799595,e336d113184c4ebdbad7aa2b6ec64640
9f44eb98cc5c4143a57358e733c1cb23,0.89632237,650afb6a1d054e59904a1b796552eb04
7771343be99843f58171d62a3f040005,0.8935291,e52a528036014db0a7bd54b99a310fe8
1dce77fb1e9e419d8977644f0d18fd1e,0.8905806,f0695d7e59d64941b510a3d12f801d59
21160fabb87f4b0fb849c04438771115,0.8872614,1af4472b38cc4304841b2f1720075c9d
73ef58ddfcb54d09ac1737fdccd62d07,0.8807399,9e304a9bbc7b4c22af8025fc93757357
15f76b93b94f4dfaa2c8b03a95b771e2,0.8804152,99142f1c07cd4782814f8c970eaaa40a
5491a19984a643bca536cb015e65adbe,0.8721306,92229a391d0b418f87b32c86c42a292c
f1ccf2ee3c3d4cddb27a2e081d844de5,0.8717792,564a84b1b830407e811bcfc7fd086a6f
2c477c4f58dc4ca1975569a1f34923fc,0.8667684,77ac5eb4b3054ca68e2b0dcbd5473fd1
43d1998f5950428d94f74e0f6227fc3b,0.8654425,92d5da561f5a41bf929f3555a74cd653
3c1c6d5089844fbe90e18a5fdab3bee4,0.8642525,8a77dc665d8b4d95a0b1113522f7e9c3
2b87269c561444308fce933186cf6042,0.86405295,0ebc441d25664c91adad96b570270f07
3420154012cd4b5b993f16f000a9476e,0.8621578,1216ce1ef31e4643bb1222538c206342
7522f624f59c4d74a8703781e00414c0,0.8620102,5a8cc5ff28fb4359afc7e9fcbf3bce55
c57df4a5798042df90a71b4c979df11f,0.8619118,c8c201e25c0047a2ba9d9e8541ac0939
242f18b8efb7402a9e394515b5294eb5,0.858412,d79afb377f5349a69830b2b4c7cfefcb
824e34ffddf447618c176cfb2577eb45,0.8550673,965598a17b624a0f9bb1cd58595458a6
b9135422e0ba43e19be118d0eaae294f,0.8542009,d981f2c67f764e0c84af125b563958e9
50be6a3978ef4b168a8256cb53fa7afb,0.85190666,1f8c0f02984e4139bf8043e57497fdb2
5ab1cd14b5304690a8f45e2bb5a92dc4,0.85188174,19c9ac7b84df472c85ed6cf5a05fbbc6
46f0f2692fe44c88963712d6f65f6dbb,0.8506856,678725f8b914453fbc1029b7c1bc0879
6770b085f8cf47ee9a162fa8fbac551b,0.8502751,369fe18b94f54c98b554fd22b4a3b50b
34bf626d6a87427281f80c0938fe0278,0.8500253,7ce06191f1114b4c8a00609f6867761f
0f1bdf98cdc7472282cb0375b87b3ba4,0.84963536,6aaae524573f477f8fdef0b83787cbee
c1c018ca07df447caa530adc78d76736,0.8451515,6a33c207c8b648f680dbd0e65639ef04
49b80615188d4680a95923cff4718e3d,0.8411078,8f761e1117754656ac86a3a25f241cd7
7fc16d6f92a847c29cf3367644e4e835,0.83542144,b8ca3b6144cd48208caae952e096e7ae
064ec184b18e48e18255745eb01a80f5,0.8347616,640f3bd184b7425fb22cc7773b8b2244
2ae6d89874964a38a8d1dadc9efeded3,0.83463407,89e43b092c844b5886a93091a22c894a
f5a036940f0b4b219a4903d8efd2cac0,0.8305321,5831f5e280be4c02a09ce4588b56d7f3
3bfce2ad291d4b7780e0e8b06d4283c7,0.8272232,6aba5a04ef8742a39d3a61644a5f0729
1c5c1558517e409b9358d9a48811062a,0.82663095,fd51f3eef1a64d9a93652be481bde32e
b5712ebb3754407989fd548033fcc3d3,0.8263396,e492ff7fecf046a4948c5ba5631cdefe
1ba49dc7eaca42cc9df60f6a9a04f11a,0.82516074,983940e0b12e4186a281c36de657406e
3f44a924107f4ecabdb619dac62a5931,0.82349515,5a68e05acea4434ba08e17e1fff00057
c75f0da05246416084af6447931742bb,0.8211813,650afb6a1d054e59904a1b796552eb04
206c38136fda4bdb97f8087fab551d1a,0.8199554,e27d9425c912446e947fe53c4a757375
6b56add8c1e8488e9e85c4085e0cadc9,0.8199145,d443e0c5017d48d1b3f86bf4da959ed5
e0fce1d752bc4668a62db48ad4b8de4a,0.81988704,80921378de2b4cd3a14d449688d8b079
94aeafd28e6749c09c57cbaecef9df80,0.81807154,6c8a24653ef04f559b88e0f27c0df63a
6f5ef9875cc848bbac020144e710e378,0.8177022,75b0bd2240a54f6fb45bf95ca43ab5e6
cb03a3e350c3487d9d636625b49d09a0,0.81743,855b3971c4a147cfb9a7c281fa6b915e
ac23b811505944319414d3f59b4b90ef,0.8068027,01690d9b08164fcabd5bf0819754f71f
a0e3b8c54d2747bf93d30efbd15a8fb1,0.80584985,4a4eb12a639346b5a00557d54b51fe51
b627c84048a742d292cc9adc0f36f58d,0.80534965,5a68e05acea4434ba08e17e1fff00057
b68aafdc6e7b4188a9506c869f83ae96,0.8042734,6a33c207c8b648f680dbd0e65639ef04
a66dab00c6184b79866a0fe90c090db0,0.80288124,65664fb3aad341fab563409d91dddd2d
0077d17ffb254c86a11e301042f915e4,0.7949176,0ebc441d25664c91adad96b570270f07
eccc933299ba48deadc3fbeb6ca6ffea,0.79347074,37337ebec05640b890e4b9612776c32b
b25c125f6fd14177920e7f609ea6f819,0.7930262,66b0c8a58f444ea0aec34d9403b88a49
7257f3d3f31a4d5ab6a872e4e5886111,0.79066,e52a528036014db0a7bd54b99a310fe8
96c624bf03614499b399bfbb431f5b98,0.78275144,6c74bedaa406493a99988c5b8a47b704
646d3b40f16d41d0952ee2bf74fff6b3,0.78154916,eb513691b7a04d31ab1bc50bf343447b
0785e71626c6454dadadc8359e1f696a,0.78020144,640f3bd184b7425fb22cc7773b8b2244
d167d4759915411bbe1bbe1051622883,0.77742696,4a4eb12a639346b5a00557d54b51fe51
e2b6403a2141451a9febd997a026ed2d,0.7765434,8a77dc665d8b4d95a0b1113522f7e9c3
ab6c85b8074c4edcb7f8d568b142ef98,0.77615064,1543a2f94aa74008914301874d98f0f5
b0cf2cbd50e3496996a7e649063dc127,0.7730515,8f761e1117754656ac86a3a25f241cd7
0c553973fbe042a7af2110e0a2fcdddd,0.76453257,bd35571850644321b86ce4fae286ce7d
b260e27f99814dfc9434f7e4b50702ac,0.7630874,057164cf4aab45ebbefef3409359cfb1
91c0f6c693104690921ae87324e06692,0.758383,73e7e41e8db447c09cb2363d76556c64
38f1d87fba9e41ce91c3db2733f683f5,0.75369465,a0fe3cd34e474c3b90662ce8ef1fcac6
6555bb324c1c434ba6f2beb761ab8f1f,0.75218076,80921378de2b4cd3a14d449688d8b079
d64dd5997016472488972a82c8d2148f,0.7489051,b25fe3b79f714d38b3fc53e39fd84d36
42b1aada557b48a0989c6a1c05378299,0.7477382,17cc6768c9d14388b7455fea0060b62c
c0860e1ee41347ae81ca7fee69119dc2,0.7471796,3257035cc77946d98bdc09e2fdd5cdae
d3b55aa1a6b041cbadb5fc0139fd8cac,0.74612594,e456afdf95e643dd926249fec4d68753
743660b5e64e440a8607fdc79aa05544,0.74368906,bd35571850644321b86ce4fae286ce7d
d9826bec6e1c4be6a7152f89b950fee2,0.7436838,c3412c53e9ec4b6a9a1aa95cf7f0f1e4
08b73196f2c24757b7a87419ad378a36,0.74288636,8aadcf7251724cc6858dc0db44abebe3
c0e006372bab471897981e28cf25f546,0.73713577,d4cd0b56b6f54e08aec8ebfdb6122c5c
387cfff049b44a62ad0215e9bcd6f912,0.7338017,ecdae9f36c6a437ea72739febbf1c89c
2613b590d7c94de09bd3bc1e4aeebb1d,0.7323459,fb709e29755b44988bb252c87a2ce2f3
b6406f4769234ae7828d1f1011448739,0.7320123,b25fe3b79f714d38b3fc53e39fd84d36
dade1ac92c08448e93e20a96c20f9d0a,0.7293068,f036aaf4ab714c598a0b6da4ca604136
a4e40c85d10248bd9a34d6c44e22b010,0.72853005,c9628610053945f4a7998ae48cd70da3
0b0ee45e830245ffa3ce101af6a1a750,0.7266917,855b3971c4a147cfb9a7c281fa6b915e
eedf84d8949845939452e2cf59d2cc6a,0.71971905,a0fe3cd34e474c3b90662ce8ef1fcac6
da809b1c982e47e48ea951dff1120841,0.7179081,369fe18b94f54c98b554fd22b4a3b50b
a90f7233ac774c298df91a6eeab11626,0.71701336,d42996c2b67443fd9b73bba7641d4f77
4dbe9a58e3cb490eab62a2bab47d13eb,0.71383834,e27d9425c912446e947fe53c4a757375
61e1612d7fad463ea1c28d21bdc98513,0.7133751,82b01998353e4141a7613fdc96d7b600
5854ad482e74460797366e8eb405b2e7,0.70978004,b7ef0a61de0e4adf9688b2c525c9ad09
1252c75b04024238b04ae25eb65cf090,0.70944655,6a122ce1702646db918266228d48bd08
4d211e99c4d0455980e9ab87c212c2d5,0.70834434,2a9658410614443d8a27ef174f61d6e8
f74645ebd6e74b0a8ca70c4a1a983295,0.7063979,46bfd7af0ed6491fa621350963d11e35
d404db290f094f2f9dc6ffe54216308f,0.6967492,564a84b1b830407e811bcfc7fd086a6f
43de32fcef1548dbb9d856b138ecf429,0.69659376,7a4c413f5c844796bd5ffed2b65f0336
cceea5a23ce7472b9023735952df0ed8,0.6894922,6c74bedaa406493a99988c5b8a47b704
d335f8b8c90c47229c445bda59c63cab,0.684713,d981f2c67f764e0c84af125b563958e9
dd893f1f0cc94ae188e1501db4638010,0.68446946,b4150337314e40fb9e3ebb24514504a3
69705e3d3da0436881b25f42d2a6f102,0.68369055,4d708e5878784386a42c2f436d2d60f0
356335bb29d4424ab31c89c6931246f5,0.680959,965598a17b624a0f9bb1cd58595458a6
6d60c813cd9640d0840e8567de817877,0.67870104,bade01bd83ec4b6786fd8c867ca7a090
c3ff9a50b4c1477c812af51fd7ce9489,0.67819107,630edd9b8f754b5dbd36cfbbd03ccb51
748b2df793c94a6fa92094994cbc50c7,0.6769003,89e43b092c844b5886a93091a22c894a
86c05c3d7552474dbf8eb503035b96b4,0.6743022,80921378de2b4cd3a14d449688d8b079
d5720a4e3cd34c23ac605c840bcd69ae,0.6618135,cd56b9a044c24df8a7156f661cb3d9cf
b5ac47314a344318be396fd6fdef8239,0.65950185,6aba5a04ef8742a39d3a61644a5f0729
ff2339e06523437eb464f18a90d5f80d,0.65769404,ff715b4f228443e3b067c801250f3402
e15d2b4a689545309a64bd4d54621cbb,0.65750986,89e43b092c844b5886a93091a22c894a
f46543478e9f4f0bbb721b47a528562f,0.65726984,f036aaf4ab714c598a0b6da4ca604136
93945027f4fc4a43aedd7dc6affd5621,0.65439606,d74f6e7abeb84eedb9923dadb62f45f0
e2543c3614294b10b21429f6a412dd3d,0.65370256,ff715b4f228443e3b067c801250f3402
5a1096197b8648d882cdd33875519404,0.6388335,ecdae9f36c6a437ea72739febbf1c89c
a0f623aff0d34804a39f4b55a08898ca,0.6386386,903360099fb644b6b88c6edac88eecb2
8a58d56cfe3a46549a16ce3a0f3daf0e,0.6374522,bd35571850644321b86ce4fae286ce7d
5b2c1e575e8a46daaedcab661b62235f,0.632179,34b71675a1ae442395b6eb1f3eda23df
abc9ab04fed74e638625e3e6f26de13d,0.6320887,a0fe3cd34e474c3b90662ce8ef1fcac6
cb3423afcfba4d688aa9cd2c23cf0c69,0.63196534,46bfd7af0ed6491fa621350963d11e35
b19ea3eefb454edd861821b7164f50e0,0.6313405,ad2b6fb945714e6792c17bd49a1066e0
d1cbea7387cd4d1bab69dbd0238bd135,0.62914515,6a33c207c8b648f680dbd0e65639ef04
0affea27dfd242bda2130ad14ef28bb9,0.629129,903360099fb644b6b88c6edac88eecb2
8522edbe627049f0b00eabbb776399d3,0.6273385,aa2d7a3a535243189492d4ce8e79c049
eed22afb847c47abb46b07ec48d1b679,0.626509,c26f5e7dcc8149f18f3d719bba9ae717
3cfa920b06e64cb8a5dba56671ab5d59,0.62320817,3b13d134762445cebcdbb02b484db77b
0ff2646f55f04a5a93328204b6fa099c,0.62219673,31b69f9501c4415e929b6af28c83f6a6
93879e26ebe547db997c77791c3d7fc1,0.6190608,21b1ded02d7b42618592187e287835a3
565907298304458f80b2f4504ee3473f,0.6185873,82b01998353e4141a7613fdc96d7b600
83d43c7c640c4996a271c9ec70bd0746,0.6177134,0302e7dde9074dddbbbdf85e9be57901
396e243238ef431aa015a783dd23ef83,0.6169908,f5a6222612ef406b8f02aef87e08c476
51e58e676c6d4b22ac3950bcd82a8417,0.61646324,fcc9863b07fc4bd5a01fab5b9160eafb
9a941b16ff4840eda21ad2f9e0c81f3f,0.61199427,9b22c5cdbff44bdabd48dba008e6a3b2
a1e176f474f04640aedebc0ece81583e,0.6113826,965598a17b624a0f9bb1cd58595458a6
3e3a44c2636246edb0f9c1d8f041d873,0.60982543,650afb6a1d054e59904a1b796552eb04
f4e34063359742b7916fe2635de1aba0,0.6066094,e45844e0215f4a1596a7f9ac41367c46
1c5703785c574a4a86152b8e8ceaaab1,0.60632926,4ad7e2502210436f9ca5735fdf7e50c3
413423a32eba46c2b7def04c66e6f9f2,0.60589135,19c9ac7b84df472c85ed6cf5a05fbbc6
7a81a74f4b0e49839c3fbcfd7ad02560,0.60380256,fb709e29755b44988bb252c87a2ce2f3
4b39ba0bb2e54f72bf6cc4c7832b3841,0.60008013,fb709e29755b44988bb252c87a2ce2f3
ec1ea84e09b54849a539177f929c65cd,0.59617704,1216ce1ef31e4643bb1222538c206342
3ce3c6c49a2b43c3b683ec91e9657341,0.59146255,d0a840820172465f83c8480d571e7b71
3d4e582564564c72b47184e7b5c0717d,0.58919054,5971501b0e8b4ef5b203c3985d7f5e88
7f38510693a9428bbcd86009bb013321,0.588358,6c8a24653ef04f559b88e0f27c0df63a
e09735216b1f4e3f9fd7eb54f6aa2b1a,0.58611035,b7ef0a61de0e4adf9688b2c525c9ad09
c244f9298eca46bebe8382249b3a300b,0.5800741,e336d113184c4ebdbad7aa2b6ec64640
df8769c84f5b4a8f9811c4537faa576f,0.5733444,73e7e41e8db447c09cb2363d76556c64
8564aa88c0c6416890eb773a1c47d701,0.57154787,8a77dc665d8b4d95a0b1113522f7e9c3
f36820bbc65b4c6486f479be532b159c,0.57138085,cd56b9a044c24df8a7156f661cb3d9cf
63cf218e957a465696c4482a9d4b226b,0.5672247,aa2d7a3a535243189492d4ce8e79c049
aa7a7a6a0bfe40619e55e8f0b07f04fe,0.56522274,1216ce1ef31e4643bb1222538c206342
7cb1eb87f58f48c88b0b1f3205d9a6e5,0.56101745,d27cfea4da8f445fb4e3c55e53c6482c
ff15583dc30644238b32a7302a039764,0.5588764,b2be859ca8f24cda86821d5383edbc18
3f4f551ba9d74d6e8622c1da8b00180e,0.5584059,c322b788813745e0aa7b592b4345d379
4440ec412a204073bc44b4890ee24ee9,0.5555056,d443e0c5017d48d1b3f86bf4da959ed5
3295b23d76ab4661b9a92952160eb966,0.55394256,1c97c72e076f40fcadb22b17e71beed1
13260f69234944ae8feb384dae6510ab,0.5509739,eaca056cec224a30aaaed30c39f644c2
067c039494914485ad6e06b72bbb8e13,0.54484767,58db4c3a26c84fa68d81235d078208bc
6abbc2ba6e8241f5b7132c7bb338f92e,0.54219586,37337ebec05640b890e4b9612776c32b
5721ca5ad6544bb8b6995ab82d1f5fac,0.54054517,80948e17b5694599919e1502bfcc08f3
d480f925a4b94f518e72ad64b3ed439a,0.533157,9303b9f7f4984b2dac8aeba8c8da8ef6
78df036c4e104457afcdf7598e9ce958,0.52961254,f615619defc4402b82845090c238e597
dbf2f20d05034e77a9be456ee8d44377,0.5271937,564a84b1b830407e811bcfc7fd086a6f
82e2ae3e0d3c4ccab9093974f974e854,0.5188442,a6a551a308b9442f947ea0608ae2c3fb
790d3e003e2545f9822873e830615360,0.5181174,ad289d5052264f9c8bd0aaf9faace92e
6ba13a7346044bfba1b6245853af401d,0.5172422,d9fbe02f04a4469dac855f69ea6ad02a
bb58d88db2894bbe8d84b210cc4f26ab,0.5116668,99142f1c07cd4782814f8c970eaaa40a
335322101aa0491c89fbabfb87c21ad8,0.51152146,9ff95d23c3284d31ba5e398afa520649
1a0cefb6898c48e7a91f6448d967d1ba,0.5113546,19c9ac7b84df472c85ed6cf5a05fbbc6
e349c885e3cf4b12898ea2f38cccf188,0.51048833,f615619defc4402b82845090c238e597
63d32d729061451cbc920b4066c15339,0.5097564,6c74bedaa406493a99988c5b8a47b704
1c8f15d98ac3471fb966536a1bc8e9e6,0.5022254,f036aaf4ab714c598a0b6da4ca604136
58c7b41f2b3b4984aa23beaa1382b4f3,0.5013893,e7d6747e8c8b4ebcb665e232240daf17
b4d2f62738d84adba1b5809481bab602,0.49398813,fe6ace599de44aa19b1773dad3658fee
850ffbbf78224a1b910a45c2ad3ab6cd,0.4937387,19c9ac7b84df472c85ed6cf5a05fbbc6
c69f7426bfca4d959cc756572440109e,0.4934643,3b13d134762445cebcdbb02b484db77b
0ca1af4b4360463da2290c0231e7c2bc,0.48625475,acee70abee2841c9b67b95e9ed079647
eeb6b27942084fa6a8e663ec3a3dad56,0.48521456,a0fe3cd34e474c3b90662ce8ef1fcac6
af33a412aeb947a8b8c53cfc9e78a69d,0.48323664,983940e0b12e4186a281c36de657406e
d26040150be642cfa0310e083cc0d204,0.47314885,bf59502a233e4b5eaff9cfa3a992c387
fe0ece34523c4475bdaa3075a2cade4b,0.47103003,5831f5e280be4c02a09ce4588b56d7f3
8baed775825049a7a98ba659c3139582,0.47015738,6c8a24653ef04f559b88e0f27c0df63a
ab4c8222cf584ba3982f14500c005291,0.4679393,a6a551a308b9442f947ea0608ae2c3fb
f9a7d6299ae54cb8bc2e6ba1b878f8cf,0.4678895,e27d9425c912446e947fe53c4a757375
3dd7bbe2cb1845608dc71b36bc82667a,0.46336138,dc58564d0c8540bea4f3e2e3696deae8
315bc88bb0aa4c8d8eb55bb22f811730,0.46291846,0302e7dde9074dddbbbdf85e9be57901
410b8957bc6b4370ac432ae7bddc2cd8,0.46054423,b050e9e1ef5946c297a34dda98d8f476
a02994faca0a4c088e226d856518737f,0.4552109,630edd9b8f754b5dbd36cfbbd03ccb51
ebaa88d224a746d786a5cf59845ee011,0.45485604,e27d9425c912446e947fe53c4a757375
6283b7ae96e24cb789de54f62817a522,0.45398164,e25b9d9944cb4d7197efb8ffc4ff57a1
c350ff1ea49c4547b89b09403669a4b0,0.4519412,4430d47e30904eab969c1baebca184c0
b982c8da93db48ddbd69de9c207f2187,0.44611043,ff218cc7835d4b5ba0de22792319050a
b904ff33d535410cb0791f1e1227e8c2,0.44387484,c88be17376104f999b914a91aebf7220
7e7b92ee644e42a3adc00967aa9f4cf8,0.44289398,965598a17b624a0f9bb1cd58595458a6
9b0790e53e7c487885af42388d8f681a,0.44086653,1543a2f94aa74008914301874d98f0f5
29fdc29e4b23460088e7060422eb8582,0.4397177,f5a6222612ef406b8f02aef87e08c476
af70750bd219415e93fc6c35e802091d,0.4366632,903360099fb644b6b88c6edac88eecb2
f825d91f98ed4b9fbffdd2f5bcea698a,0.43655223,d79afb377f5349a69830b2b4c7cfefcb
774622a7382646c4ad5ef139574052c1,0.43629184,9170e0bb8fe44b309f83293808d871fe
974a8661873f458193c891d3ef4dd208,0.43358502,691acac4a54d450697afb2c2dc4fca09
1742e7fa8f8a48728fe37d75ce11b9c4,0.43319377,1d47a696eae94bd29f215a4787b27d8a
d067ca627837456bb0e6cc40a06d224f,0.4263862,64f1d63a671d441d9663a783f632f794
175670fdd73e4fbc967ac1f61eeb9bec,0.42534593,9014beae94cf4f648e1663c8d5ec6803
187f475424d1406a8ea7e10ccd1f13ee,0.42227286,85e7ea30890b456084b8e85c299c8649
ff0622832e0e48519d375778af4f60c3,0.4209146,7ab29c5e2f05481d8a69cc479a764ee8
df2549937e044a9583242e2c20f87e85,0.41757,f615619defc4402b82845090c238e597
7e29ec4675ab4e1cb521e69e6de49dfd,0.41596466,e45844e0215f4a1596a7f9ac41367c46
96a221031ce64e98ba5fcdb2fb45c9f2,0.41575295,7ce06191f1114b4c8a00609f6867761f
bc4671732d9843eaabd57d23d84f259d,0.4149812,bd35571850644321b86ce4fae286ce7d
1e5b95e7ca1a462588131ff25c545f32,0.41450956,80921378de2b4cd3a14d449688d8b079
c8bddc0d410d4f759537fd2e4bff533f,0.40958416,1af4472b38cc4304841b2f1720075c9d
1139ff813de54ba583f9d19e3a2b6ac6,0.40587848,a585d23fe43f459ba86ac15645af77ff
b1c2cf26538045169885251ae1a1100c,0.40418565,7ac9c94011924c09b47f9640211885a2
23dfaadbd50c422b9ff80be549a47391,0.40401495,cc21026ff0d541909df56c5618d28518
56cfe84755904ae98f74d085dd2fcb7c,0.40235952,6d3c42356e3b459c919e3129ff192ac4
00306589ab9241cfb569f6b85c0e2843,0.3975065,7ce06191f1114b4c8a00609f6867761f
9addae0c40c248d4ab8fd02fb3861e99,0.39377466,9170e0bb8fe44b309f83293808d871fe
78fff51240e14352b1fae67b59be4cc2,0.38910383,58f53c379f7a4868a2ba6d91a06247d2
06dc42ee4aa4438a91f2d88754ad84cb,0.3888715,650afb6a1d054e59904a1b796552eb04
edb1a0a557354729b75b63862940d133,0.388597,01e805bb5a1845a7addf86fe9bc8d814
d51de57d4ced4566bed6fef2db5c099f,0.38730428,d42996c2b67443fd9b73bba7641d4f77
57cb6a69463a4f248087b39af146fdc7,0.3837878,0f9cc12519eb4872af7be7fe49e19f59
e8d0fd5309724c1cbb4da8f5c55ac9f4,0.38319275,4696c8192576454f8684954bc771aa23
f66b6efba0464f1a939d4ae426b9f217,0.38117984,fd51f3eef1a64d9a93652be481bde32e
f41620f1a5c84928b422bcd3fb97c109,0.37950683,09fc9f38fbbb4bfaa1c979ac9cc43f0b
e8731d4569304e1aae79558458ad6797,0.37810546,01690d9b08164fcabd5bf0819754f71f
0cee0f740cfa4b118595c4e921220588,0.37151828,92d5da561f5a41bf929f3555a74cd653
b30b809bfd8141fb9aab99fe056092d2,0.37034768,65664fb3aad341fab563409d91dddd2d
f2210503df2e4ed297faefd9a1152e2c,0.36908442,8f761e1117754656ac86a3a25f241cd7
d02c0b31ac9a428fb46248742eb502fa,0.36394095,e7d6747e8c8b4ebcb665e232240daf17
484bed1b612b48f3a0b37b91bf626f39,0.36337563,057164cf4aab45ebbefef3409359cfb1
d142f9dac4904fd9a93e4b68197a4fa9,0.36307064,ecdae9f36c6a437ea72739febbf1c89c
78b24e025ac34eca9b613f65bcba2f33,0.35957587,b7ef0a61de0e4adf9688b2c525c9ad09
fcaf0031ba12457ca8cd515c95fea22b,0.3593653,bade01bd83ec4b6786fd8c867ca7a090
be7a669164c1423c8ebd0ba23ce48329,0.35891896,e52a528036014db0a7bd54b99a310fe8
455cb638bfe54346b07d85d63df40847,0.3554993,92d5da561f5a41bf929f3555a74cd653
88de1634c729442aa72060868b167abd,0.35478193,82b01998353e4141a7613fdc96d7b600
54d65ec837ed478986a344f4bba2e423,0.34709314,64fa5ce839ef406b9bc8a1b2f05094c7
9304c56db5b34e709d22e558122d8338,0.3424992,b8ca3b6144cd48208caae952e096e7ae
856daadbd4c24836a85731844393b1f4,0.3396713,9e304a9bbc7b4c22af8025fc93757357
192ea3bc5bf1479bb3255c41ff2fa9e8,0.33881494,bd2f91a9415049d980e453f94327e0ce
38003415b2fe4903b7183cdd279c09f9,0.33869764,678725f8b914453fbc1029b7c1bc0879
a5f7a2fd13b64df595ec85f5354fecde,0.33371896,3257035cc77946d98bdc09e2fdd5cdae
553209cfbadf463eb60df32bfa7da770,0.3294739,65664fb3aad341fab563409d91dddd2d
5a9a908d748e4c2eb30cdf4a450e189a,0.3288756,cb85047b65f8468aa02744c28c075dbd
d49f6a76fe334b5ebf72758df0f42d07,0.32402915,c26f5e7dcc8149f18f3d719bba9ae717
e10cdddb573548c0bd3d9eb0cef37f37,0.32364202,d0a840820172465f83c8480d571e7b71
bd11eda8c59c41a383c769c428ce6d6a,0.32096037,a1d8cb16dafd4126922f985021e93631
559208bd6fe2488081a623b7a9d92f31,0.31408972,77ac5eb4b3054ca68e2b0dcbd5473fd1
987dc1b016fe4664902db31211a59bd9,0.3101396,efdf40eee13d409c9955e5b84e4408f6
4eef43c568d642d0b7a75932102cd2f8,0.3100974,8aadcf7251724cc6858dc0db44abebe3
c189555deda047629ebb90350290dab8,0.30966336,1f8c0f02984e4139bf8043e57497fdb2
bec8ca61a6524d90b610482e2f304259,0.30935824,ed9b10a2879742628fce003076ef9024
86339034705d41e685883013d2ef7d6a,0.3055541,9303b9f7f4984b2dac8aeba8c8da8ef6
373a81f37e674bf381ab2c67de8df0dc,0.30305442,19c9ac7b84df472c85ed6cf5a05fbbc6
8315c41aab974f618fe59e445d7e6543,0.302449,b2be859ca8f24cda86821d5383edbc18
cf4d7289a12b4ebcb7b17e8b76d82342,0.30195808,ad2109663af04c549385cd2ab9b3283b
d1c94e11ba214e61b63f00da3fb00a09,0.2992463,ad289d5052264f9c8bd0aaf9faace92e
d0fb524183bb44a9a854de124a8becb5,0.29816598,640f3bd184b7425fb22cc7773b8b2244
b3cc119ea5494c5d93fbf4b7d29ec6e6,0.29401052,19c9ac7b84df472c85ed6cf5a05fbbc6
83959d6f09044431b64a06cc335f08eb,0.2935904,9014beae94cf4f648e1663c8d5ec6803
734db9fe91ae4ef4aa4f3798343785f4,0.29343605,eb513691b7a04d31ab1bc50bf343447b
cf7564fd313c4802adfcab226cb71a73,0.29094446,965598a17b624a0f9bb1cd58595458a6
5466e5423228429ca4afb7578e83a4f3,0.28746182,fe6ace599de44aa19b1773dad3658fee
0f23167585384e62970cf34d4092c7a7,0.28524417,e52a528036014db0a7bd54b99a310fe8
620d85d5d0b947dfb2f0574a0d4dfe72,0.28506216,8db9e204b8b841df8fd94eff0888cdf7
43bd347a4d5e4c8c82b41970f2ddfc02,0.28212333,37337ebec05640b890e4b9612776c32b
6bf15791f42e4323bf626650477d9beb,0.28197065,8db9e204b8b841df8fd94eff0888cdf7
2af53201cad64c32bedf284dd06c1cea,0.28059316,f11f1682b5924181b047d757d3e20964
cf020a2f14884c16bc73b159ead104b8,0.27953613,5a73e0a5c757410eb0928feed7b151c8
4a79ee95c2f94e6fb182632a2357e449,0.27891418,a0fe3cd34e474c3b90662ce8ef1fcac6
47b8aa81feb6443088dc32ba9aaeca66,0.2710126,3257035cc77946d98bdc09e2fdd5cdae
93cfb01748a246528235d46e95b6b76d,0.26965117,23066f7964874fd39639dbf2cb2766df
fe175ac3af5446a582bc555f10723923,0.2669913,691a538d2372403fad2b919b48ff5f85
b7076c9ed4f545c48deaab51abdc4a6b,0.26600677,ff218cc7835d4b5ba0de22792319050a
5ebfa573972845a5842bf96fbf02053a,0.26518565,5a68e05acea4434ba08e17e1fff00057
dc439e2feee54ac8a73f06f7ea3d8334,0.26474658,8f285540a9394706bd6ec6cda46c5058
a16486024d12452a9c7a4d88c7fc5efa,0.2613635,6c74bedaa406493a99988c5b8a47b704
9fbb54f6ca3747198e55e3f00ad81251,0.25698477,27eee82d7fb94b9b8b60bd3101187496
98f802980f7641f39a841cd8697c5ea8,0.25624838,9170e0bb8fe44b309f83293808d871fe
ac047081c69246efb1e1385bc77fb76c,0.25554243,88dc23909eb4415aa39b96cc3a4c2926
d31e037b260346c3baa01f229c4aab45,0.25382772,c26f5e7dcc8149f18f3d719bba9ae717
b26293f2e7f54384a164fb685236aa8f,0.25068802,58f53c379f7a4868a2ba6d91a06247d2
3cabf7db885244c3aef797eb94b75b3c,0.24960104,17cc6768c9d14388b7455fea0060b62c
362c00f2982342a8a518f57f7ec9a60e,0.24959841,2768d411cc374a018a898f9df0ca207d
48ac74f9b05a4b4da78a5f6497555631,0.2428095,a0fe3cd34e474c3b90662ce8ef1fcac6
f33800b2fc5d43febcbee5156e729a2c,0.24244036,ff218cc7835d4b5ba0de22792319050a
72b24b9944aa43599173c03884689224,0.24069479,95fbc6ed8bfd43c1a6bcf676e26e7f8a
7e808bd74e2447d79f7d266c88de6410,0.23716475,95fbc6ed8bfd43c1a6bcf676e26e7f8a
07e166148b304b0b9c003c015628df76,0.23526531,31b69f9501c4415e929b6af28c83f6a6
7cb7428e7e774e2ca33b6d9a12926311,0.23430245,23066f7964874fd39639dbf2cb2766df
3c400856520e456ebb8a1f9660e45cad,0.22659637,3b13d134762445cebcdbb02b484db77b
e90176ac18954403abf1a65c40838e23,0.2262044,bf59502a233e4b5eaff9cfa3a992c387
a5b36f9c26ec44639e19ecba64ad7063,0.2221989,8a77dc665d8b4d95a0b1113522f7e9c3
f09f284b59c6475baacb67116020c617,0.21779944,9ff95d23c3284d31ba5e398afa520649
6c846ec45b5646b6b0d1dfce66fb8328,0.21621656,1cbfb22f84454b1fb821b602e3ad11f8
301e127ffa514901b5840fd47f9f7e18,0.21566899,cc21026ff0d541909df56c5618d28518
56fc3ec2992a4a609298efd89a7d3f59,0.21511182,e492ff7fecf046a4948c5ba5631cdefe
ab90f505d58d4d94afa71bd0811469b1,0.21455446,80948e17b5694599919e1502bfcc08f3
980e4d1c5fe143498514e41d3c6501b3,0.21034914,eb513691b7a04d31ab1bc50bf343447b
ce7e02187e74451f8fe2511db0fed0fb,0.21027538,779d7c2bad1940c8a861451964e1ce01
e9b290a94aa44b1dbba67ba62b5153ac,0.20952114,27eee82d7fb94b9b8b60bd3101187496
1f487d592adc46f1ba935a923c34a9c6,0.2089667,7a4c413f5c844796bd5ffed2b65f0336
75bceb302d644b309181d454dbd2b59f,0.20376623,678725f8b914453fbc1029b7c1bc0879
411837e42b564c399e9444d5403a3734,0.20336455,e52a528036014db0a7bd54b99a310fe8
739e45c484874024a94fec4cf8b13fba,0.20229587,c9628610053945f4a7998ae48cd70da3
57a0a47943824bb28d5faf9fe31ee787,0.19876955,9e304a9bbc7b4c22af8025fc93757357
6f2088d6c7bc418f90e6328cd345c77a,0.19815695,00f45d57fd3c448d8cfdf3185ebae894
db0b5c45c2954d12b90e29ab07c75dcd,0.19598326,21b1ded02d7b42618592187e287835a3
180f987f287248c487b83fbddc87ee09,0.19539289,17cc6768c9d14388b7455fea0060b62c
1c3bb67f3f4d455b86905cf93be96fe2,0.19484341,85e7ea30890b456084b8e85c299c8649
60b12e62313f421f9865db223f254655,0.1922473,f615619defc4402b82845090c238e597
360cbc8189604ca7bed1d03379488753,0.19174954,eaca056cec224a30aaaed30c39f644c2
7510f4f5df754961a921d50523718ff7,0.1916858,1af4472b38cc4304841b2f1720075c9d
7975ca7b6008414e8bab9d135c53eb59,0.18784173,a926df6d7fcf4b17b68dae6f41fbce66
da098162d0924c6eaf6699ca87326527,0.18585828,ad2b6fb945714e6792c17bd49a1066e0
1fed8f37e5d44fa599aedccef449767a,0.18443331,bab3bdc133384798b558f8fb6466a7fa
c12ab02c4bac4b91877f10f42eb704dc,0.18391089,3b13d134762445cebcdbb02b484db77b
af18a5f9a5aa45a191a99b4792b127c5,0.18330535,78b600dd53854b018f87267d268b7b1a
55cd7fb3f7fa410b973c972dc5f4b757,0.18289235,c88be17376104f999b914a91aebf7220
6f5aba39f47a4d7b87f4b50122d8b660,0.18278229,7a4c413f5c844796bd5ffed2b65f0336
d1fafb5d71ba42229f870ebc99263d20,0.18126607,836ec4ef8df644328ac07b7803709323
9526a184d9234981861f184f41d509b6,0.17755976,77a8b27acb0e4600bb6ff974eabc269c
1080188fcae241b4a5c7649114dafd64,0.17604463,5971501b0e8b4ef5b203c3985d7f5e88
ddbc9d9a558041779711fd17e89ec33f,0.17541501,eaca056cec224a30aaaed30c39f644c2
b50583d5d6494691a33b4cc22373d8b5,0.17540967,e02ad4f63c8444b79a7a56fb23a4e0f1
6fb6a2666474414e950f94d5b467b229,0.1715185,bab3bdc133384798b558f8fb6466a7fa
e553e8ada4e4446ebe9a909822fb1cfa,0.16954052,f5a6222612ef406b8f02aef87e08c476
eca4d38f7ac74e9981fa9bb9495edf84,0.16742074,0472051dc57d43f8b9dd08df475fc4a3
e9f85a6880484c3a82685b170d052a51,0.16627987,d0a840820172465f83c8480d571e7b71
6bc08caeb482448c85c44c89c5fee7b8,0.1554101,4aa3556b2aed469584c573868193a07a
046c13f855904119983f73a0bdc77a34,0.15463188,9014beae94cf4f648e1663c8d5ec6803
f230b42debc04e9ab59684ae05e721fd,0.15218563,9014beae94cf4f648e1663c8d5ec6803
c896b42105de4a53836bb12899fe2cdf,0.15179145,19c9ac7b84df472c85ed6cf5a05fbbc6
659ae42d80174d04b5c0e2295c83e1cf,0.1488682,e7d6747e8c8b4ebcb665e232240daf17
862ca039da124a9d80603938ab13c289,0.1460828,8a77dc665d8b4d95a0b1113522f7e9c3
ac2d96b937b24483be886056bc0c2b67,0.14538628,23066f7964874fd39639dbf2cb2766df
600602c8b38d4fe293a8b89ca3c4b7a6,0.14476934,d0a840820172465f83c8480d571e7b71
6a057932e0f440299b46bf70039cf9d7,0.14387609,e492ff7fecf046a4948c5ba5631cdefe
b781fac256574439bea7cc655923fd3a,0.13607216,f11f1682b5924181b047d757d3e20964
6776a4646460462797dc83573d630d14,0.1336438,156f393f7ca046299e09d05464afa056
b3d1c6603e6a4f05bfe265607ea252ba,0.12982193,e02ad4f63c8444b79a7a56fb23a4e0f1
b2bfb37b3dd54bf0b7653b3c280b2b08,0.12526476,c8b9a0ac7c214a449c434aabdf6ef770
9557a396825b49eb93cedbab96019843,0.12500596,23066f7964874fd39639dbf2cb2766df
bb53d0593f034d19b5b20210035e1058,0.12103386,f11f1682b5924181b047d757d3e20964
1cab9ba05da64cb6a34b521f9b039303,0.11956973,1d47a696eae94bd29f215a4787b27d8a
17c07c3077cb479eaba075a5c7f99328,0.116913676,d42996c2b67443fd9b73bba7641d4f77
7f8ae3801f3441f696f05e6cdd70c2fb,0.11323994,156f393f7ca046299e09d05464afa056
21b8e136ec834f4cb7c6232d8a8ebb52,0.10808301,e7d6747e8c8b4ebcb665e232240daf17
9abbecd3581246798ab524e018f95ab7,0.10467791,31b69f9501c4415e929b6af28c83f6a6
77e2cfc79eee4e1b91f93386b436bd31,0.10386227,5a8cc5ff28fb4359afc7e9fcbf3bce55
42dc4d44bc374b80baf0a8ac2c90c250,0.09879897,1216ce1ef31e4643bb1222538c206342
7dcdd31673a44edaa5df70306899ce60,0.09549411,de9328bdd1b34adda74a0363ff0a52b6
f8a46af09cee4fd4a9c2ffe00e109f28,0.091264606,6aaae524573f477f8fdef0b83787cbee
d56e8f69077e42b1aca7c99f6675c5af,0.09083924,1c97c72e076f40fcadb22b17e71beed1
4866602fe3094c6789fdc1956c616d93,0.08704135,b25fe3b79f714d38b3fc53e39fd84d36
649971e6871c4d3596bbe61f84b0e117,0.086938426,1216ce1ef31e4643bb1222538c206342
ca9d736b288240819d620ec83c0b3f3d,0.08046675,8f761e1117754656ac86a3a25f241cd7
52acdc11a8df4558867635630b69348c,0.07982236,74e7db4222ca4a20811199afafa346a7
2d641fad427d4884b7624102a50d5edb,0.0777089,5a68e05acea4434ba08e17e1fff00057
e3168a661d6e43b39980289c06b51f8b,0.07516585,aa2d7a3a535243189492d4ce8e79c049
6339e9726a4b4ebaaf1b22a56c33b779,0.06744276,564a84b1b830407e811bcfc7fd086a6f
4bd7c89c496144089a9b340c20c1a8bf,0.06699693,ad2b6fb945714e6792c17bd49a1066e0
f8e19b9e878142969c95441f15b0da57,0.06500915,89e43b092c844b5886a93091a22c894a
0237bcef8eb845aaa48b53436a3ea75d,0.06424141,eb513691b7a04d31ab1bc50bf343447b
c2da5a4eff03435c8c936f9c5f4cf43f,0.06404349,1d47a696eae94bd29f215a4787b27d8a
3787d8d226fe43acab22bb2c72e2b1dd,0.063919574,cb85047b65f8468aa02744c28c075dbd
7347c822edd443ed856998a70357afd0,0.06188816,8a77dc665d8b4d95a0b1113522f7e9c3
0f4e625476a041c88fade20efb2eabcb,0.05967735,64f1d63a671d441d9663a783f632f794
1fa5b671cd0d4cb39567f651ef001e97,0.059268877,7cd1db4b50dd41e6b2f3dd15fcab3b89
22a3289b29c9411cb2777c5cd4b454ab,0.05794984,ecdae9f36c6a437ea72739febbf1c89c
7216fa39e2414501a8f87ddb54a3133b,0.05761665,fb709e29755b44988bb252c87a2ce2f3
a3641dd6dafd40d5b8f8077b9dc3e850,0.05623816,99142f1c07cd4782814f8c970eaaa40a
ea60559c1a414dafbe5652b8b1ef5ffa,0.055563804,e02ad4f63c8444b79a7a56fb23a4e0f1
7dda222413534a90ab8e3d686a1ba461,0.054516062,d27cfea4da8f445fb4e3c55e53c6482c
25bc48c919b24aac818d3ddc47d461c3,0.053919874,19c9ac7b84df472c85ed6cf5a05fbbc6
7779e19852544c0a86ee54cbf58acb3c,0.050569594,e5692bd498004d32934fbaa05af2120d
1950440f5ca34d0bb2c737f896ec3b16,0.04863629,c322b788813745e0aa7b592b4345d379
db4153df6e94413dada442eb6e6a8fee,0.048514575,2768d411cc374a018a898f9df0ca207d
f3c6b6b18ad14537b64fde19aca70992,0.04559797,bd35571850644321b86ce4fae286ce7d
26463e5a5b3b4b8abdc0a436268a93cb,0.044041693,77ac5eb4b3054ca68e2b0dcbd5473fd1
d279eb260acc48558e34415c5c588926,0.038147062,7cd1db4b50dd41e6b2f3dd15fcab3b89
a3c8a08e370346b095ed986fc19f420d,0.03599775,89e43b092c844b5886a93091a22c894a
c0f3c55551da4b9fa0600e0d1b9181bb,0.035539083,0472051dc57d43f8b9dd08df475fc4a3
7c4376eae79f4bb992d0bbb206eaebc1,0.035240084,c322b788813745e0aa7b592b4345d379
e707e5790c554edeb5ab0f070fb36720,0.03401822,7c1e02f3ab614e539ac901e5cd3c92d8
523ae070f70149be975ea27f84bdb39c,0.033005357,75b0bd2240a54f6fb45bf95ca43ab5e6
20256e6cd14e4624979db79d84582573,0.030582797,fe6ace599de44aa19b1773dad3658fee
89d4dbe124c14550a38f6790a02abf01,0.02891517,1fde4c9a01f84c349461083b6d0ba9ed
3710bf2a11584bf098b45d14f2308ef2,0.026198357,ed9b10a2879742628fce003076ef9024
06b6d2be43a64627b49fcfeafcec63dc,0.025679301,6b9b2c8f0a874bb8b6691aca6bc49565
2a15a6ed7e29403295f571a40fbf5895,0.024819221,e492ff7fecf046a4948c5ba5631cdefe
a2e363e09aed44868c4e51d9cce19eb3,0.02360107,c0cb721b56f240dabf7f464e453ef72e
2c689d06459b496798e7fc1e4ce8b03e,0.02250851,6c8a24653ef04f559b88e0f27c0df63a
a3c58d5d2da942aab6283a42db2a14f7,0.020968556,37337ebec05640b890e4b9612776c32b
67807253c7c94312952c818472d4888b,0.016332634,6c8a24653ef04f559b88e0f27c0df63a
3088711035bc4a06b3595ae315f54fb2,0.015304416,c9e2e76e631c4d0a8013d90892350e06
ca143ca992a648ca9b004f3be8a53a61,0.009025812,4696c8192576454f8684954bc771aa23
132d0c20f3274e85bec13d5c38962750,0.007768452,8a77dc665d8b4d95a0b1113522f7e9c3
6f6fd5b2a152493e8afcb221b1b198bd,0.0045116544,cc21026ff0d541909df56c5618d28518
aaff66d83c1441cba7531bde3e46f124,0.003907524,1216ce1ef31e4643bb1222538c206342
2fd5284523f24eb1bae1d9e857c61d4a,0.0010511093,ff218cc7835d4b5ba0de22792319050a
