040e8b18e27848cb8d0850a0dcb7a77b,9.604845,e039a00eae414ebbb2205b011ac127cf
3ff3a9f9ebdf41968cac02ff122f56eb,9.15976,c88be17376104f999b914a91aebf7220
132d0c20f3274e85bec13d5c38962750,9.159036,8a77dc665d8b4d95a0b1113522f7e9c3
6c106f8a15e949a69472df18c370d213,8.418408,75b0bd2240a54f6fb45bf95ca43ab5e6
78058b8902c5442880e64005e19e3f06,8.3810835,678725f8b914453fbc1029b7c1bc0879
242f18b8efb7402a9e394515b5294eb5,8.37554,d79afb377f5349a69830b2b4c7cfefcb
910f58d10cac4e1896efd603e3b6247c,8.370327,ad2b6fb945714e6792c17bd49a1066e0
0785e71626c6454dadadc8359e1f696a,8.190041,640f3bd184b7425fb22cc7773b8b2244
c5693611e9044ffea24fede04ab1d9a5,8.168688,6d3c42356e3b459c919e3129ff192ac4
8f8c730f26cb483da414fce61eb1b47b,8.151947,a926df6d7fcf4b17b68dae6f41fbce66
5eb93e49e2204dc9b7b5147e35d7cf84,8.1474695,7c1e02f3ab614e539ac901e5cd3c92d8
3741fd305b324ab4a29b14442af8f8ab,7.795992,d576e334105247369362b05a375e88cd
c57df4a5798042df90a71b4c979df11f,7.739075,c8c201e25c0047a2ba9d9e8541ac0939
d51b249d11a44ae699cd4e2854b00d4a,7.670975,4a4eb12a639346b5a00557d54b51fe51
b2bd065cdfc748af858a6b41f0be933c,7.6614747,31b69f9501c4415e929b6af28c83f6a6
b0eebd77fb114ff388e46e4f3d284b4d,7.454062,e25b9d9944cb4d7197efb8ffc4ff57a1
b30b809bfd8141fb9aab99fe056092d2,7.430153,65664fb3aad341fab563409d91dddd2d
553209cfbadf463eb60df32bfa7da770,7.41246,65664fb3aad341fab563409d91dddd2d
b707dfaa86a540dd9c3fa75fed4a43af,7.3875427,b8ca3b6144cd48208caae952e096e7ae
ced8e3adb0484f249ac865052953d5b6,7.2879553,58db4c3a26c84fa68d81235d078208bc
1ca503912b5b4d3c84d0c34c0ec3f38a,7.248061,4d708e5878784386a42c2f436d2d60f0
3787d8d226fe43acab22bb2c72e2b1dd,7.2116556,cb85047b65f8468aa02744c28c075dbd
1008087cab8f407eb2cd44e6c79658c7,7.097337,d576e334105247369362b05a375e88cd
09234512603c4025b0b0b863e285fb5e,6.924025,21b1ded02d7b42618592187e287835a3
00384c60922647c68bbbf144d4c751c6,6.9145527,d443e0c5017d48d1b3f86bf4da959ed5
f7c0f796a492492095abeb8469b68eeb,6.8086987,9ff95d23c3284d31ba5e398afa520649
8b5c517e199245b2b9ffe9601e9c5fd8,6.8024445,92229a391d0b418f87b32c86c42a292c
f7937418662b418b90963799279bc248,6.7599688,09fc9f38fbbb4bfaa1c979ac9cc43f0b
4a2be481c29745e6be4e4b6a6d39ff64,6.7508507,6a122ce1702646db918266228d48bd08
ee6a2cd2075841c6816e41a54637aa9b,6.737039,ad289d5052264f9c8bd0aaf9faace92e
3cfa920b06e64cb8a5dba56671ab5d59,6.700714,3b13d134762445cebcdbb02b484db77b
6cc7c613b8ca402b81fb2976f7a8d07e,6.695135,e7d6747e8c8b4ebcb665e232240daf17
b7e671bfae63423bab3fb47c46a0b0b9,6.583523,8a77dc665d8b4d95a0b1113522f7e9c3
71f93aa94339483884743fd218725216,6.529825,9b22c5cdbff44bdabd48dba008e6a3b2
117ba0c13f714eadbb3a6a9d0f6f3702,6.516795,9e304a9bbc7b4c22af8025fc93757357
9526a184d9234981861f184f41d509b6,6.3898664,77a8b27acb0e4600bb6ff974eabc269c
fbffec6a21df44de80e049b741243c36,6.3851457,8f285540a9394706bd6ec6cda46c5058
3037c91a3e5a4499827cbdaec427c82f,6.2931595,17cc6768c9d14388b7455fea0060b62c
22831856b4ef4ecda0ee60656417b904,6.1520376,0f9cc12519eb4872af7be7fe49e19f59
53487bcf5c684dd2ba470bf89947f7d2,6.1441393,5971501b0e8b4ef5b203c3985d7f5e88
b2f096bfd95f437395470a39b9b6ada7,6.121092,f5a6222612ef406b8f02aef87e08c476
a56141d36b5f4520aef20a35398d8265,6.075894,9303b9f7f4984b2dac8aeba8c8da8ef6
7798dea58b5a4389aca581f8efc4b17d,6.055215,c322b788813745e0aa7b592b4345d379
bf264d2d70b7477da4cae8ac6203a5a9,6.0299015,cc21026ff0d541909df56c5618d28518
a2efdf5f804f446e917399345898167f,5.887584,80948e17b5694599919e1502bfcc08f3
e35fef892ba84f8cbeb63132b6f7f094,5.84218,4a4eb12a639346b5a00557d54b51fe51
d5f31f9998f5477abd572904835fad50,5.8101263,9170e0bb8fe44b309f83293808d871fe
2eec5eb123e343b89370139c57a3ef13,5.784552,19c9ac7b84df472c85ed6cf5a05fbbc6
7d866819a8df47fe89b41b4cbbe0ecdd,5.743268,ecdae9f36c6a437ea72739febbf1c89c
0effebf3021a4263bb46281f2fb33987,5.7335153,dc58564d0c8540bea4f3e2e3696deae8
fe175ac3af5446a582bc555f10723923,5.712303,691a538d2372403fad2b919b48ff5f85
061948a87df34fb3b077070194c1119c,5.6895676,1f8c0f02984e4139bf8043e57497fdb2
244bf3fd283440389af52e02feb70e02,5.6854296,1cbfb22f84454b1fb821b602e3ad11f8
0aabe8051b1e48dc8df2680281f96731,5.6303363,89e43b092c844b5886a93091a22c894a
142160eab552419292c34bfa817ab146,5.6196275,0ebc441d25664c91adad96b570270f07
e3168a661d6e43b39980289c06b51f8b,5.61557,aa2d7a3a535243189492d4ce8e79c049
50d0942bfc7540f2b61af337707d303b,5.563367,4430d47e30904eab969c1baebca184c0
748b2df793c94a6fa92094994cbc50c7,5.5606937,89e43b092c844b5886a93091a22c894a
8ece6e92c7c541a2b5f597b12b7e0f92,5.500156,82b01998353e4141a7613fdc96d7b600
f745ccee7e2340918079fa1ec6e0e29a,5.487902,7ab29c5e2f05481d8a69cc479a764ee8
7c44128ff20b427f8ee22047fba9882b,5.448538,1f8c0f02984e4139bf8043e57497fdb2
062dc7df9c4f430f87502fe7eadd5d7e,5.429868,89597084b19c4902b073a2c6c6622456
ba6e6bd633084e56bb1f91c62afff197,5.3486924,77ac5eb4b3054ca68e2b0dcbd5473fd1
8c85184de9ce46bdbd65f38bd49612b6,5.343215,9b22c5cdbff44bdabd48dba008e6a3b2
27ac7ea2481844079ce6ab849edc3901,5.3073616,526ab7eda50e4a239d03ad505832d61d
9c0fbba28fa24de2a7d3b5fff53b8ef6,5.306413,34b71675a1ae442395b6eb1f3eda23df
a3d947b7e3e3451bb473b1b5e22cca51,5.298418,ad2b6fb945714e6792c17bd49a1066e0
9e428df718b04a159edebe604bf4ab3f,5.2945766,c8b9a0ac7c214a449c434aabdf6ef770
17f9d21a0f2849cd89f1718c3052e82f,5.2746215,d79afb377f5349a69830b2b4c7cfefcb
57dfde028e58407980d373eb21be8e36,5.259594,965598a17b624a0f9bb1cd58595458a6
fccd86bf84054e46a65b37bb8808da7c,5.257538,e492ff7fecf046a4948c5ba5631cdefe
632f27bc9e4b4d3b84108ebd02d27c77,5.2415338,19c9ac7b84df472c85ed6cf5a05fbbc6
fc06ca8216b146f1811dbd89c4518c42,5.2412167,6a122ce1702646db918266228d48bd08
81c6d98619c8406bb519ea26c477b3b7,5.23246,d9fbe02f04a4469dac855f69ea6ad02a
4cf68d2768954335a7f7c61a045babf9,5.211871,e7d6747e8c8b4ebcb665e232240daf17
a90f7233ac774c298df91a6eeab11626,5.1760197,d42996c2b67443fd9b73bba7641d4f77
e68a3201b5e74913bc61894aae617101,5.1572714,b050e9e1ef5946c297a34dda98d8f476
78df036c4e104457afcdf7598e9ce958,5.1480947,f615619defc4402b82845090c238e597
4a5a47f40e9b42f5af28b197d3e59ef7,5.132618,3be388c9ab614bceb086c19f70df23c2
f5abb68eab244fe38e79be186719a8d8,5.1106625,369fe18b94f54c98b554fd22b4a3b50b
302f7c4fe5f346b7b6f4c5850ccea290,5.086639,d576e334105247369362b05a375e88cd
671397532db64b2a86a8e790655fde58,5.0815897,80948e17b5694599919e1502bfcc08f3
1068628f10b7400aa4e87b04d24fd803,5.0728793,3257035cc77946d98bdc09e2fdd5cdae
ba0c12af5b1c4fe6ae766bf417e6498c,5.016841,1af4472b38cc4304841b2f1720075c9d
f7968b9dc2674ffd888bfbc7a86342d6,5.0116715,1543a2f94aa74008914301874d98f0f5
0d4e1854d2f24a18acc550c6afc2fda2,4.990371,0f9cc12519eb4872af7be7fe49e19f59
22a3289b29c9411cb2777c5cd4b454ab,4.948325,ecdae9f36c6a437ea72739febbf1c89c
4c35694f60f94daa9e2cb35e66d8031f,4.9146624,f11f1682b5924181b047d757d3e20964
551ec133b10e448a939d6f857cf1dc17,4.891846,0ebc441d25664c91adad96b570270f07
5b2c1e575e8a46daaedcab661b62235f,4.874027,34b71675a1ae442395b6eb1f3eda23df
9894b55999bc4793bee78babf6df12bd,4.8512096,09fc9f38fbbb4bfaa1c979ac9cc43f0b
e163e00abbda4bc5adec2f85871b7c88,4.844284,5a73e0a5c757410eb0928feed7b151c8
0c553973fbe042a7af2110e0a2fcdddd,4.8286977,bd35571850644321b86ce4fae286ce7d
51ece51608b24f22b0e8d026f5e403b3,4.8281,983940e0b12e4186a281c36de657406e
8058721caad34d58a7ddae70e71c3f9e,4.8240223,c9e2e76e631c4d0a8013d90892350e06
e919ef1fffb2496894c9769d7ce9aacc,4.82363,8f285540a9394706bd6ec6cda46c5058
06cec2d499d345bc9c033032d765acb3,4.8033185,779d7c2bad1940c8a861451964e1ce01
c8e075e8f30e4586ac075d59d5be938d,4.7757206,fb709e29755b44988bb252c87a2ce2f3
54cad1d39001470bae1e14fe0e58f061,4.746133,cc21026ff0d541909df56c5618d28518
565907298304458f80b2f4504ee3473f,4.745479,82b01998353e4141a7613fdc96d7b600
06dc42ee4aa4438a91f2d88754ad84cb,4.7439795,650afb6a1d054e59904a1b796552eb04
24156e9d41404d568c7e22931d2631a3,4.720454,d79afb377f5349a69830b2b4c7cfefcb
587c1d4811034d7d8e3ccdb4af7ddbe1,4.7120547,e25b9d9944cb4d7197efb8ffc4ff57a1
3555001842e549e3b0aa8f30dcd11e0e,4.6874695,cd60a0fcac24465a880af7d8f921dd68
50be6a3978ef4b168a8256cb53fa7afb,4.6742544,1f8c0f02984e4139bf8043e57497fdb2
b98768914d8d4eaebb4632fefbad06aa,4.64081,89e43b092c844b5886a93091a22c894a
9d11c4d6d3fd48a6886629be4969f055,4.5986137,a0fe3cd34e474c3b90662ce8ef1fcac6
cbd8f182af0646f2a5d514de46872f05,4.59851,a25b08e008114c9ca0266ce3e55d82bb
1fed8f37e5d44fa599aedccef449767a,4.5946636,bab3bdc133384798b558f8fb6466a7fa
de7e2ebef31a43768b57de371f2631aa,4.5792637,057164cf4aab45ebbefef3409359cfb1
93804e9078864c70b27336ff52724af8,4.529647,92d5da561f5a41bf929f3555a74cd653
04fa52d782e34f0698238fc47401ee94,4.5181584,965598a17b624a0f9bb1cd58595458a6
da548115b6564ca69d846f3ea8615b6e,4.511942,e96aa0967ab94368b381354e03dc40ad
9d68d4254983475b9feb48e30494c9ae,4.5088043,66b0c8a58f444ea0aec34d9403b88a49
3eb1fed1bfea482687c433b63ad56eda,4.478236,efdf40eee13d409c9955e5b84e4408f6
e248745a536e4547b843917beb8bc3ea,4.4672127,cc21026ff0d541909df56c5618d28518
e938fc1d26e5456ba78f78d9f8514816,4.4600644,b25fe3b79f714d38b3fc53e39fd84d36
8ffbcfeb411843b2bd6e513ae284b232,4.454027,00f45d57fd3c448d8cfdf3185ebae894
62550b8ddf604cfba4e092fbead3bc1f,4.4472322,34b71675a1ae442395b6eb1f3eda23df
dd0e1c93929b4f4d8ade4c3f39aa91e2,4.432394,e02ad4f63c8444b79a7a56fb23a4e0f1
0f3dc35d3b4a40e79c0af54b9b3d1f66,4.425028,fb709e29755b44988bb252c87a2ce2f3
7f38510693a9428bbcd86009bb013321,4.4220943,6c8a24653ef04f559b88e0f27c0df63a
554e702a075743a499899b99b73eea46,4.418139,66b0c8a58f444ea0aec34d9403b88a49
84350503e37143fc8548ffcbd24070b0,4.4158535,c26f5e7dcc8149f18f3d719bba9ae717
f99339dff24a46dea0ac6862299d7024,4.3828034,1cbfb22f84454b1fb821b602e3ad11f8
bf3d001275754cb9b2c48df805901d9d,4.374507,f615619defc4402b82845090c238e597
78b24e025ac34eca9b613f65bcba2f33,4.3713284,b7ef0a61de0e4adf9688b2c525c9ad09
2662ae81f6a6414cae732c72ef71a9a1,4.366185,efdf40eee13d409c9955e5b84e4408f6
55c82489e50948b39c0f1bfe5fbf408e,4.360373,89597084b19c4902b073a2c6c6622456
3c1c6d5089844fbe90e18a5fdab3bee4,4.3467603,8a77dc665d8b4d95a0b1113522f7e9c3
d2b5f8ef9a8a42058f879a4e41d8d02c,4.3298836,b050e9e1ef5946c297a34dda98d8f476
a290060554d143b285db3be94eac099f,4.323762,a1d8cb16dafd4126922f985021e93631
94e15698eca449a99528bcd1d437335a,4.3122387,00f45d57fd3c448d8cfdf3185ebae894
0f94bc21c14143a9aa839de2e99bdecd,4.3103404,7ce06191f1114b4c8a00609f6867761f
a2c99cf18b24478a838bc5837a75721f,4.302861,d4cd0b56b6f54e08aec8ebfdb6122c5c
4a79ee95c2f94e6fb182632a2357e449,4.230133,a0fe3cd34e474c3b90662ce8ef1fcac6
cdb476218b73426a840ec0a8868020bd,4.1989617,d9fbe02f04a4469dac855f69ea6ad02a
35129a42bebe41de95138c15b348926d,4.197153,7ac9c94011924c09b47f9640211885a2
8315c41aab974f618fe59e445d7e6543,4.159805,b2be859ca8f24cda86821d5383edbc18
7a18d92954ca495a937856ac7ea4d263,4.155015,564a84b1b830407e811bcfc7fd086a6f
b7ebc3098f284cdc8a70c21862a74b00,4.1509237,73e7e41e8db447c09cb2363d76556c64
90f24532a2864b7aabfcb8e5d5dbce72,4.112986,46ba0b979a664c7cb0c315c4cde6ac86
25bc48c919b24aac818d3ddc47d461c3,4.109176,19c9ac7b84df472c85ed6cf5a05fbbc6
1ba49dc7eaca42cc9df60f6a9a04f11a,4.0940866,983940e0b12e4186a281c36de657406e
c2732f3b888345afb3c5116a10cd9896,4.087702,e27d9425c912446e947fe53c4a757375
c67c378aa42248cfab4b61e502027a8c,4.08655,9e304a9bbc7b4c22af8025fc93757357
4b82d1239c3f47488e057d0f3898204e,4.0856047,95fbc6ed8bfd43c1a6bcf676e26e7f8a
253d404216244e3e8c298eef54b7424a,4.082611,d74f6e7abeb84eedb9923dadb62f45f0
1c0be8da9cdf4be8973e0cd18f5f8ebe,4.0793266,779d7c2bad1940c8a861451964e1ce01
744af08539fd44678fb92fe2cd3adfbd,4.07576,acee70abee2841c9b67b95e9ed079647
5ad95d0217fa4cccb9c2c7428bffd1f7,4.0737996,8aadcf7251724cc6858dc0db44abebe3
8a58d56cfe3a46549a16ce3a0f3daf0e,4.068172,bd35571850644321b86ce4fae286ce7d
6983a79417f9490ca7534cc0b9e72978,4.028844,4b748d6624144214b3d8a80b37aabde6
7cb075d8031f47dfb9a6b37840756bcf,4.00406,b25fe3b79f714d38b3fc53e39fd84d36
b50583d5d6494691a33b4cc22373d8b5,3.9861841,e02ad4f63c8444b79a7a56fb23a4e0f1
c8aebab05e9d4c7e8a5e4875c217263d,3.966248,e7d6747e8c8b4ebcb665e232240daf17
861d015f426f45d6bd869c91fb7aed57,3.9586754,eaca056cec224a30aaaed30c39f644c2
6f70eedb7ac1471a9d9cc5ba1a8f274b,3.9569538,4ad7e2502210436f9ca5735fdf7e50c3
b2bfb37b3dd54bf0b7653b3c280b2b08,3.937476,c8b9a0ac7c214a449c434aabdf6ef770
c0e4b6d0b4ac4f978868636d7675e345,3.9327986,e456afdf95e643dd926249fec4d68753
c75f0da05246416084af6447931742bb,3.9254878,650afb6a1d054e59904a1b796552eb04
37f240104b2040c4a8bedd933b90684e,3.916826,d4cd0b56b6f54e08aec8ebfdb6122c5c
d060627e97d244e99da1e44ccf7d4a91,3.9138381,5a26ae7959494fef99542e9b2004fd11
06706b7f76a3492e8e814546d9bcefab,3.9072192,d981f2c67f764e0c84af125b563958e9
d41cd804abf94f759a1f7e6da3cc6758,3.9040778,e456afdf95e643dd926249fec4d68753
21aae632c1bf454196e14809b781c9e2,3.891105,6b9b2c8f0a874bb8b6691aca6bc49565
26463e5a5b3b4b8abdc0a436268a93cb,3.88343,77ac5eb4b3054ca68e2b0dcbd5473fd1
4fb27ec50c5a44b9a81d230f845e3047,3.8682015,75b0bd2240a54f6fb45bf95ca43ab5e6
e746e83fb0634ed3b81c10391e2d74e8,3.8674169,ff218cc7835d4b5ba0de22792319050a
7c890f402f38475d942c1190be3ab2a8,3.8583388,77a8b27acb0e4600bb6ff974eabc269c
06b4425d4dcb4aaaafb52063bd3af473,3.8513494,a6a551a308b9442f947ea0608ae2c3fb
35280441301148638fc4b59eb169c802,3.8448095,aa2d7a3a535243189492d4ce8e79c049
82ab65484b6d475d88c52a748a8072b7,3.8327203,e9f055a212cd4e5e8601228c37713f35
321ad870fb8943ddb55d46439d2912e0,3.7937536,1fde4c9a01f84c349461083b6d0ba9ed
559208bd6fe2488081a623b7a9d92f31,3.783834,77ac5eb4b3054ca68e2b0dcbd5473fd1
e42fa7d6b7134c18be1ea6c41a504057,3.779667,650afb6a1d054e59904a1b796552eb04
650d5c180a444d6f9e8b7d0e2bac56f2,3.775193,9e304a9bbc7b4c22af8025fc93757357
07d706541ba64a5a860673ea0aff78bb,3.7713842,3b13d134762445cebcdbb02b484db77b
d23da11a51a94f54a9acb157cbe7056b,3.7609446,27eee82d7fb94b9b8b60bd3101187496
6fe5e86e29684922a7b66985a0abbe4d,3.7418168,c8b9a0ac7c214a449c434aabdf6ef770
98f802980f7641f39a841cd8697c5ea8,3.7305665,9170e0bb8fe44b309f83293808d871fe
d1a53e6e1d6b423e8bc3fb6a7986a87e,3.7185726,b2be859ca8f24cda86821d5383edbc18
a5d7fc13c59d4aef8d24e5d15dfc363d,3.699975,4d708e5878784386a42c2f436d2d60f0
266d75addc654d52968c8c67300f73bb,3.6982975,e5692bd498004d32934fbaa05af2120d
9ebe890cdbad44f1936503311aa8efac,3.6915445,d79afb377f5349a69830b2b4c7cfefcb
e152a0f89fe0446f998c519058feabc5,3.6863031,a0fe3cd34e474c3b90662ce8ef1fcac6
bfd311fb1c224274b98d99f84e3cf150,3.6693187,d42996c2b67443fd9b73bba7641d4f77
3cbe7ad4fbe64e83876d9c85f91a8237,3.6692746,d4cd0b56b6f54e08aec8ebfdb6122c5c
7149705cc0f243f3877d976946fcba4e,3.667975,cd60a0fcac24465a880af7d8f921dd68
1db04d4304ab44b5a063f18b9037c0da,3.6416912,02cf82700b4f4773af3a14ad8eaa5270
0affea27dfd242bda2130ad14ef28bb9,3.6270256,903360099fb644b6b88c6edac88eecb2
2c5bf4d606bc4435af0045f6c269d043,3.6221828,7ab29c5e2f05481d8a69cc479a764ee8
211bbe2f818640a39e55304483f7aee1,3.620418,691a538d2372403fad2b919b48ff5f85
a5188ae3f8ef46e7848bf70945078768,3.6202216,21b1ded02d7b42618592187e287835a3
42ce4e0d59764cd5a98455e34790c44c,3.614695,a6a551a308b9442f947ea0608ae2c3fb
10ec284856b64b33a3f1095d708227c6,3.613451,f5a6222612ef406b8f02aef87e08c476
1c72a6a5b70a4bf08702aba29a63ead5,3.6097114,650afb6a1d054e59904a1b796552eb04
ac99786a858b4fa2a4aab5dcdd49d652,3.6030436,6a122ce1702646db918266228d48bd08
faed47ec537c4a70b2396638df56d71d,3.5709488,17cc6768c9d14388b7455fea0060b62c
4a1eda64c5a74dc59c1ca7cc15a429dc,3.5688515,7ce06191f1114b4c8a00609f6867761f
bfa67f429e414493a7306f4ad2e21550,3.5047102,1f8c0f02984e4139bf8043e57497fdb2
2a15a6ed7e29403295f571a40fbf5895,3.4992464,e492ff7fecf046a4948c5ba5631cdefe
21b8e136ec834f4cb7c6232d8a8ebb52,3.4730604,e7d6747e8c8b4ebcb665e232240daf17
55af16e0058942008349107e8a2e1845,3.47025,d4cd0b56b6f54e08aec8ebfdb6122c5c
705398996d6440bd986d3dfa47bb583a,3.4679635,3be388c9ab614bceb086c19f70df23c2
472240e1b5e84fdc9e2c3dc8c4ad8435,3.467431,e96aa0967ab94368b381354e03dc40ad
915862b474ab4f229d4311709b20bd58,3.466178,6d3c42356e3b459c919e3129ff192ac4
eed22afb847c47abb46b07ec48d1b679,3.4521163,c26f5e7dcc8149f18f3d719bba9ae717
646d3b40f16d41d0952ee2bf74fff6b3,3.448249,eb513691b7a04d31ab1bc50bf343447b
acb93c3b67cb4fc8bf222a8468b2b6ed,3.4246497,64f1d63a671d441d9663a783f632f794
b1c2cf26538045169885251ae1a1100c,3.4193573,7ac9c94011924c09b47f9640211885a2
59ad0e42bca44e7c95b0aeb6bc5ca7dd,3.4034994,a585d23fe43f459ba86ac15645af77ff
10edc8c73a904e63bc4317abfd0d7213,3.3967905,66b0c8a58f444ea0aec34d9403b88a49
4d211e99c4d0455980e9ab87c212c2d5,3.3960454,2a9658410614443d8a27ef174f61d6e8
e3ead164dcbf45f98cbf23bb77a3d989,3.39513,64fa5ce839ef406b9bc8a1b2f05094c7
6f19ee43f25e4a01adfde430ceb68864,3.394584,9303b9f7f4984b2dac8aeba8c8da8ef6
65fdb46393a34ac699da17059ebaa6cc,3.389973,f9fae977af2c4f35b29400f31267e170
7dba9b481a53475cb2f9bb524154fa97,3.3879457,75b0bd2240a54f6fb45bf95ca43ab5e6
b34eaaea52614dfe82c2df09e4121948,3.3872845,8a77dc665d8b4d95a0b1113522f7e9c3
237d880c4172486781ba355b82ab8600,3.3837755,e96aa0967ab94368b381354e03dc40ad
aba310b256004f63a3f3225cc1b813dc,3.3782015,4ad7e2502210436f9ca5735fdf7e50c3
d723c3032ecb44e187744c460cd06e8b,3.3700304,00f45d57fd3c448d8cfdf3185ebae894
ad5f2cd68d6c448ba9532ff7665af2c1,3.363162,1b4e143cfc1648a5b877d7445446366a
8aaa8f372a5346a59b85061f27d9ffc9,3.363025,b4150337314e40fb9e3ebb24514504a3
2f2c1d07f46c48cc9afd407c79405b1a,3.3620803,7c1e02f3ab614e539ac901e5cd3c92d8
3df61db7681f47ecbe9f92df83b36e59,3.361339,bd35571850644321b86ce4fae286ce7d
16242654caa64a669f249360ac629e5a,3.3580456,3be388c9ab614bceb086c19f70df23c2
66c69be4b87942098f652198c91df0bd,3.3489609,77ac5eb4b3054ca68e2b0dcbd5473fd1
0c915913c66d40f6b77e2491b30dfc9c,3.3430562,a0fe3cd34e474c3b90662ce8ef1fcac6
a16486024d12452a9c7a4d88c7fc5efa,3.3310778,6c74bedaa406493a99988c5b8a47b704
55f81e8022ee42b893d99d17d99a3f32,3.3226671,0302e7dde9074dddbbbdf85e9be57901
4ef4c104173e4986b5ea7a85d28d9330,3.3202305,983940e0b12e4186a281c36de657406e
dfd4d092c16c4fbca7e9aac5e15806c4,3.3143034,1cbfb22f84454b1fb821b602e3ad11f8
52acdc11a8df4558867635630b69348c,3.3091464,74e7db4222ca4a20811199afafa346a7
d3b55aa1a6b041cbadb5fc0139fd8cac,3.3021398,e456afdf95e643dd926249fec4d68753
af18a5f9a5aa45a191a99b4792b127c5,3.3000078,78b600dd53854b018f87267d268b7b1a
b2e0675fdf93468a8fe7f4992e5ac02e,3.2880292,a1d8cb16dafd4126922f985021e93631
38407a6caf584c85afd497d9bcadcef7,3.2631829,75b0bd2240a54f6fb45bf95ca43ab5e6
96bcfa53901a41dfa438964a0688e82d,3.2597759,88dc23909eb4415aa39b96cc3a4c2926
3fa1b0de6d4c416189e62ee40264edd1,3.2540317,e27d9425c912446e947fe53c4a757375
dea0770945c6460c8082a2fa1e710ccc,3.2436643,74e7db4222ca4a20811199afafa346a7
85775741207d4d1ebf2ddd8ec7d58102,3.2379885,80921378de2b4cd3a14d449688d8b079
85fe4ea28be0476fb41585de18435d94,3.230898,8a77dc665d8b4d95a0b1113522f7e9c3
780486c1076b4c48a2e7b01053d328cf,3.215172,46bfd7af0ed6491fa621350963d11e35
dcd792ee5ed44c18908c70bc295d64d1,3.214085,6a122ce1702646db918266228d48bd08
046c13f855904119983f73a0bdc77a34,3.2085989,9014beae94cf4f648e1663c8d5ec6803
c40beffa8f0d4679bafb1eac1d38bd5b,3.1942968,75b0bd2240a54f6fb45bf95ca43ab5e6
b781fac256574439bea7cc655923fd3a,3.1931438,f11f1682b5924181b047d757d3e20964
7d72deccbd444c5bb9b43e3a6c75f5a5,3.188172,e52a528036014db0a7bd54b99a310fe8
9d2b582dd0f84326a537a91a57caab4c,3.1866097,d79afb377f5349a69830b2b4c7cfefcb
1d6f4b84093244e6915c8d2b03d11912,3.1857328,bade01bd83ec4b6786fd8c867ca7a090
41fab89a8af342e5835f50c62da3910a,3.1817758,1af4472b38cc4304841b2f1720075c9d
24f0ffec89c94e20bd898e051adcbf79,3.1763427,d27cfea4da8f445fb4e3c55e53c6482c
a2adf2cbae1441e3a30cb0ce1658be8f,3.1658084,c26f5e7dcc8149f18f3d719bba9ae717
5f47f156e8204f808cef8696d1f8920a,3.1657178,5a68e05acea4434ba08e17e1fff00057
c896b42105de4a53836bb12899fe2cdf,3.1571774,19c9ac7b84df472c85ed6cf5a05fbbc6
adcb28bfb3334cf0938efac96e34354d,3.1523495,c88be17376104f999b914a91aebf7220
2e9806470e994a85904d3521b5fddaa6,3.1491804,5a26ae7959494fef99542e9b2004fd11
390b32b86ff0424dbb5e9e0d988dd09c,3.1474028,9303b9f7f4984b2dac8aeba8c8da8ef6
d61fa8f9c09d4aef95f64f941a957c96,3.1341643,640f3bd184b7425fb22cc7773b8b2244
a48cffbae43148f292d3a78837fbd4ca,3.1282086,efdf40eee13d409c9955e5b84e4408f6
64f28ab73b654d0399810c11e2dc615f,3.1206582,7ce06191f1114b4c8a00609f6867761f
9f0c4fc689014714bc3604b21f1a694c,3.118485,6aaae524573f477f8fdef0b83787cbee
7243a107cca54629976980cef4591fb0,3.1172757,1b4e143cfc1648a5b877d7445446366a
46a274267ab54ead8270c0e79ff16753,3.1169605,5a26ae7959494fef99542e9b2004fd11
173d2968abb140d2bd3ad182500686c2,3.102651,d443e0c5017d48d1b3f86bf4da959ed5
4bb93a70efe949939c13ce6a18678093,3.0996206,77a8b27acb0e4600bb6ff974eabc269c
f40346321e624c7caf2e7586b7254203,3.0976334,2425086d8eaf44d2a9519f0e4e6b289a
5df9b0803cc442b68e59b21fe5955092,3.095934,e25b9d9944cb4d7197efb8ffc4ff57a1
73816ea484544387b7c1014e6b97b187,3.090158,0f9cc12519eb4872af7be7fe49e19f59
6c846ec45b5646b6b0d1dfce66fb8328,3.0871553,1cbfb22f84454b1fb821b602e3ad11f8
b5712ebb3754407989fd548033fcc3d3,3.0716772,e492ff7fecf046a4948c5ba5631cdefe
d8b0fd7f373b467f8a214ebf710b5469,3.0670426,89e43b092c844b5886a93091a22c894a
4d8700f8f8b3476899b9e140d2b572ea,3.0633698,e492ff7fecf046a4948c5ba5631cdefe
b89108d9803648fab3137eb2d150c208,3.061836,d27cfea4da8f445fb4e3c55e53c6482c
9aa12e538d0c4d89ab849afde0b92d65,3.0606284,c88be17376104f999b914a91aebf7220
dcd4e8a77e0c47f4bfeaedc8b8dfc397,3.0592034,bade01bd83ec4b6786fd8c867ca7a090
f5a783856a7f4d3ba8c3f2c29428c454,3.0342462,5a26ae7959494fef99542e9b2004fd11
7b77d3c7e5fe4d2abc10ed7f00ad4e1f,3.0340943,ec281224f8ee419ebde676f291672aea
be9ab7f3be354f5c90bd15df7006776d,2.9999695,02cf82700b4f4773af3a14ad8eaa5270
41f9870b0da34d88a3e68dd195a3e474,2.9970112,27eee82d7fb94b9b8b60bd3101187496
80a892b08d854ed7ba82af259da76154,2.9963677,156f393f7ca046299e09d05464afa056
bb58d88db2894bbe8d84b210cc4f26ab,2.9931645,99142f1c07cd4782814f8c970eaaa40a
9555747543024d518645fa84d0dbac94,2.970564,369fe18b94f54c98b554fd22b4a3b50b
574b37b5f1374cd3b422354879e9f582,2.969164,6542f58c143446f280e88a6375ccf79a
6339e9726a4b4ebaaf1b22a56c33b779,2.9665952,564a84b1b830407e811bcfc7fd086a6f
ed60600cbe5240f29132b4cda76d4960,2.9657936,faaac88748714ce8a99413b952a1dac8
dd7aef966c97433eaa394c033bd3ed81,2.965419,e27d9425c912446e947fe53c4a757375
b4606932b1e94119b460652c11647413,2.95718,1d47a696eae94bd29f215a4787b27d8a
b43316e2218e4fb390daa362fc8eadef,2.9541602,c322b788813745e0aa7b592b4345d379
d7cad8025bcb4868a7196c152770ab3d,2.9518838,fd51f3eef1a64d9a93652be481bde32e
cde999f7973048f5bdccda367d1eef4c,2.9489164,37337ebec05640b890e4b9612776c32b
1f2e192e12674543860d4dfb5ccbf818,2.9463475,d6fe6f8380464e21a27fd69de27f1f57
898b757291e64b7b982221e0a86dea5d,2.9424126,e5692bd498004d32934fbaa05af2120d
525962b8d45849bf83483c6f246cf7b4,2.9293466,e039a00eae414ebbb2205b011ac127cf
e6f19de2daa24324b2c88100702126ac,2.918257,691acac4a54d450697afb2c2dc4fca09
1acb0cb3f1f54789891682122e4013b4,2.9033976,7cd1db4b50dd41e6b2f3dd15fcab3b89
1a12b7978d8e4dd5b563cf97606bfa9b,2.9028258,1216ce1ef31e4643bb1222538c206342
5d880a342d1a4ff987be8c9023fe6275,2.898665,c0cb721b56f240dabf7f464e453ef72e
919a7551269b4f86ad471c424ce96b2a,2.8868449,fcc9863b07fc4bd5a01fab5b9160eafb
db0b5c45c2954d12b90e29ab07c75dcd,2.8611507,21b1ded02d7b42618592187e287835a3
3e3a44c2636246edb0f9c1d8f041d873,2.8552833,650afb6a1d054e59904a1b796552eb04
c8a6cf1a44fb449b9f338991907da389,2.8505926,89597084b19c4902b073a2c6c6622456
f2b48599b4e942a098c9a2fb280c2525,2.8504944,7ac9c94011924c09b47f9640211885a2
e45e383a0b9844e2b5ea7eaea5eb9fea,2.8495517,156f393f7ca046299e09d05464afa056
38f1d87fba9e41ce91c3db2733f683f5,2.8464363,a0fe3cd34e474c3b90662ce8ef1fcac6
b260e27f99814dfc9434f7e4b50702ac,2.8386087,057164cf4aab45ebbefef3409359cfb1
4f6887bfd8d64e9c96cb60b2fc428027,2.836169,526ab7eda50e4a239d03ad505832d61d
7cb7428e7e774e2ca33b6d9a12926311,2.8154337,23066f7964874fd39639dbf2cb2766df
e99926e33dcd4f4082308eff2e38da35,2.8126419,88dc23909eb4415aa39b96cc3a4c2926
d1fb54ad5cd34d8abd5ca9ee40b54dbd,2.8117208,b7ef0a61de0e4adf9688b2c525c9ad09
43a78998b5f14d87bf9883d669a9ea6e,2.8109946,d42996c2b67443fd9b73bba7641d4f77
eb1fe6fcc1154bfcbe523b6401451927,2.8081436,1af4472b38cc4304841b2f1720075c9d
ab6c85b8074c4edcb7f8d568b142ef98,2.807125,1543a2f94aa74008914301874d98f0f5
b0cc005e94e04a1da113c12dded0a882,2.802088,691a538d2372403fad2b919b48ff5f85
3a53b02d11d74f9b84a71811f607d433,2.7986248,8f285540a9394706bd6ec6cda46c5058
3c6017018cff435f8a15557ec2740321,2.7958364,85e7ea30890b456084b8e85c299c8649
08ce7eedbe124ee79566c776303ee9e5,2.7939866,c26f5e7dcc8149f18f3d719bba9ae717
b2a24b751645419cb6e060319b510e79,2.7818656,cd56b9a044c24df8a7156f661cb3d9cf
75bd7834bfba42a0824a1918cd04b829,2.7747536,c8b9a0ac7c214a449c434aabdf6ef770
17bcb53a4aac4e2d81bba1fca7bcc69f,2.7727356,fcc9863b07fc4bd5a01fab5b9160eafb
3d62fd7345e249eca395731c94b53eba,2.7648273,d42996c2b67443fd9b73bba7641d4f77
e449398fb3714ef39cfae0e60e4b3fd1,2.761711,34b71675a1ae442395b6eb1f3eda23df
12274ca89ccf49bdb0903f80560e3d7f,2.7615132,c9628610053945f4a7998ae48cd70da3
1e239dcb58ac4c869ed3fc6c4c4a06bb,2.7329905,f0695d7e59d64941b510a3d12f801d59
4e828f821c014d5d99850f710aff0f21,2.7284102,f5a6222612ef406b8f02aef87e08c476
fbf3e9aa77924f2397522f3e54f91d54,2.7257977,836ec4ef8df644328ac07b7803709323
1debf605469f435a817fe50539698246,2.724205,34b71675a1ae442395b6eb1f3eda23df
c46143f6691f4af38d4779e21a33f827,2.7179189,01690d9b08164fcabd5bf0819754f71f
7f1f5ddc758b4e929452c112c70911ba,2.715416,7a4c413f5c844796bd5ffed2b65f0336
22fbef34478f40bbbd083e12595903b4,2.7114875,de9328bdd1b34adda74a0363ff0a52b6
9f143dcef5ee44dd89610738332533b6,2.7060277,6a33c207c8b648f680dbd0e65639ef04
baa0f8290544453cb52c2a41cc0eee30,2.697671,d79afb377f5349a69830b2b4c7cfefcb
a3b9cd8b03da4791964406ffeee48526,2.6872706,6542f58c143446f280e88a6375ccf79a
ac047081c69246efb1e1385bc77fb76c,2.6857543,88dc23909eb4415aa39b96cc3a4c2926
9f893eb3a0eb4ad399f1eb64251cb4fa,2.6853771,d74f6e7abeb84eedb9923dadb62f45f0
429c0e9f5199454590fcd1e2560a42a7,2.6839325,1af4472b38cc4304841b2f1720075c9d
8baed775825049a7a98ba659c3139582,2.6695151,6c8a24653ef04f559b88e0f27c0df63a
95cfdf88f92e45f9b81a755fb1718759,2.6682634,58db4c3a26c84fa68d81235d078208bc
5dd11b299b1e4c9fa5e4d0683b4d02ad,2.6551757,cd56b9a044c24df8a7156f661cb3d9cf
649971e6871c4d3596bbe61f84b0e117,2.653043,1216ce1ef31e4643bb1222538c206342
38f66bccfc8b47afb357b8caa5a3f286,2.6486213,691a538d2372403fad2b919b48ff5f85
953a07c9b67d487f9d6ac9b71b85dff7,2.6465976,e9f055a212cd4e5e8601228c37713f35
3b54cc7ced814b6cbc6dea86f09aa770,2.6370544,ed9b10a2879742628fce003076ef9024
6fa6aa705e9a479b9435e2367955056b,2.6357036,d6fe6f8380464e21a27fd69de27f1f57
a545f38de45e4870b398a90fe9c5cbbd,2.6314912,257aed6ca7a44f1cb5c664beb1be527b
09a86f7239984e8faf484dba2109244d,2.6278572,4a4eb12a639346b5a00557d54b51fe51
f1f565a6c118448aaf377cc5c5ec0abe,2.6145544,1d47a696eae94bd29f215a4787b27d8a
1d2cd0bb5b1c471ca10d1eea0ef9b729,2.6089292,c26f5e7dcc8149f18f3d719bba9ae717
af1aeb26d52b41fea9c9af10f45c7bc3,2.5981677,7cd1db4b50dd41e6b2f3dd15fcab3b89
15d3499d1d4a4168b863a75b7e0b7e8f,2.59761,e456afdf95e643dd926249fec4d68753
eb5fe491e3474e81865751ec9f52b3ce,2.58999,1af4472b38cc4304841b2f1720075c9d
8e454bf7a3e945bfa6efeac4dcd2ce92,2.5855005,c8b9a0ac7c214a449c434aabdf6ef770
5a37cdd19ab741ca8f65dbc2e207ac65,2.5792122,650afb6a1d054e59904a1b796552eb04
73d822e81eff46d9947b9854da4db52c,2.5703495,95fbc6ed8bfd43c1a6bcf676e26e7f8a
b9500ef3747d4220b748183372d8c2cf,2.5591612,f9fae977af2c4f35b29400f31267e170
856daadbd4c24836a85731844393b1f4,2.553753,9e304a9bbc7b4c22af8025fc93757357
9fb8c17411204358aa87dcf800bd36b4,2.5372303,bd35571850644321b86ce4fae286ce7d
24a298b1f7cd4f74bdd60b6e1adaac53,2.5313466,d0a840820172465f83c8480d571e7b71
bfc3042d6d684128b937f9d9878d4eaf,2.5241172,f036aaf4ab714c598a0b6da4ca604136
632d5d8462f7480ba8e1873292371b3e,2.5219042,6b9b2c8f0a874bb8b6691aca6bc49565
d9956ba9a7e94d0ca7496d6df99555d8,2.5104191,efdf40eee13d409c9955e5b84e4408f6
59faf734dccd49c39c471b705bbf90a2,2.5085325,cb85047b65f8468aa02744c28c075dbd
22ded3f607364f7b96960f862358777a,2.5066137,de9328bdd1b34adda74a0363ff0a52b6
e0bbcc95980e4aee9f0b5f6976c5eaff,2.500138,f5a6222612ef406b8f02aef87e08c476
7138411c54ee4ddc9519ced57941eb3e,2.4999838,78b600dd53854b018f87267d268b7b1a
57be916f4b9f449e85faa3e690b60115,2.4795942,678725f8b914453fbc1029b7c1bc0879
15171a501992488a97cd9f1f44475978,2.4698727,a1d8cb16dafd4126922f985021e93631
4c0fd754fe344b9ba99a09a70be831df,2.4691277,f9fae977af2c4f35b29400f31267e170
9abbecd3581246798ab524e018f95ab7,2.4688315,31b69f9501c4415e929b6af28c83f6a6
500d964011eb4cd19e61ff976d9d808f,2.4621768,46ba0b979a664c7cb0c315c4cde6ac86
96a221031ce64e98ba5fcdb2fb45c9f2,2.4554224,7ce06191f1114b4c8a00609f6867761f
662a6fe9ae1b47f5b598c9d0ff7ad784,2.4539158,640f3bd184b7425fb22cc7773b8b2244
3b01fad04aad4fba95d40be77808d716,2.4532008,cd60a0fcac24465a880af7d8f921dd68
e064b22a3b0a424498be0599ec51b26d,2.4524424,1b4e143cfc1648a5b877d7445446366a
08b353e1649c42d6b37c9f7179dabf6e,2.4476478,d27cfea4da8f445fb4e3c55e53c6482c
a7fe5588b97f435caa29a3b507cd51f1,2.4459195,0ebc441d25664c91adad96b570270f07
f560f83f452a48fc84973544fe676991,2.4400144,257aed6ca7a44f1cb5c664beb1be527b
7b844c15f35e4db9b884e79c271e87f9,2.4399807,a585d23fe43f459ba86ac15645af77ff
56cfe84755904ae98f74d085dd2fcb7c,2.4396439,6d3c42356e3b459c919e3129ff192ac4
e0fce1d752bc4668a62db48ad4b8de4a,2.4376316,80921378de2b4cd3a14d449688d8b079
e15d2b4a689545309a64bd4d54621cbb,2.4338078,89e43b092c844b5886a93091a22c894a
b8cb140987104f8db7456d8b3ad57ae7,2.433124,e25b9d9944cb4d7197efb8ffc4ff57a1
2ae3d79e1c8641a9892ed31117156c0e,2.4190407,bd2f91a9415049d980e453f94327e0ce
20256e6cd14e4624979db79d84582573,2.4147546,fe6ace599de44aa19b1773dad3658fee
4710bc4b3f9547e4a1b836e957787a46,2.402918,a1d8cb16dafd4126922f985021e93631
e9f85a6880484c3a82685b170d052a51,2.3991995,d0a840820172465f83c8480d571e7b71
f09f284b59c6475baacb67116020c617,2.3956652,9ff95d23c3284d31ba5e398afa520649
b453e70a75224981b0a892bee09f9b9d,2.3884108,c9628610053945f4a7998ae48cd70da3
9d3679e8828845c6be8f7376e953d216,2.3851125,82b01998353e4141a7613fdc96d7b600
c674a30eca94429c91ef5e7bfd2d9f24,2.384873,c322b788813745e0aa7b592b4345d379
5880fbce1031460b8097717c0e258b33,2.3801088,e336d113184c4ebdbad7aa2b6ec64640
32b7043aedf94f65af81490dfccc8b7a,2.3727427,7ac9c94011924c09b47f9640211885a2
0ff74b4b29e044ffb307f3598dbbd1b7,2.3700604,e52a528036014db0a7bd54b99a310fe8
55cd7fb3f7fa410b973c972dc5f4b757,2.3530717,c88be17376104f999b914a91aebf7220
a4057a1aa4e948e5abc7ddcad9479b24,2.3429441,e9f055a212cd4e5e8601228c37713f35
2f01109a00d94d2ba4736fbea4522c20,2.3426523,78b600dd53854b018f87267d268b7b1a
6bfc7764438f4a6caffc2e8225f5545a,2.337371,d331012ecf0c40888e0ac290184f0883
e30148a8fe434f3eafce6f2cce757060,2.332131,9170e0bb8fe44b309f83293808d871fe
aea33ab76ea843ddb17f1196fa2875f1,2.332082,f9fae977af2c4f35b29400f31267e170
f36820bbc65b4c6486f479be532b159c,2.3219054,cd56b9a044c24df8a7156f661cb3d9cf
74f89cf2b75547168060f6c31aa572f9,2.3106828,156f393f7ca046299e09d05464afa056
b7076c9ed4f545c48deaab51abdc4a6b,2.3023806,ff218cc7835d4b5ba0de22792319050a
f66b6efba0464f1a939d4ae426b9f217,2.3001978,fd51f3eef1a64d9a93652be481bde32e
dbf2f20d05034e77a9be456ee8d44377,2.2934506,564a84b1b830407e811bcfc7fd086a6f
d4b67d4bedeb47018a353598e2262d9e,2.2857215,c3412c53e9ec4b6a9a1aa95cf7f0f1e4
fc982cca5c594093a33406ccd0a2b83c,2.285437,89597084b19c4902b073a2c6c6622456
54371d2d71dc41b99b9d79ae757b5dbf,2.2801127,4a4eb12a639346b5a00557d54b51fe51
61e6eab2c60042858ee62e5d01968ba8,2.2690377,e039a00eae414ebbb2205b011ac127cf
b26293f2e7f54384a164fb685236aa8f,2.2582562,58f53c379f7a4868a2ba6d91a06247d2
2ecb2538a079498991304b0864fbe039,2.2536063,e456afdf95e643dd926249fec4d68753
700d97396d164429817cb71d0e1b313f,2.2529457,f9fae977af2c4f35b29400f31267e170
a4c088804f1a458e849f356cef8bfa22,2.247562,e336d113184c4ebdbad7aa2b6ec64640
1cab9ba05da64cb6a34b521f9b039303,2.246328,1d47a696eae94bd29f215a4787b27d8a
299011ed1f504bc0ac2d31f2876162d4,2.2462885,4b748d6624144214b3d8a80b37aabde6
c81fde53a5804d74983247fb14718050,2.2433603,bade01bd83ec4b6786fd8c867ca7a090
f023a1ec2a5e4947a0c66be38c5f67b2,2.2407625,7ac9c94011924c09b47f9640211885a2
fc0ddf22d761445da507bfd2d2d08d33,2.2383904,efdf40eee13d409c9955e5b84e4408f6
56db49f870bb49eaac223bc725d79f26,2.233738,17cc6768c9d14388b7455fea0060b62c
6a057932e0f440299b46bf70039cf9d7,2.2317045,e492ff7fecf046a4948c5ba5631cdefe
93ff73f78f7c4aac9aa13de5f64205cd,2.2283669,00f45d57fd3c448d8cfdf3185ebae894
4bd7c89c496144089a9b340c20c1a8bf,2.2273462,ad2b6fb945714e6792c17bd49a1066e0
6e50350fd3c745e6be8f38c45f9b9148,2.2250805,fe6ace599de44aa19b1773dad3658fee
545abc5f61374dd596a546e619a12ae8,2.2208261,5a73e0a5c757410eb0928feed7b151c8
e046c26587cb42afb43672bc7895ec22,2.217,9303b9f7f4984b2dac8aeba8c8da8ef6
eb012357f09945268a134e8461cb8cd2,2.2120774,d74f6e7abeb84eedb9923dadb62f45f0
55cd381ef54d43069999636fdbce998d,2.207698,46bfd7af0ed6491fa621350963d11e35
6237fc7134d449b9bc4158d9a707cca1,2.1968246,e9f055a212cd4e5e8601228c37713f35
44b833375c854450a60b5f4819e94466,2.196684,d0a840820172465f83c8480d571e7b71
7e41c6ad9fe846239eb8cdf3a0a3569e,2.1895335,9303b9f7f4984b2dac8aeba8c8da8ef6
0d995ee72a0b43739f37e5962dd6c907,2.1885238,0302e7dde9074dddbbbdf85e9be57901
6ad7781d238a4ed28cba7dda16397459,2.186699,1c97c72e076f40fcadb22b17e71beed1
fd45ab2e058b4b5fb374e54e60aceb48,2.1742258,b050e9e1ef5946c297a34dda98d8f476
a7696e4b2a7b4a87a64c7bf5ced3a129,2.1717067,efdf40eee13d409c9955e5b84e4408f6
05c94abeee1e4897a6b14e8c36542ab6,2.1710162,5a26ae7959494fef99542e9b2004fd11
a1ea6d619e4045668556cef7645bb76b,2.1696725,9ff95d23c3284d31ba5e398afa520649
72b24b9944aa43599173c03884689224,2.1672318,95fbc6ed8bfd43c1a6bcf676e26e7f8a
16b6598102224ec59ae691c80c17f913,2.16294,e9f055a212cd4e5e8601228c37713f35
61bbbca9959242abaabb21b01f9f40b6,2.1598935,526ab7eda50e4a239d03ad505832d61d
1bcadb1e071c4e6d82323f31e960901e,2.1596498,836ec4ef8df644328ac07b7803709323
e980c76243164587a41b4adacf1c6b50,2.1595216,58db4c3a26c84fa68d81235d078208bc
abf8b91082294675ba25ab35c659daa7,2.154386,09fc9f38fbbb4bfaa1c979ac9cc43f0b
70d4373544a8407086d520841c1eb504,2.1524353,7c1e02f3ab614e539ac901e5cd3c92d8
4483d9ae441d4fe1889099eb3acf1676,2.1521754,c8c201e25c0047a2ba9d9e8541ac0939
24e177e9075a4c7ebd2cf154bcbf7b78,2.1496177,c9628610053945f4a7998ae48cd70da3
b49ff629d01a47a284c14dc1d21a0d1a,2.1446402,a585d23fe43f459ba86ac15645af77ff
a1940599db974ded9752d1567b236c42,2.1398907,c8c201e25c0047a2ba9d9e8541ac0939
9d12b38606754a8ca46a62c27872e893,2.1331215,4ad7e2502210436f9ca5735fdf7e50c3
fba9b7d7ae944ed889c1f11ceefd238f,2.1280828,cd60a0fcac24465a880af7d8f921dd68
ee4ccba3df1844ce82f9731a2c019234,2.1272874,a25b08e008114c9ca0266ce3e55d82bb
390ed716ee69427f85d1d9d4da45fd20,2.1205647,526ab7eda50e4a239d03ad505832d61d
55f19079097043d4b29cd2c08fb960c5,2.1192737,58db4c3a26c84fa68d81235d078208bc
882f017418bb44afad1448d9640bd967,2.0899796,7ce06191f1114b4c8a00609f6867761f
a879a1da30c4407aa84b5fea90b60f32,2.079958,6c74bedaa406493a99988c5b8a47b704
c0db9a38259c4b429eb66ba537ac8730,2.0768845,19c9ac7b84df472c85ed6cf5a05fbbc6
734db9fe91ae4ef4aa4f3798343785f4,2.0715318,eb513691b7a04d31ab1bc50bf343447b
8e57d7771c084620b4bc95981a394b34,2.0674536,4aa3556b2aed469584c573868193a07a
b3d1c6603e6a4f05bfe265607ea252ba,2.0668435,e02ad4f63c8444b79a7a56fb23a4e0f1
840915e1243641c0b502a35bfa1a9aa4,2.0662062,e456afdf95e643dd926249fec4d68753
f54fb64fd5a04f3ba5c065305856b3f5,2.0568726,d6fe6f8380464e21a27fd69de27f1f57
b90d91a297514acd88d2d9aef7a483da,2.049419,7a2491a27f3c438a8549988f7a79e26e
7522f624f59c4d74a8703781e00414c0,2.0481746,5a8cc5ff28fb4359afc7e9fcbf3bce55
d8c0f66ffaf94373b23b46444c5acb4f,2.039132,156f393f7ca046299e09d05464afa056
8ec020ab1bfe43a58c104ac0eaa95bf7,2.0362766,0ebc441d25664c91adad96b570270f07
dff829b336b64da68408d78fc0580c38,2.0345979,e45844e0215f4a1596a7f9ac41367c46
b4e94218abf54b0787b1a6e1191836d3,2.0340102,e456afdf95e643dd926249fec4d68753
f9a7d6299ae54cb8bc2e6ba1b878f8cf,2.028001,e27d9425c912446e947fe53c4a757375
60b12e62313f421f9865db223f254655,2.0217485,f615619defc4402b82845090c238e597
e96f7d9a6eb04d7e9b3a01744c7f210e,2.0158005,836ec4ef8df644328ac07b7803709323
3b065dc23322478a8128f0322c8d0678,2.0157127,8db9e204b8b841df8fd94eff0888cdf7
8a96af0f20f74b209326dd750c56a2f3,2.0079496,0ebc441d25664c91adad96b570270f07
61e1612d7fad463ea1c28d21bdc98513,2.0049083,82b01998353e4141a7613fdc96d7b600
a0f623aff0d34804a39f4b55a08898ca,1.9968743,903360099fb644b6b88c6edac88eecb2
d8fd098382264e93a362843242d58e0a,1.9828691,8f761e1117754656ac86a3a25f241cd7
3d4e582564564c72b47184e7b5c0717d,1.981621,5971501b0e8b4ef5b203c3985d7f5e88
211c5c1ee1d042d391296b95c6c95c66,1.9780777,cc21026ff0d541909df56c5618d28518
6193d950669f47f9a2268d0f3a41b2fd,1.9680915,faaac88748714ce8a99413b952a1dac8
e20a7ed561e1414ba269129124fa8186,1.9631429,f5a6222612ef406b8f02aef87e08c476
e2b6403a2141451a9febd997a026ed2d,1.9580622,8a77dc665d8b4d95a0b1113522f7e9c3
7360c15d3abd4dd8a5af35cc13c48b1c,1.9503443,89597084b19c4902b073a2c6c6622456
a202212d6ad9404fbc16c60a7fc73ddc,1.9470501,fb695c097d5845c282f6b30c241e8cf2
00bc1d895118471ea04c2ee6a3ef3f22,1.9464502,156f393f7ca046299e09d05464afa056
3c400856520e456ebb8a1f9660e45cad,1.9433877,3b13d134762445cebcdbb02b484db77b
58c7b41f2b3b4984aa23beaa1382b4f3,1.9427783,e7d6747e8c8b4ebcb665e232240daf17
0efa7128e7d54bb098c98a8d23fa4d55,1.9338183,aa2d7a3a535243189492d4ce8e79c049
3b9a5aa10a7d4cc9b31122f2d4258ccc,1.932777,b25fe3b79f714d38b3fc53e39fd84d36
7b51de0f71b142e7ba4820c5972d711f,1.9204895,b050e9e1ef5946c297a34dda98d8f476
b3cc119ea5494c5d93fbf4b7d29ec6e6,1.9192274,19c9ac7b84df472c85ed6cf5a05fbbc6
a79ab69369744d3bb4d94f1ed2d8c781,1.9182136,c8b9a0ac7c214a449c434aabdf6ef770
68a1587934b74c2aac31a790843f3b56,1.9150324,e5692bd498004d32934fbaa05af2120d
9a941b16ff4840eda21ad2f9e0c81f3f,1.9138439,9b22c5cdbff44bdabd48dba008e6a3b2
9ed80bde74cc4e15aaa675186748bdbb,1.9032209,58db4c3a26c84fa68d81235d078208bc
94c480de369e4fcab0aee54d6543f90b,1.8880395,630edd9b8f754b5dbd36cfbbd03ccb51
936da7c6ee60477dab2d4d91e51a0931,1.8871785,526ab7eda50e4a239d03ad505832d61d
49929ef41ac3470388566de204f75fff,1.8850963,e25b9d9944cb4d7197efb8ffc4ff57a1
0beb47a537e14562b509e395d77dc749,1.8826075,526ab7eda50e4a239d03ad505832d61d
daaf43ca009348bfa676ca06cddcdf61,1.8815184,a1d8cb16dafd4126922f985021e93631
506892256fe04ccdae8ffa97993fb582,1.8754976,691acac4a54d450697afb2c2dc4fca09
d2ed407fe4db4fa69c57cfa4bd7d002b,1.8732977,8f761e1117754656ac86a3a25f241cd7
192ea3bc5bf1479bb3255c41ff2fa9e8,1.8725508,bd2f91a9415049d980e453f94327e0ce
fa54265caebc408591476e98de422b10,1.8610238,31b69f9501c4415e929b6af28c83f6a6
1ab3ed9b9a4d45cc81fcf7e200bdee0f,1.8601327,ff715b4f228443e3b067c801250f3402
00aac7746e164d80a6a257d31925297c,1.8596904,1b4e143cfc1648a5b877d7445446366a
d404db290f094f2f9dc6ffe54216308f,1.8591075,564a84b1b830407e811bcfc7fd086a6f
93879e26ebe547db997c77791c3d7fc1,1.8581611,21b1ded02d7b42618592187e287835a3
b68aafdc6e7b4188a9506c869f83ae96,1.8514717,6a33c207c8b648f680dbd0e65639ef04
8c55cc4f7bc44ef7b9210ff7b7595435,1.8495822,75b0bd2240a54f6fb45bf95ca43ab5e6
a5b36f9c26ec44639e19ecba64ad7063,1.8490866,8a77dc665d8b4d95a0b1113522f7e9c3
4e48af3f82274b30b4ec6ec1533e2840,1.8486471,58db4c3a26c84fa68d81235d078208bc
41d559a45180411298adc4fbea7618ca,1.8428355,de9328bdd1b34adda74a0363ff0a52b6
1db0071ef86044f094e7faa2720a4ca4,1.8362983,d331012ecf0c40888e0ac290184f0883
4440ec412a204073bc44b4890ee24ee9,1.8361443,d443e0c5017d48d1b3f86bf4da959ed5
c853cbd19ac0421eac6817429b6f8804,1.8359516,526ab7eda50e4a239d03ad505832d61d
6978d19475ab49b1ae3acf443710c48b,1.8341684,6c8a24653ef04f559b88e0f27c0df63a
22c7e1d0cbfb4391813376493a8023d7,1.8325739,92d5da561f5a41bf929f3555a74cd653
7e14c6fa40384f39be08ef7ac6b7deba,1.8324835,4b748d6624144214b3d8a80b37aabde6
7ee89cd6d6774885a024ad9e8abfda35,1.8303161,3257035cc77946d98bdc09e2fdd5cdae
77e2cfc79eee4e1b91f93386b436bd31,1.8207555,5a8cc5ff28fb4359afc7e9fcbf3bce55
4dc64707bd42424f82f84de41d91a5fd,1.8036151,3be388c9ab614bceb086c19f70df23c2
ec1ea84e09b54849a539177f929c65cd,1.8031024,1216ce1ef31e4643bb1222538c206342
6ede534375a14c609d02c3f94a41907e,1.799267,de9328bdd1b34adda74a0363ff0a52b6
8b1eb206468046df8b8c19637b250996,1.7977332,89e43b092c844b5886a93091a22c894a
fae3e9acdc1c4860bb50119b70effcf1,1.7922401,ecdae9f36c6a437ea72739febbf1c89c
d896778ef12545f5b79fbe84a1c9ee58,1.7921987,80948e17b5694599919e1502bfcc08f3
6e6870a557a147a9acc900ab380040fb,1.7798824,e25b9d9944cb4d7197efb8ffc4ff57a1
ab85f0b004fe481ebacaefa2d94bb656,1.7788179,e52a528036014db0a7bd54b99a310fe8
0f23167585384e62970cf34d4092c7a7,1.7770494,e52a528036014db0a7bd54b99a310fe8
5dce93cb07464f0db845af41bf878604,1.7762561,acee70abee2841c9b67b95e9ed079647
30bedeca60dd40b78dc5e6d52d6af8a8,1.773299,acee70abee2841c9b67b95e9ed079647
1f8a0f1ab6d94f46a1c669d409295676,1.7672901,d331012ecf0c40888e0ac290184f0883
1742e7fa8f8a48728fe37d75ce11b9c4,1.7583607,1d47a696eae94bd29f215a4787b27d8a
7e7b92ee644e42a3adc00967aa9f4cf8,1.7550149,965598a17b624a0f9bb1cd58595458a6
2b87269c561444308fce933186cf6042,1.7543362,0ebc441d25664c91adad96b570270f07
caba51ea4cb243dc87741ad2c31130b1,1.7481098,ed9b10a2879742628fce003076ef9024
9280a530ada64a8f829e0ec528712cbe,1.7458098,65664fb3aad341fab563409d91dddd2d
e0d2814553f94dafaa11cc4de14b94db,1.7417428,bf59502a233e4b5eaff9cfa3a992c387
e7477d785b474565a0c4aea10f9060f1,1.7415099,64f1d63a671d441d9663a783f632f794
b48f5f444c3140b38a8e756e57fd042c,1.737344,9b22c5cdbff44bdabd48dba008e6a3b2
3407ed3eb6d4426bb50ced20b862de96,1.7315674,8f285540a9394706bd6ec6cda46c5058
8c4f8ffe681a4951928e1444bf4947d6,1.7303064,fcc9863b07fc4bd5a01fab5b9160eafb
863e6e460e12403393c97a12e6ce92f1,1.7260565,d0a840820172465f83c8480d571e7b71
abc9ab04fed74e638625e3e6f26de13d,1.7235874,a0fe3cd34e474c3b90662ce8ef1fcac6
c3758e6612fe4a54ae862d91d26d805f,1.7232436,d331012ecf0c40888e0ac290184f0883
5e369cf5939f4d15bb771d98108df034,1.7211865,9170e0bb8fe44b309f83293808d871fe
0f7f319e6bfb4438a4746cfecb70a08e,1.7198468,855b3971c4a147cfb9a7c281fa6b915e
13bc78da1120442190653a8273c4f2af,1.7088916,19c9ac7b84df472c85ed6cf5a05fbbc6
455cb638bfe54346b07d85d63df40847,1.7073464,92d5da561f5a41bf929f3555a74cd653
c3ff9a50b4c1477c812af51fd7ce9489,1.7057871,630edd9b8f754b5dbd36cfbbd03ccb51
11ba79f894d048f9b56685491d4f3282,1.6950669,640f3bd184b7425fb22cc7773b8b2244
6bc08caeb482448c85c44c89c5fee7b8,1.6927232,4aa3556b2aed469584c573868193a07a
7347c822edd443ed856998a70357afd0,1.6914494,8a77dc665d8b4d95a0b1113522f7e9c3
2c5e568a58a646b7b291350b7145e317,1.6906582,88dc23909eb4415aa39b96cc3a4c2926
8058d1c206ab4268a15994fd69f5d5d0,1.6884676,1c97c72e076f40fcadb22b17e71beed1
a8117ce7b13549fc829e0bf1a9330dc9,1.6867857,fe6ace599de44aa19b1773dad3658fee
a1a22d5f63af4418a3f33283a6013d2d,1.6751842,8f285540a9394706bd6ec6cda46c5058
c3b713beca8b4136b4807dc4071fe795,1.6703434,d331012ecf0c40888e0ac290184f0883
523ae070f70149be975ea27f84bdb39c,1.6687074,75b0bd2240a54f6fb45bf95ca43ab5e6
67cdfba89fae4e3896b9aebb4f52dae5,1.667716,cc21026ff0d541909df56c5618d28518
d7d1062b83d0482889557ef5578d6c18,1.6648762,836ec4ef8df644328ac07b7803709323
278a6d1334d949ac865e60b6199bf59d,1.6644936,a926df6d7fcf4b17b68dae6f41fbce66
b0f8acbb976643b7b4c8736a8d7305ef,1.6511486,0ebc441d25664c91adad96b570270f07
13260f69234944ae8feb384dae6510ab,1.6496497,eaca056cec224a30aaaed30c39f644c2
0237bcef8eb845aaa48b53436a3ea75d,1.6479484,eb513691b7a04d31ab1bc50bf343447b
7dda222413534a90ab8e3d686a1ba461,1.643674,d27cfea4da8f445fb4e3c55e53c6482c
bd9ad9e73d3d47e6bc36d0072d5d99bf,1.641962,3be388c9ab614bceb086c19f70df23c2
2c689d06459b496798e7fc1e4ce8b03e,1.6381437,6c8a24653ef04f559b88e0f27c0df63a
86339034705d41e685883013d2ef7d6a,1.6371492,9303b9f7f4984b2dac8aeba8c8da8ef6
0f8a4be0f3094bce84e582a214feabb7,1.633995,aa2d7a3a535243189492d4ce8e79c049
901288a03fde4b628e2efc51f9ec6f0e,1.6313552,257aed6ca7a44f1cb5c664beb1be527b
e8731d4569304e1aae79558458ad6797,1.6286403,01690d9b08164fcabd5bf0819754f71f
6555bb324c1c434ba6f2beb761ab8f1f,1.6250324,80921378de2b4cd3a14d449688d8b079
0428fe3094fc415e8fa4599480d6b434,1.6248366,17cc6768c9d14388b7455fea0060b62c
e9b290a94aa44b1dbba67ba62b5153ac,1.6224174,27eee82d7fb94b9b8b60bd3101187496
b4d2f62738d84adba1b5809481bab602,1.6185039,fe6ace599de44aa19b1773dad3658fee
0d2bb28b114e4f4c8c688a13f967b79b,1.6159718,a4cad92644614f78bded3ca6d6023473
29fdc29e4b23460088e7060422eb8582,1.6149908,f5a6222612ef406b8f02aef87e08c476
7e4c2a881ad24760b9775870c8ec426a,1.6144695,f036aaf4ab714c598a0b6da4ca604136
06b6d2be43a64627b49fcfeafcec63dc,1.609761,6b9b2c8f0a874bb8b6691aca6bc49565
16a030831ce1413fa733f24b6ff28501,1.6090417,a585d23fe43f459ba86ac15645af77ff
f4398da2a74044829b4f7bd0808aec82,1.6082587,6c8a24653ef04f559b88e0f27c0df63a
cfbebb0b8d25424bad46127adbe59343,1.6077111,3257035cc77946d98bdc09e2fdd5cdae
8105d0f3a03d43f0ba0794fe967c3c61,1.606902,64f1d63a671d441d9663a783f632f794
bec8ca61a6524d90b610482e2f304259,1.6039333,ed9b10a2879742628fce003076ef9024
f503f17338d443e6a873dd091898a5b6,1.6037811,855b3971c4a147cfb9a7c281fa6b915e
fed199237941466bbcb3b0333580ee3f,1.6010051,77ac5eb4b3054ca68e2b0dcbd5473fd1
b6406f4769234ae7828d1f1011448739,1.5992143,b25fe3b79f714d38b3fc53e39fd84d36
82a059da201341cea6290c541e65ce5d,1.5978843,75b0bd2240a54f6fb45bf95ca43ab5e6
05de4f46aac741bd81e6bb9133542716,1.5956815,bd2f91a9415049d980e453f94327e0ce
0a0ac8e04384494aa6efad6605bee67c,1.5862315,cd56b9a044c24df8a7156f661cb3d9cf
fe866322e3f94718be3a75be3975a37a,1.5830812,9b22c5cdbff44bdabd48dba008e6a3b2
ff0622832e0e48519d375778af4f60c3,1.5792161,7ab29c5e2f05481d8a69cc479a764ee8
a89278348142457886434482fa366f57,1.5779939,e25b9d9944cb4d7197efb8ffc4ff57a1
2ae6d89874964a38a8d1dadc9efeded3,1.5731562,89e43b092c844b5886a93091a22c894a
91a077bae982429595e548a2859976ab,1.568575,7ab29c5e2f05481d8a69cc479a764ee8
23dfaadbd50c422b9ff80be549a47391,1.5673275,cc21026ff0d541909df56c5618d28518
7fc16d6f92a847c29cf3367644e4e835,1.5582181,b8ca3b6144cd48208caae952e096e7ae
bb1d29d38bf146d882c0237285e635b6,1.5546832,a4cad92644614f78bded3ca6d6023473
c6654e244a00404a84d2f9314a7c6bd6,1.5542336,6aaae524573f477f8fdef0b83787cbee
1d79bd154afd47138f529dd6f1d52902,1.5518801,c8b9a0ac7c214a449c434aabdf6ef770
0ca1af4b4360463da2290c0231e7c2bc,1.5507075,acee70abee2841c9b67b95e9ed079647
3477cf6029bd4abb97d2bbcc6c11509b,1.5506545,1216ce1ef31e4643bb1222538c206342
ea0b41aa56ee406986b5b4f422a625ee,1.5487236,f5a6222612ef406b8f02aef87e08c476
72679574292b4dcba4cd8bf82996bc5f,1.5436016,64f1d63a671d441d9663a783f632f794
b9927fff8eac41ac99d787e84af9c3da,1.5279181,95fbc6ed8bfd43c1a6bcf676e26e7f8a
91a9ce617c5b458284f2fab317b423cd,1.522933,1216ce1ef31e4643bb1222538c206342
5db16d2af83a479d85d0755051ccebb6,1.5220835,b25fe3b79f714d38b3fc53e39fd84d36
ca143ca992a648ca9b004f3be8a53a61,1.5194944,4696c8192576454f8684954bc771aa23
6823a93202f146b282eb66b620ae592b,1.5156363,6b9b2c8f0a874bb8b6691aca6bc49565
3cb97459e3f74194b27d06def0becea3,1.50392,c322b788813745e0aa7b592b4345d379
29d39b14f72c45cebe5afd433c98dd23,1.4907528,b2be859ca8f24cda86821d5383edbc18
91c0f6c693104690921ae87324e06692,1.4831251,73e7e41e8db447c09cb2363d76556c64
b4bfd87056ca4927b56965f9b8341f74,1.4701072,74e7db4222ca4a20811199afafa346a7
cfe22b04c2604c1fb386b852e558744b,1.4691155,ff218cc7835d4b5ba0de22792319050a
77f470031d7a4d3aa691e074e7215cb5,1.4645827,e96aa0967ab94368b381354e03dc40ad
c8bddc0d410d4f759537fd2e4bff533f,1.4640656,1af4472b38cc4304841b2f1720075c9d
4443770debc447b1b3f8c9dbb46160cd,1.4606957,e456afdf95e643dd926249fec4d68753
0681f461c4ad4ee699a843df5ab30607,1.4594504,dc58564d0c8540bea4f3e2e3696deae8
bee778e5989a42b98f01c3f28373b730,1.4590195,ec281224f8ee419ebde676f291672aea
b074150ff8a24cc9b889876ee8b52d9d,1.4563264,a926df6d7fcf4b17b68dae6f41fbce66
1e3ef31d6bdc469a89c1eaf71cbead2a,1.4557395,e5692bd498004d32934fbaa05af2120d
014b077427a84137a08055cd6ba1057f,1.4530375,fd51f3eef1a64d9a93652be481bde32e
e2b08fa4040643048867ee258a43c077,1.4521096,678725f8b914453fbc1029b7c1bc0879
26b564b6bf114f2bbe987a9490e74e89,1.4509099,d74f6e7abeb84eedb9923dadb62f45f0
4ec7a9ba5579479e8eb75b6a39172728,1.4448508,5831f5e280be4c02a09ce4588b56d7f3
8498c31c9d93468caa7deb065c84e1a4,1.4441364,d74f6e7abeb84eedb9923dadb62f45f0
edae612794a548eea7fe0edde2cd8271,1.433068,c3412c53e9ec4b6a9a1aa95cf7f0f1e4
d8ea4ac9525840edbbf19a36ad957e31,1.430394,d4cd0b56b6f54e08aec8ebfdb6122c5c
f2f267caea8b4b99a078a6d77af06916,1.4257747,7a4c413f5c844796bd5ffed2b65f0336
d2e23fe1095249c4a12577fd6efe8a65,1.4223104,700f381f40ce4b039ce0df8b49fb199b
583a781c0b984086a93f2f1c7c5f98b9,1.4203495,f0695d7e59d64941b510a3d12f801d59
8085782f7d76421b8468fb1e61d4fd61,1.4190934,369fe18b94f54c98b554fd22b4a3b50b
22dbea142f4c45988a0efcb3c3633249,1.4164875,d42996c2b67443fd9b73bba7641d4f77
6f0406b6deea4302b4e44ece4eba9ef9,1.4160291,eb513691b7a04d31ab1bc50bf343447b
bc216861a2124a6b9cd42cda34629f7a,1.4150343,257aed6ca7a44f1cb5c664beb1be527b
fcd13888ea3d4c2cba9cdbf3a7d2bbdd,1.4130294,b2be859ca8f24cda86821d5383edbc18
3427373bf8314ae5a87677132dc4874f,1.4090011,8a77dc665d8b4d95a0b1113522f7e9c3
385af4460b5a436baece6ce3fa1cd423,1.4081501,6a122ce1702646db918266228d48bd08
e18c0d2a5ea54d0dae0481083fc0db46,1.404298,3257035cc77946d98bdc09e2fdd5cdae
299ada2bc5ef4534ad5e0b1b7d10e457,1.397788,e02ad4f63c8444b79a7a56fb23a4e0f1
1aaf2fb4fc244f5ea6b9eb65d1183c03,1.3891188,7a4c413f5c844796bd5ffed2b65f0336
234999d28bb04577a48d50f076a844a6,1.3846586,8aadcf7251724cc6858dc0db44abebe3
4975299790f047d9b4dfba901c33ee4b,1.3828093,bd2f91a9415049d980e453f94327e0ce
7409ac4ac3c944aca7a9965f2568766e,1.3784859,5971501b0e8b4ef5b203c3985d7f5e88
19c57283f04a4c338b9625f43642f886,1.3720412,d576e334105247369362b05a375e88cd
0077d17ffb254c86a11e301042f915e4,1.3667035,0ebc441d25664c91adad96b570270f07
7736e2c1dbab4b4c904c42e51fd17759,1.3635094,640f3bd184b7425fb22cc7773b8b2244
886b1cde3d0e4f1db12bcb160b6f357a,1.3621595,0302e7dde9074dddbbbdf85e9be57901
c12ab02c4bac4b91877f10f42eb704dc,1.3614802,3b13d134762445cebcdbb02b484db77b
edf32c81fa8c41f4ba76d882cc8f88c7,1.3596393,fd51f3eef1a64d9a93652be481bde32e
bc3dcde96af9406186e1b5eb3b8af798,1.3499132,4696c8192576454f8684954bc771aa23
5854ad482e74460797366e8eb405b2e7,1.3440828,b7ef0a61de0e4adf9688b2c525c9ad09
78c726c0af744ce0b72aeb59512d26d8,1.3402257,e52a528036014db0a7bd54b99a310fe8
75bceb302d644b309181d454dbd2b59f,1.3342841,678725f8b914453fbc1029b7c1bc0879
6ba13a7346044bfba1b6245853af401d,1.3309442,d9fbe02f04a4469dac855f69ea6ad02a
5a9a908d748e4c2eb30cdf4a450e189a,1.3296628,cb85047b65f8468aa02744c28c075dbd
d783d92ce7464edd930cf3e6a5a3ec9e,1.3264624,5a26ae7959494fef99542e9b2004fd11
49ed92caa29841ae9341d53497cb8124,1.3257409,1216ce1ef31e4643bb1222538c206342
ab90f505d58d4d94afa71bd0811469b1,1.325474,80948e17b5694599919e1502bfcc08f3
e89166577a8e4c1d9c4025a06e1d5a24,1.3049313,a0fe3cd34e474c3b90662ce8ef1fcac6
9923a917ad644091bbc508d3ced20f75,1.3025448,369fe18b94f54c98b554fd22b4a3b50b
1c8f15d98ac3471fb966536a1bc8e9e6,1.3004858,f036aaf4ab714c598a0b6da4ca604136
fbbfaaf2bc764120a3356650c7d62219,1.2983887,2768d411cc374a018a898f9df0ca207d
780760acebdc4860bb31c7a7150c19dc,1.2946748,f5a6222612ef406b8f02aef87e08c476
6a9e4d855e3944719a49f41d3f30b8d6,1.293479,faaac88748714ce8a99413b952a1dac8
b0428ae75a7d474bbf2e2f440fab50e9,1.286454,e492ff7fecf046a4948c5ba5631cdefe
9b8afef332b0478a954974c9be4b010f,1.2854067,2a9658410614443d8a27ef174f61d6e8
0f836960df064e7c96c2a78d865fd458,1.2830964,bab3bdc133384798b558f8fb6466a7fa
6b4034f8415244f88296cacd28edca37,1.2822483,8a77dc665d8b4d95a0b1113522f7e9c3
32b499158c154bc2991b5799962d9b5a,1.2797012,2425086d8eaf44d2a9519f0e4e6b289a
de06cda8b2974e1faea48a81f0d71342,1.2659853,6b9b2c8f0a874bb8b6691aca6bc49565
dace4a83a81f42048efb60a217370134,1.2606783,cb85047b65f8468aa02744c28c075dbd
0de5d39510de4443a35bdbb6b6b2c2fd,1.2589116,7ce06191f1114b4c8a00609f6867761f
4a6e09d6abf04c768a24fc91a2f17181,1.2529447,23066f7964874fd39639dbf2cb2766df
865e99466009410e82a3a9daa7d34d29,1.2460128,dc58564d0c8540bea4f3e2e3696deae8
bcb1b70968a74d41b4f3b9dc27129974,1.2436094,b050e9e1ef5946c297a34dda98d8f476
932fad47da6c474ebd763a0249ad22cd,1.2434883,f9fae977af2c4f35b29400f31267e170
6d86d0062e7c4ab1a1c263fe7418697f,1.2425212,e336d113184c4ebdbad7aa2b6ec64640
8195fb97514a48a7a6eddc58be5d8f37,1.239939,691acac4a54d450697afb2c2dc4fca09
130d36b77a584c7da24a4cfeb3a00f62,1.2373673,e25b9d9944cb4d7197efb8ffc4ff57a1
d4560ab76d914af184a3cafa8ec46abc,1.2365509,983940e0b12e4186a281c36de657406e
656745a4e33546768385d4e040d0fb52,1.2317351,01690d9b08164fcabd5bf0819754f71f
7831dfb1e07e43dbac524b0df5c28053,1.2278472,d443e0c5017d48d1b3f86bf4da959ed5
28f694942751431c839fe1d22e753e1c,1.213605,7cd1db4b50dd41e6b2f3dd15fcab3b89
cc8f496b43d143478be84fd74f0dfc07,1.2135834,7ac9c94011924c09b47f9640211885a2
81506e59f5b54c66a3459e47c2bad700,1.2092001,d6fe6f8380464e21a27fd69de27f1f57
f7b6d1525412435fbc5af750fb1d4dfb,1.2040999,1cbfb22f84454b1fb821b602e3ad11f8
1b136bc276a84642874e1a5427cac81f,1.2016773,e7d6747e8c8b4ebcb665e232240daf17
957566f2fe9f4406aa561e32617baa00,1.2012414,4aa3556b2aed469584c573868193a07a
5b578482d6cc41b9a12382c724e9e19d,1.1798949,d981f2c67f764e0c84af125b563958e9
db4153df6e94413dada442eb6e6a8fee,1.1777043,2768d411cc374a018a898f9df0ca207d
b717169ea8804058961095ae61a7b5fd,1.1764779,64fa5ce839ef406b9bc8a1b2f05094c7
dc31ba78cf194fa59ae6ae94413ba0c0,1.1735833,23066f7964874fd39639dbf2cb2766df
edb1a0a557354729b75b63862940d133,1.1675353,01e805bb5a1845a7addf86fe9bc8d814
48a75cdc09f54f0e802424e74e850008,1.16709,6d3c42356e3b459c919e3129ff192ac4
13c651889f50420d9c7adaeac0c211d8,1.1660855,d42996c2b67443fd9b73bba7641d4f77
ba4278aa214b4c66a8da0220e99b2014,1.164024,fcc9863b07fc4bd5a01fab5b9160eafb
a5e2a560340b491299c037bccbbf6d9f,1.1634431,3be388c9ab614bceb086c19f70df23c2
373a81f37e674bf381ab2c67de8df0dc,1.1584252,19c9ac7b84df472c85ed6cf5a05fbbc6
25dc04ff2b704b6f9229ad7cb91efc99,1.1320796,2425086d8eaf44d2a9519f0e4e6b289a
a10fa0e95314472f9c5d9f4695a8391c,1.126549,74e7db4222ca4a20811199afafa346a7
ddfb9bf3e876482b994c7955230bcda9,1.1161959,5a8cc5ff28fb4359afc7e9fcbf3bce55
56f20fa9e0904380b48d10ec3d81950e,1.102248,ff715b4f228443e3b067c801250f3402
0b185da1334244d1b2c7ba6695d75f1c,1.1019797,bade01bd83ec4b6786fd8c867ca7a090
fc20e7b4bfc243ef82918b7c93591747,1.0951328,a4cad92644614f78bded3ca6d6023473
f23847f4eab34d3ba19bf1dccbc32306,1.090632,66b0c8a58f444ea0aec34d9403b88a49
8278ffeb4f7e4854a015f434887473a4,1.0872649,700f381f40ce4b039ce0df8b49fb199b
45fc0cc071f44aa5a4f55b6521959f82,1.085885,7a4c413f5c844796bd5ffed2b65f0336
6001044952554a14b842ed1f26cda571,1.0851033,4696c8192576454f8684954bc771aa23
4185600f230d4b21b2e32c2d85caa90f,1.082365,75b0bd2240a54f6fb45bf95ca43ab5e6
a7c05ece6ffc42e9a9efdc286789bba2,1.0812974,bd35571850644321b86ce4fae286ce7d
f4a11d6e649f44be960bbfc9a5aab7c9,1.0810795,b25fe3b79f714d38b3fc53e39fd84d36
a0720ed891c94750a6be596258ee3d43,1.0792038,678725f8b914453fbc1029b7c1bc0879
074732e2729c421abe906cc4077f1eae,1.077562,369fe18b94f54c98b554fd22b4a3b50b
6ae7d44d811844448d0c8e5d69ff7000,1.0720036,3be388c9ab614bceb086c19f70df23c2
7f01bceb5689442b8a024b4596c8a11e,1.0717494,34b71675a1ae442395b6eb1f3eda23df
74ee886c358c466b93e307e28af9d52e,1.0696771,7cd1db4b50dd41e6b2f3dd15fcab3b89
a34c38121a3948f8949f49df67186c78,1.0670683,92229a391d0b418f87b32c86c42a292c
195aaede1fda491bbf8495b564c9d001,1.0648506,f9fae977af2c4f35b29400f31267e170
246cbab9fb49461fab4520132d4fa1af,1.0638518,a585d23fe43f459ba86ac15645af77ff
fe0ece34523c4475bdaa3075a2cade4b,1.0612384,5831f5e280be4c02a09ce4588b56d7f3
589df17e77094a82933b4003a252ae26,1.0578147,e02ad4f63c8444b79a7a56fb23a4e0f1
51e58e676c6d4b22ac3950bcd82a8417,1.056069,fcc9863b07fc4bd5a01fab5b9160eafb
4eae669b05f642a98f2ee1b828c4807d,1.0553038,fb709e29755b44988bb252c87a2ce2f3
a476d6cbc62045dc948a30c9c18327a2,1.0407684,691acac4a54d450697afb2c2dc4fca09
01175ef138e24ed7b74c8c8ec2ad8abf,1.040719,fb709e29755b44988bb252c87a2ce2f3
d31e037b260346c3baa01f229c4aab45,1.0328637,c26f5e7dcc8149f18f3d719bba9ae717
af70750bd219415e93fc6c35e802091d,1.0299991,903360099fb644b6b88c6edac88eecb2
5b21a17866f54dfa8e63c58219851a21,1.0185986,d981f2c67f764e0c84af125b563958e9
b7e96cbc27284100ad9f3ea6005e3af7,1.0118647,34b71675a1ae442395b6eb1f3eda23df
86f3189426a749d5aa5851a9514f7a36,1.0107296,ff715b4f228443e3b067c801250f3402
61353a38c7e14c49ad888ed8da7d282b,1.009622,ed9b10a2879742628fce003076ef9024
07e166148b304b0b9c003c015628df76,1.001131,31b69f9501c4415e929b6af28c83f6a6
70eae43486ba469e9dcabff502a498ba,1.0003201,11ec23965d2941d0817082107996ebbb
335322101aa0491c89fbabfb87c21ad8,0.9988418,9ff95d23c3284d31ba5e398afa520649
34bd7137776446a3b70fb89720492e73,0.9975382,58f53c379f7a4868a2ba6d91a06247d2
a95afea2e8ff4cedb3e0f1aedf6efb9f,0.99542487,e02ad4f63c8444b79a7a56fb23a4e0f1
d279eb260acc48558e34415c5c588926,0.99413264,7cd1db4b50dd41e6b2f3dd15fcab3b89
8f2e335cd3c54f569c74283b0078f908,0.9907694,f036aaf4ab714c598a0b6da4ca604136
d3d566cecb79472ab65c2a57bc6d7b6f,0.9898982,7ce06191f1114b4c8a00609f6867761f
f505e4ddc7604ec896a2bc461f2bb86f,0.98722005,d0a840820172465f83c8480d571e7b71
374f3a07f645432ca97d2116e61d6fc6,0.9827595,0472051dc57d43f8b9dd08df475fc4a3
3d87a00da06642ab94224dffed6c2ef5,0.97358644,c9e2e76e631c4d0a8013d90892350e06
1080188fcae241b4a5c7649114dafd64,0.9734685,5971501b0e8b4ef5b203c3985d7f5e88
7c79c3280c0f45a693fefbeb30bb648d,0.9734194,3be388c9ab614bceb086c19f70df23c2
5ea4394d43e44b219a8390a0b54d2982,0.9632544,46ba0b979a664c7cb0c315c4cde6ac86
6c8cdd6141244ba1b62fee70292cc68a,0.9588292,b4150337314e40fb9e3ebb24514504a3
e212caf6ce0045358ab77835c78ae98a,0.9577566,7ce06191f1114b4c8a00609f6867761f
4dbe9a58e3cb490eab62a2bab47d13eb,0.94679976,e27d9425c912446e947fe53c4a757375
68017cd7896a412db28e47c90096b888,0.9462864,d9fbe02f04a4469dac855f69ea6ad02a
f0808f396f44491a8fb26af7a42dab06,0.9371691,09fc9f38fbbb4bfaa1c979ac9cc43f0b
78806c5668cd4a01a34eaa549dbc4021,0.93672,d79afb377f5349a69830b2b4c7cfefcb
ac7a9829a2a24b3aa81bebb2785533ef,0.9340647,8f285540a9394706bd6ec6cda46c5058
091380ee73214c408bde7f510f136c4f,0.92771053,c8c201e25c0047a2ba9d9e8541ac0939
387e43ce9c334938bbfe0ae8c0419ead,0.92396915,bade01bd83ec4b6786fd8c867ca7a090
d5720a4e3cd34c23ac605c840bcd69ae,0.90987897,cd56b9a044c24df8a7156f661cb3d9cf
d3b5dd91af4f4e17a5b26bd5058f3dd5,0.8936893,c26f5e7dcc8149f18f3d719bba9ae717
790d3e003e2545f9822873e830615360,0.89039683,ad289d5052264f9c8bd0aaf9faace92e
187f475424d1406a8ea7e10ccd1f13ee,0.88735974,85e7ea30890b456084b8e85c299c8649
d335f8b8c90c47229c445bda59c63cab,0.88235664,d981f2c67f764e0c84af125b563958e9
ffe5e5fc7adf437bba769a5d9fff5c27,0.8756777,19c9ac7b84df472c85ed6cf5a05fbbc6
4dd9cf8a1b2348fd81e6ed73ea81c716,0.8722526,78b600dd53854b018f87267d268b7b1a
6475f4fbc11942b8814094002d1133b9,0.87191033,a6a551a308b9442f947ea0608ae2c3fb
3e1186b551804ac0880d688f4ad41f5d,0.87033,17cc6768c9d14388b7455fea0060b62c
18256c30bb5447d2bc0c5b2c56f67811,0.86841875,bab3bdc133384798b558f8fb6466a7fa
52bcb0a99aff4ed18c8fd7fc24e687f6,0.8646894,7cd1db4b50dd41e6b2f3dd15fcab3b89
9b5cafae0dc14e9ba24b5c6db5381eae,0.859319,23066f7964874fd39639dbf2cb2766df
984301327f964e12a088fd8ee2361fdc,0.85478336,ecdae9f36c6a437ea72739febbf1c89c
d02c0b31ac9a428fb46248742eb502fa,0.85444564,e7d6747e8c8b4ebcb665e232240daf17
17b5e130e0444402bcedf9400cf07aca,0.85322857,e456afdf95e643dd926249fec4d68753
71466cbf526f4ad890c742b6e4fe7449,0.82752585,6542f58c143446f280e88a6375ccf79a
924c235415de407b8fe453ecc8aa95be,0.8255477,ec281224f8ee419ebde676f291672aea
7320e14823a54b30b0a3fa3f42a01ffd,0.8253067,1f8c0f02984e4139bf8043e57497fdb2
512d51a776a240e1b495922587e2bbba,0.8173188,a926df6d7fcf4b17b68dae6f41fbce66
f3f6ec5a1f4a455297eaeeb1145a0d7d,0.8159247,6b9b2c8f0a874bb8b6691aca6bc49565
c294e4564fbd465e948be4cb38ab0f2d,0.8155917,d42996c2b67443fd9b73bba7641d4f77
59f932ea796043fdba3c19bd87389e96,0.8145917,58f53c379f7a4868a2ba6d91a06247d2
2ef6a38c8e514fb1b98b9cac832fdd14,0.812492,8aadcf7251724cc6858dc0db44abebe3
37a21040d578476783ff8751dfb91faa,0.81113726,02cf82700b4f4773af3a14ad8eaa5270
c5487b5f9cec423b8ea3117173949a1c,0.8101698,0472051dc57d43f8b9dd08df475fc4a3
c8edf9162b024bcbbab1b1a81987a40b,0.8078003,1cbfb22f84454b1fb821b602e3ad11f8
0b0ee45e830245ffa3ce101af6a1a750,0.8067179,855b3971c4a147cfb9a7c281fa6b915e
9c33f1dbb3ce4d8f9a3262e5fbb55cda,0.80614483,779d7c2bad1940c8a861451964e1ce01
9fa9673a6edb4e15b5f57d97a0b16037,0.802465,4aa3556b2aed469584c573868193a07a
362c00f2982342a8a518f57f7ec9a60e,0.7965411,2768d411cc374a018a898f9df0ca207d
2b50f012261b4b2ba6b92ef109d17277,0.7961893,b25fe3b79f714d38b3fc53e39fd84d36
ddbc9d9a558041779711fd17e89ec33f,0.79050195,eaca056cec224a30aaaed30c39f644c2
4c2fc2033f15495485965dbc18d3191d,0.7887975,e336d113184c4ebdbad7aa2b6ec64640
d89a3137737e42bc94b53fd641bd17a4,0.7859105,2768d411cc374a018a898f9df0ca207d
3fc67f7f85a74c5b9c118cbf60e96ca1,0.7858139,983940e0b12e4186a281c36de657406e
65120ac6b44e42f1831bb02005863657,0.7851217,fd51f3eef1a64d9a93652be481bde32e
f9858ec6cc4e424aacd697295e8cabbb,0.7796397,ff715b4f228443e3b067c801250f3402
5466e5423228429ca4afb7578e83a4f3,0.77898645,fe6ace599de44aa19b1773dad3658fee
4ce3fea9e2ab48ac805aa7b46f2cfe73,0.7788278,2425086d8eaf44d2a9519f0e4e6b289a
eccc933299ba48deadc3fbeb6ca6ffea,0.776978,37337ebec05640b890e4b9612776c32b
256d2577d4f940778857e3ae7fa8e965,0.7756109,58f53c379f7a4868a2ba6d91a06247d2
87afeec5f3cd4d9d8f6d5a0c7f48260f,0.77436876,bd2f91a9415049d980e453f94327e0ce
003d3f2fc0d74fc58746a9d38d310d8a,0.7732024,6b9b2c8f0a874bb8b6691aca6bc49565
9d9d4a9695414746b71566692311e57b,0.76748246,cd60a0fcac24465a880af7d8f921dd68
3cb482f381eb449b99a6b9b7707078b2,0.76654863,9303b9f7f4984b2dac8aeba8c8da8ef6
d49f6a76fe334b5ebf72758df0f42d07,0.7642311,c26f5e7dcc8149f18f3d719bba9ae717
f854f94037cd4d678dad33c5ee4d0dae,0.75770235,5a68e05acea4434ba08e17e1fff00057
d832897254e74ba4a5515e22654b2d04,0.74562836,9303b9f7f4984b2dac8aeba8c8da8ef6
a5d13a0d598241769730951b2e94e7ba,0.7424048,23066f7964874fd39639dbf2cb2766df
6febefdfecdd4d6dbe493b2dab3579b0,0.7420286,156f393f7ca046299e09d05464afa056
cb30b65c95af402290d013cc19a01632,0.7369031,0ebc441d25664c91adad96b570270f07
ef0d69bfdc4e49acb1978167c6edf80e,0.73623204,19c9ac7b84df472c85ed6cf5a05fbbc6
cbccb64b48814193a639815717dbcc80,0.7286259,4a4eb12a639346b5a00557d54b51fe51
7bdcbc60a1354e079289b50702cced90,0.727764,5971501b0e8b4ef5b203c3985d7f5e88
e1e6878707524a03864e9b83fb89345d,0.7260972,74e7db4222ca4a20811199afafa346a7
9146bc8522804996b5984ed63944edb7,0.7256464,01690d9b08164fcabd5bf0819754f71f
9b0790e53e7c487885af42388d8f681a,0.7255884,1543a2f94aa74008914301874d98f0f5
ff710f3510b24d89a54afab54c23edc6,0.7250577,691acac4a54d450697afb2c2dc4fca09
c6b7ad3591e84b359837e00aac91e82c,0.72468215,6a122ce1702646db918266228d48bd08
bc4671732d9843eaabd57d23d84f259d,0.7230176,bd35571850644321b86ce4fae286ce7d
01651322a4034bdba60434218dfeb79f,0.718824,d6fe6f8380464e21a27fd69de27f1f57
6cfe829d301f463ba1bc66d1c8087b0c,0.7158429,e25b9d9944cb4d7197efb8ffc4ff57a1
8505b6622aed4fb0aeece7e02c0fa748,0.7121904,4aa3556b2aed469584c573868193a07a
7257f3d3f31a4d5ab6a872e4e5886111,0.70998144,e52a528036014db0a7bd54b99a310fe8
f68b3be7e23c4f86addba549e41b9077,0.7021663,9b22c5cdbff44bdabd48dba008e6a3b2
64c90aaee7904b2ab8098f0dfe8cd516,0.6931262,d576e334105247369362b05a375e88cd
469ca74fcdf244ba896fd018680b3201,0.6921216,4ad7e2502210436f9ca5735fdf7e50c3
3cabf7db885244c3aef797eb94b75b3c,0.68147206,17cc6768c9d14388b7455fea0060b62c
0ac5a5f9477a43b2b222bfec1888b8f0,0.6812878,19c9ac7b84df472c85ed6cf5a05fbbc6
1f92b7ff3de8413bb81c7346203bec40,0.68027794,630edd9b8f754b5dbd36cfbbd03ccb51
acf1a040f09440e7b67e2b901b3b1583,0.6725832,cd56b9a044c24df8a7156f661cb3d9cf
9f3b0cd053d04311acf31077db03f489,0.66524583,cb85047b65f8468aa02744c28c075dbd
ee1a685984d741a18ad44faaa3fc553f,0.6627619,ecdae9f36c6a437ea72739febbf1c89c
a082e18320bf47fe8c3c9506d626862a,0.6484685,b4150337314e40fb9e3ebb24514504a3
d0fb524183bb44a9a854de124a8becb5,0.6414723,640f3bd184b7425fb22cc7773b8b2244
3dd7bbe2cb1845608dc71b36bc82667a,0.63888574,dc58564d0c8540bea4f3e2e3696deae8
19a8e983eaac433fb6e4dccab0c03fcc,0.63289434,d576e334105247369362b05a375e88cd
fa644cc0807d4d278be005d3e2f849b3,0.6311469,5a26ae7959494fef99542e9b2004fd11
63e22c9413454acc8c86fb1ec33284b7,0.63046443,a25b08e008114c9ca0266ce3e55d82bb
89b0d50305744a53bf5c6cabc6f94b08,0.62494135,d27cfea4da8f445fb4e3c55e53c6482c
726d313084b349baaffae4f209998766,0.6237865,b050e9e1ef5946c297a34dda98d8f476
0f51f0e1827243a380a392150248b877,0.6167996,bd35571850644321b86ce4fae286ce7d
c20164d6b8844f428057133e0ab47347,0.6128179,78b600dd53854b018f87267d268b7b1a
dd72a1cbe29f432bb51ae6342e0382e6,0.6124152,2768d411cc374a018a898f9df0ca207d
1930e2b037404eb3b7a991849e81320f,0.61239517,21b1ded02d7b42618592187e287835a3
b74ab07a7c004219aee7bd6d643ebfb1,0.60764027,64f1d63a671d441d9663a783f632f794
f74645ebd6e74b0a8ca70c4a1a983295,0.60579824,46bfd7af0ed6491fa621350963d11e35
0619f008d28446449bfab75441601f01,0.60237074,7a4c413f5c844796bd5ffed2b65f0336
659ae42d80174d04b5c0e2295c83e1cf,0.59686613,e7d6747e8c8b4ebcb665e232240daf17
10a7715c72fc4bc7aac2b6e8ccb232d2,0.5923912,eb513691b7a04d31ab1bc50bf343447b
9e85ec108ce944f69e9225fd35831464,0.5895773,156f393f7ca046299e09d05464afa056
6fa96236f4904758aed745bb8a495f66,0.58570606,e9f055a212cd4e5e8601228c37713f35
dd207a6be6fb481c941ff42092bbb3da,0.5833478,34b71675a1ae442395b6eb1f3eda23df
874d46cd1753457ab2d3b62ad0f3d867,0.56927526,75b0bd2240a54f6fb45bf95ca43ab5e6
7fef3b2e0481482fb860ca2b3db02567,0.5626453,9b22c5cdbff44bdabd48dba008e6a3b2
cde31d7f76684d62b17e619c0f1e98d1,0.55600977,b8ca3b6144cd48208caae952e096e7ae
4c8ffe2f47284e42af52b98aeea87fb4,0.5522493,89e43b092c844b5886a93091a22c894a
3464f002cd954218836b9014bcd0c620,0.55087316,5a26ae7959494fef99542e9b2004fd11
f3ea230754ba41d192cd37ed751d1318,0.5479371,8f761e1117754656ac86a3a25f241cd7
794516c691a54f63a105c96bf716febf,0.5477289,1c97c72e076f40fcadb22b17e71beed1
fcd022d73a35405ab8a38d11dd06ff4e,0.54711235,c88be17376104f999b914a91aebf7220
26b721f1caa14c70b7aa9e5a8898e76a,0.5470644,34b71675a1ae442395b6eb1f3eda23df
38d3a8b3543b4548ab16eca74b1ed293,0.5427654,46bfd7af0ed6491fa621350963d11e35
96a715a174b74274ad9ad1ca752169f8,0.54266715,6c8a24653ef04f559b88e0f27c0df63a
75c4589bd9604a0ea1651453f58495b2,0.5395117,ecdae9f36c6a437ea72739febbf1c89c
1f51f549ad514b1c98445416e5acfe66,0.53874815,5831f5e280be4c02a09ce4588b56d7f3
0a67f23ddf014504a380fcaf9e049a2c,0.538111,5a73e0a5c757410eb0928feed7b151c8
4866602fe3094c6789fdc1956c616d93,0.53554,b25fe3b79f714d38b3fc53e39fd84d36
40ef7a281c80494686e90001c1421dee,0.534221,ff715b4f228443e3b067c801250f3402
0a0d970d0884494391ed2a3bb2f00b54,0.5332856,92229a391d0b418f87b32c86c42a292c
57a0a47943824bb28d5faf9fe31ee787,0.52835774,9e304a9bbc7b4c22af8025fc93757357
a18a19c2ef80495ea076e2ecc882c7e7,0.5271298,80948e17b5694599919e1502bfcc08f3
d480f925a4b94f518e72ad64b3ed439a,0.52202344,9303b9f7f4984b2dac8aeba8c8da8ef6
98a56450793d4447a21350dcb38b80eb,0.5202732,efdf40eee13d409c9955e5b84e4408f6
4762d831f5884e25bb3eb6e73fd283fe,0.5186084,d79afb377f5349a69830b2b4c7cfefcb
27b747520a594968b11704d54233d20e,0.51516974,e7d6747e8c8b4ebcb665e232240daf17
1e579d7ae9414003b1ba23d9839d8031,0.5141697,faaac88748714ce8a99413b952a1dac8
523ac70af19e4d6988870738be0827dc,0.5072156,1fde4c9a01f84c349461083b6d0ba9ed
af33a412aeb947a8b8c53cfc9e78a69d,0.50621986,983940e0b12e4186a281c36de657406e
ca5e7f899c944d258e0fe020c844ccb2,0.50423646,e52a528036014db0a7bd54b99a310fe8
48ac74f9b05a4b4da78a5f6497555631,0.49593404,a0fe3cd34e474c3b90662ce8ef1fcac6
f792d5fbc00c47c59ce1791351c39504,0.4881966,1fde4c9a01f84c349461083b6d0ba9ed
b187ddffdecd4cf9b139b97f1fe3695f,0.48221827,1b4e143cfc1648a5b877d7445446366a
fe079e85e77f4cd98fc3ce5e6b2476c0,0.47920966,7a4c413f5c844796bd5ffed2b65f0336
7e7b0eca4a964ddbba6f2fe892340895,0.47184467,c9628610053945f4a7998ae48cd70da3
17c07c3077cb479eaba075a5c7f99328,0.46233898,d42996c2b67443fd9b73bba7641d4f77
2341754cd2ac49f79a6f98d84b177e6f,0.45445156,11ec23965d2941d0817082107996ebbb
6ef03128028e416e929a82f5c819206b,0.44138885,21b1ded02d7b42618592187e287835a3
1f487d592adc46f1ba935a923c34a9c6,0.44122258,7a4c413f5c844796bd5ffed2b65f0336
6991375b95ab4bb0b14b5ad68edc0a36,0.43733525,01e805bb5a1845a7addf86fe9bc8d814
f1f00603ac934540b2a80ef9cdc88647,0.43671453,7cd1db4b50dd41e6b2f3dd15fcab3b89
bf4c4007f57a4055bcb4d820c06d7ca8,0.42439392,d74f6e7abeb84eedb9923dadb62f45f0
2c2bd31efb4543d08c60180fb6fa21a2,0.4169613,1d47a696eae94bd29f215a4787b27d8a
43bd347a4d5e4c8c82b41970f2ddfc02,0.40820342,37337ebec05640b890e4b9612776c32b
42755c05cebb4531bf9b3f3297150fe1,0.40321445,e039a00eae414ebbb2205b011ac127cf
c0278f41c00f4876a3c2c551dc74e70b,0.40199107,d0a840820172465f83c8480d571e7b71
8d93adac5fe7477a99015ec9ef32330a,0.39987728,dc58564d0c8540bea4f3e2e3696deae8
9c4b40908472420e923be2dce2979c0e,0.39971602,01e805bb5a1845a7addf86fe9bc8d814
4a5ee7ff69a445f48974483a915d4d84,0.3984274,1543a2f94aa74008914301874d98f0f5
7c9553e399964910b2eb9f1c94c913b1,0.39325362,7a4c413f5c844796bd5ffed2b65f0336
5b204de5b2be4f0cad1271ad9c6b1f51,0.39109218,82b01998353e4141a7613fdc96d7b600
0ea4c68a804648959f67957d17d5a323,0.38964683,ff715b4f228443e3b067c801250f3402
3e8ebff2d8524f5aa87e3d2117dcb463,0.38927603,e7d6747e8c8b4ebcb665e232240daf17
04457b683e1d4eaf8e6a37b15f5d8aa8,0.38422507,700f381f40ce4b039ce0df8b49fb199b
00ba0de9ca0245ab8489ffd199e84c92,0.38108844,7cd1db4b50dd41e6b2f3dd15fcab3b89
34a4ab8c365d469e9f634993d0a5b61a,0.37700915,fcc9863b07fc4bd5a01fab5b9160eafb
d167d4759915411bbe1bbe1051622883,0.36385322,4a4eb12a639346b5a00557d54b51fe51
06435a3004794b68b31f4c445a06fe71,0.36363125,f615619defc4402b82845090c238e597
173d05df5b374e3ea0eeb958b8854299,0.35439825,27eee82d7fb94b9b8b60bd3101187496
aa580e725d534bcc967dbef0c65b141d,0.35273874,88dc23909eb4415aa39b96cc3a4c2926
83959d6f09044431b64a06cc335f08eb,0.3511226,9014beae94cf4f648e1663c8d5ec6803
7342516c90ad4776bc0f64a3358d530c,0.3460459,02cf82700b4f4773af3a14ad8eaa5270
411837e42b564c399e9444d5403a3734,0.3332348,e52a528036014db0a7bd54b99a310fe8
65c8efd2131b447d90bed385eeeb91a0,0.33302835,a25b08e008114c9ca0266ce3e55d82bb
f17e080b2680401da91c350fa7e9cfa1,0.31915814,fb695c097d5845c282f6b30c241e8cf2
c8cf5bb63c7849c79141e48f0b609996,0.31290197,85e7ea30890b456084b8e85c299c8649
7f50b6b5321c44e191bc82be785455b3,0.30895883,7ce06191f1114b4c8a00609f6867761f
0cb422afc9b5409dbdc542e32e32d01e,0.30782104,965598a17b624a0f9bb1cd58595458a6
ec892733179f48d7b907594ba63d8431,0.30592376,d79afb377f5349a69830b2b4c7cfefcb
a22926b3ca894e6c80de0e172a46f36a,0.3055964,9170e0bb8fe44b309f83293808d871fe
eaab6a29e5cf470dad7b0b66bdfa71f6,0.30498597,1216ce1ef31e4643bb1222538c206342
e30792faab17454587f51314a00ae69b,0.3032456,d74f6e7abeb84eedb9923dadb62f45f0
c492188137ee4adab179d07e9473fc40,0.2954927,eaca056cec224a30aaaed30c39f644c2
aa7a7a6a0bfe40619e55e8f0b07f04fe,0.2931228,1216ce1ef31e4643bb1222538c206342
803ab31024764a56a2ac0cda5c79c69c,0.29161382,11ec23965d2941d0817082107996ebbb
7002381cfd40489ebf699ce239f95dd0,0.28542623,d0a840820172465f83c8480d571e7b71
05695e1694384bd79b37246fbab26b35,0.2830483,965598a17b624a0f9bb1cd58595458a6
b25c125f6fd14177920e7f609ea6f819,0.2811525,66b0c8a58f444ea0aec34d9403b88a49
174e16d27164468ea679a619b853b1a6,0.27702612,e96aa0967ab94368b381354e03dc40ad
980e4d1c5fe143498514e41d3c6501b3,0.2760918,eb513691b7a04d31ab1bc50bf343447b
eca4d38f7ac74e9981fa9bb9495edf84,0.2704935,0472051dc57d43f8b9dd08df475fc4a3
acedb352e247418e9c82dcd73b857c82,0.2674682,eaca056cec224a30aaaed30c39f644c2
6e651760ac2e4377abd5ff9ac4b8c9f0,0.25465626,d9fbe02f04a4469dac855f69ea6ad02a
db9abde406b849d59dadd9330fa873dd,0.25443602,d0a840820172465f83c8480d571e7b71
5302778a501c4de9bbc6c6fc6f7cd8b1,0.2535957,92d5da561f5a41bf929f3555a74cd653
f8839308f8e84df6a185506e6f3f1674,0.24644917,e5692bd498004d32934fbaa05af2120d
4fb63b6f9f8a48dc921c53a21d354a0e,0.24604583,73e7e41e8db447c09cb2363d76556c64
ddb77e0838c941d9acdd2f02496195e2,0.235165,e9f055a212cd4e5e8601228c37713f35
356781d87d504d789e58fd87a987a67d,0.23466563,fe6ace599de44aa19b1773dad3658fee
f5a036940f0b4b219a4903d8efd2cac0,0.23424661,5831f5e280be4c02a09ce4588b56d7f3
ad13a71eb5594e529ad80ed59082fe17,0.23418659,9303b9f7f4984b2dac8aeba8c8da8ef6
0186efa87e364652a49460c2436f11da,0.22948194,ec281224f8ee419ebde676f291672aea
63c3f37ef5c1455db7914313f0e0be1c,0.22353014,64fa5ce839ef406b9bc8a1b2f05094c7
3127238ca74643c3bd2e042605dc5e25,0.22155702,983940e0b12e4186a281c36de657406e
69705e3d3da0436881b25f42d2a6f102,0.21931037,4d708e5878784386a42c2f436d2d60f0
43de32fcef1548dbb9d856b138ecf429,0.2186532,7a4c413f5c844796bd5ffed2b65f0336
410b8957bc6b4370ac432ae7bddc2cd8,0.21202958,b050e9e1ef5946c297a34dda98d8f476
b001beeb0d384d448ff9383afc5ad45b,0.19677043,c0cb721b56f240dabf7f464e453ef72e
d6db57dd12dd48adae78eb66e24cd991,0.1936366,cb85047b65f8468aa02744c28c075dbd
7e4f7e1030bd4e0d9be72f6761ea3def,0.18306148,77a8b27acb0e4600bb6ff974eabc269c
7e29ec4675ab4e1cb521e69e6de49dfd,0.18152422,e45844e0215f4a1596a7f9ac41367c46
20017566ccc94b8982c75f9f05a8eb20,0.17992674,ecdae9f36c6a437ea72739febbf1c89c
fd66e1095a8d4ed89af26eb4018a0c00,0.17865366,3b13d134762445cebcdbb02b484db77b
0c3b7a4e78f94de7ab1a415503097c9c,0.1754148,ecdae9f36c6a437ea72739febbf1c89c
1f4dd46f7d93406e9b1fd33e5a2a4158,0.1753751,a1d8cb16dafd4126922f985021e93631
b7734f7f37a349c491b96e42059f61dd,0.16627967,bab3bdc133384798b558f8fb6466a7fa
383851cf303e47bf803a3a00b6481efe,0.1659072,fcc9863b07fc4bd5a01fab5b9160eafb
f9f15f3fa87e4ecb852682898d5c2044,0.15615189,9b22c5cdbff44bdabd48dba008e6a3b2
451c5024a60b4f45afcd2f388601c16b,0.15272081,640f3bd184b7425fb22cc7773b8b2244
c7ddfc6b54294c34a4722f8eaa9b55b7,0.14960313,156f393f7ca046299e09d05464afa056
2de4480d7e534fbb8564efefe43623d1,0.13034272,37337ebec05640b890e4b9612776c32b
d067ca627837456bb0e6cc40a06d224f,0.12922922,64f1d63a671d441d9663a783f632f794
e8dea0d3ff7b4340b7e4863d401e1a4c,0.12786892,95fbc6ed8bfd43c1a6bcf676e26e7f8a
3710bf2a11584bf098b45d14f2308ef2,0.12227607,ed9b10a2879742628fce003076ef9024
f8e19b9e878142969c95441f15b0da57,0.12171316,89e43b092c844b5886a93091a22c894a
136549c15f3f468ab2ced44ab70b0539,0.11503738,d74f6e7abeb84eedb9923dadb62f45f0
9126864790e8431db0440435469417cd,0.10822582,7ac9c94011924c09b47f9640211885a2
010b4030f3e24d059d9e4d37cbd1963a,0.10772401,66b0c8a58f444ea0aec34d9403b88a49
cfa58c9270cf4b82a9a79385be571a83,0.098626494,6542f58c143446f280e88a6375ccf79a
0ef75de01cd14e0faadcf05c8a85a916,0.077379495,057164cf4aab45ebbefef3409359cfb1
9385f152b6204244bd58c6107f500381,0.07736629,9303b9f7f4984b2dac8aeba8c8da8ef6
ef3589381bb34e74bf3f0f4479614d70,0.077249646,1b4e143cfc1648a5b877d7445446366a
903552e550a14d61b7dafdda426e7596,0.07510502,7c1e02f3ab614e539ac901e5cd3c92d8
5ccfffd900a1434dae33727030983cc8,0.07279521,75b0bd2240a54f6fb45bf95ca43ab5e6
8868c5482f844182914477066c6e3287,0.06985259,b7ef0a61de0e4adf9688b2c525c9ad09
1ef6177541694b09a66cc37c32dd92d8,0.068258524,691acac4a54d450697afb2c2dc4fca09
25bf72b6554d4ce0850dbd0879a47ec7,0.06525196,01690d9b08164fcabd5bf0819754f71f
8db2bf7ef1ed4e16b8f31fc7a9ad0e9e,0.06398952,fe6ace599de44aa19b1773dad3658fee
1f125654980e402e84e676e3b1c1db15,0.059230745,73e7e41e8db447c09cb2363d76556c64
7e1f279ed0b04e478b3bd9dbc9e6a6c0,0.05895543,6a122ce1702646db918266228d48bd08
9d91a50f84cd42d999f13adae10c4a0c,0.05724746,bab3bdc133384798b558f8fb6466a7fa
b5c4664ba26443dba0dde05295158123,0.05203426,564a84b1b830407e811bcfc7fd086a6f
9dd0c24c21ab4b5586c29d90237b3840,0.044511974,3b13d134762445cebcdbb02b484db77b
71938515de5a4c74929e6fa8edb97420,0.043389797,c9e2e76e631c4d0a8013d90892350e06
b5f4e559a70849b2943f3967cc08b56e,0.040459037,3be388c9ab614bceb086c19f70df23c2
dd893f1f0cc94ae188e1501db4638010,0.03948927,b4150337314e40fb9e3ebb24514504a3
a57effbc5a3a4d369b53ac72791e1b82,0.033420295,7a2491a27f3c438a8549988f7a79e26e
3a824fd4eb9c426291f1b6fadad0d90e,0.032225028,fe6ace599de44aa19b1773dad3658fee
01f344e8e895424eaa3251d134512cf7,0.031633496,f036aaf4ab714c598a0b6da4ca604136
3d76459228604351a61361bb4e50f836,0.026335359,faaac88748714ce8a99413b952a1dac8
b36e14c403c746758111d5c51809e382,0.019282082,b2be859ca8f24cda86821d5383edbc18
1d2a027561834f03b680a90079cc8e25,0.017792046,4696c8192576454f8684954bc771aa23
175670fdd73e4fbc967ac1f61eeb9bec,0.0075103045,9014beae94cf4f648e1663c8d5ec6803
b2b15ac784564b17b414221232730701,0.006836228,4696c8192576454f8684954bc771aa23
d2d96f2a42674dfbab3101abbce904dd,0.0048665255,a0fe3cd34e474c3b90662ce8ef1fcac6
a0e3b8c54d2747bf93d30efbd15a8fb1,0.0015303083,4a4eb12a639346b5a00557d54b51fe51
8c5aff69d92e4556bbd5cfdb17a74109,0.0014421046,5a73e0a5c757410eb0928feed7b151c8
93a89031c44d4d6e87976f696e205219,0.0011774302,4d708e5878784386a42c2f436d2d60f0
06dafb47baf148b9ab12caa5200a4d2c,0.00081950426,58f53c379f7a4868a2ba6d91a06247d2
