7510f4f5df754961a921d50523718ff7,6.3110704,1af4472b38cc4304841b2f1720075c9d
410190593a7f4b7e8ed63596f20c37e8,6.005369,e5692bd498004d32934fbaa05af2120d
b1574b190fd242e9a0cf3b489caa91e4,5.9906116,75b0bd2240a54f6fb45bf95ca43ab5e6
da098162d0924c6eaf6699ca87326527,5.913989,ad2b6fb945714e6792c17bd49a1066e0
c3758e6612fe4a54ae862d91d26d805f,5.872455,d331012ecf0c40888e0ac290184f0883
669388a30d174fa48b59092d2b8770cc,5.4635835,a25b08e008114c9ca0266ce3e55d82bb
e20a7ed561e1414ba269129124fa8186,5.3233457,f5a6222612ef406b8f02aef87e08c476
6f6fd5b2a152493e8afcb221b1b198bd,5.317026,cc21026ff0d541909df56c5618d28518
b187ddffdecd4cf9b139b97f1fe3695f,5.2770967,1b4e143cfc1648a5b877d7445446366a
e578d2ca90a241bcb241e65a62648a66,5.2740498,f5a6222612ef406b8f02aef87e08c476
95d68b07aaac48c4a61e5fd5175885da,5.214393,bf59502a233e4b5eaff9cfa3a992c387
f74645ebd6e74b0a8ca70c4a1a983295,5.181501,46bfd7af0ed6491fa621350963d11e35
1c5c1558517e409b9358d9a48811062a,4.841524,fd51f3eef1a64d9a93652be481bde32e
06706b7f76a3492e8e814546d9bcefab,4.783962,d981f2c67f764e0c84af125b563958e9
28d967465fcb488eaab515b23282c0d7,4.6935744,fe6ace599de44aa19b1773dad3658fee
9557a396825b49eb93cedbab96019843,4.6097617,23066f7964874fd39639dbf2cb2766df
183908f894694011b40f78d80cbeb742,4.5460925,f5a6222612ef406b8f02aef87e08c476
b98768914d8d4eaebb4632fefbad06aa,4.491787,89e43b092c844b5886a93091a22c894a
0f23167585384e62970cf34d4092c7a7,4.483391,e52a528036014db0a7bd54b99a310fe8
7b1d70a80254489e9de91807e6e223dc,4.456197,5a73e0a5c757410eb0928feed7b151c8
6fdbbc8445214d81aef5fc22b3f4e9bc,4.444676,c26f5e7dcc8149f18f3d719bba9ae717
477b5f953efb42e6a18e9428c69b0fa6,4.385582,ad2b6fb945714e6792c17bd49a1066e0
54189dfe90d2466b990b9dd0c5484606,4.378347,89e43b092c844b5886a93091a22c894a
d7f295b3018e494d84b29f498ac03fa5,4.324339,46bfd7af0ed6491fa621350963d11e35
451c5024a60b4f45afcd2f388601c16b,4.3153005,640f3bd184b7425fb22cc7773b8b2244
b50583d5d6494691a33b4cc22373d8b5,4.297561,e02ad4f63c8444b79a7a56fb23a4e0f1
7771343be99843f58171d62a3f040005,4.228609,e52a528036014db0a7bd54b99a310fe8
f7d52b90e2e24549bfaa50d46ded3176,4.195516,9303b9f7f4984b2dac8aeba8c8da8ef6
71938515de5a4c74929e6fa8edb97420,4.022412,c9e2e76e631c4d0a8013d90892350e06
64310259af8e430b8a9577093b411ada,4.019599,6a122ce1702646db918266228d48bd08
b8052a41b1ca486aa8d1d4fd870dda88,4.017443,64fa5ce839ef406b9bc8a1b2f05094c7
d89a3137737e42bc94b53fd641bd17a4,3.9906886,2768d411cc374a018a898f9df0ca207d
9de5dee9dd8a425fbfb5e0c198e653be,3.961268,e492ff7fecf046a4948c5ba5631cdefe
f5abb68eab244fe38e79be186719a8d8,3.9225461,369fe18b94f54c98b554fd22b4a3b50b
4a1eda64c5a74dc59c1ca7cc15a429dc,3.8725948,7ce06191f1114b4c8a00609f6867761f
3ce3c6c49a2b43c3b683ec91e9657341,3.854719,d0a840820172465f83c8480d571e7b71
2246c7640ba74a0d8caef1ca9f9d44dc,3.8225162,564a84b1b830407e811bcfc7fd086a6f
523ac70af19e4d6988870738be0827dc,3.8195784,1fde4c9a01f84c349461083b6d0ba9ed
19e32ddf92c24f32a65a82f858c5c148,3.8172286,0ebc441d25664c91adad96b570270f07
d335f8b8c90c47229c445bda59c63cab,3.7860591,d981f2c67f764e0c84af125b563958e9
27074d8daee940d0ad71d8c9e50c854d,3.7256036,d74f6e7abeb84eedb9923dadb62f45f0
b0f8d38771464874a4c57aa453d842ab,3.6787817,4aa3556b2aed469584c573868193a07a
58e273c754c742a5a7557cc56e24814f,3.6687155,b7ef0a61de0e4adf9688b2c525c9ad09
5f9f73f06c024e65a85b3c9298c426cd,3.6601846,d4cd0b56b6f54e08aec8ebfdb6122c5c
b344c4448c13473197e3c11682c4096e,3.635577,3257035cc77946d98bdc09e2fdd5cdae
7919001f5a3f4b7ca384f7a6ade1783e,3.627399,7cd1db4b50dd41e6b2f3dd15fcab3b89
29d39b14f72c45cebe5afd433c98dd23,3.6069448,b2be859ca8f24cda86821d5383edbc18
7f23a0de3d6649fbaa67cb1b2dae2289,3.603379,ff715b4f228443e3b067c801250f3402
c8edf9162b024bcbbab1b1a81987a40b,3.5870574,1cbfb22f84454b1fb821b602e3ad11f8
cea01bc4a1554d61a6b1a564073b4fc6,3.583004,564a84b1b830407e811bcfc7fd086a6f
d480f925a4b94f518e72ad64b3ed439a,3.5804849,9303b9f7f4984b2dac8aeba8c8da8ef6
21aae632c1bf454196e14809b781c9e2,3.566891,6b9b2c8f0a874bb8b6691aca6bc49565
8c178f61ba134a9a905810910eef239a,3.561326,75b0bd2240a54f6fb45bf95ca43ab5e6
76d6bcc61c924186ac0c0cb384856e6e,3.558225,ad2109663af04c549385cd2ab9b3283b
f83685b1d7eb4bb2912f5e7358584feb,3.5522664,691a538d2372403fad2b919b48ff5f85
e824774b41174da8a1c495885b348626,3.4967666,e492ff7fecf046a4948c5ba5631cdefe
be7a669164c1423c8ebd0ba23ce48329,3.4894657,e52a528036014db0a7bd54b99a310fe8
3b038bed6122476bba5c73f7188efdcb,3.484711,1d47a696eae94bd29f215a4787b27d8a
1f8a0f1ab6d94f46a1c669d409295676,3.4834652,d331012ecf0c40888e0ac290184f0883
583a781c0b984086a93f2f1c7c5f98b9,3.4751136,f0695d7e59d64941b510a3d12f801d59
e35fef892ba84f8cbeb63132b6f7f094,3.44607,4a4eb12a639346b5a00557d54b51fe51
8a96af0f20f74b209326dd750c56a2f3,3.4206362,0ebc441d25664c91adad96b570270f07
52acdc11a8df4558867635630b69348c,3.4131367,74e7db4222ca4a20811199afafa346a7
2c379dfb72da44e9988beb15638fc7db,3.4086802,6a33c207c8b648f680dbd0e65639ef04
be07f7c09f5c40da9ebdc231520afe90,3.3898704,cc21026ff0d541909df56c5618d28518
5df786def0874c84a4a9878f379009d0,3.368112,92d5da561f5a41bf929f3555a74cd653
a95afea2e8ff4cedb3e0f1aedf6efb9f,3.3590236,e02ad4f63c8444b79a7a56fb23a4e0f1
020f53a16c0047f9a592ac5126da2ccd,3.354706,4696c8192576454f8684954bc771aa23
73816ea484544387b7c1014e6b97b187,3.3409505,0f9cc12519eb4872af7be7fe49e19f59
7d4cb32e892a463b96ac09595cffccf8,3.3360314,0f9cc12519eb4872af7be7fe49e19f59
1f4946d6701f4d75b1b71b16833299d1,3.3228154,3be388c9ab614bceb086c19f70df23c2
06435a3004794b68b31f4c445a06fe71,3.3023846,f615619defc4402b82845090c238e597
d2d96f2a42674dfbab3101abbce904dd,3.2954195,a0fe3cd34e474c3b90662ce8ef1fcac6
b26293f2e7f54384a164fb685236aa8f,3.2947617,58f53c379f7a4868a2ba6d91a06247d2
469ca74fcdf244ba896fd018680b3201,3.2806463,4ad7e2502210436f9ca5735fdf7e50c3
840de6fde47e4e64916bdd5277bcd173,3.277884,8f761e1117754656ac86a3a25f241cd7
e90176ac18954403abf1a65c40838e23,3.2627873,bf59502a233e4b5eaff9cfa3a992c387
1dfeecb0d6cc4fd68f8fe7bddc5573f7,3.2470074,a926df6d7fcf4b17b68dae6f41fbce66
0a6d5cd06af2452ca1b3a4657d9e0767,3.246321,d331012ecf0c40888e0ac290184f0883
fcd3d852367e464bab386817f4536abb,3.2436752,9e304a9bbc7b4c22af8025fc93757357
fae3e9acdc1c4860bb50119b70effcf1,3.237031,ecdae9f36c6a437ea72739febbf1c89c
4593972edeb84fe49e5ad1058e0d8d35,3.2342436,bf59502a233e4b5eaff9cfa3a992c387
387e43ce9c334938bbfe0ae8c0419ead,3.2227354,bade01bd83ec4b6786fd8c867ca7a090
4b3202343ccc4337aa099b8a9e046db5,3.2193022,e25b9d9944cb4d7197efb8ffc4ff57a1
b2e0675fdf93468a8fe7f4992e5ac02e,3.2148907,a1d8cb16dafd4126922f985021e93631
a30d8464e03848a8b72421c107f22fd5,3.2127228,d9fbe02f04a4469dac855f69ea6ad02a
f52e6b02fcbe40089962449e4b4968db,3.2073255,cd60a0fcac24465a880af7d8f921dd68
9bc0b7a878a34cdd97666a27e60314a1,3.1966069,7cd1db4b50dd41e6b2f3dd15fcab3b89
ca143ca992a648ca9b004f3be8a53a61,3.1926215,4696c8192576454f8684954bc771aa23
8ec020ab1bfe43a58c104ac0eaa95bf7,3.1810806,0ebc441d25664c91adad96b570270f07
0ef75de01cd14e0faadcf05c8a85a916,3.1759074,057164cf4aab45ebbefef3409359cfb1
4cfe5514dcd64af29dbb1012e6e35f81,3.174033,bab3bdc133384798b558f8fb6466a7fa
6f5ef9875cc848bbac020144e710e378,3.1662574,75b0bd2240a54f6fb45bf95ca43ab5e6
d37d23786d3f4e90977fbe2a3e5be556,3.160187,85e7ea30890b456084b8e85c299c8649
ac23b811505944319414d3f59b4b90ef,3.1433458,01690d9b08164fcabd5bf0819754f71f
b5f4e559a70849b2943f3967cc08b56e,3.143265,3be388c9ab614bceb086c19f70df23c2
6193d950669f47f9a2268d0f3a41b2fd,3.1125834,faaac88748714ce8a99413b952a1dac8
018f42d116aa4bcdb1ab9e05bfc01b63,3.1117256,640f3bd184b7425fb22cc7773b8b2244
ab85f0b004fe481ebacaefa2d94bb656,3.1009429,e52a528036014db0a7bd54b99a310fe8
7d4bb63bd91a4617a40be8165b7fc9a6,3.0987527,7ac9c94011924c09b47f9640211885a2
3dd7bbe2cb1845608dc71b36bc82667a,3.0950546,dc58564d0c8540bea4f3e2e3696deae8
6e651760ac2e4377abd5ff9ac4b8c9f0,3.0892808,d9fbe02f04a4469dac855f69ea6ad02a
2de4480d7e534fbb8564efefe43623d1,3.0868096,37337ebec05640b890e4b9612776c32b
4271098208074e6ea1a9497085061483,3.0547512,6542f58c143446f280e88a6375ccf79a
14169e1048564c4689c2584a790d6696,3.05421,1af4472b38cc4304841b2f1720075c9d
9fbb54f6ca3747198e55e3f00ad81251,3.0408819,27eee82d7fb94b9b8b60bd3101187496
2952ebe55f624860922615014214deb1,3.0315535,88dc23909eb4415aa39b96cc3a4c2926
886b1cde3d0e4f1db12bcb160b6f357a,3.0278373,0302e7dde9074dddbbbdf85e9be57901
790595e600c949459cfe2629a30f5371,3.0273025,4430d47e30904eab969c1baebca184c0
2ae6d89874964a38a8d1dadc9efeded3,3.0179567,89e43b092c844b5886a93091a22c894a
bc216861a2124a6b9cd42cda34629f7a,3.0161705,257aed6ca7a44f1cb5c664beb1be527b
410b8957bc6b4370ac432ae7bddc2cd8,3.0147943,b050e9e1ef5946c297a34dda98d8f476
ba4441ee87f14d4ab951a01cf5035eb9,3.0129535,7ce06191f1114b4c8a00609f6867761f
1a0cefb6898c48e7a91f6448d967d1ba,2.9979057,19c9ac7b84df472c85ed6cf5a05fbbc6
3b065dc23322478a8128f0322c8d0678,2.9945023,8db9e204b8b841df8fd94eff0888cdf7
efd4bc5be92d4f7abb7c4bd8c19423a2,2.9904008,74e7db4222ca4a20811199afafa346a7
a0f623aff0d34804a39f4b55a08898ca,2.9791512,903360099fb644b6b88c6edac88eecb2
84e4c1bdea914f529a194f767629d1b7,2.9772515,2a9658410614443d8a27ef174f61d6e8
a5e2a560340b491299c037bccbbf6d9f,2.9642577,3be388c9ab614bceb086c19f70df23c2
b44be1c1621b40e1a7c06c02b225c470,2.9638948,17cc6768c9d14388b7455fea0060b62c
d0fb524183bb44a9a854de124a8becb5,2.9375246,640f3bd184b7425fb22cc7773b8b2244
9c74b02f802b41bab45bd626251e1d88,2.9373908,4b748d6624144214b3d8a80b37aabde6
74ee886c358c466b93e307e28af9d52e,2.9353447,7cd1db4b50dd41e6b2f3dd15fcab3b89
94aeafd28e6749c09c57cbaecef9df80,2.9272454,6c8a24653ef04f559b88e0f27c0df63a
3295b23d76ab4661b9a92952160eb966,2.915395,1c97c72e076f40fcadb22b17e71beed1
eb00bd2670c84bb588d8454baa453007,2.9125094,a0fe3cd34e474c3b90662ce8ef1fcac6
0de5d39510de4443a35bdbb6b6b2c2fd,2.8938136,7ce06191f1114b4c8a00609f6867761f
dbf2f20d05034e77a9be456ee8d44377,2.88359,564a84b1b830407e811bcfc7fd086a6f
d1c94e11ba214e61b63f00da3fb00a09,2.8745203,ad289d5052264f9c8bd0aaf9faace92e
50eff679bc384b72918eba1cd77a5597,2.8612342,46bfd7af0ed6491fa621350963d11e35
9f44eb98cc5c4143a57358e733c1cb23,2.8498635,650afb6a1d054e59904a1b796552eb04
fa4aad3a76ce4c019895b7d73d8b496d,2.8298595,e5692bd498004d32934fbaa05af2120d
8f66f54b48f64293bbb1f369f41ee3c2,2.8276901,6c8a24653ef04f559b88e0f27c0df63a
3111ca7c585243e4aff0fad54c82a69b,2.8110619,836ec4ef8df644328ac07b7803709323
47605d3a13c9403597c879e6825e3f45,2.810456,77a8b27acb0e4600bb6ff974eabc269c
d1fafb5d71ba42229f870ebc99263d20,2.8052096,836ec4ef8df644328ac07b7803709323
44ed303d7bde4629ae56239936f499ec,2.7933614,1af4472b38cc4304841b2f1720075c9d
7f50b6b5321c44e191bc82be785455b3,2.7890863,7ce06191f1114b4c8a00609f6867761f
5ab1cd14b5304690a8f45e2bb5a92dc4,2.785334,19c9ac7b84df472c85ed6cf5a05fbbc6
eca4d38f7ac74e9981fa9bb9495edf84,2.7707577,0472051dc57d43f8b9dd08df475fc4a3
7d52dc1203ef4f9e9149a1557341406b,2.769176,a1d8cb16dafd4126922f985021e93631
c60349b6f8454e529aa85264c412eb2c,2.7621782,77ac5eb4b3054ca68e2b0dcbd5473fd1
6f19ee43f25e4a01adfde430ceb68864,2.7286637,9303b9f7f4984b2dac8aeba8c8da8ef6
0414265ccf0d4dd59c98749d24924fe4,2.721205,d27cfea4da8f445fb4e3c55e53c6482c
97c22deac29b43b8a2911e08c2aba299,2.7203918,0f9cc12519eb4872af7be7fe49e19f59
862ca039da124a9d80603938ab13c289,2.7124884,8a77dc665d8b4d95a0b1113522f7e9c3
90d603d31e104c02a43e18ee6dfe41d8,2.7060862,e492ff7fecf046a4948c5ba5631cdefe
a3c58d5d2da942aab6283a42db2a14f7,2.6963391,37337ebec05640b890e4b9612776c32b
3d87a00da06642ab94224dffed6c2ef5,2.6793272,c9e2e76e631c4d0a8013d90892350e06
a2e363e09aed44868c4e51d9cce19eb3,2.6747668,c0cb721b56f240dabf7f464e453ef72e
c0860e1ee41347ae81ca7fee69119dc2,2.6744614,3257035cc77946d98bdc09e2fdd5cdae
8e80b474643e48ac86e6d8e4a23c507d,2.6704926,77ac5eb4b3054ca68e2b0dcbd5473fd1
3cb482f381eb449b99a6b9b7707078b2,2.6685846,9303b9f7f4984b2dac8aeba8c8da8ef6
73ef58ddfcb54d09ac1737fdccd62d07,2.6683893,9e304a9bbc7b4c22af8025fc93757357
7f2876c8100e4b68a311343853ebb177,2.665996,19c9ac7b84df472c85ed6cf5a05fbbc6
b9927fff8eac41ac99d787e84af9c3da,2.6654441,95fbc6ed8bfd43c1a6bcf676e26e7f8a
1d79bd154afd47138f529dd6f1d52902,2.652032,c8b9a0ac7c214a449c434aabdf6ef770
f6577f16e3764b67b1b06fc24d9379bb,2.6450143,e96aa0967ab94368b381354e03dc40ad
5d880a342d1a4ff987be8c9023fe6275,2.6443098,c0cb721b56f240dabf7f464e453ef72e
5b1ed8f4a5bb43b59f972b95a4346c9c,2.641623,64f1d63a671d441d9663a783f632f794
fdfc870c19de4b5e99b1b3cdb4acfa39,2.640437,a585d23fe43f459ba86ac15645af77ff
ddb7ffce794746d1bcc1cbc3747fcac4,2.6386688,11ec23965d2941d0817082107996ebbb
569c47730fc949f7a3971473e07d0f6a,2.618646,678725f8b914453fbc1029b7c1bc0879
d4cf39f8ba7e4a92b4ced7faa1218229,2.6135793,e492ff7fecf046a4948c5ba5631cdefe
bb53d0593f034d19b5b20210035e1058,2.6134987,f11f1682b5924181b047d757d3e20964
78f98ba4d60845a481387741d684c46f,2.612977,e02ad4f63c8444b79a7a56fb23a4e0f1
9e1261d3e89b47a78e1590fa544c3df0,2.6116288,02cf82700b4f4773af3a14ad8eaa5270
17bcb53a4aac4e2d81bba1fca7bcc69f,2.5970478,fcc9863b07fc4bd5a01fab5b9160eafb
e4c05db0326140dd9c48a8179a3fb6ba,2.5730731,02cf82700b4f4773af3a14ad8eaa5270
6b5d194c37f14e5d89385ae747199cc1,2.5610378,700f381f40ce4b039ce0df8b49fb199b
24f0ffec89c94e20bd898e051adcbf79,2.554238,d27cfea4da8f445fb4e3c55e53c6482c
3723741c22a347c7a622bec61ab94d3f,2.546505,64f1d63a671d441d9663a783f632f794
c81fde53a5804d74983247fb14718050,2.5451038,bade01bd83ec4b6786fd8c867ca7a090
d65ec9584a074f8494467734378fc499,2.5438724,d0a840820172465f83c8480d571e7b71
bc74f6e0e01940f8b0e150ba65e72d34,2.524929,74e7db4222ca4a20811199afafa346a7
4d2df900c0ef4261878a1ee108ac520d,2.5131683,ec281224f8ee419ebde676f291672aea
9e85ec108ce944f69e9225fd35831464,2.508886,156f393f7ca046299e09d05464afa056
b06dc9c1726443b19aa4d4e118d8596e,2.5073056,6542f58c143446f280e88a6375ccf79a
ad13a71eb5594e529ad80ed59082fe17,2.5019834,9303b9f7f4984b2dac8aeba8c8da8ef6
edf32c81fa8c41f4ba76d882cc8f88c7,2.4901533,fd51f3eef1a64d9a93652be481bde32e
9123b9ef4c9d4fde932408d0244495f7,2.4888754,6d3c42356e3b459c919e3129ff192ac4
c63b9549ac384d1092aa0770e0290785,2.4814053,92d5da561f5a41bf929f3555a74cd653
0499bd7b39be4304b273f17a516f2eaa,2.4739037,80921378de2b4cd3a14d449688d8b079
db9abde406b849d59dadd9330fa873dd,2.473124,d0a840820172465f83c8480d571e7b71
b615a0420b8b49d8a7153658ccbdd788,2.472651,aa2d7a3a535243189492d4ce8e79c049
3127238ca74643c3bd2e042605dc5e25,2.4671564,983940e0b12e4186a281c36de657406e
b0428ae75a7d474bbf2e2f440fab50e9,2.464426,e492ff7fecf046a4948c5ba5631cdefe
6178ae89b15545f39f754e64a9283916,2.462594,8a77dc665d8b4d95a0b1113522f7e9c3
071079b5a0494fe2b01b0dc5399d8089,2.4594846,eb513691b7a04d31ab1bc50bf343447b
8766cab3c343406587942ee9f9888671,2.4590545,74e7db4222ca4a20811199afafa346a7
bd9ad9e73d3d47e6bc36d0072d5d99bf,2.4559941,3be388c9ab614bceb086c19f70df23c2
299011ed1f504bc0ac2d31f2876162d4,2.4438488,4b748d6624144214b3d8a80b37aabde6
a5d2be317fc24e528df576140c0a3849,2.4322603,1543a2f94aa74008914301874d98f0f5
baa0f8290544453cb52c2a41cc0eee30,2.4269507,d79afb377f5349a69830b2b4c7cfefcb
383e7cf30f234aaf852e3f30de7879ed,2.4248805,4a4eb12a639346b5a00557d54b51fe51
acc8825aa2cb4d06bd3574a6b36e6a40,2.420387,c0cb721b56f240dabf7f464e453ef72e
c44ae4a053bf47e5b9b2ee3ef8ae2b5b,2.4163635,ff715b4f228443e3b067c801250f3402
b9135422e0ba43e19be118d0eaae294f,2.4133053,d981f2c67f764e0c84af125b563958e9
1c5703785c574a4a86152b8e8ceaaab1,2.4113295,4ad7e2502210436f9ca5735fdf7e50c3
67a610b0590e4dc98c6ad2de2c47446b,2.4036307,64fa5ce839ef406b9bc8a1b2f05094c7
93ff73f78f7c4aac9aa13de5f64205cd,2.3989782,00f45d57fd3c448d8cfdf3185ebae894
8c55cc4f7bc44ef7b9210ff7b7595435,2.3878686,75b0bd2240a54f6fb45bf95ca43ab5e6
ea055ef8a6de4cdb8761ddd4dc3bf3af,2.3702078,965598a17b624a0f9bb1cd58595458a6
173d2968abb140d2bd3ad182500686c2,2.3626392,d443e0c5017d48d1b3f86bf4da959ed5
0623d83a061f449f86d03b34bcacd314,2.3472419,e456afdf95e643dd926249fec4d68753
eeb6b27942084fa6a8e663ec3a3dad56,2.3423197,a0fe3cd34e474c3b90662ce8ef1fcac6
963dcd06789246059d5a6ecdb28e6321,2.3399458,77ac5eb4b3054ca68e2b0dcbd5473fd1
ef4b6d47c51c4527a80e52519f3c872b,2.337119,691a538d2372403fad2b919b48ff5f85
ba6e6bd633084e56bb1f91c62afff197,2.336735,77ac5eb4b3054ca68e2b0dcbd5473fd1
d51de57d4ced4566bed6fef2db5c099f,2.3347328,d42996c2b67443fd9b73bba7641d4f77
0d995ee72a0b43739f37e5962dd6c907,2.3328826,0302e7dde9074dddbbbdf85e9be57901
b0f8acbb976643b7b4c8736a8d7305ef,2.3318923,0ebc441d25664c91adad96b570270f07
44b833375c854450a60b5f4819e94466,2.3309138,d0a840820172465f83c8480d571e7b71
57cb6a69463a4f248087b39af146fdc7,2.3287637,0f9cc12519eb4872af7be7fe49e19f59
f8a46af09cee4fd4a9c2ffe00e109f28,2.3258169,6aaae524573f477f8fdef0b83787cbee
b260e27f99814dfc9434f7e4b50702ac,2.3150687,057164cf4aab45ebbefef3409359cfb1
b575522bfda54d4d83e55ab89262a216,2.3098297,6a122ce1702646db918266228d48bd08
e2b879e36e484b0992165829229529ec,2.308993,27eee82d7fb94b9b8b60bd3101187496
63b43033779f4fd5ba6309fb8f1fb41e,2.3041275,7ce06191f1114b4c8a00609f6867761f
43584afca09c4071adba01dad786c329,2.300559,e492ff7fecf046a4948c5ba5631cdefe
47bdbd87490b4698bcd3b038c2baf6d4,2.2989905,4d708e5878784386a42c2f436d2d60f0
850ffbbf78224a1b910a45c2ad3ab6cd,2.2960777,19c9ac7b84df472c85ed6cf5a05fbbc6
249dee8be73c4f019ebfc02f74d02ad8,2.2861228,640f3bd184b7425fb22cc7773b8b2244
8fd8f14d327f4037a26fa4bfed84f993,2.2845538,6b9b2c8f0a874bb8b6691aca6bc49565
180f987f287248c487b83fbddc87ee09,2.2795312,17cc6768c9d14388b7455fea0060b62c
7f38510693a9428bbcd86009bb013321,2.2741475,6c8a24653ef04f559b88e0f27c0df63a
a4f6bb74f2654c17b04bb3fe4c05fd91,2.26525,d74f6e7abeb84eedb9923dadb62f45f0
00384c60922647c68bbbf144d4c751c6,2.2438278,d443e0c5017d48d1b3f86bf4da959ed5
9da0bc8ceec24ce7bac851ca1fc67b5f,2.2402506,d6fe6f8380464e21a27fd69de27f1f57
d279eb260acc48558e34415c5c588926,2.2384949,7cd1db4b50dd41e6b2f3dd15fcab3b89
da365c80b3ac47ccb8a01a48820437a2,2.2367675,37337ebec05640b890e4b9612776c32b
b3d1c6603e6a4f05bfe265607ea252ba,2.232911,e02ad4f63c8444b79a7a56fb23a4e0f1
977e35ba2148438f8189a592de1705c0,2.2296407,e7d6747e8c8b4ebcb665e232240daf17
1a12b7978d8e4dd5b563cf97606bfa9b,2.2221928,1216ce1ef31e4643bb1222538c206342
05c94abeee1e4897a6b14e8c36542ab6,2.2206519,5a26ae7959494fef99542e9b2004fd11
8ece6e92c7c541a2b5f597b12b7e0f92,2.22044,82b01998353e4141a7613fdc96d7b600
f31d22a46dc54bd7b4dbd9366f0304d5,2.2105224,2a9658410614443d8a27ef174f61d6e8
55472eb25f9841c2b39b9bcef06d7bf8,2.205064,dc58564d0c8540bea4f3e2e3696deae8
e1373920ccf54979ab678e62eb165c60,2.201973,b2be859ca8f24cda86821d5383edbc18
7a63c379c6ed4b2faa1b9e863eb35d54,2.191519,cc21026ff0d541909df56c5618d28518
27a9489cf5724d47bbcc508684389f2a,2.1793096,3257035cc77946d98bdc09e2fdd5cdae
e08d644c0950461e843595f14ded4387,2.1764717,5a68e05acea4434ba08e17e1fff00057
dd9bd5320911433f9d855d754095534b,2.1757727,4696c8192576454f8684954bc771aa23
24a298b1f7cd4f74bdd60b6e1adaac53,2.1738658,d0a840820172465f83c8480d571e7b71
bc4671732d9843eaabd57d23d84f259d,2.1533453,bd35571850644321b86ce4fae286ce7d
fa4b1640bbdb4f0bad2435be75a94586,2.1419454,dc58564d0c8540bea4f3e2e3696deae8
87afeec5f3cd4d9d8f6d5a0c7f48260f,2.1355681,bd2f91a9415049d980e453f94327e0ce
93851d403349407996bba1dfd7457f79,2.131374,057164cf4aab45ebbefef3409359cfb1
ced8e3adb0484f249ac865052953d5b6,2.1305795,58db4c3a26c84fa68d81235d078208bc
58f93c38cc65487492ae04fd498f436b,2.1304848,fb709e29755b44988bb252c87a2ce2f3
4aeb82ff294e4be9be97a1aee9698fef,2.1301396,e456afdf95e643dd926249fec4d68753
9c33f1dbb3ce4d8f9a3262e5fbb55cda,2.1208594,779d7c2bad1940c8a861451964e1ce01
73cc10e747ca46bba886d9939cc3b768,2.1201417,691a538d2372403fad2b919b48ff5f85
45f6671f9fb64495bc585555e3b8e55c,2.1197636,257aed6ca7a44f1cb5c664beb1be527b
252a2a3078134eb8876626820c9ca8aa,2.1191442,1fde4c9a01f84c349461083b6d0ba9ed
6bfef081f7a9453399f6d98d6cd01f60,2.11513,1f8c0f02984e4139bf8043e57497fdb2
d0f798b90ad04da3a8a192e16d0b1743,2.1134973,b2be859ca8f24cda86821d5383edbc18
984975b63ccd4be48b7aa852bed6fc65,2.1127706,c26f5e7dcc8149f18f3d719bba9ae717
6283b7ae96e24cb789de54f62817a522,2.1036148,e25b9d9944cb4d7197efb8ffc4ff57a1
d7c4bf8f05fb4648a8778e884052db2c,2.1023748,09fc9f38fbbb4bfaa1c979ac9cc43f0b
396e243238ef431aa015a783dd23ef83,2.09808,f5a6222612ef406b8f02aef87e08c476
2fe38ce318ec41e091618386a291f79b,2.0975854,e96aa0967ab94368b381354e03dc40ad
cc88f1f679b3441cbdad8db36097e960,2.0889065,e25b9d9944cb4d7197efb8ffc4ff57a1
6978d19475ab49b1ae3acf443710c48b,2.0874722,6c8a24653ef04f559b88e0f27c0df63a
e244d77b242a4a54a7bdcb784245c01c,2.0798106,ad2109663af04c549385cd2ab9b3283b
8888abcca90946828a172b03f4e16fad,2.0760908,cd60a0fcac24465a880af7d8f921dd68
646d3b40f16d41d0952ee2bf74fff6b3,2.0749748,eb513691b7a04d31ab1bc50bf343447b
bf4c4007f57a4055bcb4d820c06d7ca8,2.0665643,d74f6e7abeb84eedb9923dadb62f45f0
da548115b6564ca69d846f3ea8615b6e,2.0645306,e96aa0967ab94368b381354e03dc40ad
7cb1eb87f58f48c88b0b1f3205d9a6e5,2.0643923,d27cfea4da8f445fb4e3c55e53c6482c
a1cb97ab677f48d0b81dedd497512989,2.062584,a926df6d7fcf4b17b68dae6f41fbce66
76ffb89b5ba84a8788d68f4010821e12,2.05138,c0cb721b56f240dabf7f464e453ef72e
b781fac256574439bea7cc655923fd3a,2.0486054,f11f1682b5924181b047d757d3e20964
0b0ee45e830245ffa3ce101af6a1a750,2.0352755,855b3971c4a147cfb9a7c281fa6b915e
e98cad653d89476483782ae1a239135b,2.0257902,5a8cc5ff28fb4359afc7e9fcbf3bce55
4b82d1239c3f47488e057d0f3898204e,2.0251021,95fbc6ed8bfd43c1a6bcf676e26e7f8a
4a5a47f40e9b42f5af28b197d3e59ef7,2.0144284,3be388c9ab614bceb086c19f70df23c2
c8bddc0d410d4f759537fd2e4bff533f,2.0102816,1af4472b38cc4304841b2f1720075c9d
312939eb59d541dfa7df51991a32d5f6,2.0030646,f615619defc4402b82845090c238e597
da809b1c982e47e48ea951dff1120841,2.0022836,369fe18b94f54c98b554fd22b4a3b50b
de89bc23ccf04f3387bf242e269f4ea3,2.001884,c322b788813745e0aa7b592b4345d379
ff710f3510b24d89a54afab54c23edc6,2.0015202,691acac4a54d450697afb2c2dc4fca09
63e22c9413454acc8c86fb1ec33284b7,2.0005388,a25b08e008114c9ca0266ce3e55d82bb
f1015462e69f41ea9a9c663ae07f13fd,2.0003064,ad2109663af04c549385cd2ab9b3283b
2c477c4f58dc4ca1975569a1f34923fc,1.9995935,77ac5eb4b3054ca68e2b0dcbd5473fd1
d2ed407fe4db4fa69c57cfa4bd7d002b,1.997774,8f761e1117754656ac86a3a25f241cd7
8dc57aa25917490abcf294b3f73bedd6,1.9974772,ad289d5052264f9c8bd0aaf9faace92e
d4b67d4bedeb47018a353598e2262d9e,1.9962397,c3412c53e9ec4b6a9a1aa95cf7f0f1e4
64e8bc2bd44d4328bac29a1ed2e655bd,1.9887462,8aadcf7251724cc6858dc0db44abebe3
9280a530ada64a8f829e0ec528712cbe,1.986055,65664fb3aad341fab563409d91dddd2d
6b56add8c1e8488e9e85c4085e0cadc9,1.974803,d443e0c5017d48d1b3f86bf4da959ed5
15af8d3a801645799a0656e8ff3c729f,1.9727204,691acac4a54d450697afb2c2dc4fca09
beaee44c26404f84a56c0c185b5bf1be,1.9703174,e96aa0967ab94368b381354e03dc40ad
3b9a5aa10a7d4cc9b31122f2d4258ccc,1.9702556,b25fe3b79f714d38b3fc53e39fd84d36
a8117ce7b13549fc829e0bf1a9330dc9,1.9614048,fe6ace599de44aa19b1773dad3658fee
d18685a2ca8c4ab48ac9d9b824ce3bc7,1.9603529,983940e0b12e4186a281c36de657406e
722ce5c8bc4f4e07b309329bddf66d7e,1.9600211,80921378de2b4cd3a14d449688d8b079
c61e43ceb2744ddda2e531aa77f3c6b2,1.9492557,c322b788813745e0aa7b592b4345d379
4cf68d2768954335a7f7c61a045babf9,1.9389912,e7d6747e8c8b4ebcb665e232240daf17
3477cf6029bd4abb97d2bbcc6c11509b,1.9361873,1216ce1ef31e4643bb1222538c206342
3f44a924107f4ecabdb619dac62a5931,1.9330227,5a68e05acea4434ba08e17e1fff00057
6c8cdd6141244ba1b62fee70292cc68a,1.9315218,b4150337314e40fb9e3ebb24514504a3
c5c5b71dc4ff4e8cb11769f0b2cd9907,1.9230304,1fde4c9a01f84c349461083b6d0ba9ed
df2549937e044a9583242e2c20f87e85,1.9149675,f615619defc4402b82845090c238e597
d7d1062b83d0482889557ef5578d6c18,1.9147638,836ec4ef8df644328ac07b7803709323
d02300771c8742a688cdc05ccd13d2a0,1.9135185,6c8a24653ef04f559b88e0f27c0df63a
fdaaf6e004b04cb18e798331b9d9ebc6,1.9122776,99142f1c07cd4782814f8c970eaaa40a
52b9939de81d456e831c97f43e912728,1.9110868,d0a840820172465f83c8480d571e7b71
58150298bebd4a7a81085018c220ca49,1.910244,ad289d5052264f9c8bd0aaf9faace92e
ade56895f4dd427b8c4477aa940dc716,1.9068162,e52a528036014db0a7bd54b99a310fe8
8f2691e2160d4c95b5b1ec99938ea931,1.901582,23066f7964874fd39639dbf2cb2766df
c27914b906234330b9a6677788aab658,1.8953212,89597084b19c4902b073a2c6c6622456
84350503e37143fc8548ffcbd24070b0,1.8928962,c26f5e7dcc8149f18f3d719bba9ae717
503e10935d8945e8b7552e9f83309667,1.892565,efdf40eee13d409c9955e5b84e4408f6
e95715a92c0a4c8292d8599a0c1a7dec,1.8865746,1543a2f94aa74008914301874d98f0f5
551ec133b10e448a939d6f857cf1dc17,1.8836949,0ebc441d25664c91adad96b570270f07
35129a42bebe41de95138c15b348926d,1.8807214,7ac9c94011924c09b47f9640211885a2
a18a19c2ef80495ea076e2ecc882c7e7,1.8725741,80948e17b5694599919e1502bfcc08f3
726d313084b349baaffae4f209998766,1.8710366,b050e9e1ef5946c297a34dda98d8f476
dd207a6be6fb481c941ff42092bbb3da,1.8709502,34b71675a1ae442395b6eb1f3eda23df
f6a57bd21bcc4009bdd07b1d8b86afa6,1.8619351,630edd9b8f754b5dbd36cfbbd03ccb51
0c472016621a42b2ace086642ed58917,1.8606913,92229a391d0b418f87b32c86c42a292c
a5d13a0d598241769730951b2e94e7ba,1.8597724,23066f7964874fd39639dbf2cb2766df
07e594806c6c4bdf8d98e2995979eae1,1.8580763,0472051dc57d43f8b9dd08df475fc4a3
f185dd7af4814c9e83eb8e679837ee60,1.8561473,4430d47e30904eab969c1baebca184c0
7dcdd31673a44edaa5df70306899ce60,1.8557969,de9328bdd1b34adda74a0363ff0a52b6
a2be1094a2d64ff78445a42b82c28a63,1.8528503,d74f6e7abeb84eedb9923dadb62f45f0
4cdd959af2f14b51bed3c4107c2f0405,1.8512757,80921378de2b4cd3a14d449688d8b079
af1aeb26d52b41fea9c9af10f45c7bc3,1.8471375,7cd1db4b50dd41e6b2f3dd15fcab3b89
b615eb75fd0545b397a63d7c6a86c4eb,1.8455572,ad2109663af04c549385cd2ab9b3283b
0aa6a9108b584bbf8d7c94f8d1ba84e3,1.8445213,691a538d2372403fad2b919b48ff5f85
574579024c244c8692dbb21de8829775,1.8443084,5831f5e280be4c02a09ce4588b56d7f3
4a79ee95c2f94e6fb182632a2357e449,1.8403543,a0fe3cd34e474c3b90662ce8ef1fcac6
091380ee73214c408bde7f510f136c4f,1.8378619,c8c201e25c0047a2ba9d9e8541ac0939
6bf15791f42e4323bf626650477d9beb,1.8357345,8db9e204b8b841df8fd94eff0888cdf7
f9f15f3fa87e4ecb852682898d5c2044,1.8354933,9b22c5cdbff44bdabd48dba008e6a3b2
78c3087265224b479cfa12716bcf1599,1.8295758,27eee82d7fb94b9b8b60bd3101187496
e862a12dcbc4446cb1bfe03570cc7b44,1.8279773,7ce06191f1114b4c8a00609f6867761f
a0720ed891c94750a6be596258ee3d43,1.8268203,678725f8b914453fbc1029b7c1bc0879
e212caf6ce0045358ab77835c78ae98a,1.8153404,7ce06191f1114b4c8a00609f6867761f
d9826bec6e1c4be6a7152f89b950fee2,1.8145033,c3412c53e9ec4b6a9a1aa95cf7f0f1e4
82e2ae3e0d3c4ccab9093974f974e854,1.8136879,a6a551a308b9442f947ea0608ae2c3fb
18eaa3f481614cfc945c16f2cbb757fe,1.8086035,6542f58c143446f280e88a6375ccf79a
d26040150be642cfa0310e083cc0d204,1.8078878,bf59502a233e4b5eaff9cfa3a992c387
f99339dff24a46dea0ac6862299d7024,1.8029665,1cbfb22f84454b1fb821b602e3ad11f8
a4c088804f1a458e849f356cef8bfa22,1.7967265,e336d113184c4ebdbad7aa2b6ec64640
126cac1063d947f1b6b54ce7d54f2c68,1.7910392,e96aa0967ab94368b381354e03dc40ad
91467c6be29e4dd4bf681cc05803d081,1.7890599,c88be17376104f999b914a91aebf7220
0c3b7a4e78f94de7ab1a415503097c9c,1.7868994,ecdae9f36c6a437ea72739febbf1c89c
e8731d4569304e1aae79558458ad6797,1.7822635,01690d9b08164fcabd5bf0819754f71f
503e869546cf415ab60324f38dc8f73f,1.7792856,eaca056cec224a30aaaed30c39f644c2
700d97396d164429817cb71d0e1b313f,1.77443,f9fae977af2c4f35b29400f31267e170
cf4d7289a12b4ebcb7b17e8b76d82342,1.7679083,ad2109663af04c549385cd2ab9b3283b
92048547bb5d4e79856a1c872a2e018b,1.766867,01e805bb5a1845a7addf86fe9bc8d814
3710bf2a11584bf098b45d14f2308ef2,1.7624259,ed9b10a2879742628fce003076ef9024
1fa5b671cd0d4cb39567f651ef001e97,1.7617594,7cd1db4b50dd41e6b2f3dd15fcab3b89
2b4fda504eff4531832d7897265ba39f,1.7568735,d79afb377f5349a69830b2b4c7cfefcb
2ef6a38c8e514fb1b98b9cac832fdd14,1.7496953,8aadcf7251724cc6858dc0db44abebe3
ccf605a5ad9c406f9876e141954e5e80,1.7459,903360099fb644b6b88c6edac88eecb2
06dafb47baf148b9ab12caa5200a4d2c,1.741512,58f53c379f7a4868a2ba6d91a06247d2
7de183d0b5f24efebfc15ae35f4b0fc3,1.7411724,73e7e41e8db447c09cb2363d76556c64
3df0fa25822f457496cd93c2402bd292,1.734883,aa2d7a3a535243189492d4ce8e79c049
117ba0c13f714eadbb3a6a9d0f6f3702,1.7312865,9e304a9bbc7b4c22af8025fc93757357
dd893f1f0cc94ae188e1501db4638010,1.7228901,b4150337314e40fb9e3ebb24514504a3
2e7dec015d344fb58ce0988844becd9b,1.7213962,f5a6222612ef406b8f02aef87e08c476
a9a64390a549402a87d7334ff62aa560,1.7168583,73e7e41e8db447c09cb2363d76556c64
e163e00abbda4bc5adec2f85871b7c88,1.714996,5a73e0a5c757410eb0928feed7b151c8
174e16d27164468ea679a619b853b1a6,1.713049,e96aa0967ab94368b381354e03dc40ad
fa644cc0807d4d278be005d3e2f849b3,1.70438,5a26ae7959494fef99542e9b2004fd11
484bed1b612b48f3a0b37b91bf626f39,1.6998342,057164cf4aab45ebbefef3409359cfb1
c0db9a38259c4b429eb66ba537ac8730,1.699044,19c9ac7b84df472c85ed6cf5a05fbbc6
7c9553e399964910b2eb9f1c94c913b1,1.6981598,7a4c413f5c844796bd5ffed2b65f0336
27b747520a594968b11704d54233d20e,1.6955991,e7d6747e8c8b4ebcb665e232240daf17
d74e7c71176e4554969cb9fdf7d1986c,1.6880738,34b71675a1ae442395b6eb1f3eda23df
eed22afb847c47abb46b07ec48d1b679,1.6868773,c26f5e7dcc8149f18f3d719bba9ae717
70a1cb72566e4c6fbe46c9b03b8a31d5,1.6787031,f9fae977af2c4f35b29400f31267e170
37cf2461e5cb4c8fa0b0751436bfa69c,1.6777648,92229a391d0b418f87b32c86c42a292c
fba9b7d7ae944ed889c1f11ceefd238f,1.6772666,cd60a0fcac24465a880af7d8f921dd68
63e06c0c69054bdd8c2690539549d9cf,1.6770483,37337ebec05640b890e4b9612776c32b
da3ca57a5b8943839227341c423ae8f2,1.6694624,e02ad4f63c8444b79a7a56fb23a4e0f1
f33800b2fc5d43febcbee5156e729a2c,1.6673989,ff218cc7835d4b5ba0de22792319050a
2341754cd2ac49f79a6f98d84b177e6f,1.6608739,11ec23965d2941d0817082107996ebbb
87097861fe6e492abd016be0dba27ec9,1.6573509,9e304a9bbc7b4c22af8025fc93757357
794516c691a54f63a105c96bf716febf,1.6544877,1c97c72e076f40fcadb22b17e71beed1
8f46f1c9e7dc4f0184c02d6fef8f3708,1.6515445,b4150337314e40fb9e3ebb24514504a3
1cab9ba05da64cb6a34b521f9b039303,1.6471794,1d47a696eae94bd29f215a4787b27d8a
899b54b766454749af73a7b5ba6ddfc9,1.646164,eaca056cec224a30aaaed30c39f644c2
79ac90f7c3254209afc09b44172a29d3,1.6407521,c8c201e25c0047a2ba9d9e8541ac0939
e1e6878707524a03864e9b83fb89345d,1.6396118,74e7db4222ca4a20811199afafa346a7
ce7e02187e74451f8fe2511db0fed0fb,1.6341823,779d7c2bad1940c8a861451964e1ce01
919a7551269b4f86ad471c424ce96b2a,1.6329036,fcc9863b07fc4bd5a01fab5b9160eafb
7bdcbc60a1354e079289b50702cced90,1.6253915,5971501b0e8b4ef5b203c3985d7f5e88
67807253c7c94312952c818472d4888b,1.6200981,6c8a24653ef04f559b88e0f27c0df63a
c5487b5f9cec423b8ea3117173949a1c,1.585631,0472051dc57d43f8b9dd08df475fc4a3
acedb352e247418e9c82dcd73b857c82,1.5839174,eaca056cec224a30aaaed30c39f644c2
fd66e1095a8d4ed89af26eb4018a0c00,1.582227,3b13d134762445cebcdbb02b484db77b
3ff3a9f9ebdf41968cac02ff122f56eb,1.5686232,c88be17376104f999b914a91aebf7220
7f8ae3801f3441f696f05e6cdd70c2fb,1.565132,156f393f7ca046299e09d05464afa056
0fcfdcdd99c34d2f8c849839febcbeee,1.5644095,9303b9f7f4984b2dac8aeba8c8da8ef6
211bbe2f818640a39e55304483f7aee1,1.5628822,691a538d2372403fad2b919b48ff5f85
ec9e443ba4a94ce1b32501a817565a6b,1.5611458,c26f5e7dcc8149f18f3d719bba9ae717
ec947b46f577485bacac003c668ee2b8,1.55518,d74f6e7abeb84eedb9923dadb62f45f0
71466cbf526f4ad890c742b6e4fe7449,1.5517747,6542f58c143446f280e88a6375ccf79a
d940c859c01449d2acaaa7b3fdf1fbe9,1.5480144,01690d9b08164fcabd5bf0819754f71f
054f93d33d7e494d8ddd2e57a8e4dd62,1.5475528,46bfd7af0ed6491fa621350963d11e35
9126864790e8431db0440435469417cd,1.5372415,7ac9c94011924c09b47f9640211885a2
5bf9e6f5654045d28dd2225231386807,1.534214,23066f7964874fd39639dbf2cb2766df
707f6646366145df8e5402888ac28325,1.5333256,779d7c2bad1940c8a861451964e1ce01
8159d92e267d438e9012e936aa5fb15d,1.5323486,95fbc6ed8bfd43c1a6bcf676e26e7f8a
b7e96cbc27284100ad9f3ea6005e3af7,1.5289539,34b71675a1ae442395b6eb1f3eda23df
c11c77b1b50e475e8b0a0df774292211,1.5278704,3257035cc77946d98bdc09e2fdd5cdae
7e4c2a881ad24760b9775870c8ec426a,1.5244632,f036aaf4ab714c598a0b6da4ca604136
15d3499d1d4a4168b863a75b7e0b7e8f,1.5231388,e456afdf95e643dd926249fec4d68753
24e177e9075a4c7ebd2cf154bcbf7b78,1.5229881,c9628610053945f4a7998ae48cd70da3
010b4030f3e24d059d9e4d37cbd1963a,1.5180168,66b0c8a58f444ea0aec34d9403b88a49
b9a2d4a31cc74336b4c66e880ac51f1e,1.5173793,fe6ace599de44aa19b1773dad3658fee
f2f267caea8b4b99a078a6d77af06916,1.5164769,7a4c413f5c844796bd5ffed2b65f0336
29add4c6302d4386b285a8fe68153479,1.5138283,c8b9a0ac7c214a449c434aabdf6ef770
4dc64707bd42424f82f84de41d91a5fd,1.5088081,3be388c9ab614bceb086c19f70df23c2
6fb94e9ac58f4d9694f15b78affe4f02,1.5083854,34b71675a1ae442395b6eb1f3eda23df
b513c98d376b4102a9119d959aa7ebfd,1.5077965,d6fe6f8380464e21a27fd69de27f1f57
a3d947b7e3e3451bb473b1b5e22cca51,1.5058903,ad2b6fb945714e6792c17bd49a1066e0
65b7a423fc92497086fe55ce3a85dd55,1.502927,99142f1c07cd4782814f8c970eaaa40a
277c71d0965642b2b592f9a48534fee7,1.500329,c8c201e25c0047a2ba9d9e8541ac0939
7727fce048c74dfba9b871f0a6bb4504,1.4931729,e27d9425c912446e947fe53c4a757375
0c6306c2d9c64af7a28d5fd434ba9b19,1.4911288,6b9b2c8f0a874bb8b6691aca6bc49565
a4057a1aa4e948e5abc7ddcad9479b24,1.4895426,e9f055a212cd4e5e8601228c37713f35
620d85d5d0b947dfb2f0574a0d4dfe72,1.4816107,8db9e204b8b841df8fd94eff0888cdf7
373a81f37e674bf381ab2c67de8df0dc,1.4788923,19c9ac7b84df472c85ed6cf5a05fbbc6
c9d40d7967754291b6d16c34879f008c,1.4722314,73e7e41e8db447c09cb2363d76556c64
b5712ebb3754407989fd548033fcc3d3,1.4682345,e492ff7fecf046a4948c5ba5631cdefe
b001beeb0d384d448ff9383afc5ad45b,1.4675483,c0cb721b56f240dabf7f464e453ef72e
38d3a8b3543b4548ab16eca74b1ed293,1.4616187,46bfd7af0ed6491fa621350963d11e35
7438e386a6a9468fad05b2507d9194e8,1.4473567,fd51f3eef1a64d9a93652be481bde32e
9894b55999bc4793bee78babf6df12bd,1.4453232,09fc9f38fbbb4bfaa1c979ac9cc43f0b
112c929868df4d8fa0428f2c3cf17e3d,1.4350514,ad289d5052264f9c8bd0aaf9faace92e
af5d2c39e4a54d8295b3a933c8bc7b43,1.4350034,bab3bdc133384798b558f8fb6466a7fa
fd45ab2e058b4b5fb374e54e60aceb48,1.4324679,b050e9e1ef5946c297a34dda98d8f476
398dcfd9b9434e5aae4fbf7f5752d33e,1.430081,ff715b4f228443e3b067c801250f3402
ef7e074ee0664115b08c5b98bc09f83e,1.4280201,efdf40eee13d409c9955e5b84e4408f6
c81dd22a150c47b8b83d8439c0024f01,1.4280078,a585d23fe43f459ba86ac15645af77ff
5209a952bb1a4ac991ae51e8a3e9abdc,1.4240737,1cbfb22f84454b1fb821b602e3ad11f8
bb5b0894b81e4a8daf1feb3b422e35a8,1.4231219,eb513691b7a04d31ab1bc50bf343447b
fe866322e3f94718be3a75be3975a37a,1.4134763,9b22c5cdbff44bdabd48dba008e6a3b2
2ab29c6bc859481988c1133ecd494a65,1.3996018,1f8c0f02984e4139bf8043e57497fdb2
27ac7ea2481844079ce6ab849edc3901,1.3995923,526ab7eda50e4a239d03ad505832d61d
08b73196f2c24757b7a87419ad378a36,1.3961749,8aadcf7251724cc6858dc0db44abebe3
12274ca89ccf49bdb0903f80560e3d7f,1.3903892,c9628610053945f4a7998ae48cd70da3
984301327f964e12a088fd8ee2361fdc,1.3878534,ecdae9f36c6a437ea72739febbf1c89c
6983a79417f9490ca7534cc0b9e72978,1.3866688,4b748d6624144214b3d8a80b37aabde6
7798dea58b5a4389aca581f8efc4b17d,1.3852184,c322b788813745e0aa7b592b4345d379
6ef20b2327be456ebe9d47d6c015c659,1.3848954,77a8b27acb0e4600bb6ff974eabc269c
26463e5a5b3b4b8abdc0a436268a93cb,1.3816142,77ac5eb4b3054ca68e2b0dcbd5473fd1
c0e006372bab471897981e28cf25f546,1.3780121,d4cd0b56b6f54e08aec8ebfdb6122c5c
25bf72b6554d4ce0850dbd0879a47ec7,1.3779562,01690d9b08164fcabd5bf0819754f71f
a2cd26a2e3b1415bb6c861ab0368b73f,1.3734682,89597084b19c4902b073a2c6c6622456
512d51a776a240e1b495922587e2bbba,1.3651254,a926df6d7fcf4b17b68dae6f41fbce66
08ce7eedbe124ee79566c776303ee9e5,1.3621683,c26f5e7dcc8149f18f3d719bba9ae717
d2b5f8ef9a8a42058f879a4e41d8d02c,1.3610513,b050e9e1ef5946c297a34dda98d8f476
85fe4ea28be0476fb41585de18435d94,1.3607185,8a77dc665d8b4d95a0b1113522f7e9c3
980e4d1c5fe143498514e41d3c6501b3,1.3593892,eb513691b7a04d31ab1bc50bf343447b
1946e52260f34a0695c378112d6020fa,1.3565487,1af4472b38cc4304841b2f1720075c9d
dace4a83a81f42048efb60a217370134,1.354782,cb85047b65f8468aa02744c28c075dbd
8ef2aba44c3c4a85a7499fcc0cf28ff5,1.3540789,e52a528036014db0a7bd54b99a310fe8
eccc933299ba48deadc3fbeb6ca6ffea,1.3533026,37337ebec05640b890e4b9612776c32b
68ea9efe09ec467b955f3960508e08de,1.3515506,23066f7964874fd39639dbf2cb2766df
9304c56db5b34e709d22e558122d8338,1.3505714,b8ca3b6144cd48208caae952e096e7ae
8d0f508b17b140db934bc95a70c06411,1.3492095,78b600dd53854b018f87267d268b7b1a
8f8c730f26cb483da414fce61eb1b47b,1.3460472,a926df6d7fcf4b17b68dae6f41fbce66
db4153df6e94413dada442eb6e6a8fee,1.3442327,2768d411cc374a018a898f9df0ca207d
882f017418bb44afad1448d9640bd967,1.3414483,7ce06191f1114b4c8a00609f6867761f
6de8d8e544ee4bc3b84a9aa3f56f4d30,1.3412006,64fa5ce839ef406b9bc8a1b2f05094c7
356335bb29d4424ab31c89c6931246f5,1.3404715,965598a17b624a0f9bb1cd58595458a6
b8cc82e2dd7b4ef9932f2377c1bf9e53,1.3404044,6a33c207c8b648f680dbd0e65639ef04
a89278348142457886434482fa366f57,1.3398323,e25b9d9944cb4d7197efb8ffc4ff57a1
275a7144962641e1a6b32428d2e025ec,1.3366649,fe6ace599de44aa19b1773dad3658fee
b4aee6c48c214408b310c9c345695420,1.3354738,5a73e0a5c757410eb0928feed7b151c8
0c553973fbe042a7af2110e0a2fcdddd,1.3350275,bd35571850644321b86ce4fae286ce7d
a95f568bf31846fd86a94ef5cc3a229e,1.3253881,ad289d5052264f9c8bd0aaf9faace92e
00aac7746e164d80a6a257d31925297c,1.324211,1b4e143cfc1648a5b877d7445446366a
85d372a0f34b42109e467e07922756ae,1.3156312,82b01998353e4141a7613fdc96d7b600
77303cd1aba44c3abccb823ad3006b47,1.3156292,903360099fb644b6b88c6edac88eecb2
9542d0008f7d40028d37ffe95d4e270c,1.3137885,a0fe3cd34e474c3b90662ce8ef1fcac6
ec6e7c2e584c4bd09dc91d1729c2c90a,1.3114291,89597084b19c4902b073a2c6c6622456
f854f94037cd4d678dad33c5ee4d0dae,1.3091958,5a68e05acea4434ba08e17e1fff00057
3ce8d2e955bf406c8830f97658207859,1.2936826,8f761e1117754656ac86a3a25f241cd7
b4e94218abf54b0787b1a6e1191836d3,1.2870123,e456afdf95e643dd926249fec4d68753
deaec801f6344b9d9ffe289794354038,1.2808598,acee70abee2841c9b67b95e9ed079647
12b4b13d49b64b55ae65fe00960c4711,1.2800775,6a33c207c8b648f680dbd0e65639ef04
8b1eb206468046df8b8c19637b250996,1.2784778,89e43b092c844b5886a93091a22c894a
e5968b40a7054871b2ae79f18399b30f,1.277324,6c74bedaa406493a99988c5b8a47b704
5a37cdd19ab741ca8f65dbc2e207ac65,1.27612,650afb6a1d054e59904a1b796552eb04
dc439e2feee54ac8a73f06f7ea3d8334,1.274003,8f285540a9394706bd6ec6cda46c5058
f7d9f745835a44c4a947a141f080ed24,1.2733105,c0cb721b56f240dabf7f464e453ef72e
6a057932e0f440299b46bf70039cf9d7,1.2712237,e492ff7fecf046a4948c5ba5631cdefe
3f284acc005e4f23a2bdf5b45700c4cc,1.2661893,f9fae977af2c4f35b29400f31267e170
936da7c6ee60477dab2d4d91e51a0931,1.2661461,526ab7eda50e4a239d03ad505832d61d
9d9d4a9695414746b71566692311e57b,1.2660717,cd60a0fcac24465a880af7d8f921dd68
b982c8da93db48ddbd69de9c207f2187,1.2634306,ff218cc7835d4b5ba0de22792319050a
a1855c7563c54b5c86e2f73c5fe9f8d7,1.2550131,640f3bd184b7425fb22cc7773b8b2244
e750dd4744fd4421bd2387f0ec80c5aa,1.2531354,f5a6222612ef406b8f02aef87e08c476
052e254bff244d2f88c0d2566ddc13db,1.253021,e52a528036014db0a7bd54b99a310fe8
55e30898427a472799115a2e014580a6,1.2491333,d74f6e7abeb84eedb9923dadb62f45f0
16242654caa64a669f249360ac629e5a,1.2396629,3be388c9ab614bceb086c19f70df23c2
b7e671bfae63423bab3fb47c46a0b0b9,1.2363315,8a77dc665d8b4d95a0b1113522f7e9c3
5eb93e49e2204dc9b7b5147e35d7cf84,1.2355272,7c1e02f3ab614e539ac901e5cd3c92d8
383851cf303e47bf803a3a00b6481efe,1.2344024,fcc9863b07fc4bd5a01fab5b9160eafb
6fe5e86e29684922a7b66985a0abbe4d,1.2331935,c8b9a0ac7c214a449c434aabdf6ef770
ee3555240e534ffc880818cf7f848c8b,1.2316742,b8ca3b6144cd48208caae952e096e7ae
c2ed9246a86b4c0f93db5a4cdfa7f06c,1.2312744,d443e0c5017d48d1b3f86bf4da959ed5
0428fe3094fc415e8fa4599480d6b434,1.2300825,17cc6768c9d14388b7455fea0060b62c
e8d0fd5309724c1cbb4da8f5c55ac9f4,1.226881,4696c8192576454f8684954bc771aa23
37c0ed56957944cd874df80d82afca79,1.2235931,6aaae524573f477f8fdef0b83787cbee
c7d1e88369c14b5bbfe40bbbe31311ae,1.2191116,cd60a0fcac24465a880af7d8f921dd68
b19ea3eefb454edd861821b7164f50e0,1.2190268,ad2b6fb945714e6792c17bd49a1066e0
1f125654980e402e84e676e3b1c1db15,1.2129945,73e7e41e8db447c09cb2363d76556c64
2582ce6fc7d14ce6bd50980959cd305c,1.2126846,cd60a0fcac24465a880af7d8f921dd68
ee6aeba966504751952213ca4d85796e,1.2111756,3b13d134762445cebcdbb02b484db77b
c8aebab05e9d4c7e8a5e4875c217263d,1.210665,e7d6747e8c8b4ebcb665e232240daf17
0d281c2568314e5eac84aab63872e81c,1.2102542,4430d47e30904eab969c1baebca184c0
9d3df96b762f475baecfda5f306ccdc7,1.2036293,b7ef0a61de0e4adf9688b2c525c9ad09
fcd022d73a35405ab8a38d11dd06ff4e,1.2030432,c88be17376104f999b914a91aebf7220
51ce7c9230f540a78ecf1c757e16a6a3,1.2000473,7c1e02f3ab614e539ac901e5cd3c92d8
4cf647a905be45e5b1b81a0559d834d9,1.1994052,fcc9863b07fc4bd5a01fab5b9160eafb
9c3a88f966094359839f8ebc3263a6ae,1.1976736,ad289d5052264f9c8bd0aaf9faace92e
6ef8ff7c77a84500af8da2548cb4bcd1,1.1951795,855b3971c4a147cfb9a7c281fa6b915e
599db2cba5134f72b9cd514e41aa34ba,1.1931936,e5692bd498004d32934fbaa05af2120d
07c0659266c446b4b413362a241214b2,1.1924977,e7d6747e8c8b4ebcb665e232240daf17
c0701f4c6a8e41a8a7df573b4abbe04f,1.1897779,b4150337314e40fb9e3ebb24514504a3
0440c322e82547b787d5f173806bb341,1.1844434,e039a00eae414ebbb2205b011ac127cf
1f2e192e12674543860d4dfb5ccbf818,1.1760206,d6fe6f8380464e21a27fd69de27f1f57
c492188137ee4adab179d07e9473fc40,1.1753652,eaca056cec224a30aaaed30c39f644c2
dd0e1c93929b4f4d8ade4c3f39aa91e2,1.1698749,e02ad4f63c8444b79a7a56fb23a4e0f1
00989f2d41344337a67e440d6506b9cf,1.169636,73e7e41e8db447c09cb2363d76556c64
30bedeca60dd40b78dc5e6d52d6af8a8,1.1694378,acee70abee2841c9b67b95e9ed079647
1ca76b297f0e46b1ab22a8cd94230582,1.1684389,27eee82d7fb94b9b8b60bd3101187496
d7c1791491584b2984bbcdbc178299f1,1.1656003,691a538d2372403fad2b919b48ff5f85
0b35c0eab3ef4062bc3e184951a22fa9,1.1644244,80921378de2b4cd3a14d449688d8b079
735faaf6b07348a2a4d4cc31c8fbc021,1.1615363,640f3bd184b7425fb22cc7773b8b2244
1debf605469f435a817fe50539698246,1.1602919,34b71675a1ae442395b6eb1f3eda23df
3d4e582564564c72b47184e7b5c0717d,1.1582574,5971501b0e8b4ef5b203c3985d7f5e88
42b1aada557b48a0989c6a1c05378299,1.1581879,17cc6768c9d14388b7455fea0060b62c
b6564d12e54b4e09a41d57e66159df56,1.1521552,a6a551a308b9442f947ea0608ae2c3fb
a3b9cd8b03da4791964406ffeee48526,1.1501398,6542f58c143446f280e88a6375ccf79a
9526a184d9234981861f184f41d509b6,1.148164,77a8b27acb0e4600bb6ff974eabc269c
9a941b16ff4840eda21ad2f9e0c81f3f,1.1472955,9b22c5cdbff44bdabd48dba008e6a3b2
a1e176f474f04640aedebc0ece81583e,1.1459677,965598a17b624a0f9bb1cd58595458a6
13c651889f50420d9c7adaeac0c211d8,1.1435093,d42996c2b67443fd9b73bba7641d4f77
5a1096197b8648d882cdd33875519404,1.1419165,ecdae9f36c6a437ea72739febbf1c89c
6bc08caeb482448c85c44c89c5fee7b8,1.1337775,4aa3556b2aed469584c573868193a07a
693fab3513204d1594f6d18136b865e3,1.1297519,1fde4c9a01f84c349461083b6d0ba9ed
43de32fcef1548dbb9d856b138ecf429,1.1286011,7a4c413f5c844796bd5ffed2b65f0336
9b18e72d85384d73bf3bc666ebd18aa9,1.1189914,f036aaf4ab714c598a0b6da4ca604136
c20164d6b8844f428057133e0ab47347,1.1167973,78b600dd53854b018f87267d268b7b1a
0a8f26e2ff5d462b97d23238e36ae72d,1.1140623,cc21026ff0d541909df56c5618d28518
e45e383a0b9844e2b5ea7eaea5eb9fea,1.1100643,156f393f7ca046299e09d05464afa056
2ca1d4b5568b484d92ce254f17374b6f,1.1094949,d79afb377f5349a69830b2b4c7cfefcb
e68a3201b5e74913bc61894aae617101,1.1090438,b050e9e1ef5946c297a34dda98d8f476
ec1ea84e09b54849a539177f929c65cd,1.1035801,1216ce1ef31e4643bb1222538c206342
7b844c15f35e4db9b884e79c271e87f9,1.0990036,a585d23fe43f459ba86ac15645af77ff
a3a8679097e74509b7525e86a5457662,1.0989857,b4150337314e40fb9e3ebb24514504a3
cb30b65c95af402290d013cc19a01632,1.0969911,0ebc441d25664c91adad96b570270f07
e0d2814553f94dafaa11cc4de14b94db,1.0953841,bf59502a233e4b5eaff9cfa3a992c387
99a4beb62cd744e5842541fd8cc9f61d,1.0928271,678725f8b914453fbc1029b7c1bc0879
16a030831ce1413fa733f24b6ff28501,1.0917883,a585d23fe43f459ba86ac15645af77ff
3e8ebff2d8524f5aa87e3d2117dcb463,1.0917803,e7d6747e8c8b4ebcb665e232240daf17
a3693333d6ba432295feae73fcde2dce,1.0899943,bd35571850644321b86ce4fae286ce7d
dc31ba78cf194fa59ae6ae94413ba0c0,1.0887218,23066f7964874fd39639dbf2cb2766df
247daf33fb4d4fa993fd572025cb5166,1.0876508,d331012ecf0c40888e0ac290184f0883
b116fe66d95d4c04beea8a4e5f347684,1.0862193,dc58564d0c8540bea4f3e2e3696deae8
3e730fdc177b48f293b58b68d7b54313,1.0857062,aa2d7a3a535243189492d4ce8e79c049
0785e71626c6454dadadc8359e1f696a,1.0835387,640f3bd184b7425fb22cc7773b8b2244
f023a1ec2a5e4947a0c66be38c5f67b2,1.0831447,7ac9c94011924c09b47f9640211885a2
ac601d55d74246afa29a020b8029c7af,1.0819713,c0cb721b56f240dabf7f464e453ef72e
83be35bfce854dc48152629a9841375d,1.0792778,c88be17376104f999b914a91aebf7220
96ad923a06f54d79a74431cd06b8adea,1.07516,fb709e29755b44988bb252c87a2ce2f3
fed199237941466bbcb3b0333580ee3f,1.0734078,77ac5eb4b3054ca68e2b0dcbd5473fd1
df8769c84f5b4a8f9811c4537faa576f,1.0729195,73e7e41e8db447c09cb2363d76556c64
acb93c3b67cb4fc8bf222a8468b2b6ed,1.0683339,64f1d63a671d441d9663a783f632f794
b4aed3fb5b3f491b99ace5c051b75eab,1.0675516,7ac9c94011924c09b47f9640211885a2
58c7b41f2b3b4984aa23beaa1382b4f3,1.065467,e7d6747e8c8b4ebcb665e232240daf17
01bdc1af846a44eeb5a789e393d1d7fb,1.0649592,5971501b0e8b4ef5b203c3985d7f5e88
ba4278aa214b4c66a8da0220e99b2014,1.0604466,fcc9863b07fc4bd5a01fab5b9160eafb
48a75cdc09f54f0e802424e74e850008,1.0598524,6d3c42356e3b459c919e3129ff192ac4
77e2cfc79eee4e1b91f93386b436bd31,1.0572792,5a8cc5ff28fb4359afc7e9fcbf3bce55
fcaf0031ba12457ca8cd515c95fea22b,1.0554843,bade01bd83ec4b6786fd8c867ca7a090
c3a842974e16433d9488c7df87df853b,1.0549366,92229a391d0b418f87b32c86c42a292c
ff2339e06523437eb464f18a90d5f80d,1.0527894,ff715b4f228443e3b067c801250f3402
cbb7beb8042e48aa868c13a6e2ee8a6c,1.0526004,27eee82d7fb94b9b8b60bd3101187496
9e2872646e314b1f97e9cb135dccd315,1.0503125,92d5da561f5a41bf929f3555a74cd653
924127ab124d40edaac3616675e82655,1.0484195,bd35571850644321b86ce4fae286ce7d
4c8ffe2f47284e42af52b98aeea87fb4,1.042545,89e43b092c844b5886a93091a22c894a
1dce77fb1e9e419d8977644f0d18fd1e,1.0416485,f0695d7e59d64941b510a3d12f801d59
525962b8d45849bf83483c6f246cf7b4,1.0402277,e039a00eae414ebbb2205b011ac127cf
e349c885e3cf4b12898ea2f38cccf188,1.0372382,f615619defc4402b82845090c238e597
305e57d28cc74f018c0ee4a93fe92c0b,1.0354762,a585d23fe43f459ba86ac15645af77ff
590ea703d6da42979db4f6cf3ec882f4,1.031204,1c97c72e076f40fcadb22b17e71beed1
28cae44de1fa4e56a10eb13b57a78668,1.0224696,c0cb721b56f240dabf7f464e453ef72e
1e5b95e7ca1a462588131ff25c545f32,1.0204766,80921378de2b4cd3a14d449688d8b079
3391f84c6c544d63a18f7c2e8431fbe4,1.0198843,bd2f91a9415049d980e453f94327e0ce
856daadbd4c24836a85731844393b1f4,1.019228,9e304a9bbc7b4c22af8025fc93757357
ea4bf9d0ec3d4bb9a4d910eb2ab70eb3,1.0180123,8f761e1117754656ac86a3a25f241cd7
5fa7699fd07e48f29a259e9b1044fab6,1.0115693,d4cd0b56b6f54e08aec8ebfdb6122c5c
175670fdd73e4fbc967ac1f61eeb9bec,1.0103105,9014beae94cf4f648e1663c8d5ec6803
bfd8d22a1f9a42a28b2a78c5e4323725,1.0097804,f615619defc4402b82845090c238e597
546369a62bd740beadc07cd40b6e758e,1.0095272,a926df6d7fcf4b17b68dae6f41fbce66
d5720a4e3cd34c23ac605c840bcd69ae,1.0049245,cd56b9a044c24df8a7156f661cb3d9cf
f3c6b6b18ad14537b64fde19aca70992,1.0048889,bd35571850644321b86ce4fae286ce7d
1c4b7fec0bd14f4d832d26dd643c4045,1.0047685,92229a391d0b418f87b32c86c42a292c
7901d858c6e44dea8acd99a79e378956,1.0026766,fcc9863b07fc4bd5a01fab5b9160eafb
3eb1fed1bfea482687c433b63ad56eda,1.0020163,efdf40eee13d409c9955e5b84e4408f6
0b7bef4f00bf42b0ac6d5e824b04daa3,0.9943797,903360099fb644b6b88c6edac88eecb2
42096f8107c945a1a2cb7d0c4ba65a75,0.9943789,faaac88748714ce8a99413b952a1dac8
1f487d592adc46f1ba935a923c34a9c6,0.9933045,7a4c413f5c844796bd5ffed2b65f0336
36b74b7a585a45e796fd8ff39bc60f3b,0.9922873,e5692bd498004d32934fbaa05af2120d
006744853c1a4bfd9d39aea6556c7be3,0.9915563,c0cb721b56f240dabf7f464e453ef72e
34bf626d6a87427281f80c0938fe0278,0.98997796,7ce06191f1114b4c8a00609f6867761f
d142f9dac4904fd9a93e4b68197a4fa9,0.9876485,ecdae9f36c6a437ea72739febbf1c89c
3fa1b0de6d4c416189e62ee40264edd1,0.9799681,e27d9425c912446e947fe53c4a757375
7119bcd6ffec46a3b428819c202e431e,0.9793186,257aed6ca7a44f1cb5c664beb1be527b
e84532113530478c84db1abdcae9a6d6,0.97338736,95fbc6ed8bfd43c1a6bcf676e26e7f8a
8085782f7d76421b8468fb1e61d4fd61,0.9683159,369fe18b94f54c98b554fd22b4a3b50b
cb3423afcfba4d688aa9cd2c23cf0c69,0.9665158,46bfd7af0ed6491fa621350963d11e35
734db9fe91ae4ef4aa4f3798343785f4,0.9601654,eb513691b7a04d31ab1bc50bf343447b
d2e23fe1095249c4a12577fd6efe8a65,0.9564829,700f381f40ce4b039ce0df8b49fb199b
c00b77da1a6749149b7830ba636d7101,0.95595896,4a4eb12a639346b5a00557d54b51fe51
2c5bf4d606bc4435af0045f6c269d043,0.95470214,7ab29c5e2f05481d8a69cc479a764ee8
88769fc17b0e4f3a9736d45e131659d9,0.9485828,ad289d5052264f9c8bd0aaf9faace92e
6823a93202f146b282eb66b620ae592b,0.9481553,6b9b2c8f0a874bb8b6691aca6bc49565
ad251b857ef3422398c3c3aa91f9c632,0.94730675,c26f5e7dcc8149f18f3d719bba9ae717
74f1eb9bb1ba4fe5a565558b1ebc7a72,0.94486326,1b4e143cfc1648a5b877d7445446366a
38f1d87fba9e41ce91c3db2733f683f5,0.9441745,a0fe3cd34e474c3b90662ce8ef1fcac6
c36813b8ca3e42de94bfb013ddb507ed,0.94323915,1543a2f94aa74008914301874d98f0f5
c244f9298eca46bebe8382249b3a300b,0.9377071,e336d113184c4ebdbad7aa2b6ec64640
7c890f402f38475d942c1190be3ab2a8,0.93224174,77a8b27acb0e4600bb6ff974eabc269c
83d43c7c640c4996a271c9ec70bd0746,0.92950404,0302e7dde9074dddbbbdf85e9be57901
b38ef262d489438c979703e3e503f1b7,0.92896616,b050e9e1ef5946c297a34dda98d8f476
33a87d7db931410abdafbba3321d5b5c,0.9283838,8db9e204b8b841df8fd94eff0888cdf7
6c106f8a15e949a69472df18c370d213,0.91870844,75b0bd2240a54f6fb45bf95ca43ab5e6
07ecb7f8a5f642e98200ac37c34425a5,0.9178577,0472051dc57d43f8b9dd08df475fc4a3
6730fca5ad3b4afc8715dc16caa1a2b5,0.9171142,d4cd0b56b6f54e08aec8ebfdb6122c5c
6f8c1d69a43c4848bf3426c02ae5b938,0.9142266,f9fae977af2c4f35b29400f31267e170
d15af016ef394763b0f876df474531e4,0.9128014,057164cf4aab45ebbefef3409359cfb1
824e34ffddf447618c176cfb2577eb45,0.90641344,965598a17b624a0f9bb1cd58595458a6
18200ac0950d44d7af9f61b8b1f6467c,0.90216815,ec281224f8ee419ebde676f291672aea
4710bc4b3f9547e4a1b836e957787a46,0.9012742,a1d8cb16dafd4126922f985021e93631
81c6d98619c8406bb519ea26c477b3b7,0.9004931,d9fbe02f04a4469dac855f69ea6ad02a
dea0770945c6460c8082a2fa1e710ccc,0.89990056,74e7db4222ca4a20811199afafa346a7
42dc4d44bc374b80baf0a8ac2c90c250,0.89795184,1216ce1ef31e4643bb1222538c206342
253d404216244e3e8c298eef54b7424a,0.89164126,d74f6e7abeb84eedb9923dadb62f45f0
15f76b93b94f4dfaa2c8b03a95b771e2,0.8914511,99142f1c07cd4782814f8c970eaaa40a
a56141d36b5f4520aef20a35398d8265,0.8899671,9303b9f7f4984b2dac8aeba8c8da8ef6
af18a5f9a5aa45a191a99b4792b127c5,0.8885123,78b600dd53854b018f87267d268b7b1a
4805a294e65b4d4db75948e86d3fdee4,0.8859147,acee70abee2841c9b67b95e9ed079647
7360c15d3abd4dd8a5af35cc13c48b1c,0.8838576,89597084b19c4902b073a2c6c6622456
6ede534375a14c609d02c3f94a41907e,0.88097817,de9328bdd1b34adda74a0363ff0a52b6
8779ed6ba8014232ae6caf2ff9ef4317,0.8772975,156f393f7ca046299e09d05464afa056
95eb2760eddb42a799eed009f1907025,0.87204844,0ebc441d25664c91adad96b570270f07
a90f7233ac774c298df91a6eeab11626,0.869213,d42996c2b67443fd9b73bba7641d4f77
96427260d7a740dc8e8abb4b879ac84d,0.86424327,4d708e5878784386a42c2f436d2d60f0
34a4ab8c365d469e9f634993d0a5b61a,0.85894877,fcc9863b07fc4bd5a01fab5b9160eafb
af56dd5a3d1a403c910f7ccd67f42dd5,0.8513882,23066f7964874fd39639dbf2cb2766df
4862c9b0d8ae46eb8831a66a01eeb02f,0.84844375,b050e9e1ef5946c297a34dda98d8f476
dade1ac92c08448e93e20a96c20f9d0a,0.84673643,f036aaf4ab714c598a0b6da4ca604136
16b26a25f49f4efa85d21e2a4302e506,0.8453778,19c9ac7b84df472c85ed6cf5a05fbbc6
d0dad3a420c744c3b2aaaa1604121d1f,0.8441336,e96aa0967ab94368b381354e03dc40ad
8868c5482f844182914477066c6e3287,0.83990103,b7ef0a61de0e4adf9688b2c525c9ad09
c50c1d8eb4024bf080812d01310eb133,0.83855474,c8c201e25c0047a2ba9d9e8541ac0939
e30792faab17454587f51314a00ae69b,0.8326239,d74f6e7abeb84eedb9923dadb62f45f0
1f14295a03ac4251b24ccf3a74772f55,0.8321681,257aed6ca7a44f1cb5c664beb1be527b
2fd5284523f24eb1bae1d9e857c61d4a,0.82829535,ff218cc7835d4b5ba0de22792319050a
ec892733179f48d7b907594ba63d8431,0.826051,d79afb377f5349a69830b2b4c7cfefcb
08b353e1649c42d6b37c9f7179dabf6e,0.8243023,d27cfea4da8f445fb4e3c55e53c6482c
9146bc8522804996b5984ed63944edb7,0.8220293,01690d9b08164fcabd5bf0819754f71f
d52a218e156e461f8d5f05a8a136988b,0.82017213,89597084b19c4902b073a2c6c6622456
8505b6622aed4fb0aeece7e02c0fa748,0.8174964,4aa3556b2aed469584c573868193a07a
5be3fd711b704af39312fd1561b95353,0.8147796,9170e0bb8fe44b309f83293808d871fe
9385f152b6204244bd58c6107f500381,0.8140198,9303b9f7f4984b2dac8aeba8c8da8ef6
4a2be481c29745e6be4e4b6a6d39ff64,0.80451703,6a122ce1702646db918266228d48bd08
152e0362dac34ef8940b97d42520b9de,0.8036786,17cc6768c9d14388b7455fea0060b62c
b7ebc3098f284cdc8a70c21862a74b00,0.80249697,73e7e41e8db447c09cb2363d76556c64
8db2bf7ef1ed4e16b8f31fc7a9ad0e9e,0.80208504,fe6ace599de44aa19b1773dad3658fee
c4e88a88103749f08d034998e76b6a35,0.7959373,a0fe3cd34e474c3b90662ce8ef1fcac6
c1c018ca07df447caa530adc78d76736,0.7933387,6a33c207c8b648f680dbd0e65639ef04
3c6017018cff435f8a15557ec2740321,0.7925304,85e7ea30890b456084b8e85c299c8649
16b6598102224ec59ae691c80c17f913,0.7924694,e9f055a212cd4e5e8601228c37713f35
34dd2bcde19344c69a51099dd39f23de,0.79146945,5a68e05acea4434ba08e17e1fff00057
374f3a07f645432ca97d2116e61d6fc6,0.7867833,0472051dc57d43f8b9dd08df475fc4a3
1bcadb1e071c4e6d82323f31e960901e,0.7825049,836ec4ef8df644328ac07b7803709323
774622a7382646c4ad5ef139574052c1,0.780753,9170e0bb8fe44b309f83293808d871fe
d783d92ce7464edd930cf3e6a5a3ec9e,0.7798699,5a26ae7959494fef99542e9b2004fd11
ca9d736b288240819d620ec83c0b3f3d,0.7776923,8f761e1117754656ac86a3a25f241cd7
0186efa87e364652a49460c2436f11da,0.77722,ec281224f8ee419ebde676f291672aea
e1c498af40d54c85bcea4f0ce236b966,0.77244973,d9fbe02f04a4469dac855f69ea6ad02a
7b5adbd82a584ff6b6e23b89956dd6f2,0.77111894,bd35571850644321b86ce4fae286ce7d
385af4460b5a436baece6ce3fa1cd423,0.76651365,6a122ce1702646db918266228d48bd08
aef3a265256d49af8433aac1b85fe097,0.7632711,5831f5e280be4c02a09ce4588b56d7f3
5f5d6306678c4a0cbeb65f8580c9cdbb,0.7625906,89597084b19c4902b073a2c6c6622456
55cd381ef54d43069999636fdbce998d,0.75979257,46bfd7af0ed6491fa621350963d11e35
d404db290f094f2f9dc6ffe54216308f,0.7530033,564a84b1b830407e811bcfc7fd086a6f
4fb63b6f9f8a48dc921c53a21d354a0e,0.7495717,73e7e41e8db447c09cb2363d76556c64
3037c91a3e5a4499827cbdaec427c82f,0.7488108,17cc6768c9d14388b7455fea0060b62c
7c79c3280c0f45a693fefbeb30bb648d,0.7464195,3be388c9ab614bceb086c19f70df23c2
f825d91f98ed4b9fbffdd2f5bcea698a,0.7460437,d79afb377f5349a69830b2b4c7cfefcb
cde31d7f76684d62b17e619c0f1e98d1,0.74379754,b8ca3b6144cd48208caae952e096e7ae
91c1e818e83d4b929c7b35f910b68663,0.7426853,a25b08e008114c9ca0266ce3e55d82bb
fdef09f89c644db89a91442b6889f7b0,0.73623884,f615619defc4402b82845090c238e597
5b21a17866f54dfa8e63c58219851a21,0.7352645,d981f2c67f764e0c84af125b563958e9
82a059da201341cea6290c541e65ce5d,0.7340112,75b0bd2240a54f6fb45bf95ca43ab5e6
4207cafc0d1f4d50b76a0fe4b67edc09,0.73362195,9ff95d23c3284d31ba5e398afa520649
301e127ffa514901b5840fd47f9f7e18,0.73219293,cc21026ff0d541909df56c5618d28518
5f47f156e8204f808cef8696d1f8920a,0.7294735,5a68e05acea4434ba08e17e1fff00057
de6f18bac6e4441f8dd17e252f1d993a,0.7288779,0ebc441d25664c91adad96b570270f07
6eeb265798ed440e9feda4d09e043bf5,0.7247259,156f393f7ca046299e09d05464afa056
bb58d88db2894bbe8d84b210cc4f26ab,0.72005415,99142f1c07cd4782814f8c970eaaa40a
362c00f2982342a8a518f57f7ec9a60e,0.71879137,2768d411cc374a018a898f9df0ca207d
24156e9d41404d568c7e22931d2631a3,0.7128349,d79afb377f5349a69830b2b4c7cfefcb
88de1634c729442aa72060868b167abd,0.7074676,82b01998353e4141a7613fdc96d7b600
7320e14823a54b30b0a3fa3f42a01ffd,0.70581675,1f8c0f02984e4139bf8043e57497fdb2
c0f5519b1d3842a68611736d9c0e5c9e,0.70474267,01690d9b08164fcabd5bf0819754f71f
0cee0f740cfa4b118595c4e921220588,0.7026096,92d5da561f5a41bf929f3555a74cd653
ba2103e1cad442ec881f2b0d25c99bb9,0.70102304,46ba0b979a664c7cb0c315c4cde6ac86
a4e40c85d10248bd9a34d6c44e22b010,0.69764066,c9628610053945f4a7998ae48cd70da3
411837e42b564c399e9444d5403a3734,0.69532156,e52a528036014db0a7bd54b99a310fe8
da58e0684cc34833a768589a2ab19e46,0.6945263,b8ca3b6144cd48208caae952e096e7ae
fb7510f9799745e8bb2d730dafe50aa4,0.69123995,e25b9d9944cb4d7197efb8ffc4ff57a1
ede38dce85584305a3733d42a3d38246,0.68913597,19c9ac7b84df472c85ed6cf5a05fbbc6
4eae669b05f642a98f2ee1b828c4807d,0.686206,fb709e29755b44988bb252c87a2ce2f3
b30b809bfd8141fb9aab99fe056092d2,0.685881,65664fb3aad341fab563409d91dddd2d
1950440f5ca34d0bb2c737f896ec3b16,0.68032575,c322b788813745e0aa7b592b4345d379
703c375bffc346788123e8e9d957db42,0.67934215,bade01bd83ec4b6786fd8c867ca7a090
2cd2c87b068749a492cdd369cb60ef9a,0.67502064,fb695c097d5845c282f6b30c241e8cf2
8819510944174ce28e7b0d3e9d8c9fe3,0.66417843,691acac4a54d450697afb2c2dc4fca09
7002381cfd40489ebf699ce239f95dd0,0.6625671,d0a840820172465f83c8480d571e7b71
863e6e460e12403393c97a12e6ce92f1,0.65849966,d0a840820172465f83c8480d571e7b71
e42fa7d6b7134c18be1ea6c41a504057,0.6577486,650afb6a1d054e59904a1b796552eb04
497126af5d624b7894a1cca2b3b0e57b,0.6559148,d443e0c5017d48d1b3f86bf4da959ed5
6e4efb567c284833b93c09713f4af1df,0.6535933,0472051dc57d43f8b9dd08df475fc4a3
8585971b042846729be0531195bb8d5c,0.6523128,3b13d134762445cebcdbb02b484db77b
d70588024f024cdda9e71020d4ec2183,0.65170336,c8b9a0ac7c214a449c434aabdf6ef770
5d204449172f48b1b51ca2ed9308b6d6,0.6500931,11ec23965d2941d0817082107996ebbb
4838bbbf3ac543ebb0bef130f0f28d48,0.6449604,d6fe6f8380464e21a27fd69de27f1f57
f505e4ddc7604ec896a2bc461f2bb86f,0.64419687,d0a840820172465f83c8480d571e7b71
d2bf482573ea4097b41b6bc649bece51,0.6436141,01690d9b08164fcabd5bf0819754f71f
e8ee807a789d465c99039c42dbdb3203,0.63977414,5a8cc5ff28fb4359afc7e9fcbf3bce55
9f6d414fa64347368d119235b14b5cbc,0.63887954,fb709e29755b44988bb252c87a2ce2f3
046c13f855904119983f73a0bdc77a34,0.6360563,9014beae94cf4f648e1663c8d5ec6803
d6db57dd12dd48adae78eb66e24cd991,0.63487804,cb85047b65f8468aa02744c28c075dbd
6365bc21f6084ccd8da4d5c6afb8b26a,0.6279199,2425086d8eaf44d2a9519f0e4e6b289a
8278ffeb4f7e4854a015f434887473a4,0.6274663,700f381f40ce4b039ce0df8b49fb199b
86584226e35e4eda9eaba4e5fe495984,0.61078966,6a33c207c8b648f680dbd0e65639ef04
0cb422afc9b5409dbdc542e32e32d01e,0.60952413,965598a17b624a0f9bb1cd58595458a6
9923a917ad644091bbc508d3ced20f75,0.60888696,369fe18b94f54c98b554fd22b4a3b50b
f46543478e9f4f0bbb721b47a528562f,0.6073801,f036aaf4ab714c598a0b6da4ca604136
8e454bf7a3e945bfa6efeac4dcd2ce92,0.6013118,c8b9a0ac7c214a449c434aabdf6ef770
8887992f6e314e5bb22217a98a5dc1d2,0.60002,46bfd7af0ed6491fa621350963d11e35
6728135560274c459d26043145918a59,0.59742165,ed9b10a2879742628fce003076ef9024
54d65ec837ed478986a344f4bba2e423,0.59605414,64fa5ce839ef406b9bc8a1b2f05094c7
d31e037b260346c3baa01f229c4aab45,0.5942046,c26f5e7dcc8149f18f3d719bba9ae717
53ad9b6f270d43beaa19337b588c1e60,0.5896417,1543a2f94aa74008914301874d98f0f5
69f55093e5564ec098780c2feb474e04,0.588135,ad2109663af04c549385cd2ab9b3283b
e9f85a6880484c3a82685b170d052a51,0.58630526,d0a840820172465f83c8480d571e7b71
dd7aef966c97433eaa394c033bd3ed81,0.58516544,e27d9425c912446e947fe53c4a757375
371437b76fbc4eeaa709683744e7ee08,0.5849973,e45844e0215f4a1596a7f9ac41367c46
25f901ba444c47eab6b03184191a3151,0.58230996,4b748d6624144214b3d8a80b37aabde6
f4a11d6e649f44be960bbfc9a5aab7c9,0.5821327,b25fe3b79f714d38b3fc53e39fd84d36
7138411c54ee4ddc9519ced57941eb3e,0.58172184,78b600dd53854b018f87267d268b7b1a
b3cc119ea5494c5d93fbf4b7d29ec6e6,0.5716088,19c9ac7b84df472c85ed6cf5a05fbbc6
c69f7426bfca4d959cc756572440109e,0.57072705,3b13d134762445cebcdbb02b484db77b
daec8c9bb81142a98349b34affefed91,0.5703536,630edd9b8f754b5dbd36cfbbd03ccb51
bf3d001275754cb9b2c48df805901d9d,0.57018775,f615619defc4402b82845090c238e597
00ba0de9ca0245ab8489ffd199e84c92,0.55993336,7cd1db4b50dd41e6b2f3dd15fcab3b89
26b721f1caa14c70b7aa9e5a8898e76a,0.5563746,34b71675a1ae442395b6eb1f3eda23df
0ac5a5f9477a43b2b222bfec1888b8f0,0.55614245,19c9ac7b84df472c85ed6cf5a05fbbc6
9c5692d8cfcc49f5ae1d1eb4577cee70,0.55555654,acee70abee2841c9b67b95e9ed079647
ee4ccba3df1844ce82f9731a2c019234,0.55466074,a25b08e008114c9ca0266ce3e55d82bb
54371d2d71dc41b99b9d79ae757b5dbf,0.5538519,4a4eb12a639346b5a00557d54b51fe51
3cabf7db885244c3aef797eb94b75b3c,0.5538351,17cc6768c9d14388b7455fea0060b62c
8058721caad34d58a7ddae70e71c3f9e,0.55294526,c9e2e76e631c4d0a8013d90892350e06
faf7544dd7fb43c5b63a56c55bcaafb6,0.5499451,4ad7e2502210436f9ca5735fdf7e50c3
47b8aa81feb6443088dc32ba9aaeca66,0.5474508,3257035cc77946d98bdc09e2fdd5cdae
b34eaaea52614dfe82c2df09e4121948,0.54737204,8a77dc665d8b4d95a0b1113522f7e9c3
1b6f4307fa4e42cda9018c5085947b48,0.5466546,66b0c8a58f444ea0aec34d9403b88a49
c40beffa8f0d4679bafb1eac1d38bd5b,0.54472876,75b0bd2240a54f6fb45bf95ca43ab5e6
e3fce4db03644ebaa6d2618e06092fe7,0.53982663,1cbfb22f84454b1fb821b602e3ad11f8
eedf84d8949845939452e2cf59d2cc6a,0.5377932,a0fe3cd34e474c3b90662ce8ef1fcac6
05695e1694384bd79b37246fbab26b35,0.53463596,965598a17b624a0f9bb1cd58595458a6
d49f6a76fe334b5ebf72758df0f42d07,0.5327029,c26f5e7dcc8149f18f3d719bba9ae717
c299003ba5bb48b3bd7eab31321b539b,0.5308239,f615619defc4402b82845090c238e597
2937b0fa761c4d3294bf68f522d9ab25,0.5280181,74e7db4222ca4a20811199afafa346a7
613c069f276a48f2b4d203e4b49d44cb,0.5254634,fd51f3eef1a64d9a93652be481bde32e
5b2c1e575e8a46daaedcab661b62235f,0.520152,34b71675a1ae442395b6eb1f3eda23df
9dd0c24c21ab4b5586c29d90237b3840,0.5192251,3b13d134762445cebcdbb02b484db77b
8522edbe627049f0b00eabbb776399d3,0.5178394,aa2d7a3a535243189492d4ce8e79c049
12b45c8ab28a4361a016608db99cc91a,0.5159941,01e805bb5a1845a7addf86fe9bc8d814
d52b00145e914e48aa1e81cc1b399901,0.5132712,cc21026ff0d541909df56c5618d28518
b95ad51d19ee4ea28d5d02064e368c84,0.5113551,691a538d2372403fad2b919b48ff5f85
62550b8ddf604cfba4e092fbead3bc1f,0.5081693,34b71675a1ae442395b6eb1f3eda23df
4c0fd754fe344b9ba99a09a70be831df,0.5051838,f9fae977af2c4f35b29400f31267e170
a5580bcfdae9468781349b4ca3ee101d,0.5038858,5831f5e280be4c02a09ce4588b56d7f3
e96f7d9a6eb04d7e9b3a01744c7f210e,0.49508697,836ec4ef8df644328ac07b7803709323
d3910d69c924478ea90090b8b527e0b1,0.49486214,903360099fb644b6b88c6edac88eecb2
705398996d6440bd986d3dfa47bb583a,0.49334422,3be388c9ab614bceb086c19f70df23c2
1f4dd46f7d93406e9b1fd33e5a2a4158,0.4907078,a1d8cb16dafd4126922f985021e93631
0f3dc35d3b4a40e79c0af54b9b3d1f66,0.48781487,fb709e29755b44988bb252c87a2ce2f3
839527c5eff74e27a3dd2e5a9336cc57,0.48716447,c9628610053945f4a7998ae48cd70da3
c67274e9cb5b41b18336fa05f437c470,0.48693898,9ff95d23c3284d31ba5e398afa520649
136549c15f3f468ab2ced44ab70b0539,0.48504165,d74f6e7abeb84eedb9923dadb62f45f0
aa8510751ea1474a90449f0bf668c26a,0.47806126,691acac4a54d450697afb2c2dc4fca09
80a892b08d854ed7ba82af259da76154,0.4648419,156f393f7ca046299e09d05464afa056
5854ad482e74460797366e8eb405b2e7,0.46108502,b7ef0a61de0e4adf9688b2c525c9ad09
d832897254e74ba4a5515e22654b2d04,0.4565707,9303b9f7f4984b2dac8aeba8c8da8ef6
d7b01643eac140139ea2680d74080bb7,0.45624694,c9e2e76e631c4d0a8013d90892350e06
ca6f0e18c75849428e7dbe14c1403841,0.45458755,c26f5e7dcc8149f18f3d719bba9ae717
7522f624f59c4d74a8703781e00414c0,0.45271373,5a8cc5ff28fb4359afc7e9fcbf3bce55
2b1ae0f0956e475c80e1ba5ca01abe84,0.44739193,b4150337314e40fb9e3ebb24514504a3
0f51f0e1827243a380a392150248b877,0.44638693,bd35571850644321b86ce4fae286ce7d
c8d0d1f2df5c4b2a8eecdd2acc610a85,0.44540384,e25b9d9944cb4d7197efb8ffc4ff57a1
29fdc29e4b23460088e7060422eb8582,0.44532877,f5a6222612ef406b8f02aef87e08c476
910f58d10cac4e1896efd603e3b6247c,0.43945426,ad2b6fb945714e6792c17bd49a1066e0
48ac74f9b05a4b4da78a5f6497555631,0.43925422,a0fe3cd34e474c3b90662ce8ef1fcac6
5ea4394d43e44b219a8390a0b54d2982,0.43793514,46ba0b979a664c7cb0c315c4cde6ac86
3088711035bc4a06b3595ae315f54fb2,0.43231925,c9e2e76e631c4d0a8013d90892350e06
580c0c6a3cd6416cb6654f177ff2498a,0.42369258,9b22c5cdbff44bdabd48dba008e6a3b2
701ea34d0faf4b558956b1af3863b503,0.4224715,acee70abee2841c9b67b95e9ed079647
9c299c4c6746403990eba7f18b97be71,0.4173824,9303b9f7f4984b2dac8aeba8c8da8ef6
7d866819a8df47fe89b41b4cbbe0ecdd,0.41369298,ecdae9f36c6a437ea72739febbf1c89c
57a0a47943824bb28d5faf9fe31ee787,0.4135574,9e304a9bbc7b4c22af8025fc93757357
a72d6ed397c64fa7ad1aeb46a417fa4e,0.4120806,8a77dc665d8b4d95a0b1113522f7e9c3
2e9806470e994a85904d3521b5fddaa6,0.41079414,5a26ae7959494fef99542e9b2004fd11
b707dfaa86a540dd9c3fa75fed4a43af,0.4099142,b8ca3b6144cd48208caae952e096e7ae
d02c0b31ac9a428fb46248742eb502fa,0.40892518,e7d6747e8c8b4ebcb665e232240daf17
cfa58c9270cf4b82a9a79385be571a83,0.40863582,6542f58c143446f280e88a6375ccf79a
eb012357f09945268a134e8461cb8cd2,0.40730742,d74f6e7abeb84eedb9923dadb62f45f0
f3ea230754ba41d192cd37ed751d1318,0.4055066,8f761e1117754656ac86a3a25f241cd7
d64dd5997016472488972a82c8d2148f,0.4034629,b25fe3b79f714d38b3fc53e39fd84d36
91a077bae982429595e548a2859976ab,0.40185478,7ab29c5e2f05481d8a69cc479a764ee8
fa6d529498794d1f98deb51ebbb48d55,0.39404497,89597084b19c4902b073a2c6c6622456
bee104c3212c473da29f1f4518f4fd7a,0.39399126,4430d47e30904eab969c1baebca184c0
128de5daa04242e7b0c9eca5277071bd,0.3931606,85e7ea30890b456084b8e85c299c8649
c2732f3b888345afb3c5116a10cd9896,0.39298648,e27d9425c912446e947fe53c4a757375
ea0b41aa56ee406986b5b4f422a625ee,0.390119,f5a6222612ef406b8f02aef87e08c476
a16486024d12452a9c7a4d88c7fc5efa,0.38753784,6c74bedaa406493a99988c5b8a47b704
3b54cc7ced814b6cbc6dea86f09aa770,0.38526028,ed9b10a2879742628fce003076ef9024
1ba49dc7eaca42cc9df60f6a9a04f11a,0.38144898,983940e0b12e4186a281c36de657406e
aaff66d83c1441cba7531bde3e46f124,0.3788562,1216ce1ef31e4643bb1222538c206342
5ad95d0217fa4cccb9c2c7428bffd1f7,0.37385237,8aadcf7251724cc6858dc0db44abebe3
b48f5f444c3140b38a8e756e57fd042c,0.3715107,9b22c5cdbff44bdabd48dba008e6a3b2
c8cf5bb63c7849c79141e48f0b609996,0.37117833,85e7ea30890b456084b8e85c299c8649
242f18b8efb7402a9e394515b5294eb5,0.36990446,d79afb377f5349a69830b2b4c7cfefcb
ed96d522f1d74dcb9a41c80634f5abe0,0.3677628,d0a840820172465f83c8480d571e7b71
192ea3bc5bf1479bb3255c41ff2fa9e8,0.36569747,bd2f91a9415049d980e453f94327e0ce
587a668f01694a1e847a97f47debb81c,0.36387873,37337ebec05640b890e4b9612776c32b
96bc1d7521944aa9bd60c810ef28080a,0.36369434,b050e9e1ef5946c297a34dda98d8f476
b457016349004dba8b94241ddf2b6964,0.35911047,640f3bd184b7425fb22cc7773b8b2244
a7c05ece6ffc42e9a9efdc286789bba2,0.35808593,bd35571850644321b86ce4fae286ce7d
a3b8ab612b544a76bfa18fd8d3c06621,0.3579668,d79afb377f5349a69830b2b4c7cfefcb
58556ab04cfc4acf9ea2865485923949,0.3553436,630edd9b8f754b5dbd36cfbbd03ccb51
8baed775825049a7a98ba659c3139582,0.35517585,6c8a24653ef04f559b88e0f27c0df63a
d0c34b42e0ea475cbec6f473103ce609,0.35431513,e039a00eae414ebbb2205b011ac127cf
7347c822edd443ed856998a70357afd0,0.35366923,8a77dc665d8b4d95a0b1113522f7e9c3
56c2b163d79149048fcdf4e0f9d5598b,0.35199803,64fa5ce839ef406b9bc8a1b2f05094c7
bb1d29d38bf146d882c0237285e635b6,0.34922457,a4cad92644614f78bded3ca6d6023473
04cde55231e04394a675268411aee01c,0.34130743,1af4472b38cc4304841b2f1720075c9d
429c0e9f5199454590fcd1e2560a42a7,0.34016046,1af4472b38cc4304841b2f1720075c9d
3e5dd993b40a449fa94dcff02439d160,0.33973593,9ff95d23c3284d31ba5e398afa520649
7831dfb1e07e43dbac524b0df5c28053,0.3351917,d443e0c5017d48d1b3f86bf4da959ed5
ae806a1c4d304ce388ffbf648f241d20,0.33495566,a585d23fe43f459ba86ac15645af77ff
454132982ecd4d5e9e6ed9c9e33f3433,0.33321327,257aed6ca7a44f1cb5c664beb1be527b
ac047081c69246efb1e1385bc77fb76c,0.33111948,88dc23909eb4415aa39b96cc3a4c2926
5884d501d2f749cbbca461d81b8a74bb,0.32843372,f615619defc4402b82845090c238e597
15171a501992488a97cd9f1f44475978,0.32177448,a1d8cb16dafd4126922f985021e93631
45d15e5e49574f79bb6a3116fc761b83,0.32110786,369fe18b94f54c98b554fd22b4a3b50b
7d741d7645a848d086367003b1d9a767,0.31780428,d27cfea4da8f445fb4e3c55e53c6482c
52bcb0a99aff4ed18c8fd7fc24e687f6,0.31764686,7cd1db4b50dd41e6b2f3dd15fcab3b89
e980c76243164587a41b4adacf1c6b50,0.3121581,58db4c3a26c84fa68d81235d078208bc
bc1026f31e374c13a6d40e36a58b4b4c,0.30897933,4430d47e30904eab969c1baebca184c0
a48cffbae43148f292d3a78837fbd4ca,0.30708593,efdf40eee13d409c9955e5b84e4408f6
07d706541ba64a5a860673ea0aff78bb,0.30667117,3b13d134762445cebcdbb02b484db77b
9f0c4fc689014714bc3604b21f1a694c,0.3029866,6aaae524573f477f8fdef0b83787cbee
11626770763040b882ab69e58caa67bb,0.3012302,903360099fb644b6b88c6edac88eecb2
cadfda09774f4983a79a1c20a77a7b6e,0.30115852,678725f8b914453fbc1029b7c1bc0879
6cfe829d301f463ba1bc66d1c8087b0c,0.29706293,e25b9d9944cb4d7197efb8ffc4ff57a1
266d75addc654d52968c8c67300f73bb,0.29307452,e5692bd498004d32934fbaa05af2120d
a5b36f9c26ec44639e19ecba64ad7063,0.2900601,8a77dc665d8b4d95a0b1113522f7e9c3
ac2d96b937b24483be886056bc0c2b67,0.28993887,23066f7964874fd39639dbf2cb2766df
64ecc00623a647a7854cf8236452c556,0.28873578,e039a00eae414ebbb2205b011ac127cf
d9b3a26c8de14ab4ad2a779d31b4f01a,0.28815424,a585d23fe43f459ba86ac15645af77ff
13bc78da1120442190653a8273c4f2af,0.28532168,19c9ac7b84df472c85ed6cf5a05fbbc6
63cf218e957a465696c4482a9d4b226b,0.2836085,aa2d7a3a535243189492d4ce8e79c049
94c480de369e4fcab0aee54d6543f90b,0.28244668,630edd9b8f754b5dbd36cfbbd03ccb51
20017566ccc94b8982c75f9f05a8eb20,0.27967793,ecdae9f36c6a437ea72739febbf1c89c
2b87269c561444308fce933186cf6042,0.27940398,0ebc441d25664c91adad96b570270f07
9b5cafae0dc14e9ba24b5c6db5381eae,0.2714542,23066f7964874fd39639dbf2cb2766df
0478a4dd439f4218a9194cd283b15aca,0.26878527,ed9b10a2879742628fce003076ef9024
2fd2926eef6c41939266c5d6a5803999,0.2685445,eaca056cec224a30aaaed30c39f644c2
68017cd7896a412db28e47c90096b888,0.26849318,d9fbe02f04a4469dac855f69ea6ad02a
73bf5efa54504a0186bd7a13def281d6,0.2665767,bab3bdc133384798b558f8fb6466a7fa
28f694942751431c839fe1d22e753e1c,0.26306555,7cd1db4b50dd41e6b2f3dd15fcab3b89
413423a32eba46c2b7def04c66e6f9f2,0.25802356,19c9ac7b84df472c85ed6cf5a05fbbc6
4d211e99c4d0455980e9ab87c212c2d5,0.255576,2a9658410614443d8a27ef174f61d6e8
81506e59f5b54c66a3459e47c2bad700,0.2537008,d6fe6f8380464e21a27fd69de27f1f57
7e4f7e1030bd4e0d9be72f6761ea3def,0.25007564,77a8b27acb0e4600bb6ff974eabc269c
22ded3f607364f7b96960f862358777a,0.24677213,de9328bdd1b34adda74a0363ff0a52b6
7e7b0eca4a964ddbba6f2fe892340895,0.24597076,c9628610053945f4a7998ae48cd70da3
5721ca5ad6544bb8b6995ab82d1f5fac,0.2392621,80948e17b5694599919e1502bfcc08f3
9abbecd3581246798ab524e018f95ab7,0.23311165,31b69f9501c4415e929b6af28c83f6a6
6770b085f8cf47ee9a162fa8fbac551b,0.23047821,369fe18b94f54c98b554fd22b4a3b50b
b256661e96a042c28b299514e4e6e4cf,0.22755188,5831f5e280be4c02a09ce4588b56d7f3
2a15a6ed7e29403295f571a40fbf5895,0.22618674,e492ff7fecf046a4948c5ba5631cdefe
3e7d386674184d34bfa0757dab4b3681,0.22316808,700f381f40ce4b039ce0df8b49fb199b
1139ff813de54ba583f9d19e3a2b6ac6,0.22106346,a585d23fe43f459ba86ac15645af77ff
69705e3d3da0436881b25f42d2a6f102,0.22020352,4d708e5878784386a42c2f436d2d60f0
e2b08fa4040643048867ee258a43c077,0.21950108,678725f8b914453fbc1029b7c1bc0879
c46143f6691f4af38d4779e21a33f827,0.21765213,01690d9b08164fcabd5bf0819754f71f
7e808bd74e2447d79f7d266c88de6410,0.21726863,95fbc6ed8bfd43c1a6bcf676e26e7f8a
b24046864bc341499137c0e4a5d92315,0.21694453,82b01998353e4141a7613fdc96d7b600
f7968b9dc2674ffd888bfbc7a86342d6,0.21640348,1543a2f94aa74008914301874d98f0f5
abf8b91082294675ba25ab35c659daa7,0.21523258,09fc9f38fbbb4bfaa1c979ac9cc43f0b
1d2a027561834f03b680a90079cc8e25,0.20894322,4696c8192576454f8684954bc771aa23
9e428df718b04a159edebe604bf4ab3f,0.20835763,c8b9a0ac7c214a449c434aabdf6ef770
c3ff9a50b4c1477c812af51fd7ce9489,0.20756376,630edd9b8f754b5dbd36cfbbd03ccb51
2c2bd31efb4543d08c60180fb6fa21a2,0.20408678,1d47a696eae94bd29f215a4787b27d8a
04fa52d782e34f0698238fc47401ee94,0.20262231,965598a17b624a0f9bb1cd58595458a6
6cc7c613b8ca402b81fb2976f7a8d07e,0.20179564,e7d6747e8c8b4ebcb665e232240daf17
4a6e09d6abf04c768a24fc91a2f17181,0.20088655,23066f7964874fd39639dbf2cb2766df
8b1f6fd1fabc4cb7abbd5a7a2ed0cac9,0.19994213,156f393f7ca046299e09d05464afa056
2ae3d79e1c8641a9892ed31117156c0e,0.19554064,bd2f91a9415049d980e453f94327e0ce
71134a9c69f44b489217b6a7661eeb5d,0.1955055,ed9b10a2879742628fce003076ef9024
744af08539fd44678fb92fe2cd3adfbd,0.19521251,acee70abee2841c9b67b95e9ed079647
7736e2c1dbab4b4c904c42e51fd17759,0.19356765,640f3bd184b7425fb22cc7773b8b2244
d87ab9d9a67547ccada7b9ea3d22154e,0.19205257,bade01bd83ec4b6786fd8c867ca7a090
13efb9d3d8904edb87940273047233f6,0.19135183,eaca056cec224a30aaaed30c39f644c2
33babb0b73f84a8a87d9c75c03bfbc99,0.18988532,1216ce1ef31e4643bb1222538c206342
20c77ed7406f451bac8e8bcd18b5187b,0.18920529,9e304a9bbc7b4c22af8025fc93757357
5a7c0160ff224dc08e280c9d93a87c66,0.18884948,1c97c72e076f40fcadb22b17e71beed1
9fa9673a6edb4e15b5f57d97a0b16037,0.18869239,4aa3556b2aed469584c573868193a07a
21160fabb87f4b0fb849c04438771115,0.18756098,1af4472b38cc4304841b2f1720075c9d
20256e6cd14e4624979db79d84582573,0.18671712,fe6ace599de44aa19b1773dad3658fee
8fbf0e065e2147b39508d482b6af3901,0.18443625,855b3971c4a147cfb9a7c281fa6b915e
0619f008d28446449bfab75441601f01,0.18239185,7a4c413f5c844796bd5ffed2b65f0336
b4d2f62738d84adba1b5809481bab602,0.18090853,fe6ace599de44aa19b1773dad3658fee
19a8e983eaac433fb6e4dccab0c03fcc,0.18029983,d576e334105247369362b05a375e88cd
844cc162c90c4ad0bf5be9750450f4f7,0.17840688,89e43b092c844b5886a93091a22c894a
1e9c95ee032147a2aa469f8482bf5f9c,0.17815334,678725f8b914453fbc1029b7c1bc0879
bacf4a682b8743f48776deb535f64eef,0.17268842,00f45d57fd3c448d8cfdf3185ebae894
af733079cdf649cd95e030d070b603da,0.1713427,903360099fb644b6b88c6edac88eecb2
5b6f7847212340cfb461967cbfd411f6,0.17010123,0f9cc12519eb4872af7be7fe49e19f59
1d6f4b84093244e6915c8d2b03d11912,0.16843945,bade01bd83ec4b6786fd8c867ca7a090
b0cc005e94e04a1da113c12dded0a882,0.16782564,691a538d2372403fad2b919b48ff5f85
6e11fad70c424277a969434bd2dbd8b9,0.1665627,09fc9f38fbbb4bfaa1c979ac9cc43f0b
4866602fe3094c6789fdc1956c616d93,0.16582815,b25fe3b79f714d38b3fc53e39fd84d36
649971e6871c4d3596bbe61f84b0e117,0.16070507,1216ce1ef31e4643bb1222538c206342
4d11f7b70f1b430697bde44deb6f6e8d,0.15777385,f5a6222612ef406b8f02aef87e08c476
cc8f496b43d143478be84fd74f0dfc07,0.15457109,7ac9c94011924c09b47f9640211885a2
8315c41aab974f618fe59e445d7e6543,0.1545282,b2be859ca8f24cda86821d5383edbc18
b5c4664ba26443dba0dde05295158123,0.14793828,564a84b1b830407e811bcfc7fd086a6f
03338969d6c44f879a13c672864f6001,0.14675719,f615619defc4402b82845090c238e597
6991375b95ab4bb0b14b5ad68edc0a36,0.14061171,01e805bb5a1845a7addf86fe9bc8d814
91a9ce617c5b458284f2fab317b423cd,0.13957429,1216ce1ef31e4643bb1222538c206342
632f27bc9e4b4d3b84108ebd02d27c77,0.13956395,19c9ac7b84df472c85ed6cf5a05fbbc6
1b136bc276a84642874e1a5427cac81f,0.13203126,e7d6747e8c8b4ebcb665e232240daf17
42c545ddf97e457a8ae47f8f1229bec7,0.13141853,80921378de2b4cd3a14d449688d8b079
c6b7ad3591e84b359837e00aac91e82c,0.12533963,6a122ce1702646db918266228d48bd08
d5f31f9998f5477abd572904835fad50,0.12497094,9170e0bb8fe44b309f83293808d871fe
70aba94871d94cf5b2d7e950982cbb8f,0.12021896,e45844e0215f4a1596a7f9ac41367c46
539c9a4dd3ac4de18415aae9107a2600,0.11516738,11ec23965d2941d0817082107996ebbb
7ee89cd6d6774885a024ad9e8abfda35,0.114466235,3257035cc77946d98bdc09e2fdd5cdae
78806c5668cd4a01a34eaa549dbc4021,0.11299576,d79afb377f5349a69830b2b4c7cfefcb
00a23ea3107f484f84ca76a6fb313ceb,0.11240953,e9f055a212cd4e5e8601228c37713f35
a5af794012384211a60360b6b1752339,0.11199285,0f9cc12519eb4872af7be7fe49e19f59
d13abb2f14514eafa77e5ef77ae45be2,0.10996017,6c74bedaa406493a99988c5b8a47b704
184facf4be454b60a5fe9a953d771690,0.10966414,6b9b2c8f0a874bb8b6691aca6bc49565
de522abd79fd437a9ba590c4aa3aa7a1,0.10861706,a1d8cb16dafd4126922f985021e93631
32b7043aedf94f65af81490dfccc8b7a,0.10780698,7ac9c94011924c09b47f9640211885a2
3b01fad04aad4fba95d40be77808d716,0.103868484,cd60a0fcac24465a880af7d8f921dd68
4b6eb18ba8244091a7dab36a9dd58d87,0.10208766,f5a6222612ef406b8f02aef87e08c476
237d880c4172486781ba355b82ab8600,0.101744294,e96aa0967ab94368b381354e03dc40ad
425fbf4deffd4fa183bfa210c296d087,0.094792664,d42996c2b67443fd9b73bba7641d4f77
0237bcef8eb845aaa48b53436a3ea75d,0.088088214,eb513691b7a04d31ab1bc50bf343447b
fc06ca8216b146f1811dbd89c4518c42,0.08364794,6a122ce1702646db918266228d48bd08
dd72a1cbe29f432bb51ae6342e0382e6,0.08343166,2768d411cc374a018a898f9df0ca207d
b4606932b1e94119b460652c11647413,0.082665175,1d47a696eae94bd29f215a4787b27d8a
01f344e8e895424eaa3251d134512cf7,0.082122415,f036aaf4ab714c598a0b6da4ca604136
eead86464fcc47c9a4330692646f0973,0.081480294,1216ce1ef31e4643bb1222538c206342
d163c4863d9640b8b9610decb9ae92ff,0.07966569,bade01bd83ec4b6786fd8c867ca7a090
8afe31852af94133a8a0e21f4b27e5d1,0.076574266,37337ebec05640b890e4b9612776c32b
5df9b0803cc442b68e59b21fe5955092,0.07109457,e25b9d9944cb4d7197efb8ffc4ff57a1
0001880401724f72b4b0f8fafabbd872,0.06911516,4a4eb12a639346b5a00557d54b51fe51
2a4b8f6f2f1948e587b2de1effffc8c6,0.06717658,23066f7964874fd39639dbf2cb2766df
a1a22d5f63af4418a3f33283a6013d2d,0.06124434,8f285540a9394706bd6ec6cda46c5058
187f475424d1406a8ea7e10ccd1f13ee,0.061050445,85e7ea30890b456084b8e85c299c8649
cf020a2f14884c16bc73b159ead104b8,0.059838504,5a73e0a5c757410eb0928feed7b151c8
69669e9f88dc43b68dda6126c27675ca,0.05900532,e039a00eae414ebbb2205b011ac127cf
062dc7df9c4f430f87502fe7eadd5d7e,0.05852014,89597084b19c4902b073a2c6c6622456
c8e075e8f30e4586ac075d59d5be938d,0.05830705,fb709e29755b44988bb252c87a2ce2f3
7118df93df274839b3c1c622ac4b53f0,0.057615593,f11f1682b5924181b047d757d3e20964
56fc3ec2992a4a609298efd89a7d3f59,0.057236403,e492ff7fecf046a4948c5ba5631cdefe
f503f17338d443e6a873dd091898a5b6,0.05332917,855b3971c4a147cfb9a7c281fa6b915e
5ccfffd900a1434dae33727030983cc8,0.052206874,75b0bd2240a54f6fb45bf95ca43ab5e6
a286b690dbf845d9b5651b98f76845a7,0.048693523,5a68e05acea4434ba08e17e1fff00057
edb1a0a557354729b75b63862940d133,0.043842196,01e805bb5a1845a7addf86fe9bc8d814
6e6870a557a147a9acc900ab380040fb,0.043495834,e25b9d9944cb4d7197efb8ffc4ff57a1
00bc1d895118471ea04c2ee6a3ef3f22,0.03350544,156f393f7ca046299e09d05464afa056
7065ff8945cc45c2a4dfb58ac4955a94,0.03236456,d576e334105247369362b05a375e88cd
bf4e8bc83a74425e8657c603c0004113,0.02982971,b25fe3b79f714d38b3fc53e39fd84d36
f8dc989408ab412199e89745baedbb50,0.02925907,8f285540a9394706bd6ec6cda46c5058
360cbc8189604ca7bed1d03379488753,0.028304517,eaca056cec224a30aaaed30c39f644c2
64c90aaee7904b2ab8098f0dfe8cd516,0.024524719,d576e334105247369362b05a375e88cd
cde999f7973048f5bdccda367d1eef4c,0.023383915,37337ebec05640b890e4b9612776c32b
915d79767ad746c99ea804f4b5dbf60d,0.022505384,d981f2c67f764e0c84af125b563958e9
d56e8f69077e42b1aca7c99f6675c5af,0.019105017,1c97c72e076f40fcadb22b17e71beed1
59f932ea796043fdba3c19bd87389e96,0.016744733,58f53c379f7a4868a2ba6d91a06247d2
61e1612d7fad463ea1c28d21bdc98513,0.013716102,82b01998353e4141a7613fdc96d7b600
b9e0a43c19a04981af4a6dbf15166196,0.012323089,aa2d7a3a535243189492d4ce8e79c049
b25c125f6fd14177920e7f609ea6f819,0.011314496,66b0c8a58f444ea0aec34d9403b88a49
1e239dcb58ac4c869ed3fc6c4c4a06bb,0.0066586435,f0695d7e59d64941b510a3d12f801d59
d7cad8025bcb4868a7196c152770ab3d,0.0037287474,fd51f3eef1a64d9a93652be481bde32e
1ca6f54416f4410eb8e23dab9dbf012f,0.0032404661,a6a551a308b9442f947ea0608ae2c3fb
