27074d8daee940d0ad71d8c9e50c854d,5.528755,d74f6e7abeb84eedb9923dadb62f45f0
a1855c7563c54b5c86e2f73c5fe9f8d7,5.3001957,640f3bd184b7425fb22cc7773b8b2244
587a668f01694a1e847a97f47debb81c,5.135962,37337ebec05640b890e4b9612776c32b
4a2b5888e21b471bb770cd3b5b496ae4,4.9536767,4d708e5878784386a42c2f436d2d60f0
b344c4448c13473197e3c11682c4096e,4.8644376,3257035cc77946d98bdc09e2fdd5cdae
fcd13888ea3d4c2cba9cdbf3a7d2bbdd,4.8551717,b2be859ca8f24cda86821d5383edbc18
824e34ffddf447618c176cfb2577eb45,4.8090396,965598a17b624a0f9bb1cd58595458a6
7e211c9e52254e199e0deca74afcc524,4.6238813,bd2f91a9415049d980e453f94327e0ce
a95f568bf31846fd86a94ef5cc3a229e,4.382039,ad289d5052264f9c8bd0aaf9faace92e
9aca4f5f45944250973b5a08c3fa9547,4.3523154,58db4c3a26c84fa68d81235d078208bc
ade56895f4dd427b8c4477aa940dc716,4.3519964,e52a528036014db0a7bd54b99a310fe8
ef4b6d47c51c4527a80e52519f3c872b,4.3457522,691a538d2372403fad2b919b48ff5f85
71938515de5a4c74929e6fa8edb97420,4.3281384,c9e2e76e631c4d0a8013d90892350e06
f90990b791cf49ff9b92b9a49cd87f89,4.3167567,66b0c8a58f444ea0aec34d9403b88a49
10f74d10373f4f128add836b046afcdc,4.2785654,d9fbe02f04a4469dac855f69ea6ad02a
454132982ecd4d5e9e6ed9c9e33f3433,4.1169815,257aed6ca7a44f1cb5c664beb1be527b
c350ff1ea49c4547b89b09403669a4b0,4.048662,4430d47e30904eab969c1baebca184c0
a5d2be317fc24e528df576140c0a3849,4.04769,1543a2f94aa74008914301874d98f0f5
173d05df5b374e3ea0eeb958b8854299,3.9745839,27eee82d7fb94b9b8b60bd3101187496
13efb9d3d8904edb87940273047233f6,3.936555,eaca056cec224a30aaaed30c39f644c2
18200ac0950d44d7af9f61b8b1f6467c,3.9349978,ec281224f8ee419ebde676f291672aea
3407ed3eb6d4426bb50ced20b862de96,3.9291198,8f285540a9394706bd6ec6cda46c5058
45fc0cc071f44aa5a4f55b6521959f82,3.7890592,7a4c413f5c844796bd5ffed2b65f0336
f7937418662b418b90963799279bc248,3.7737942,09fc9f38fbbb4bfaa1c979ac9cc43f0b
d15af016ef394763b0f876df474531e4,3.765343,057164cf4aab45ebbefef3409359cfb1
9f893eb3a0eb4ad399f1eb64251cb4fa,3.761355,d74f6e7abeb84eedb9923dadb62f45f0
25dc04ff2b704b6f9229ad7cb91efc99,3.695296,2425086d8eaf44d2a9519f0e4e6b289a
619fb307d36a42b8818b2918edc88ade,3.6655345,aa2d7a3a535243189492d4ce8e79c049
84350503e37143fc8548ffcbd24070b0,3.6586127,c26f5e7dcc8149f18f3d719bba9ae717
9b5cafae0dc14e9ba24b5c6db5381eae,3.6565063,23066f7964874fd39639dbf2cb2766df
08b73196f2c24757b7a87419ad378a36,3.6155906,8aadcf7251724cc6858dc0db44abebe3
47b8aa81feb6443088dc32ba9aaeca66,3.602146,3257035cc77946d98bdc09e2fdd5cdae
211bbe2f818640a39e55304483f7aee1,3.599871,691a538d2372403fad2b919b48ff5f85
4d8700f8f8b3476899b9e140d2b572ea,3.597718,e492ff7fecf046a4948c5ba5631cdefe
cadfda09774f4983a79a1c20a77a7b6e,3.5832398,678725f8b914453fbc1029b7c1bc0879
a8a7550acecf4436939c03b7e74ec8a6,3.5732121,cb85047b65f8468aa02744c28c075dbd
14f6b3f3ee164c98b2aa0e93e06070d3,3.5634577,678725f8b914453fbc1029b7c1bc0879
ba6e6bd633084e56bb1f91c62afff197,3.5618956,77ac5eb4b3054ca68e2b0dcbd5473fd1
47bdbd87490b4698bcd3b038c2baf6d4,3.5577137,4d708e5878784386a42c2f436d2d60f0
a57effbc5a3a4d369b53ac72791e1b82,3.526808,7a2491a27f3c438a8549988f7a79e26e
d6db57dd12dd48adae78eb66e24cd991,3.5252755,cb85047b65f8468aa02744c28c075dbd
ef33ab499b054efb968d7cca5bef4a31,3.5189447,c0cb721b56f240dabf7f464e453ef72e
3464f002cd954218836b9014bcd0c620,3.4961143,5a26ae7959494fef99542e9b2004fd11
fcd022d73a35405ab8a38d11dd06ff4e,3.472198,c88be17376104f999b914a91aebf7220
914e224085a24a7c87db637c208baac5,3.4528506,6c74bedaa406493a99988c5b8a47b704
2246c7640ba74a0d8caef1ca9f9d44dc,3.4376593,564a84b1b830407e811bcfc7fd086a6f
aaba5fcdec244fc79439dd67ba8a495d,3.4200773,e02ad4f63c8444b79a7a56fb23a4e0f1
dea0770945c6460c8082a2fa1e710ccc,3.4118667,74e7db4222ca4a20811199afafa346a7
707f6646366145df8e5402888ac28325,3.405544,779d7c2bad1940c8a861451964e1ce01
cb3423afcfba4d688aa9cd2c23cf0c69,3.4001396,46bfd7af0ed6491fa621350963d11e35
278a6d1334d949ac865e60b6199bf59d,3.396718,a926df6d7fcf4b17b68dae6f41fbce66
5b21a17866f54dfa8e63c58219851a21,3.3906896,d981f2c67f764e0c84af125b563958e9
f68b3be7e23c4f86addba549e41b9077,3.3905954,9b22c5cdbff44bdabd48dba008e6a3b2
fc982cca5c594093a33406ccd0a2b83c,3.3692691,89597084b19c4902b073a2c6c6622456
c6654e244a00404a84d2f9314a7c6bd6,3.3666234,6aaae524573f477f8fdef0b83787cbee
19ba27a603c0492ba795fba0999e589e,3.364684,cd60a0fcac24465a880af7d8f921dd68
cbccb64b48814193a639815717dbcc80,3.2956026,4a4eb12a639346b5a00557d54b51fe51
13c651889f50420d9c7adaeac0c211d8,3.2347875,d42996c2b67443fd9b73bba7641d4f77
b0f8acbb976643b7b4c8736a8d7305ef,3.2291994,0ebc441d25664c91adad96b570270f07
356781d87d504d789e58fd87a987a67d,3.2159967,fe6ace599de44aa19b1773dad3658fee
0fcfdcdd99c34d2f8c849839febcbeee,3.1877944,9303b9f7f4984b2dac8aeba8c8da8ef6
05695e1694384bd79b37246fbab26b35,3.1617815,965598a17b624a0f9bb1cd58595458a6
911ee4e9eb0d4ed1add57e7a79dd71d6,3.1432722,eb513691b7a04d31ab1bc50bf343447b
34bd7137776446a3b70fb89720492e73,3.1282494,58f53c379f7a4868a2ba6d91a06247d2
39ce9102f2044852bd09b544df5b8092,3.1166644,7ac9c94011924c09b47f9640211885a2
1f4946d6701f4d75b1b71b16833299d1,3.0961747,3be388c9ab614bceb086c19f70df23c2
fba9b7d7ae944ed889c1f11ceefd238f,3.094992,cd60a0fcac24465a880af7d8f921dd68
ec6e7c2e584c4bd09dc91d1729c2c90a,3.0943887,89597084b19c4902b073a2c6c6622456
301e127ffa514901b5840fd47f9f7e18,3.0899072,cc21026ff0d541909df56c5618d28518
518dcd746ac344f692cc34db6c714430,3.0770102,4ad7e2502210436f9ca5735fdf7e50c3
5fa7699fd07e48f29a259e9b1044fab6,3.0717423,d4cd0b56b6f54e08aec8ebfdb6122c5c
34dd2bcde19344c69a51099dd39f23de,3.067723,5a68e05acea4434ba08e17e1fff00057
1c8f15d98ac3471fb966536a1bc8e9e6,3.0627942,f036aaf4ab714c598a0b6da4ca604136
91e6133ed3e2412cbd4f9450388c7eb6,3.0578196,17cc6768c9d14388b7455fea0060b62c
c492188137ee4adab179d07e9473fc40,3.0462983,eaca056cec224a30aaaed30c39f644c2
8159d92e267d438e9012e936aa5fb15d,3.044789,95fbc6ed8bfd43c1a6bcf676e26e7f8a
3e730fdc177b48f293b58b68d7b54313,3.0355515,aa2d7a3a535243189492d4ce8e79c049
46d21d8ab5eb41a080233ba04192b3f6,3.0255167,d576e334105247369362b05a375e88cd
f5a783856a7f4d3ba8c3f2c29428c454,2.9893851,5a26ae7959494fef99542e9b2004fd11
ea4bf9d0ec3d4bb9a4d910eb2ab70eb3,2.9626572,8f761e1117754656ac86a3a25f241cd7
a306a4b51e064a1daf8766259f6f5c19,2.958458,c8b9a0ac7c214a449c434aabdf6ef770
4cdd959af2f14b51bed3c4107c2f0405,2.956829,80921378de2b4cd3a14d449688d8b079
006744853c1a4bfd9d39aea6556c7be3,2.9552557,c0cb721b56f240dabf7f464e453ef72e
a9a64390a549402a87d7334ff62aa560,2.9519334,73e7e41e8db447c09cb2363d76556c64
1ea12b451b3d408baf7902165bd34a14,2.933863,65664fb3aad341fab563409d91dddd2d
2d641fad427d4884b7624102a50d5edb,2.932482,5a68e05acea4434ba08e17e1fff00057
3cb482f381eb449b99a6b9b7707078b2,2.924635,9303b9f7f4984b2dac8aeba8c8da8ef6
d26040150be642cfa0310e083cc0d204,2.9143372,bf59502a233e4b5eaff9cfa3a992c387
09a86f7239984e8faf484dba2109244d,2.9043188,4a4eb12a639346b5a00557d54b51fe51
565907298304458f80b2f4504ee3473f,2.8992465,82b01998353e4141a7613fdc96d7b600
1e239dcb58ac4c869ed3fc6c4c4a06bb,2.8941753,f0695d7e59d64941b510a3d12f801d59
7119bcd6ffec46a3b428819c202e431e,2.8804193,257aed6ca7a44f1cb5c664beb1be527b
dd9a8e0a766b4f6e81c6ace1403cd374,2.864241,c0cb721b56f240dabf7f464e453ef72e
0c6306c2d9c64af7a28d5fd434ba9b19,2.8574812,6b9b2c8f0a874bb8b6691aca6bc49565
5cf8596279eb4fd1a30ceda96102ef99,2.8469565,80921378de2b4cd3a14d449688d8b079
187dd510c41a49f4af9d4c4371e98953,2.8456824,b4150337314e40fb9e3ebb24514504a3
9e769043a2f5480e8f0bde6e83caf70a,2.817262,e02ad4f63c8444b79a7a56fb23a4e0f1
1ee540e56f46476f8d452e04f0490075,2.8147302,2768d411cc374a018a898f9df0ca207d
c3d18896ee6e422680a3435f0ca9af84,2.81321,95fbc6ed8bfd43c1a6bcf676e26e7f8a
a5acc7bcf83741208d3d3d0cc9696fcb,2.8044825,b7ef0a61de0e4adf9688b2c525c9ad09
a3b9cd8b03da4791964406ffeee48526,2.7940533,6542f58c143446f280e88a6375ccf79a
fa4b1640bbdb4f0bad2435be75a94586,2.7937078,dc58564d0c8540bea4f3e2e3696deae8
27ac7ea2481844079ce6ab849edc3901,2.7914333,526ab7eda50e4a239d03ad505832d61d
0f4e625476a041c88fade20efb2eabcb,2.787232,64f1d63a671d441d9663a783f632f794
70c5d0168ece4f13b8553e469845fce5,2.7855535,c0cb721b56f240dabf7f464e453ef72e
2fd2926eef6c41939266c5d6a5803999,2.7804368,eaca056cec224a30aaaed30c39f644c2
b0535812250c45b497a6bad12645aca1,2.7695615,2a9658410614443d8a27ef174f61d6e8
c7ddfc6b54294c34a4722f8eaa9b55b7,2.7683156,156f393f7ca046299e09d05464afa056
91a9ce617c5b458284f2fab317b423cd,2.7596512,1216ce1ef31e4643bb1222538c206342
8db2bf7ef1ed4e16b8f31fc7a9ad0e9e,2.7527444,fe6ace599de44aa19b1773dad3658fee
9123b9ef4c9d4fde932408d0244495f7,2.7355697,6d3c42356e3b459c919e3129ff192ac4
3c6017018cff435f8a15557ec2740321,2.7338188,85e7ea30890b456084b8e85c299c8649
840915e1243641c0b502a35bfa1a9aa4,2.7254894,e456afdf95e643dd926249fec4d68753
7a81a74f4b0e49839c3fbcfd7ad02560,2.723034,fb709e29755b44988bb252c87a2ce2f3
b2e0675fdf93468a8fe7f4992e5ac02e,2.7212892,a1d8cb16dafd4126922f985021e93631
b43316e2218e4fb390daa362fc8eadef,2.718846,c322b788813745e0aa7b592b4345d379
f119f6dc27c64e5c8485b001368d839e,2.7175622,7cd1db4b50dd41e6b2f3dd15fcab3b89
83be35bfce854dc48152629a9841375d,2.7173433,c88be17376104f999b914a91aebf7220
9addae0c40c248d4ab8fd02fb3861e99,2.702955,9170e0bb8fe44b309f83293808d871fe
f505e4ddc7604ec896a2bc461f2bb86f,2.6953008,d0a840820172465f83c8480d571e7b71
9644dd0795c64946bd689d24d80536a4,2.694711,a6a551a308b9442f947ea0608ae2c3fb
0d0b25a05a4148d2b15c4f2ac11010e6,2.693023,b050e9e1ef5946c297a34dda98d8f476
2a8517391a58458c8b4054fc225e976d,2.6924632,bd2f91a9415049d980e453f94327e0ce
d51de57d4ced4566bed6fef2db5c099f,2.6910214,d42996c2b67443fd9b73bba7641d4f77
a202212d6ad9404fbc16c60a7fc73ddc,2.6835902,fb695c097d5845c282f6b30c241e8cf2
2f2c1d07f46c48cc9afd407c79405b1a,2.6799788,7c1e02f3ab614e539ac901e5cd3c92d8
b615eb75fd0545b397a63d7c6a86c4eb,2.6748366,ad2109663af04c549385cd2ab9b3283b
774622a7382646c4ad5ef139574052c1,2.6582227,9170e0bb8fe44b309f83293808d871fe
65b7a423fc92497086fe55ce3a85dd55,2.6489887,99142f1c07cd4782814f8c970eaaa40a
de522abd79fd437a9ba590c4aa3aa7a1,2.646596,a1d8cb16dafd4126922f985021e93631
9ebe890cdbad44f1936503311aa8efac,2.645074,d79afb377f5349a69830b2b4c7cfefcb
cde31d7f76684d62b17e619c0f1e98d1,2.6446896,b8ca3b6144cd48208caae952e096e7ae
6ef03128028e416e929a82f5c819206b,2.6416316,21b1ded02d7b42618592187e287835a3
fdc1732f54e34300bc77d7b4c38ec31b,2.6380184,77a8b27acb0e4600bb6ff974eabc269c
468609586ccd417ca9487c3c35ade3b3,2.628371,057164cf4aab45ebbefef3409359cfb1
6fa96236f4904758aed745bb8a495f66,2.6224706,e9f055a212cd4e5e8601228c37713f35
68f3223d477e4e1cbe3830412674f8f4,2.6194904,ad2b6fb945714e6792c17bd49a1066e0
d3d566cecb79472ab65c2a57bc6d7b6f,2.616108,7ce06191f1114b4c8a00609f6867761f
1f92b7ff3de8413bb81c7346203bec40,2.6093419,630edd9b8f754b5dbd36cfbbd03ccb51
e5968b40a7054871b2ae79f18399b30f,2.6030993,6c74bedaa406493a99988c5b8a47b704
ff710f3510b24d89a54afab54c23edc6,2.5910013,691acac4a54d450697afb2c2dc4fca09
1b6f4307fa4e42cda9018c5085947b48,2.5890882,66b0c8a58f444ea0aec34d9403b88a49
28d967465fcb488eaab515b23282c0d7,2.5886886,fe6ace599de44aa19b1773dad3658fee
42dc4d44bc374b80baf0a8ac2c90c250,2.5710742,1216ce1ef31e4643bb1222538c206342
3b038bed6122476bba5c73f7188efdcb,2.5655065,1d47a696eae94bd29f215a4787b27d8a
1db0071ef86044f094e7faa2720a4ca4,2.5534136,d331012ecf0c40888e0ac290184f0883
b68aafdc6e7b4188a9506c869f83ae96,2.5409868,6a33c207c8b648f680dbd0e65639ef04
bcb1b70968a74d41b4f3b9dc27129974,2.5296717,b050e9e1ef5946c297a34dda98d8f476
4b39ba0bb2e54f72bf6cc4c7832b3841,2.5099168,fb709e29755b44988bb252c87a2ce2f3
96bc1d7521944aa9bd60c810ef28080a,2.5074198,b050e9e1ef5946c297a34dda98d8f476
1debf605469f435a817fe50539698246,2.5048714,34b71675a1ae442395b6eb1f3eda23df
2f01109a00d94d2ba4736fbea4522c20,2.4907074,78b600dd53854b018f87267d268b7b1a
a7c72b26df5e476a8a8efd1d597ead90,2.4881809,9ff95d23c3284d31ba5e398afa520649
a40e1b69ce604c8198c2de59ad0c8b93,2.4863849,7c1e02f3ab614e539ac901e5cd3c92d8
1c4b7fec0bd14f4d832d26dd643c4045,2.4776073,92229a391d0b418f87b32c86c42a292c
8d0f508b17b140db934bc95a70c06411,2.470823,78b600dd53854b018f87267d268b7b1a
ccf605a5ad9c406f9876e141954e5e80,2.4673502,903360099fb644b6b88c6edac88eecb2
6ec94917d60e4edbb8db99b5f7c18612,2.4661636,00f45d57fd3c448d8cfdf3185ebae894
e08d644c0950461e843595f14ded4387,2.4642882,5a68e05acea4434ba08e17e1fff00057
6f0406b6deea4302b4e44ece4eba9ef9,2.4591148,eb513691b7a04d31ab1bc50bf343447b
503e869546cf415ab60324f38dc8f73f,2.4583328,eaca056cec224a30aaaed30c39f644c2
7faeecafea264aeba8271a5a540bee0b,2.456838,1543a2f94aa74008914301874d98f0f5
4bd7c89c496144089a9b340c20c1a8bf,2.4434736,ad2b6fb945714e6792c17bd49a1066e0
55f81e8022ee42b893d99d17d99a3f32,2.4418757,0302e7dde9074dddbbbdf85e9be57901
a2e363e09aed44868c4e51d9cce19eb3,2.4414527,c0cb721b56f240dabf7f464e453ef72e
cb44ae0776e3419e8b0aab12b82dc8e2,2.4382238,23066f7964874fd39639dbf2cb2766df
2ae6d89874964a38a8d1dadc9efeded3,2.4311821,89e43b092c844b5886a93091a22c894a
ee6aeba966504751952213ca4d85796e,2.4301634,3b13d134762445cebcdbb02b484db77b
398dcfd9b9434e5aae4fbf7f5752d33e,2.4281094,ff715b4f228443e3b067c801250f3402
5df786def0874c84a4a9878f379009d0,2.4221692,92d5da561f5a41bf929f3555a74cd653
0a0d970d0884494391ed2a3bb2f00b54,2.412916,92229a391d0b418f87b32c86c42a292c
96a221031ce64e98ba5fcdb2fb45c9f2,2.4031985,7ce06191f1114b4c8a00609f6867761f
1c017d16176a48e9a899ed772d5ff4d9,2.3895202,1543a2f94aa74008914301874d98f0f5
b0f8d38771464874a4c57aa453d842ab,2.3888092,4aa3556b2aed469584c573868193a07a
ed96d522f1d74dcb9a41c80634f5abe0,2.385574,d0a840820172465f83c8480d571e7b71
b3d0e1f27a4c4d9dbda5877bde3bf232,2.368209,9e304a9bbc7b4c22af8025fc93757357
58e273c754c742a5a7557cc56e24814f,2.3588843,b7ef0a61de0e4adf9688b2c525c9ad09
c189555deda047629ebb90350290dab8,2.3555422,1f8c0f02984e4139bf8043e57497fdb2
9b8afef332b0478a954974c9be4b010f,2.3497345,2a9658410614443d8a27ef174f61d6e8
15f76b93b94f4dfaa2c8b03a95b771e2,2.3448977,99142f1c07cd4782814f8c970eaaa40a
5d204449172f48b1b51ca2ed9308b6d6,2.343009,11ec23965d2941d0817082107996ebbb
6fa6aa705e9a479b9435e2367955056b,2.3317564,d6fe6f8380464e21a27fd69de27f1f57
18eaa3f481614cfc945c16f2cbb757fe,2.3232768,6542f58c143446f280e88a6375ccf79a
2937b0fa761c4d3294bf68f522d9ab25,2.320584,74e7db4222ca4a20811199afafa346a7
a7fe5588b97f435caa29a3b507cd51f1,2.3191493,0ebc441d25664c91adad96b570270f07
4d11f7b70f1b430697bde44deb6f6e8d,2.3183856,f5a6222612ef406b8f02aef87e08c476
e30792faab17454587f51314a00ae69b,2.3049135,d74f6e7abeb84eedb9923dadb62f45f0
82a059da201341cea6290c541e65ce5d,2.3022926,75b0bd2240a54f6fb45bf95ca43ab5e6
b4aed3fb5b3f491b99ace5c051b75eab,2.299563,7ac9c94011924c09b47f9640211885a2
874d46cd1753457ab2d3b62ad0f3d867,2.2924528,75b0bd2240a54f6fb45bf95ca43ab5e6
ff2339e06523437eb464f18a90d5f80d,2.286043,ff715b4f228443e3b067c801250f3402
aef3a265256d49af8433aac1b85fe097,2.2857983,5831f5e280be4c02a09ce4588b56d7f3
469ca74fcdf244ba896fd018680b3201,2.2789867,4ad7e2502210436f9ca5735fdf7e50c3
90d603d31e104c02a43e18ee6dfe41d8,2.2710757,e492ff7fecf046a4948c5ba5631cdefe
910f58d10cac4e1896efd603e3b6247c,2.2702034,ad2b6fb945714e6792c17bd49a1066e0
de6f18bac6e4441f8dd17e252f1d993a,2.264824,0ebc441d25664c91adad96b570270f07
a2cd26a2e3b1415bb6c861ab0368b73f,2.2589161,89597084b19c4902b073a2c6c6622456
6cfe829d301f463ba1bc66d1c8087b0c,2.2563407,e25b9d9944cb4d7197efb8ffc4ff57a1
0681f461c4ad4ee699a843df5ab30607,2.253482,dc58564d0c8540bea4f3e2e3696deae8
984301327f964e12a088fd8ee2361fdc,2.2517245,ecdae9f36c6a437ea72739febbf1c89c
ce7e02187e74451f8fe2511db0fed0fb,2.2511852,779d7c2bad1940c8a861451964e1ce01
37cf2461e5cb4c8fa0b0751436bfa69c,2.2459757,92229a391d0b418f87b32c86c42a292c
1a0cefb6898c48e7a91f6448d967d1ba,2.2397091,19c9ac7b84df472c85ed6cf5a05fbbc6
9f68e2380d2a40eda419370717d328b2,2.2313015,ad289d5052264f9c8bd0aaf9faace92e
e9b290a94aa44b1dbba67ba62b5153ac,2.2290132,27eee82d7fb94b9b8b60bd3101187496
b4a8d87a40804af0ba2290010e25deb5,2.2251353,21b1ded02d7b42618592187e287835a3
ac7a9829a2a24b3aa81bebb2785533ef,2.224237,8f285540a9394706bd6ec6cda46c5058
69fc5af906524d06b5c47a8c984a7199,2.2230456,e27d9425c912446e947fe53c4a757375
0e07a1ba34174816a6e96d6ffb215671,2.2167678,ad2b6fb945714e6792c17bd49a1066e0
f8e19b9e878142969c95441f15b0da57,2.2131886,89e43b092c844b5886a93091a22c894a
77f470031d7a4d3aa691e074e7215cb5,2.2103662,e96aa0967ab94368b381354e03dc40ad
6178ae89b15545f39f754e64a9283916,2.2098472,8a77dc665d8b4d95a0b1113522f7e9c3
bd346d134e9046b592df35bc13397ab2,2.2077813,0ebc441d25664c91adad96b570270f07
474bd4189cb5456daf7a1df79784d4aa,2.2070577,e96aa0967ab94368b381354e03dc40ad
4d2df900c0ef4261878a1ee108ac520d,2.2019908,ec281224f8ee419ebde676f291672aea
8505b6622aed4fb0aeece7e02c0fa748,2.19841,4aa3556b2aed469584c573868193a07a
45f6671f9fb64495bc585555e3b8e55c,2.1832569,257aed6ca7a44f1cb5c664beb1be527b
4cf647a905be45e5b1b81a0559d834d9,2.1799252,fcc9863b07fc4bd5a01fab5b9160eafb
00aac7746e164d80a6a257d31925297c,2.17301,1b4e143cfc1648a5b877d7445446366a
b256661e96a042c28b299514e4e6e4cf,2.152716,5831f5e280be4c02a09ce4588b56d7f3
bc74f6e0e01940f8b0e150ba65e72d34,2.1504292,74e7db4222ca4a20811199afafa346a7
34e6f332d53646d38eb22993afc64a02,2.1468413,02cf82700b4f4773af3a14ad8eaa5270
d65ec9584a074f8494467734378fc499,2.143755,d0a840820172465f83c8480d571e7b71
b3cc119ea5494c5d93fbf4b7d29ec6e6,2.1400528,19c9ac7b84df472c85ed6cf5a05fbbc6
a7c05ece6ffc42e9a9efdc286789bba2,2.1336274,bd35571850644321b86ce4fae286ce7d
baa0f8290544453cb52c2a41cc0eee30,2.1326623,d79afb377f5349a69830b2b4c7cfefcb
0effebf3021a4263bb46281f2fb33987,2.1286128,dc58564d0c8540bea4f3e2e3696deae8
f161ed58877741ceaa5a6f014b69de49,2.1281428,e27d9425c912446e947fe53c4a757375
3cb97459e3f74194b27d06def0becea3,2.1231833,c322b788813745e0aa7b592b4345d379
68ea9efe09ec467b955f3960508e08de,2.1107337,23066f7964874fd39639dbf2cb2766df
ad016f4559a0419297dfc6da2a37349e,2.0986133,526ab7eda50e4a239d03ad505832d61d
366c800d775a48eeb3c735cde3a881ab,2.0946536,6b9b2c8f0a874bb8b6691aca6bc49565
237d880c4172486781ba355b82ab8600,2.0854888,e96aa0967ab94368b381354e03dc40ad
e2543c3614294b10b21429f6a412dd3d,2.0785928,ff715b4f228443e3b067c801250f3402
13964a2d472649b59d5126c24da8d4b1,2.0769506,23066f7964874fd39639dbf2cb2766df
b9135422e0ba43e19be118d0eaae294f,2.0673866,d981f2c67f764e0c84af125b563958e9
af93b48dee3a4f0a924c31d87144d7fc,2.0658743,b7ef0a61de0e4adf9688b2c525c9ad09
2eec5eb123e343b89370139c57a3ef13,2.0623822,19c9ac7b84df472c85ed6cf5a05fbbc6
6bfef081f7a9453399f6d98d6cd01f60,2.0479946,1f8c0f02984e4139bf8043e57497fdb2
654c2ffb9ccf4c1a9a3f865902e7b683,2.0393186,fe6ace599de44aa19b1773dad3658fee
a3a8679097e74509b7525e86a5457662,2.037407,b4150337314e40fb9e3ebb24514504a3
bb5525dd713a4a6bac622eef1a7c83c6,2.0326703,1af4472b38cc4304841b2f1720075c9d
9b18e72d85384d73bf3bc666ebd18aa9,2.0324187,f036aaf4ab714c598a0b6da4ca604136
e8dea0d3ff7b4340b7e4863d401e1a4c,2.0323553,95fbc6ed8bfd43c1a6bcf676e26e7f8a
5c189d9231904498a16870be4936df4a,2.0303333,cc21026ff0d541909df56c5618d28518
4208fd7b21964394aa023825a91e5e42,2.029257,ff715b4f228443e3b067c801250f3402
8a58d56cfe3a46549a16ce3a0f3daf0e,2.0272446,bd35571850644321b86ce4fae286ce7d
ebaa88d224a746d786a5cf59845ee011,2.0255027,e27d9425c912446e947fe53c4a757375
17bcb53a4aac4e2d81bba1fca7bcc69f,2.0251033,fcc9863b07fc4bd5a01fab5b9160eafb
cfa58c9270cf4b82a9a79385be571a83,2.0249403,6542f58c143446f280e88a6375ccf79a
c3b713beca8b4136b4807dc4071fe795,2.022489,d331012ecf0c40888e0ac290184f0883
b615a0420b8b49d8a7153658ccbdd788,2.0188487,aa2d7a3a535243189492d4ce8e79c049
12274ca89ccf49bdb0903f80560e3d7f,2.0172126,c9628610053945f4a7998ae48cd70da3
d9956ba9a7e94d0ca7496d6df99555d8,2.0151284,efdf40eee13d409c9955e5b84e4408f6
587c1d4811034d7d8e3ccdb4af7ddbe1,2.0150912,e25b9d9944cb4d7197efb8ffc4ff57a1
d7d1062b83d0482889557ef5578d6c18,2.0105429,836ec4ef8df644328ac07b7803709323
3b9a5aa10a7d4cc9b31122f2d4258ccc,2.008544,b25fe3b79f714d38b3fc53e39fd84d36
ee4ccba3df1844ce82f9731a2c019234,2.0044346,a25b08e008114c9ca0266ce3e55d82bb
8fd8f14d327f4037a26fa4bfed84f993,1.9997941,6b9b2c8f0a874bb8b6691aca6bc49565
61353a38c7e14c49ad888ed8da7d282b,1.9956492,ed9b10a2879742628fce003076ef9024
662a6fe9ae1b47f5b598c9d0ff7ad784,1.9943634,640f3bd184b7425fb22cc7773b8b2244
d404db290f094f2f9dc6ffe54216308f,1.99109,564a84b1b830407e811bcfc7fd086a6f
3a53b02d11d74f9b84a71811f607d433,1.9855658,8f285540a9394706bd6ec6cda46c5058
0f7f319e6bfb4438a4746cfecb70a08e,1.9849368,855b3971c4a147cfb9a7c281fa6b915e
369716c45312435faf4f35f7fa3ecebf,1.9842137,3257035cc77946d98bdc09e2fdd5cdae
9923a917ad644091bbc508d3ced20f75,1.9720497,369fe18b94f54c98b554fd22b4a3b50b
b89108d9803648fab3137eb2d150c208,1.9668705,d27cfea4da8f445fb4e3c55e53c6482c
30c2e203d4e74967b5166f3da78fbe36,1.9570899,f615619defc4402b82845090c238e597
8ec020ab1bfe43a58c104ac0eaa95bf7,1.9562296,0ebc441d25664c91adad96b570270f07
62550b8ddf604cfba4e092fbead3bc1f,1.9533575,34b71675a1ae442395b6eb1f3eda23df
b0cf2cbd50e3496996a7e649063dc127,1.9517682,8f761e1117754656ac86a3a25f241cd7
af56dd5a3d1a403c910f7ccd67f42dd5,1.9488668,23066f7964874fd39639dbf2cb2766df
f74645ebd6e74b0a8ca70c4a1a983295,1.9480572,46bfd7af0ed6491fa621350963d11e35
74b25851047d4c08840debaa0bcd9e2e,1.9448208,80948e17b5694599919e1502bfcc08f3
03338969d6c44f879a13c672864f6001,1.9440675,f615619defc4402b82845090c238e597
c81dd22a150c47b8b83d8439c0024f01,1.936168,a585d23fe43f459ba86ac15645af77ff
9e85ec108ce944f69e9225fd35831464,1.9338734,156f393f7ca046299e09d05464afa056
caba51ea4cb243dc87741ad2c31130b1,1.9278336,ed9b10a2879742628fce003076ef9024
5c85caaeb0fe44b19a63bae94eb3c1b2,1.91767,c8c201e25c0047a2ba9d9e8541ac0939
90f24532a2864b7aabfcb8e5d5dbce72,1.9170492,46ba0b979a664c7cb0c315c4cde6ac86
d3b55aa1a6b041cbadb5fc0139fd8cac,1.9134374,e456afdf95e643dd926249fec4d68753
a5188ae3f8ef46e7848bf70945078768,1.9122614,21b1ded02d7b42618592187e287835a3
a868fa08c4994234bd1947577c34c2f6,1.9114057,b050e9e1ef5946c297a34dda98d8f476
77061464d801457a80b33cbbe0f017f6,1.909413,d4cd0b56b6f54e08aec8ebfdb6122c5c
972aaaac6728431b983362d505543fa0,1.9035095,80948e17b5694599919e1502bfcc08f3
dd671b4f80574f9b903f650ec7d65be2,1.9024266,0472051dc57d43f8b9dd08df475fc4a3
0b887e10733b4259bd5c30a1c724ff50,1.9020219,fb695c097d5845c282f6b30c241e8cf2
60b12e62313f421f9865db223f254655,1.9011424,f615619defc4402b82845090c238e597
d2a4c950a6244d788c3d60d371b154f6,1.8838542,fd51f3eef1a64d9a93652be481bde32e
a0720ed891c94750a6be596258ee3d43,1.8831147,678725f8b914453fbc1029b7c1bc0879
78fff51240e14352b1fae67b59be4cc2,1.8822759,58f53c379f7a4868a2ba6d91a06247d2
2b4fda504eff4531832d7897265ba39f,1.8816935,d79afb377f5349a69830b2b4c7cfefcb
d163c4863d9640b8b9610decb9ae92ff,1.8805773,bade01bd83ec4b6786fd8c867ca7a090
43d1998f5950428d94f74e0f6227fc3b,1.8777864,92d5da561f5a41bf929f3555a74cd653
898b757291e64b7b982221e0a86dea5d,1.8776206,e5692bd498004d32934fbaa05af2120d
86f3189426a749d5aa5851a9514f7a36,1.8730546,ff715b4f228443e3b067c801250f3402
9aa12e538d0c4d89ab849afde0b92d65,1.8687549,c88be17376104f999b914a91aebf7220
2ecb2538a079498991304b0864fbe039,1.8672414,e456afdf95e643dd926249fec4d68753
3b54cc7ced814b6cbc6dea86f09aa770,1.862805,ed9b10a2879742628fce003076ef9024
6991375b95ab4bb0b14b5ad68edc0a36,1.8623787,01e805bb5a1845a7addf86fe9bc8d814
91af71c421dd4b9fa1252bd59cd4afd6,1.860005,369fe18b94f54c98b554fd22b4a3b50b
4ec7a9ba5579479e8eb75b6a39172728,1.8571374,5831f5e280be4c02a09ce4588b56d7f3
a35d09d1bfff474a8029dcb3bbbd32dc,1.8511019,e5692bd498004d32934fbaa05af2120d
5be3fd711b704af39312fd1561b95353,1.850425,9170e0bb8fe44b309f83293808d871fe
3710bf2a11584bf098b45d14f2308ef2,1.8451282,ed9b10a2879742628fce003076ef9024
924c235415de407b8fe453ecc8aa95be,1.8343992,ec281224f8ee419ebde676f291672aea
8f46f1c9e7dc4f0184c02d6fef8f3708,1.8316137,b4150337314e40fb9e3ebb24514504a3
26b564b6bf114f2bbe987a9490e74e89,1.8217486,d74f6e7abeb84eedb9923dadb62f45f0
fcd3d852367e464bab386817f4536abb,1.8151013,9e304a9bbc7b4c22af8025fc93757357
dd7aef966c97433eaa394c033bd3ed81,1.8144364,e27d9425c912446e947fe53c4a757375
aa8510751ea1474a90449f0bf668c26a,1.813807,691acac4a54d450697afb2c2dc4fca09
dfd4d092c16c4fbca7e9aac5e15806c4,1.8120822,1cbfb22f84454b1fb821b602e3ad11f8
ec892733179f48d7b907594ba63d8431,1.8107004,d79afb377f5349a69830b2b4c7cfefcb
f503f17338d443e6a873dd091898a5b6,1.8100182,855b3971c4a147cfb9a7c281fa6b915e
96a715a174b74274ad9ad1ca752169f8,1.8048904,6c8a24653ef04f559b88e0f27c0df63a
722ce5c8bc4f4e07b309329bddf66d7e,1.7994008,80921378de2b4cd3a14d449688d8b079
844cc162c90c4ad0bf5be9750450f4f7,1.7967491,89e43b092c844b5886a93091a22c894a
11cd11ee574a460989af01777e154c33,1.7879943,156f393f7ca046299e09d05464afa056
4710bc4b3f9547e4a1b836e957787a46,1.7781193,a1d8cb16dafd4126922f985021e93631
abf8b91082294675ba25ab35c659daa7,1.7648228,09fc9f38fbbb4bfaa1c979ac9cc43f0b
d2bf482573ea4097b41b6bc649bece51,1.7626871,01690d9b08164fcabd5bf0819754f71f
05fadc86cab04c70ba18949f1163cea1,1.7575873,0302e7dde9074dddbbbdf85e9be57901
e0bbcc95980e4aee9f0b5f6976c5eaff,1.7557225,f5a6222612ef406b8f02aef87e08c476
1ca76b297f0e46b1ab22a8cd94230582,1.7541697,27eee82d7fb94b9b8b60bd3101187496
93a89031c44d4d6e87976f696e205219,1.7536256,4d708e5878784386a42c2f436d2d60f0
ab85f0b004fe481ebacaefa2d94bb656,1.748102,e52a528036014db0a7bd54b99a310fe8
87773e87aa4246ecb99c535106be1412,1.7446365,acee70abee2841c9b67b95e9ed079647
6d86d0062e7c4ab1a1c263fe7418697f,1.7444255,e336d113184c4ebdbad7aa2b6ec64640
3ce8d2e955bf406c8830f97658207859,1.7428088,8f761e1117754656ac86a3a25f241cd7
f8a46af09cee4fd4a9c2ffe00e109f28,1.7305903,6aaae524573f477f8fdef0b83787cbee
f4e9b9fb265843768046ac7985c89f7a,1.7297865,a4cad92644614f78bded3ca6d6023473
65c8efd2131b447d90bed385eeeb91a0,1.7292504,a25b08e008114c9ca0266ce3e55d82bb
64ecc00623a647a7854cf8236452c556,1.7269801,e039a00eae414ebbb2205b011ac127cf
93cfb01748a246528235d46e95b6b76d,1.7249486,23066f7964874fd39639dbf2cb2766df
bacf4a682b8743f48776deb535f64eef,1.7247286,00f45d57fd3c448d8cfdf3185ebae894
dc31ba78cf194fa59ae6ae94413ba0c0,1.7203778,23066f7964874fd39639dbf2cb2766df
c71fc9273bb64cf78fcb3160724b40be,1.7196288,34b71675a1ae442395b6eb1f3eda23df
dcaf50ce32524dee92c4fe00de88a3ab,1.719247,a585d23fe43f459ba86ac15645af77ff
012773cf6c104fd8a7ded7f346c0a261,1.7190343,d981f2c67f764e0c84af125b563958e9
63e22c9413454acc8c86fb1ec33284b7,1.7184631,a25b08e008114c9ca0266ce3e55d82bb
da88d4d5eaad4690bbe94a2165985050,1.7182189,01e805bb5a1845a7addf86fe9bc8d814
ef0d69bfdc4e49acb1978167c6edf80e,1.7138206,19c9ac7b84df472c85ed6cf5a05fbbc6
71f93aa94339483884743fd218725216,1.705776,9b22c5cdbff44bdabd48dba008e6a3b2
546369a62bd740beadc07cd40b6e758e,1.7016971,a926df6d7fcf4b17b68dae6f41fbce66
c81fde53a5804d74983247fb14718050,1.6880481,bade01bd83ec4b6786fd8c867ca7a090
fe866322e3f94718be3a75be3975a37a,1.6871519,9b22c5cdbff44bdabd48dba008e6a3b2
ea055ef8a6de4cdb8761ddd4dc3bf3af,1.6803794,965598a17b624a0f9bb1cd58595458a6
2ab29c6bc859481988c1133ecd494a65,1.6730857,1f8c0f02984e4139bf8043e57497fdb2
63cf218e957a465696c4482a9d4b226b,1.6582549,aa2d7a3a535243189492d4ce8e79c049
299011ed1f504bc0ac2d31f2876162d4,1.6576253,4b748d6624144214b3d8a80b37aabde6
6ef20b2327be456ebe9d47d6c015c659,1.6566525,77a8b27acb0e4600bb6ff974eabc269c
4483d9ae441d4fe1889099eb3acf1676,1.6547567,c8c201e25c0047a2ba9d9e8541ac0939
a56141d36b5f4520aef20a35398d8265,1.6473938,9303b9f7f4984b2dac8aeba8c8da8ef6
2c379dfb72da44e9988beb15638fc7db,1.6394506,6a33c207c8b648f680dbd0e65639ef04
246cbab9fb49461fab4520132d4fa1af,1.6340181,a585d23fe43f459ba86ac15645af77ff
356335bb29d4424ab31c89c6931246f5,1.6316121,965598a17b624a0f9bb1cd58595458a6
b453e70a75224981b0a892bee09f9b9d,1.6286902,c9628610053945f4a7998ae48cd70da3
c0e006372bab471897981e28cf25f546,1.618379,d4cd0b56b6f54e08aec8ebfdb6122c5c
429c0e9f5199454590fcd1e2560a42a7,1.6179394,1af4472b38cc4304841b2f1720075c9d
d41cd804abf94f759a1f7e6da3cc6758,1.6143758,e456afdf95e643dd926249fec4d68753
6283b7ae96e24cb789de54f62817a522,1.6078546,e25b9d9944cb4d7197efb8ffc4ff57a1
21160fabb87f4b0fb849c04438771115,1.6063646,1af4472b38cc4304841b2f1720075c9d
5466e5423228429ca4afb7578e83a4f3,1.597757,fe6ace599de44aa19b1773dad3658fee
e18211bb1b9a4eb5b5679481523d0c23,1.5949314,d981f2c67f764e0c84af125b563958e9
c4e88a88103749f08d034998e76b6a35,1.5892103,a0fe3cd34e474c3b90662ce8ef1fcac6
c50c1d8eb4024bf080812d01310eb133,1.5772948,c8c201e25c0047a2ba9d9e8541ac0939
1caf9a18d1b74dd5b4b7841f5fa7c12f,1.5727111,37337ebec05640b890e4b9612776c32b
ed60600cbe5240f29132b4cda76d4960,1.5701988,faaac88748714ce8a99413b952a1dac8
915d79767ad746c99ea804f4b5dbf60d,1.569402,d981f2c67f764e0c84af125b563958e9
7e1df8a5aabd4ab88cff299bb27c308d,1.5689447,0472051dc57d43f8b9dd08df475fc4a3
5d81d489a98d444a83664fe0db47fccb,1.538147,00f45d57fd3c448d8cfdf3185ebae894
20256e6cd14e4624979db79d84582573,1.5342437,fe6ace599de44aa19b1773dad3658fee
a18a19c2ef80495ea076e2ecc882c7e7,1.5323373,80948e17b5694599919e1502bfcc08f3
4a5a47f40e9b42f5af28b197d3e59ef7,1.5117608,3be388c9ab614bceb086c19f70df23c2
455cb638bfe54346b07d85d63df40847,1.5117234,92d5da561f5a41bf929f3555a74cd653
6f8c1d69a43c4848bf3426c02ae5b938,1.5108479,f9fae977af2c4f35b29400f31267e170
c36813b8ca3e42de94bfb013ddb507ed,1.5105853,1543a2f94aa74008914301874d98f0f5
839527c5eff74e27a3dd2e5a9336cc57,1.5103592,c9628610053945f4a7998ae48cd70da3
a030121d60a04600bb73087739ac4044,1.5089731,d981f2c67f764e0c84af125b563958e9
6a9e4d855e3944719a49f41d3f30b8d6,1.5057247,faaac88748714ce8a99413b952a1dac8
e163e00abbda4bc5adec2f85871b7c88,1.5029466,5a73e0a5c757410eb0928feed7b151c8
882f017418bb44afad1448d9640bd967,1.5021203,7ce06191f1114b4c8a00609f6867761f
1ab3ed9b9a4d45cc81fcf7e200bdee0f,1.4981995,ff715b4f228443e3b067c801250f3402
0499bd7b39be4304b273f17a516f2eaa,1.4923012,80921378de2b4cd3a14d449688d8b079
739e45c484874024a94fec4cf8b13fba,1.4917437,c9628610053945f4a7998ae48cd70da3
0a0ac8e04384494aa6efad6605bee67c,1.4907672,cd56b9a044c24df8a7156f661cb3d9cf
dbedff835ba847d386ac1cca87b2c7bb,1.484823,6c74bedaa406493a99988c5b8a47b704
7975ca7b6008414e8bab9d135c53eb59,1.4800557,a926df6d7fcf4b17b68dae6f41fbce66
8aaa8f372a5346a59b85061f27d9ffc9,1.479935,b4150337314e40fb9e3ebb24514504a3
b49ff629d01a47a284c14dc1d21a0d1a,1.4679167,a585d23fe43f459ba86ac15645af77ff
f6304923104f47d1ae9f82b7116051a6,1.4646819,6aba5a04ef8742a39d3a61644a5f0729
04cde55231e04394a675268411aee01c,1.4549075,1af4472b38cc4304841b2f1720075c9d
936da7c6ee60477dab2d4d91e51a0931,1.451579,526ab7eda50e4a239d03ad505832d61d
492d363c9d8b450da859bd06f06cf687,1.4469115,ff218cc7835d4b5ba0de22792319050a
95eb2760eddb42a799eed009f1907025,1.4419216,0ebc441d25664c91adad96b570270f07
15af8d3a801645799a0656e8ff3c729f,1.4336144,691acac4a54d450697afb2c2dc4fca09
ffe5e5fc7adf437bba769a5d9fff5c27,1.4310846,19c9ac7b84df472c85ed6cf5a05fbbc6
d0dad3a420c744c3b2aaaa1604121d1f,1.4288776,e96aa0967ab94368b381354e03dc40ad
69f55093e5564ec098780c2feb474e04,1.4282703,ad2109663af04c549385cd2ab9b3283b
7257f3d3f31a4d5ab6a872e4e5886111,1.4242383,e52a528036014db0a7bd54b99a310fe8
d64dd5997016472488972a82c8d2148f,1.4231398,b25fe3b79f714d38b3fc53e39fd84d36
c91d4a1a75504beeb98888cfe719a863,1.4205769,1543a2f94aa74008914301874d98f0f5
fccd86bf84054e46a65b37bb8808da7c,1.4183056,e492ff7fecf046a4948c5ba5631cdefe
27b747520a594968b11704d54233d20e,1.4122851,e7d6747e8c8b4ebcb665e232240daf17
bee104c3212c473da29f1f4518f4fd7a,1.406336,4430d47e30904eab969c1baebca184c0
94c480de369e4fcab0aee54d6543f90b,1.4058001,630edd9b8f754b5dbd36cfbbd03ccb51
9c3a88f966094359839f8ebc3263a6ae,1.402415,ad289d5052264f9c8bd0aaf9faace92e
04fa52d782e34f0698238fc47401ee94,1.4003046,965598a17b624a0f9bb1cd58595458a6
2fa8c386148647ccaeee6adf877a7ac6,1.3982958,8aadcf7251724cc6858dc0db44abebe3
52acdc11a8df4558867635630b69348c,1.3954436,74e7db4222ca4a20811199afafa346a7
2af53201cad64c32bedf284dd06c1cea,1.3902375,f11f1682b5924181b047d757d3e20964
95efaf80178b4a519dbf8769d415c000,1.3900594,e492ff7fecf046a4948c5ba5631cdefe
a1a22d5f63af4418a3f33283a6013d2d,1.389788,8f285540a9394706bd6ec6cda46c5058
d7c4bf8f05fb4648a8778e884052db2c,1.3873181,09fc9f38fbbb4bfaa1c979ac9cc43f0b
87097861fe6e492abd016be0dba27ec9,1.3844299,9e304a9bbc7b4c22af8025fc93757357
b0cc005e94e04a1da113c12dded0a882,1.3832651,691a538d2372403fad2b919b48ff5f85
f7d52b90e2e24549bfaa50d46ded3176,1.3821378,9303b9f7f4984b2dac8aeba8c8da8ef6
8f2e335cd3c54f569c74283b0078f908,1.3812543,f036aaf4ab714c598a0b6da4ca604136
fc20e7b4bfc243ef82918b7c93591747,1.3806214,a4cad92644614f78bded3ca6d6023473
0aa6a9108b584bbf8d7c94f8d1ba84e3,1.3786968,691a538d2372403fad2b919b48ff5f85
dade1ac92c08448e93e20a96c20f9d0a,1.3767653,f036aaf4ab714c598a0b6da4ca604136
06435a3004794b68b31f4c445a06fe71,1.3758838,f615619defc4402b82845090c238e597
57a0a47943824bb28d5faf9fe31ee787,1.373116,9e304a9bbc7b4c22af8025fc93757357
b7e671bfae63423bab3fb47c46a0b0b9,1.3719047,8a77dc665d8b4d95a0b1113522f7e9c3
b95ad51d19ee4ea28d5d02064e368c84,1.3699292,691a538d2372403fad2b919b48ff5f85
2fe38ce318ec41e091618386a291f79b,1.3660563,e96aa0967ab94368b381354e03dc40ad
9c299c4c6746403990eba7f18b97be71,1.3651887,9303b9f7f4984b2dac8aeba8c8da8ef6
34a4ab8c365d469e9f634993d0a5b61a,1.363265,fcc9863b07fc4bd5a01fab5b9160eafb
523ac70af19e4d6988870738be0827dc,1.3620094,1fde4c9a01f84c349461083b6d0ba9ed
43e7ebaddea142908ddeece45bfd2049,1.3603069,bab3bdc133384798b558f8fb6466a7fa
7736e2c1dbab4b4c904c42e51fd17759,1.3587332,640f3bd184b7425fb22cc7773b8b2244
790d3e003e2545f9822873e830615360,1.3548797,ad289d5052264f9c8bd0aaf9faace92e
f6577f16e3764b67b1b06fc24d9379bb,1.3464309,e96aa0967ab94368b381354e03dc40ad
5ccfffd900a1434dae33727030983cc8,1.3440822,75b0bd2240a54f6fb45bf95ca43ab5e6
54371d2d71dc41b99b9d79ae757b5dbf,1.338931,4a4eb12a639346b5a00557d54b51fe51
afb3f7ad74ad422c8162326a9647de92,1.338605,73e7e41e8db447c09cb2363d76556c64
3e8ebff2d8524f5aa87e3d2117dcb463,1.3358575,e7d6747e8c8b4ebcb665e232240daf17
136549c15f3f468ab2ced44ab70b0539,1.33435,d74f6e7abeb84eedb9923dadb62f45f0
803051539d144fdeb70807a70a667f4a,1.3329779,11ec23965d2941d0817082107996ebbb
31d3239dbec34e65a0e239ffec9138ea,1.3324258,257aed6ca7a44f1cb5c664beb1be527b
29add4c6302d4386b285a8fe68153479,1.3308637,c8b9a0ac7c214a449c434aabdf6ef770
33d76c41516a4e5aa8c5b3b16cc6c6f7,1.3307544,e7d6747e8c8b4ebcb665e232240daf17
957566f2fe9f4406aa561e32617baa00,1.3297465,4aa3556b2aed469584c573868193a07a
46a274267ab54ead8270c0e79ff16753,1.328539,5a26ae7959494fef99542e9b2004fd11
b260e27f99814dfc9434f7e4b50702ac,1.3180101,057164cf4aab45ebbefef3409359cfb1
525962b8d45849bf83483c6f246cf7b4,1.3180007,e039a00eae414ebbb2205b011ac127cf
a02994faca0a4c088e226d856518737f,1.3081603,630edd9b8f754b5dbd36cfbbd03ccb51
ec947b46f577485bacac003c668ee2b8,1.3055431,d74f6e7abeb84eedb9923dadb62f45f0
00bc1d895118471ea04c2ee6a3ef3f22,1.3025197,156f393f7ca046299e09d05464afa056
f3c47f8050814b93a91d14f2add36403,1.3014752,efdf40eee13d409c9955e5b84e4408f6
671397532db64b2a86a8e790655fde58,1.2961549,80948e17b5694599919e1502bfcc08f3
3f4f551ba9d74d6e8622c1da8b00180e,1.2954087,c322b788813745e0aa7b592b4345d379
a2be1094a2d64ff78445a42b82c28a63,1.2945166,d74f6e7abeb84eedb9923dadb62f45f0
eb012357f09945268a134e8461cb8cd2,1.2927783,d74f6e7abeb84eedb9923dadb62f45f0
e553e8ada4e4446ebe9a909822fb1cfa,1.2917199,f5a6222612ef406b8f02aef87e08c476
3127238ca74643c3bd2e042605dc5e25,1.2901869,983940e0b12e4186a281c36de657406e
4dbe9a58e3cb490eab62a2bab47d13eb,1.2884145,e27d9425c912446e947fe53c4a757375
390ed716ee69427f85d1d9d4da45fd20,1.2869971,526ab7eda50e4a239d03ad505832d61d
6983a79417f9490ca7534cc0b9e72978,1.2862204,4b748d6624144214b3d8a80b37aabde6
4aa10500630647f891ae1bf725a8f169,1.2852818,700f381f40ce4b039ce0df8b49fb199b
1ca503912b5b4d3c84d0c34c0ec3f38a,1.2800987,4d708e5878784386a42c2f436d2d60f0
f2f267caea8b4b99a078a6d77af06916,1.2788299,7a4c413f5c844796bd5ffed2b65f0336
980e4d1c5fe143498514e41d3c6501b3,1.2766052,eb513691b7a04d31ab1bc50bf343447b
d9b3a26c8de14ab4ad2a779d31b4f01a,1.27307,a585d23fe43f459ba86ac15645af77ff
96c624bf03614499b399bfbb431f5b98,1.2717695,6c74bedaa406493a99988c5b8a47b704
dd893f1f0cc94ae188e1501db4638010,1.2710296,b4150337314e40fb9e3ebb24514504a3
1f2e192e12674543860d4dfb5ccbf818,1.2704382,d6fe6f8380464e21a27fd69de27f1f57
4975299790f047d9b4dfba901c33ee4b,1.2649561,bd2f91a9415049d980e453f94327e0ce
729eb469bdc343e6b5c2628e9be83fd1,1.2646961,903360099fb644b6b88c6edac88eecb2
249dee8be73c4f019ebfc02f74d02ad8,1.260853,640f3bd184b7425fb22cc7773b8b2244
6febefdfecdd4d6dbe493b2dab3579b0,1.2598795,156f393f7ca046299e09d05464afa056
48ac74f9b05a4b4da78a5f6497555631,1.2596521,a0fe3cd34e474c3b90662ce8ef1fcac6
6978d19475ab49b1ae3acf443710c48b,1.2592391,6c8a24653ef04f559b88e0f27c0df63a
7243a107cca54629976980cef4591fb0,1.2547092,1b4e143cfc1648a5b877d7445446366a
4f6887bfd8d64e9c96cb60b2fc428027,1.252972,526ab7eda50e4a239d03ad505832d61d
d52a218e156e461f8d5f05a8a136988b,1.2464459,89597084b19c4902b073a2c6c6622456
305e57d28cc74f018c0ee4a93fe92c0b,1.2453887,a585d23fe43f459ba86ac15645af77ff
e263f6646da54395823572d53a7be6e9,1.2410529,58db4c3a26c84fa68d81235d078208bc
27a9489cf5724d47bbcc508684389f2a,1.2404027,3257035cc77946d98bdc09e2fdd5cdae
98d13339052248b0b3c45e976da3acf5,1.239462,3257035cc77946d98bdc09e2fdd5cdae
0d281c2568314e5eac84aab63872e81c,1.2392207,4430d47e30904eab969c1baebca184c0
70a1cb72566e4c6fbe46c9b03b8a31d5,1.236411,f9fae977af2c4f35b29400f31267e170
d335f8b8c90c47229c445bda59c63cab,1.2335378,d981f2c67f764e0c84af125b563958e9
840de6fde47e4e64916bdd5277bcd173,1.2325113,8f761e1117754656ac86a3a25f241cd7
a3c8a08e370346b095ed986fc19f420d,1.2298429,89e43b092c844b5886a93091a22c894a
d3e12207d56644628943a01c0cdd93ed,1.2284149,1216ce1ef31e4643bb1222538c206342
287f16e644254fb4ab92c40cf4fd41e5,1.2280203,fb695c097d5845c282f6b30c241e8cf2
0ef75de01cd14e0faadcf05c8a85a916,1.2269813,057164cf4aab45ebbefef3409359cfb1
1e008659e5994366815fe158a9f9a26c,1.2252465,9e304a9bbc7b4c22af8025fc93757357
8a53841d512741f5ac2d49f75a83780a,1.2240629,bab3bdc133384798b558f8fb6466a7fa
65985829f37342a3b2560fd757d02169,1.2238466,19c9ac7b84df472c85ed6cf5a05fbbc6
cfe22b04c2604c1fb386b852e558744b,1.2232715,ff218cc7835d4b5ba0de22792319050a
6b4034f8415244f88296cacd28edca37,1.2225121,8a77dc665d8b4d95a0b1113522f7e9c3
98f802980f7641f39a841cd8697c5ea8,1.2204003,9170e0bb8fe44b309f83293808d871fe
85fe4ea28be0476fb41585de18435d94,1.2197512,8a77dc665d8b4d95a0b1113522f7e9c3
86339034705d41e685883013d2ef7d6a,1.2108918,9303b9f7f4984b2dac8aeba8c8da8ef6
b92da6fa48d248779bf06eaba1e7a2a9,1.2093267,f615619defc4402b82845090c238e597
63e06c0c69054bdd8c2690539549d9cf,1.2004848,37337ebec05640b890e4b9612776c32b
1e91957d9e7b4a2d9a469c627d2b37c0,1.1993817,cb85047b65f8468aa02744c28c075dbd
b2a24b751645419cb6e060319b510e79,1.1976111,cd56b9a044c24df8a7156f661cb3d9cf
c299003ba5bb48b3bd7eab31321b539b,1.1971467,f615619defc4402b82845090c238e597
0a67f23ddf014504a380fcaf9e049a2c,1.191488,5a73e0a5c757410eb0928feed7b151c8
b3d1c6603e6a4f05bfe265607ea252ba,1.1904771,e02ad4f63c8444b79a7a56fb23a4e0f1
6ae7d44d811844448d0c8e5d69ff7000,1.1902182,3be388c9ab614bceb086c19f70df23c2
4810807024104aebb9028b6d53c9ed44,1.1866256,77ac5eb4b3054ca68e2b0dcbd5473fd1
b19ea3eefb454edd861821b7164f50e0,1.17709,ad2b6fb945714e6792c17bd49a1066e0
c3758e6612fe4a54ae862d91d26d805f,1.1761297,d331012ecf0c40888e0ac290184f0883
55cd381ef54d43069999636fdbce998d,1.1753763,46bfd7af0ed6491fa621350963d11e35
cc8f496b43d143478be84fd74f0dfc07,1.1691487,7ac9c94011924c09b47f9640211885a2
e244d77b242a4a54a7bdcb784245c01c,1.1685367,ad2109663af04c549385cd2ab9b3283b
9f4712695bb64f01a331632d4e83e318,1.163947,cb85047b65f8468aa02744c28c075dbd
3df0fa25822f457496cd93c2402bd292,1.1561778,aa2d7a3a535243189492d4ce8e79c049
f46543478e9f4f0bbb721b47a528562f,1.154187,f036aaf4ab714c598a0b6da4ca604136
168e875b6a7c4f0c83e74f55508fb7cd,1.1510721,d6fe6f8380464e21a27fd69de27f1f57
f3c6b6b18ad14537b64fde19aca70992,1.1491095,bd35571850644321b86ce4fae286ce7d
0a6d5cd06af2452ca1b3a4657d9e0767,1.1484361,d331012ecf0c40888e0ac290184f0883
d7cad8025bcb4868a7196c152770ab3d,1.1480314,fd51f3eef1a64d9a93652be481bde32e
50d0942bfc7540f2b61af337707d303b,1.1479249,4430d47e30904eab969c1baebca184c0
2fd5284523f24eb1bae1d9e857c61d4a,1.1461858,ff218cc7835d4b5ba0de22792319050a
fdaaf6e004b04cb18e798331b9d9ebc6,1.1459411,99142f1c07cd4782814f8c970eaaa40a
8afe31852af94133a8a0e21f4b27e5d1,1.140244,37337ebec05640b890e4b9612776c32b
2a4b8f6f2f1948e587b2de1effffc8c6,1.1395515,23066f7964874fd39639dbf2cb2766df
d896778ef12545f5b79fbe84a1c9ee58,1.1384023,80948e17b5694599919e1502bfcc08f3
8278ffeb4f7e4854a015f434887473a4,1.1295449,700f381f40ce4b039ce0df8b49fb199b
387cfff049b44a62ad0215e9bcd6f912,1.1265436,ecdae9f36c6a437ea72739febbf1c89c
d8c0f66ffaf94373b23b46444c5acb4f,1.1263256,156f393f7ca046299e09d05464afa056
ee1746342f304912aca6d1956f95bc68,1.1211108,eb513691b7a04d31ab1bc50bf343447b
6770b085f8cf47ee9a162fa8fbac551b,1.1174905,369fe18b94f54c98b554fd22b4a3b50b
064ec184b18e48e18255745eb01a80f5,1.1149592,640f3bd184b7425fb22cc7773b8b2244
37a21040d578476783ff8751dfb91faa,1.1074898,02cf82700b4f4773af3a14ad8eaa5270
7c4376eae79f4bb992d0bbb206eaebc1,1.1055886,c322b788813745e0aa7b592b4345d379
360cbc8189604ca7bed1d03379488753,1.1055586,eaca056cec224a30aaaed30c39f644c2
010b4030f3e24d059d9e4d37cbd1963a,1.1054847,66b0c8a58f444ea0aec34d9403b88a49
a082e18320bf47fe8c3c9506d626862a,1.1044959,b4150337314e40fb9e3ebb24514504a3
e6f19de2daa24324b2c88100702126ac,1.1011935,691acac4a54d450697afb2c2dc4fca09
0c3b7a4e78f94de7ab1a415503097c9c,1.0988541,ecdae9f36c6a437ea72739febbf1c89c
a89278348142457886434482fa366f57,1.098603,e25b9d9944cb4d7197efb8ffc4ff57a1
f023a1ec2a5e4947a0c66be38c5f67b2,1.0950965,7ac9c94011924c09b47f9640211885a2
7f38510693a9428bbcd86009bb013321,1.0937263,6c8a24653ef04f559b88e0f27c0df63a
c8a6cf1a44fb449b9f338991907da389,1.0929673,89597084b19c4902b073a2c6c6622456
be9ab7f3be354f5c90bd15df7006776d,1.092562,02cf82700b4f4773af3a14ad8eaa5270
590ea703d6da42979db4f6cf3ec882f4,1.092184,1c97c72e076f40fcadb22b17e71beed1
3d87a00da06642ab94224dffed6c2ef5,1.0921474,c9e2e76e631c4d0a8013d90892350e06
93879e26ebe547db997c77791c3d7fc1,1.0841469,21b1ded02d7b42618592187e287835a3
a1cb97ab677f48d0b81dedd497512989,1.0838337,a926df6d7fcf4b17b68dae6f41fbce66
982360bc10ca4c3ba78467718112babd,1.0815204,c26f5e7dcc8149f18f3d719bba9ae717
0a8f26e2ff5d462b97d23238e36ae72d,1.0796398,cc21026ff0d541909df56c5618d28518
f6440ad65bcb48fc8d7fb11f5accc309,1.0789224,e7d6747e8c8b4ebcb665e232240daf17
5ab1cd14b5304690a8f45e2bb5a92dc4,1.0786303,19c9ac7b84df472c85ed6cf5a05fbbc6
5f5d6306678c4a0cbeb65f8580c9cdbb,1.0784503,89597084b19c4902b073a2c6c6622456
73ef58ddfcb54d09ac1737fdccd62d07,1.0754787,9e304a9bbc7b4c22af8025fc93757357
e8ee807a789d465c99039c42dbdb3203,1.0715672,5a8cc5ff28fb4359afc7e9fcbf3bce55
1413507f5f8f46109e5caee2e853eae9,1.0624852,700f381f40ce4b039ce0df8b49fb199b
76e51865ac6e4b1c83433a9fee78d5cf,1.0620124,a1d8cb16dafd4126922f985021e93631
83959d6f09044431b64a06cc335f08eb,1.0607941,9014beae94cf4f648e1663c8d5ec6803
4e48af3f82274b30b4ec6ec1533e2840,1.060557,58db4c3a26c84fa68d81235d078208bc
180f987f287248c487b83fbddc87ee09,1.0603939,17cc6768c9d14388b7455fea0060b62c
d1c94e11ba214e61b63f00da3fb00a09,1.059188,ad289d5052264f9c8bd0aaf9faace92e
9f143dcef5ee44dd89610738332533b6,1.0590178,6a33c207c8b648f680dbd0e65639ef04
c63b9549ac384d1092aa0770e0290785,1.0586792,92d5da561f5a41bf929f3555a74cd653
703c375bffc346788123e8e9d957db42,1.0541998,bade01bd83ec4b6786fd8c867ca7a090
0440c322e82547b787d5f173806bb341,1.0532954,e039a00eae414ebbb2205b011ac127cf
9c33f1dbb3ce4d8f9a3262e5fbb55cda,1.0483229,779d7c2bad1940c8a861451964e1ce01
06706b7f76a3492e8e814546d9bcefab,1.0461174,d981f2c67f764e0c84af125b563958e9
fa350c4d307c4225b43fde340c1e9c40,1.0419616,acee70abee2841c9b67b95e9ed079647
10ec284856b64b33a3f1095d708227c6,1.0414792,f5a6222612ef406b8f02aef87e08c476
9385f152b6204244bd58c6107f500381,1.0401537,9303b9f7f4984b2dac8aeba8c8da8ef6
a30d8464e03848a8b72421c107f22fd5,1.0389326,d9fbe02f04a4469dac855f69ea6ad02a
a4e40c85d10248bd9a34d6c44e22b010,1.0301155,c9628610053945f4a7998ae48cd70da3
bd2048721a484ac4925726f9a0df7499,1.0293555,e52a528036014db0a7bd54b99a310fe8
4866602fe3094c6789fdc1956c616d93,1.0270948,b25fe3b79f714d38b3fc53e39fd84d36
19e32ddf92c24f32a65a82f858c5c148,1.0202742,0ebc441d25664c91adad96b570270f07
9526a184d9234981861f184f41d509b6,1.0177301,77a8b27acb0e4600bb6ff974eabc269c
7f23a0de3d6649fbaa67cb1b2dae2289,1.0150242,ff715b4f228443e3b067c801250f3402
a7696e4b2a7b4a87a64c7bf5ced3a129,1.0122119,efdf40eee13d409c9955e5b84e4408f6
8195fb97514a48a7a6eddc58be5d8f37,1.0111538,691acac4a54d450697afb2c2dc4fca09
78c3087265224b479cfa12716bcf1599,1.0106398,27eee82d7fb94b9b8b60bd3101187496
20a91015a52d4a81bb29c195b01ed6e7,1.0088153,46ba0b979a664c7cb0c315c4cde6ac86
f54fb64fd5a04f3ba5c065305856b3f5,1.0085467,d6fe6f8380464e21a27fd69de27f1f57
15171a501992488a97cd9f1f44475978,1.0061108,a1d8cb16dafd4126922f985021e93631
183908f894694011b40f78d80cbeb742,1.00501,f5a6222612ef406b8f02aef87e08c476
cf020a2f14884c16bc73b159ead104b8,1.0041108,5a73e0a5c757410eb0928feed7b151c8
aa580e725d534bcc967dbef0c65b141d,1.0023391,88dc23909eb4415aa39b96cc3a4c2926
b7e24f3f016a422b89ff10b363c86e9d,0.99825126,09fc9f38fbbb4bfaa1c979ac9cc43f0b
cbd8f182af0646f2a5d514de46872f05,0.99278295,a25b08e008114c9ca0266ce3e55d82bb
040e8b18e27848cb8d0850a0dcb7a77b,0.9920928,e039a00eae414ebbb2205b011ac127cf
f1015462e69f41ea9a9c663ae07f13fd,0.9914797,ad2109663af04c549385cd2ab9b3283b
0cee0f740cfa4b118595c4e921220588,0.9909982,92d5da561f5a41bf929f3555a74cd653
2e9806470e994a85904d3521b5fddaa6,0.9896528,5a26ae7959494fef99542e9b2004fd11
6fe5e86e29684922a7b66985a0abbe4d,0.9891723,c8b9a0ac7c214a449c434aabdf6ef770
1e61632437f042c89075c565adee2ded,0.98522055,dc58564d0c8540bea4f3e2e3696deae8
5a9a908d748e4c2eb30cdf4a450e189a,0.9835142,cb85047b65f8468aa02744c28c075dbd
335322101aa0491c89fbabfb87c21ad8,0.98122126,9ff95d23c3284d31ba5e398afa520649
c0f3c55551da4b9fa0600e0d1b9181bb,0.9803825,0472051dc57d43f8b9dd08df475fc4a3
6ef8ff7c77a84500af8da2548cb4bcd1,0.9790612,855b3971c4a147cfb9a7c281fa6b915e
6e651760ac2e4377abd5ff9ac4b8c9f0,0.97331786,d9fbe02f04a4469dac855f69ea6ad02a
33babb0b73f84a8a87d9c75c03bfbc99,0.97109795,1216ce1ef31e4643bb1222538c206342
89b0d50305744a53bf5c6cabc6f94b08,0.9699857,d27cfea4da8f445fb4e3c55e53c6482c
6475f4fbc11942b8814094002d1133b9,0.9616558,a6a551a308b9442f947ea0608ae2c3fb
96cfa510415b439da48aa661aff3500b,0.9600921,1d47a696eae94bd29f215a4787b27d8a
1c5c1558517e409b9358d9a48811062a,0.95539874,fd51f3eef1a64d9a93652be481bde32e
d1cbea7387cd4d1bab69dbd0238bd135,0.95411,6a33c207c8b648f680dbd0e65639ef04
9267609a976547b19a2cc08683835f4e,0.95353913,257aed6ca7a44f1cb5c664beb1be527b
9894b55999bc4793bee78babf6df12bd,0.95350814,09fc9f38fbbb4bfaa1c979ac9cc43f0b
74f1eb9bb1ba4fe5a565558b1ebc7a72,0.9490168,1b4e143cfc1648a5b877d7445446366a
21aae632c1bf454196e14809b781c9e2,0.9403258,6b9b2c8f0a874bb8b6691aca6bc49565
6365bc21f6084ccd8da4d5c6afb8b26a,0.94024473,2425086d8eaf44d2a9519f0e4e6b289a
4805a294e65b4d4db75948e86d3fdee4,0.9347465,acee70abee2841c9b67b95e9ed079647
c244f9298eca46bebe8382249b3a300b,0.93260485,e336d113184c4ebdbad7aa2b6ec64640
8085782f7d76421b8468fb1e61d4fd61,0.9302394,369fe18b94f54c98b554fd22b4a3b50b
179de20d4413414c92aa7828d5950f5d,0.9274607,5a26ae7959494fef99542e9b2004fd11
5a3e95d6f7e84750a9b090dbfef91f61,0.9265035,bd2f91a9415049d980e453f94327e0ce
43584afca09c4071adba01dad786c329,0.9213095,e492ff7fecf046a4948c5ba5631cdefe
e15d2b4a689545309a64bd4d54621cbb,0.9199912,89e43b092c844b5886a93091a22c894a
606a301239a6472ea371152fa2029fb6,0.9180258,75b0bd2240a54f6fb45bf95ca43ab5e6
794358e3d9a94bc48a240617b29ec0af,0.91492486,3be388c9ab614bceb086c19f70df23c2
1c5703785c574a4a86152b8e8ceaaab1,0.9094072,4ad7e2502210436f9ca5735fdf7e50c3
85775741207d4d1ebf2ddd8ec7d58102,0.90756565,80921378de2b4cd3a14d449688d8b079
44ed303d7bde4629ae56239936f499ec,0.9075453,1af4472b38cc4304841b2f1720075c9d
3e7d386674184d34bfa0757dab4b3681,0.90368855,700f381f40ce4b039ce0df8b49fb199b
6730fca5ad3b4afc8715dc16caa1a2b5,0.9018727,d4cd0b56b6f54e08aec8ebfdb6122c5c
6e50350fd3c745e6be8f38c45f9b9148,0.8940686,fe6ace599de44aa19b1773dad3658fee
0b0ee45e830245ffa3ce101af6a1a750,0.8823676,855b3971c4a147cfb9a7c281fa6b915e
d4560ab76d914af184a3cafa8ec46abc,0.88042015,983940e0b12e4186a281c36de657406e
e3ead164dcbf45f98cbf23bb77a3d989,0.8799235,64fa5ce839ef406b9bc8a1b2f05094c7
65fdb46393a34ac699da17059ebaa6cc,0.87941206,f9fae977af2c4f35b29400f31267e170
239190927a44453bb33c24a550d70b96,0.87469804,c26f5e7dcc8149f18f3d719bba9ae717
71134a9c69f44b489217b6a7661eeb5d,0.8735396,ed9b10a2879742628fce003076ef9024
3e5dd993b40a449fa94dcff02439d160,0.8686885,9ff95d23c3284d31ba5e398afa520649
8dc57aa25917490abcf294b3f73bedd6,0.8658483,ad289d5052264f9c8bd0aaf9faace92e
6c8cdd6141244ba1b62fee70292cc68a,0.86504126,b4150337314e40fb9e3ebb24514504a3
6339e9726a4b4ebaaf1b22a56c33b779,0.85617733,564a84b1b830407e811bcfc7fd086a6f
5a9a922465d14fc6b190a50e964695f5,0.8547504,6a33c207c8b648f680dbd0e65639ef04
8dfd5233498c4be2b88b2b71cf67ed64,0.8541877,11ec23965d2941d0817082107996ebbb
c2da5a4eff03435c8c936f9c5f4cf43f,0.85013294,1d47a696eae94bd29f215a4787b27d8a
a5f7a2fd13b64df595ec85f5354fecde,0.84648,3257035cc77946d98bdc09e2fdd5cdae
7d741d7645a848d086367003b1d9a767,0.84327054,d27cfea4da8f445fb4e3c55e53c6482c
9280a530ada64a8f829e0ec528712cbe,0.8417698,65664fb3aad341fab563409d91dddd2d
67807253c7c94312952c818472d4888b,0.8343026,6c8a24653ef04f559b88e0f27c0df63a
f9f15f3fa87e4ecb852682898d5c2044,0.82988334,9b22c5cdbff44bdabd48dba008e6a3b2
53ad9b6f270d43beaa19337b588c1e60,0.8274554,1543a2f94aa74008914301874d98f0f5
04457b683e1d4eaf8e6a37b15f5d8aa8,0.8196635,700f381f40ce4b039ce0df8b49fb199b
1f8a0f1ab6d94f46a1c669d409295676,0.8117854,d331012ecf0c40888e0ac290184f0883
af33a412aeb947a8b8c53cfc9e78a69d,0.8093291,983940e0b12e4186a281c36de657406e
175670fdd73e4fbc967ac1f61eeb9bec,0.8079662,9014beae94cf4f648e1663c8d5ec6803
9d3df96b762f475baecfda5f306ccdc7,0.80515265,b7ef0a61de0e4adf9688b2c525c9ad09
0727ac84c4494b248aa13d6c8ffe7225,0.80441433,4d708e5878784386a42c2f436d2d60f0
554e702a075743a499899b99b73eea46,0.80033475,66b0c8a58f444ea0aec34d9403b88a49
a879a1da30c4407aa84b5fea90b60f32,0.80019605,6c74bedaa406493a99988c5b8a47b704
20017566ccc94b8982c75f9f05a8eb20,0.8001068,ecdae9f36c6a437ea72739febbf1c89c
1930e2b037404eb3b7a991849e81320f,0.79896253,21b1ded02d7b42618592187e287835a3
924127ab124d40edaac3616675e82655,0.7933647,bd35571850644321b86ce4fae286ce7d
f6023dfadf94495fba9f43c8230ce2a3,0.7928761,a4cad92644614f78bded3ca6d6023473
bfd311fb1c224274b98d99f84e3cf150,0.79110616,d42996c2b67443fd9b73bba7641d4f77
f23847f4eab34d3ba19bf1dccbc32306,0.7903036,66b0c8a58f444ea0aec34d9403b88a49
d4b67d4bedeb47018a353598e2262d9e,0.7852717,c3412c53e9ec4b6a9a1aa95cf7f0f1e4
d02300771c8742a688cdc05ccd13d2a0,0.78495836,6c8a24653ef04f559b88e0f27c0df63a
ac23b811505944319414d3f59b4b90ef,0.77949536,01690d9b08164fcabd5bf0819754f71f
693fab3513204d1594f6d18136b865e3,0.7789706,1fde4c9a01f84c349461083b6d0ba9ed
ee1a685984d741a18ad44faaa3fc553f,0.7768289,ecdae9f36c6a437ea72739febbf1c89c
de06cda8b2974e1faea48a81f0d71342,0.77641594,6b9b2c8f0a874bb8b6691aca6bc49565
f825d91f98ed4b9fbffdd2f5bcea698a,0.7759567,d79afb377f5349a69830b2b4c7cfefcb
ba4278aa214b4c66a8da0220e99b2014,0.773634,fcc9863b07fc4bd5a01fab5b9160eafb
fb7510f9799745e8bb2d730dafe50aa4,0.7691596,e25b9d9944cb4d7197efb8ffc4ff57a1
0001880401724f72b4b0f8fafabbd872,0.7691213,4a4eb12a639346b5a00557d54b51fe51
a0f623aff0d34804a39f4b55a08898ca,0.76840836,903360099fb644b6b88c6edac88eecb2
e98cad653d89476483782ae1a239135b,0.76729774,5a8cc5ff28fb4359afc7e9fcbf3bce55
9d3679e8828845c6be8f7376e953d216,0.767007,82b01998353e4141a7613fdc96d7b600
091380ee73214c408bde7f510f136c4f,0.7643108,c8c201e25c0047a2ba9d9e8541ac0939
48aa588059cd4883bab6da96a75c16b9,0.7631269,aa2d7a3a535243189492d4ce8e79c049
b4e94218abf54b0787b1a6e1191836d3,0.76104677,e456afdf95e643dd926249fec4d68753
50eff679bc384b72918eba1cd77a5597,0.7609465,46bfd7af0ed6491fa621350963d11e35
569c47730fc949f7a3971473e07d0f6a,0.75289553,678725f8b914453fbc1029b7c1bc0879
82e2ae3e0d3c4ccab9093974f974e854,0.75256,a6a551a308b9442f947ea0608ae2c3fb
6fb6a2666474414e950f94d5b467b229,0.7502778,bab3bdc133384798b558f8fb6466a7fa
e7477d785b474565a0c4aea10f9060f1,0.7496295,64f1d63a671d441d9663a783f632f794
91c1e818e83d4b929c7b35f910b68663,0.7449904,a25b08e008114c9ca0266ce3e55d82bb
28ff28dc16ac43ad9110f26f13aa339e,0.7417277,c9628610053945f4a7998ae48cd70da3
c40beffa8f0d4679bafb1eac1d38bd5b,0.74032515,75b0bd2240a54f6fb45bf95ca43ab5e6
d7c1791491584b2984bbcdbc178299f1,0.7374519,691a538d2372403fad2b919b48ff5f85
e327090a663242caa64ea6482dabfd29,0.7356231,5a8cc5ff28fb4359afc7e9fcbf3bce55
0efa7128e7d54bb098c98a8d23fa4d55,0.7349171,aa2d7a3a535243189492d4ce8e79c049
5ebfa573972845a5842bf96fbf02053a,0.72996336,5a68e05acea4434ba08e17e1fff00057
650d5c180a444d6f9e8b7d0e2bac56f2,0.72884554,9e304a9bbc7b4c22af8025fc93757357
bfd8d22a1f9a42a28b2a78c5e4323725,0.7270502,f615619defc4402b82845090c238e597
c0db9a38259c4b429eb66ba537ac8730,0.7227534,19c9ac7b84df472c85ed6cf5a05fbbc6
a9b68d896d484e6a9c7e87b014dce89c,0.722086,c88be17376104f999b914a91aebf7220
e18c0d2a5ea54d0dae0481083fc0db46,0.7206455,3257035cc77946d98bdc09e2fdd5cdae
ca143ca992a648ca9b004f3be8a53a61,0.7188879,4696c8192576454f8684954bc771aa23
6e6870a557a147a9acc900ab380040fb,0.7185456,e25b9d9944cb4d7197efb8ffc4ff57a1
ab90f505d58d4d94afa71bd0811469b1,0.71805024,80948e17b5694599919e1502bfcc08f3
17c07c3077cb479eaba075a5c7f99328,0.7122992,d42996c2b67443fd9b73bba7641d4f77
a476d6cbc62045dc948a30c9c18327a2,0.7114111,691acac4a54d450697afb2c2dc4fca09
65120ac6b44e42f1831bb02005863657,0.70959395,fd51f3eef1a64d9a93652be481bde32e
e8d0fd5309724c1cbb4da8f5c55ac9f4,0.7066526,4696c8192576454f8684954bc771aa23
36b74b7a585a45e796fd8ff39bc60f3b,0.70530117,e5692bd498004d32934fbaa05af2120d
3f284acc005e4f23a2bdf5b45700c4cc,0.704115,f9fae977af2c4f35b29400f31267e170
5b578482d6cc41b9a12382c724e9e19d,0.7022387,d981f2c67f764e0c84af125b563958e9
ff15583dc30644238b32a7302a039764,0.70094854,b2be859ca8f24cda86821d5383edbc18
7f1f5ddc758b4e929452c112c70911ba,0.6971144,7a4c413f5c844796bd5ffed2b65f0336
01bdc1af846a44eeb5a789e393d1d7fb,0.69324666,5971501b0e8b4ef5b203c3985d7f5e88
d832897254e74ba4a5515e22654b2d04,0.6901644,9303b9f7f4984b2dac8aeba8c8da8ef6
7bccbe2abf334b329b400531be6a3be7,0.68354577,d443e0c5017d48d1b3f86bf4da959ed5
65add58592564636a49ae7417f79e9ca,0.6834523,b8ca3b6144cd48208caae952e096e7ae
b7076c9ed4f545c48deaab51abdc4a6b,0.6719647,ff218cc7835d4b5ba0de22792319050a
0ff74b4b29e044ffb307f3598dbbd1b7,0.67005026,e52a528036014db0a7bd54b99a310fe8
af733079cdf649cd95e030d070b603da,0.6663831,903360099fb644b6b88c6edac88eecb2
4cf68d2768954335a7f7c61a045babf9,0.66389257,e7d6747e8c8b4ebcb665e232240daf17
b8cb140987104f8db7456d8b3ad57ae7,0.66282636,e25b9d9944cb4d7197efb8ffc4ff57a1
34bf626d6a87427281f80c0938fe0278,0.6628099,7ce06191f1114b4c8a00609f6867761f
b50583d5d6494691a33b4cc22373d8b5,0.6554789,e02ad4f63c8444b79a7a56fb23a4e0f1
17176251386d48d798eb18eee7208273,0.6550762,46ba0b979a664c7cb0c315c4cde6ac86
2c5c1b245a194f81a943ef372c580853,0.6485938,01690d9b08164fcabd5bf0819754f71f
52f16fa757624404b9d43dfe2885697b,0.6478977,09fc9f38fbbb4bfaa1c979ac9cc43f0b
acedb352e247418e9c82dcd73b857c82,0.64742845,eaca056cec224a30aaaed30c39f644c2
e064b22a3b0a424498be0599ec51b26d,0.64702874,1b4e143cfc1648a5b877d7445446366a
d060627e97d244e99da1e44ccf7d4a91,0.64612025,5a26ae7959494fef99542e9b2004fd11
b7734f7f37a349c491b96e42059f61dd,0.64533585,bab3bdc133384798b558f8fb6466a7fa
371437b76fbc4eeaa709683744e7ee08,0.644767,e45844e0215f4a1596a7f9ac41367c46
25bf72b6554d4ce0850dbd0879a47ec7,0.64263445,01690d9b08164fcabd5bf0819754f71f
1d6f4b84093244e6915c8d2b03d11912,0.63739747,bade01bd83ec4b6786fd8c867ca7a090
3f44a924107f4ecabdb619dac62a5931,0.63570845,5a68e05acea4434ba08e17e1fff00057
1d79bd154afd47138f529dd6f1d52902,0.63551223,c8b9a0ac7c214a449c434aabdf6ef770
00bddd864f6b4c06bdae75aa6a690693,0.6337107,ad2109663af04c549385cd2ab9b3283b
88de1634c729442aa72060868b167abd,0.6327138,82b01998353e4141a7613fdc96d7b600
9e2872646e314b1f97e9cb135dccd315,0.6316562,92d5da561f5a41bf929f3555a74cd653
0111c90ac0ad4280b5cbf6b56c2d2150,0.63085663,e7d6747e8c8b4ebcb665e232240daf17
4593972edeb84fe49e5ad1058e0d8d35,0.6304788,bf59502a233e4b5eaff9cfa3a992c387
8e57d7771c084620b4bc95981a394b34,0.62698823,4aa3556b2aed469584c573868193a07a
b8cc82e2dd7b4ef9932f2377c1bf9e53,0.6262876,6a33c207c8b648f680dbd0e65639ef04
c189a309da7a472e88194571c3354d34,0.6257838,6b9b2c8f0a874bb8b6691aca6bc49565
86584226e35e4eda9eaba4e5fe495984,0.6245188,6a33c207c8b648f680dbd0e65639ef04
3dd7bbe2cb1845608dc71b36bc82667a,0.62056154,dc58564d0c8540bea4f3e2e3696deae8
4b984f558f9e4236b12f8875520bdebf,0.61948735,e25b9d9944cb4d7197efb8ffc4ff57a1
76ffb89b5ba84a8788d68f4010821e12,0.61437273,c0cb721b56f240dabf7f464e453ef72e
6237fc7134d449b9bc4158d9a707cca1,0.6049042,e9f055a212cd4e5e8601228c37713f35
b90d91a297514acd88d2d9aef7a483da,0.6045179,7a2491a27f3c438a8549988f7a79e26e
f4a11d6e649f44be960bbfc9a5aab7c9,0.6034271,b25fe3b79f714d38b3fc53e39fd84d36
eb00bd2670c84bb588d8454baa453007,0.5996708,a0fe3cd34e474c3b90662ce8ef1fcac6
f7b6d1525412435fbc5af750fb1d4dfb,0.5981341,1cbfb22f84454b1fb821b602e3ad11f8
9d9d4a9695414746b71566692311e57b,0.588418,cd60a0fcac24465a880af7d8f921dd68
1724b0e2e9bc4a61a23d4f7082b1d3bc,0.58791155,ec281224f8ee419ebde676f291672aea
bc1026f31e374c13a6d40e36a58b4b4c,0.58475024,4430d47e30904eab969c1baebca184c0
48a75cdc09f54f0e802424e74e850008,0.5840432,6d3c42356e3b459c919e3129ff192ac4
c762fdf4bb4d4f4992cdcd83ef4f2222,0.5814565,fd51f3eef1a64d9a93652be481bde32e
7e4f7e1030bd4e0d9be72f6761ea3def,0.58093566,77a8b27acb0e4600bb6ff974eabc269c
d30d31b8272b4fd0ad8156bc69d4ddf5,0.57955784,d42996c2b67443fd9b73bba7641d4f77
75bd7834bfba42a0824a1918cd04b829,0.5753887,c8b9a0ac7c214a449c434aabdf6ef770
8819510944174ce28e7b0d3e9d8c9fe3,0.5722806,691acac4a54d450697afb2c2dc4fca09
484bed1b612b48f3a0b37b91bf626f39,0.5721845,057164cf4aab45ebbefef3409359cfb1
ddb7ffce794746d1bcc1cbc3747fcac4,0.5684633,11ec23965d2941d0817082107996ebbb
a7065654ab41446abde84554b4442a5b,0.5683992,7cd1db4b50dd41e6b2f3dd15fcab3b89
86c05c3d7552474dbf8eb503035b96b4,0.56820685,80921378de2b4cd3a14d449688d8b079
81506e59f5b54c66a3459e47c2bad700,0.56738096,d6fe6f8380464e21a27fd69de27f1f57
574b37b5f1374cd3b422354879e9f582,0.5628668,6542f58c143446f280e88a6375ccf79a
fa3faa7dd3774c2681f4c5b7527b1e78,0.56169844,965598a17b624a0f9bb1cd58595458a6
4c8ffe2f47284e42af52b98aeea87fb4,0.5614153,89e43b092c844b5886a93091a22c894a
a4f6bb74f2654c17b04bb3fe4c05fd91,0.5613527,d74f6e7abeb84eedb9923dadb62f45f0
e10cdddb573548c0bd3d9eb0cef37f37,0.56037945,d0a840820172465f83c8480d571e7b71
16242654caa64a669f249360ac629e5a,0.5570946,3be388c9ab614bceb086c19f70df23c2
70d4373544a8407086d520841c1eb504,0.5563873,7c1e02f3ab614e539ac901e5cd3c92d8
a904fb4b818843aebcf6c526facb5089,0.5551765,8a77dc665d8b4d95a0b1113522f7e9c3
1ca6f54416f4410eb8e23dab9dbf012f,0.55407494,a6a551a308b9442f947ea0608ae2c3fb
24e177e9075a4c7ebd2cf154bcbf7b78,0.5534667,c9628610053945f4a7998ae48cd70da3
e449398fb3714ef39cfae0e60e4b3fd1,0.5525268,34b71675a1ae442395b6eb1f3eda23df
da098162d0924c6eaf6699ca87326527,0.5465619,ad2b6fb945714e6792c17bd49a1066e0
0428fe3094fc415e8fa4599480d6b434,0.54443836,17cc6768c9d14388b7455fea0060b62c
b5ac47314a344318be396fd6fdef8239,0.53985274,6aba5a04ef8742a39d3a61644a5f0729
545abc5f61374dd596a546e619a12ae8,0.53946114,5a73e0a5c757410eb0928feed7b151c8
bfa67f429e414493a7306f4ad2e21550,0.53550535,1f8c0f02984e4139bf8043e57497fdb2
42ce4e0d59764cd5a98455e34790c44c,0.5343694,a6a551a308b9442f947ea0608ae2c3fb
2cd2c87b068749a492cdd369cb60ef9a,0.53086793,fb695c097d5845c282f6b30c241e8cf2
5f67168bea6646a69c49dec78942dfae,0.5193706,fd51f3eef1a64d9a93652be481bde32e
4b6eb18ba8244091a7dab36a9dd58d87,0.51822364,f5a6222612ef406b8f02aef87e08c476
5880fbce1031460b8097717c0e258b33,0.5165836,e336d113184c4ebdbad7aa2b6ec64640
88769fc17b0e4f3a9736d45e131659d9,0.51567733,ad289d5052264f9c8bd0aaf9faace92e
10edc8c73a904e63bc4317abfd0d7213,0.51536226,66b0c8a58f444ea0aec34d9403b88a49
6bfc7764438f4a6caffc2e8225f5545a,0.5147799,d331012ecf0c40888e0ac290184f0883
55472eb25f9841c2b39b9bcef06d7bf8,0.51431286,dc58564d0c8540bea4f3e2e3696deae8
4dc64707bd42424f82f84de41d91a5fd,0.5123832,3be388c9ab614bceb086c19f70df23c2
57cb6a69463a4f248087b39af146fdc7,0.5114108,0f9cc12519eb4872af7be7fe49e19f59
b48f5f444c3140b38a8e756e57fd042c,0.5004564,9b22c5cdbff44bdabd48dba008e6a3b2
8de833e138ae4924a0cc47129cde2cb9,0.49923718,1216ce1ef31e4643bb1222538c206342
f93d08dd757f4cb9a593f27024c614ff,0.4979748,4aa3556b2aed469584c573868193a07a
ab4c8222cf584ba3982f14500c005291,0.49735272,a6a551a308b9442f947ea0608ae2c3fb
411837e42b564c399e9444d5403a3734,0.49600458,e52a528036014db0a7bd54b99a310fe8
38b738aa374d42a1b20afa63ccfcfd62,0.49580988,01e805bb5a1845a7addf86fe9bc8d814
f9a7d6299ae54cb8bc2e6ba1b878f8cf,0.49579272,e27d9425c912446e947fe53c4a757375
70eae43486ba469e9dcabff502a498ba,0.49481472,11ec23965d2941d0817082107996ebbb
6776a4646460462797dc83573d630d14,0.49336284,156f393f7ca046299e09d05464afa056
bec8ca61a6524d90b610482e2f304259,0.4867904,ed9b10a2879742628fce003076ef9024
d49f6a76fe334b5ebf72758df0f42d07,0.48026395,c26f5e7dcc8149f18f3d719bba9ae717
78df036c4e104457afcdf7598e9ce958,0.47990727,f615619defc4402b82845090c238e597
d723c3032ecb44e187744c460cd06e8b,0.47851902,00f45d57fd3c448d8cfdf3185ebae894
b1c2cf26538045169885251ae1a1100c,0.47232714,7ac9c94011924c09b47f9640211885a2
b904ff33d535410cb0791f1e1227e8c2,0.47182333,c88be17376104f999b914a91aebf7220
1bcadb1e071c4e6d82323f31e960901e,0.46383896,836ec4ef8df644328ac07b7803709323
410190593a7f4b7e8ed63596f20c37e8,0.46363837,e5692bd498004d32934fbaa05af2120d
9f0c4fc689014714bc3604b21f1a694c,0.46128047,6aaae524573f477f8fdef0b83787cbee
7a63c379c6ed4b2faa1b9e863eb35d54,0.45949244,cc21026ff0d541909df56c5618d28518
57be916f4b9f449e85faa3e690b60115,0.45886528,678725f8b914453fbc1029b7c1bc0879
4a2be481c29745e6be4e4b6a6d39ff64,0.45762092,6a122ce1702646db918266228d48bd08
ba0c12af5b1c4fe6ae766bf417e6498c,0.4566113,1af4472b38cc4304841b2f1720075c9d
1aa2b5e2dcdf4c4c954c4af1b2112143,0.45615518,e02ad4f63c8444b79a7a56fb23a4e0f1
80a892b08d854ed7ba82af259da76154,0.4561281,156f393f7ca046299e09d05464afa056
4dd9cf8a1b2348fd81e6ed73ea81c716,0.4505042,78b600dd53854b018f87267d268b7b1a
41d559a45180411298adc4fbea7618ca,0.450474,de9328bdd1b34adda74a0363ff0a52b6
b26293f2e7f54384a164fb685236aa8f,0.4486568,58f53c379f7a4868a2ba6d91a06247d2
6d60c813cd9640d0840e8567de817877,0.44859663,bade01bd83ec4b6786fd8c867ca7a090
757730e7c0414b47ba2a3a52768cdb3e,0.44806987,630edd9b8f754b5dbd36cfbbd03ccb51
b707dfaa86a540dd9c3fa75fed4a43af,0.44493914,b8ca3b6144cd48208caae952e096e7ae
a888f13ac990426fb248349ced4a0bce,0.44484624,c322b788813745e0aa7b592b4345d379
be7a669164c1423c8ebd0ba23ce48329,0.44410348,e52a528036014db0a7bd54b99a310fe8
5d32b941bc394464a6da8d1c78aeb3ef,0.4417448,11ec23965d2941d0817082107996ebbb
a703ddf11df347d6a8ca6f572ef505f2,0.439389,e45844e0215f4a1596a7f9ac41367c46
6ba13a7346044bfba1b6245853af401d,0.4379358,d9fbe02f04a4469dac855f69ea6ad02a
d2e23fe1095249c4a12577fd6efe8a65,0.43778905,700f381f40ce4b039ce0df8b49fb199b
57dfde028e58407980d373eb21be8e36,0.43690833,965598a17b624a0f9bb1cd58595458a6
3cbe7ad4fbe64e83876d9c85f91a8237,0.43665722,d4cd0b56b6f54e08aec8ebfdb6122c5c
55c82489e50948b39c0f1bfe5fbf408e,0.4326876,89597084b19c4902b073a2c6c6622456
3e85ec80c479459598052f2abc51cc73,0.4305297,c9e2e76e631c4d0a8013d90892350e06
5bf9e6f5654045d28dd2225231386807,0.42898303,23066f7964874fd39639dbf2cb2766df
4b3202343ccc4337aa099b8a9e046db5,0.42769536,e25b9d9944cb4d7197efb8ffc4ff57a1
244bf3fd283440389af52e02feb70e02,0.42709294,1cbfb22f84454b1fb821b602e3ad11f8
3bfce2ad291d4b7780e0e8b06d4283c7,0.42425278,6aba5a04ef8742a39d3a61644a5f0729
0f1bdf98cdc7472282cb0375b87b3ba4,0.4180406,6aaae524573f477f8fdef0b83787cbee
d989c36a82a14c81ab2fe8b49f3c94f4,0.41714388,a1d8cb16dafd4126922f985021e93631
7b5adbd82a584ff6b6e23b89956dd6f2,0.4159327,bd35571850644321b86ce4fae286ce7d
9126864790e8431db0440435469417cd,0.41488352,7ac9c94011924c09b47f9640211885a2
3723741c22a347c7a622bec61ab94d3f,0.4128533,64f1d63a671d441d9663a783f632f794
0f836960df064e7c96c2a78d865fd458,0.411127,bab3bdc133384798b558f8fb6466a7fa
500d964011eb4cd19e61ff976d9d808f,0.4100563,46ba0b979a664c7cb0c315c4cde6ac86
6de8d8e544ee4bc3b84a9aa3f56f4d30,0.40938234,64fa5ce839ef406b9bc8a1b2f05094c7
75c4589bd9604a0ea1651453f58495b2,0.4022627,ecdae9f36c6a437ea72739febbf1c89c
1d9521ba2b624c7aab43f311872c1d09,0.39949602,983940e0b12e4186a281c36de657406e
d70588024f024cdda9e71020d4ec2183,0.39783573,c8b9a0ac7c214a449c434aabdf6ef770
9b0790e53e7c487885af42388d8f681a,0.39757785,1543a2f94aa74008914301874d98f0f5
daec8c9bb81142a98349b34affefed91,0.39355332,630edd9b8f754b5dbd36cfbbd03ccb51
fe175ac3af5446a582bc555f10723923,0.39302817,691a538d2372403fad2b919b48ff5f85
523ae070f70149be975ea27f84bdb39c,0.39257213,75b0bd2240a54f6fb45bf95ca43ab5e6
2c689d06459b496798e7fc1e4ce8b03e,0.38915354,6c8a24653ef04f559b88e0f27c0df63a
dcd4e8a77e0c47f4bfeaedc8b8dfc397,0.3850633,bade01bd83ec4b6786fd8c867ca7a090
d7b01643eac140139ea2680d74080bb7,0.3846187,c9e2e76e631c4d0a8013d90892350e06
2c2bd31efb4543d08c60180fb6fa21a2,0.38429058,1d47a696eae94bd29f215a4787b27d8a
75a44d8541fc4f6db502671300b2ea97,0.38367933,fd51f3eef1a64d9a93652be481bde32e
74f89cf2b75547168060f6c31aa572f9,0.37964213,156f393f7ca046299e09d05464afa056
faf7544dd7fb43c5b63a56c55bcaafb6,0.37594807,4ad7e2502210436f9ca5735fdf7e50c3
7b51de0f71b142e7ba4820c5972d711f,0.37579352,b050e9e1ef5946c297a34dda98d8f476
632f27bc9e4b4d3b84108ebd02d27c77,0.3756433,19c9ac7b84df472c85ed6cf5a05fbbc6
cde999f7973048f5bdccda367d1eef4c,0.37135795,37337ebec05640b890e4b9612776c32b
e862a12dcbc4446cb1bfe03570cc7b44,0.37025657,7ce06191f1114b4c8a00609f6867761f
29d39b14f72c45cebe5afd433c98dd23,0.36532083,b2be859ca8f24cda86821d5383edbc18
01213179f19e4a5d97590bdc85be49aa,0.3652808,1cbfb22f84454b1fb821b602e3ad11f8
c873b341cab549d6be3c38ca79441d7f,0.36501127,b25fe3b79f714d38b3fc53e39fd84d36
17ef3923d27b4a0d99dbc74302d79924,0.3625209,e25b9d9944cb4d7197efb8ffc4ff57a1
9fb8c17411204358aa87dcf800bd36b4,0.36195916,bd35571850644321b86ce4fae286ce7d
06cec2d499d345bc9c033032d765acb3,0.36069617,779d7c2bad1940c8a861451964e1ce01
c75f0da05246416084af6447931742bb,0.3578855,650afb6a1d054e59904a1b796552eb04
1a3959ec40e24329b5c36ae3d8bd148b,0.35266334,d443e0c5017d48d1b3f86bf4da959ed5
b0428ae75a7d474bbf2e2f440fab50e9,0.35125077,e492ff7fecf046a4948c5ba5631cdefe
5db16d2af83a479d85d0755051ccebb6,0.3491322,b25fe3b79f714d38b3fc53e39fd84d36
6d9fe29b75544ce6b2e1c3329771cd32,0.3476471,64fa5ce839ef406b9bc8a1b2f05094c7
539c9a4dd3ac4de18415aae9107a2600,0.34498602,11ec23965d2941d0817082107996ebbb
041c8b8571254958916a2b21a2e98516,0.34312162,3257035cc77946d98bdc09e2fdd5cdae
f7968b9dc2674ffd888bfbc7a86342d6,0.34272963,1543a2f94aa74008914301874d98f0f5
3ff3a9f9ebdf41968cac02ff122f56eb,0.34219334,c88be17376104f999b914a91aebf7220
0d4e1854d2f24a18acc550c6afc2fda2,0.33984578,0f9cc12519eb4872af7be7fe49e19f59
ad13a71eb5594e529ad80ed59082fe17,0.3390023,9303b9f7f4984b2dac8aeba8c8da8ef6
05074ae1d6a64faf8736a89264404087,0.32750738,e492ff7fecf046a4948c5ba5631cdefe
4ce3fea9e2ab48ac805aa7b46f2cfe73,0.32416084,2425086d8eaf44d2a9519f0e4e6b289a
0af83a2558ad459cb3b54e5c9da02975,0.32338482,4696c8192576454f8684954bc771aa23
7360c15d3abd4dd8a5af35cc13c48b1c,0.32259345,89597084b19c4902b073a2c6c6622456
e7484e33c0004b31996c7062d82f4819,0.32103264,678725f8b914453fbc1029b7c1bc0879
edf32c81fa8c41f4ba76d882cc8f88c7,0.31798607,fd51f3eef1a64d9a93652be481bde32e
4838bbbf3ac543ebb0bef130f0f28d48,0.3169706,d6fe6f8380464e21a27fd69de27f1f57
92048547bb5d4e79856a1c872a2e018b,0.31212693,01e805bb5a1845a7addf86fe9bc8d814
142160eab552419292c34bfa817ab146,0.31178233,0ebc441d25664c91adad96b570270f07
054f93d33d7e494d8ddd2e57a8e4dd62,0.31157893,46bfd7af0ed6491fa621350963d11e35
e8731d4569304e1aae79558458ad6797,0.31075394,01690d9b08164fcabd5bf0819754f71f
f745ccee7e2340918079fa1ec6e0e29a,0.31007758,7ab29c5e2f05481d8a69cc479a764ee8
5dd11b299b1e4c9fa5e4d0683b4d02ad,0.30974576,cd56b9a044c24df8a7156f661cb3d9cf
a2c99cf18b24478a838bc5837a75721f,0.3084914,d4cd0b56b6f54e08aec8ebfdb6122c5c
26b721f1caa14c70b7aa9e5a8898e76a,0.30393696,34b71675a1ae442395b6eb1f3eda23df
76313e4034d24a788d6f02923f14c045,0.29918924,d79afb377f5349a69830b2b4c7cfefcb
a22b7bc93cbe40cba26f5e4456762f6e,0.2981505,f615619defc4402b82845090c238e597
c6754ce8bf4346258c03509140eece37,0.2978395,65664fb3aad341fab563409d91dddd2d
e2b08fa4040643048867ee258a43c077,0.29741094,678725f8b914453fbc1029b7c1bc0879
07c0659266c446b4b413362a241214b2,0.29203877,e7d6747e8c8b4ebcb665e232240daf17
659ae42d80174d04b5c0e2295c83e1cf,0.28961474,e7d6747e8c8b4ebcb665e232240daf17
9146bc8522804996b5984ed63944edb7,0.28941607,01690d9b08164fcabd5bf0819754f71f
98a56450793d4447a21350dcb38b80eb,0.28455034,efdf40eee13d409c9955e5b84e4408f6
e09735216b1f4e3f9fd7eb54f6aa2b1a,0.2827998,b7ef0a61de0e4adf9688b2c525c9ad09
5491a19984a643bca536cb015e65adbe,0.28266338,92229a391d0b418f87b32c86c42a292c
7bdcbc60a1354e079289b50702cced90,0.27813256,5971501b0e8b4ef5b203c3985d7f5e88
00989f2d41344337a67e440d6506b9cf,0.27776927,73e7e41e8db447c09cb2363d76556c64
d4cf39f8ba7e4a92b4ced7faa1218229,0.27554855,e492ff7fecf046a4948c5ba5631cdefe
4cf01329838243b998a06d2ffab76517,0.26653472,99142f1c07cd4782814f8c970eaaa40a
0c553973fbe042a7af2110e0a2fcdddd,0.26467782,bd35571850644321b86ce4fae286ce7d
0b185da1334244d1b2c7ba6695d75f1c,0.2635081,bade01bd83ec4b6786fd8c867ca7a090
a8117ce7b13549fc829e0bf1a9330dc9,0.26193342,fe6ace599de44aa19b1773dad3658fee
999fb1ffa3824b0691a5dcd65625f30f,0.25940135,2a9658410614443d8a27ef174f61d6e8
408a26bfd8bd41529e7fa7db94cdae03,0.2589097,d4cd0b56b6f54e08aec8ebfdb6122c5c
d0f798b90ad04da3a8a192e16d0b1743,0.25486195,b2be859ca8f24cda86821d5383edbc18
7eab4332b2af45cd8ba6c4050d814b39,0.25176233,ad289d5052264f9c8bd0aaf9faace92e
5ad95d0217fa4cccb9c2c7428bffd1f7,0.24870768,8aadcf7251724cc6858dc0db44abebe3
7dc9553f77c842f1848c9fe066681b67,0.24292894,bf59502a233e4b5eaff9cfa3a992c387
be07f7c09f5c40da9ebdc231520afe90,0.24276261,cc21026ff0d541909df56c5618d28518
2662ae81f6a6414cae732c72ef71a9a1,0.23868333,efdf40eee13d409c9955e5b84e4408f6
302f7c4fe5f346b7b6f4c5850ccea290,0.23780021,d576e334105247369362b05a375e88cd
e90176ac18954403abf1a65c40838e23,0.23404506,bf59502a233e4b5eaff9cfa3a992c387
01175ef138e24ed7b74c8c8ec2ad8abf,0.22278084,fb709e29755b44988bb252c87a2ce2f3
8ffbcfeb411843b2bd6e513ae284b232,0.22262594,00f45d57fd3c448d8cfdf3185ebae894
656745a4e33546768385d4e040d0fb52,0.22252682,01690d9b08164fcabd5bf0819754f71f
0c472016621a42b2ace086642ed58917,0.22232905,92229a391d0b418f87b32c86c42a292c
7a18d92954ca495a937856ac7ea4d263,0.2201276,564a84b1b830407e811bcfc7fd086a6f
9da0bc8ceec24ce7bac851ca1fc67b5f,0.2181051,d6fe6f8380464e21a27fd69de27f1f57
7ee89cd6d6774885a024ad9e8abfda35,0.21603407,3257035cc77946d98bdc09e2fdd5cdae
ba86837d26e64a5095e50f614cebc183,0.21441853,92d5da561f5a41bf929f3555a74cd653
ac601d55d74246afa29a020b8029c7af,0.21297914,c0cb721b56f240dabf7f464e453ef72e
06bf7c8951c64f95bec0eb20b232e5bd,0.20728111,e039a00eae414ebbb2205b011ac127cf
3427373bf8314ae5a87677132dc4874f,0.20602968,8a77dc665d8b4d95a0b1113522f7e9c3
6b5d194c37f14e5d89385ae747199cc1,0.20493418,700f381f40ce4b039ce0df8b49fb199b
bc4671732d9843eaabd57d23d84f259d,0.19872405,bd35571850644321b86ce4fae286ce7d
91a077bae982429595e548a2859976ab,0.19707425,7ab29c5e2f05481d8a69cc479a764ee8
2582ce6fc7d14ce6bd50980959cd305c,0.19438349,cd60a0fcac24465a880af7d8f921dd68
167939f1c55740a5bd8d235691475fc4,0.1937556,11ec23965d2941d0817082107996ebbb
5ea4394d43e44b219a8390a0b54d2982,0.1936822,46ba0b979a664c7cb0c315c4cde6ac86
c9d40d7967754291b6d16c34879f008c,0.19203393,73e7e41e8db447c09cb2363d76556c64
6bf15791f42e4323bf626650477d9beb,0.18856634,8db9e204b8b841df8fd94eff0888cdf7
0ca1af4b4360463da2290c0231e7c2bc,0.18814519,acee70abee2841c9b67b95e9ed079647
c3a842974e16433d9488c7df87df853b,0.18231252,92229a391d0b418f87b32c86c42a292c
35280441301148638fc4b59eb169c802,0.18061522,aa2d7a3a535243189492d4ce8e79c049
3c1c6d5089844fbe90e18a5fdab3bee4,0.17953646,8a77dc665d8b4d95a0b1113522f7e9c3
6f5ef9875cc848bbac020144e710e378,0.17551048,75b0bd2240a54f6fb45bf95ca43ab5e6
69705e3d3da0436881b25f42d2a6f102,0.16412938,4d708e5878784386a42c2f436d2d60f0
c2732f3b888345afb3c5116a10cd9896,0.15845494,e27d9425c912446e947fe53c4a757375
3111ca7c585243e4aff0fad54c82a69b,0.15801589,836ec4ef8df644328ac07b7803709323
1f314e6f401c4bcb95f97316f5aceb0a,0.15737441,2425086d8eaf44d2a9519f0e4e6b289a
b57d527c5d13406cadfa1a4f809cc040,0.15708189,64f1d63a671d441d9663a783f632f794
55e30898427a472799115a2e014580a6,0.15612243,d74f6e7abeb84eedb9923dadb62f45f0
07d706541ba64a5a860673ea0aff78bb,0.15414181,3b13d134762445cebcdbb02b484db77b
2d6d2f2089614469bda4b6e9b2b33678,0.14956068,bade01bd83ec4b6786fd8c867ca7a090
6eeb265798ed440e9feda4d09e043bf5,0.14809853,156f393f7ca046299e09d05464afa056
6f2088d6c7bc418f90e6328cd345c77a,0.14696254,00f45d57fd3c448d8cfdf3185ebae894
19a8e983eaac433fb6e4dccab0c03fcc,0.14577036,d576e334105247369362b05a375e88cd
6e4efb567c284833b93c09713f4af1df,0.13515918,0472051dc57d43f8b9dd08df475fc4a3
3a48941fe58c4afdb3ca7520eb9bd36e,0.13191883,a4cad92644614f78bded3ca6d6023473
3df61db7681f47ecbe9f92df83b36e59,0.12660915,bd35571850644321b86ce4fae286ce7d
bfc3042d6d684128b937f9d9878d4eaf,0.12170207,f036aaf4ab714c598a0b6da4ca604136
2092a0007cd74f32bd9954b25b49cf21,0.12152351,5971501b0e8b4ef5b203c3985d7f5e88
299ada2bc5ef4534ad5e0b1b7d10e457,0.112780884,e02ad4f63c8444b79a7a56fb23a4e0f1
43de32fcef1548dbb9d856b138ecf429,0.11267743,7a4c413f5c844796bd5ffed2b65f0336
ba4441ee87f14d4ab951a01cf5035eb9,0.11129165,7ce06191f1114b4c8a00609f6867761f
020f53a16c0047f9a592ac5126da2ccd,0.10935307,4696c8192576454f8684954bc771aa23
9d68d4254983475b9feb48e30494c9ae,0.10872559,66b0c8a58f444ea0aec34d9403b88a49
e35fef892ba84f8cbeb63132b6f7f094,0.108653486,4a4eb12a639346b5a00557d54b51fe51
28f694942751431c839fe1d22e753e1c,0.1054765,7cd1db4b50dd41e6b2f3dd15fcab3b89
152e0362dac34ef8940b97d42520b9de,0.10372217,17cc6768c9d14388b7455fea0060b62c
14169e1048564c4689c2584a790d6696,0.09634344,1af4472b38cc4304841b2f1720075c9d
af18a5f9a5aa45a191a99b4792b127c5,0.091794424,78b600dd53854b018f87267d268b7b1a
b32a35611f6b4eef9cfd102e5e72766a,0.089475594,b2be859ca8f24cda86821d5383edbc18
1dfeecb0d6cc4fd68f8fe7bddc5573f7,0.08721309,a926df6d7fcf4b17b68dae6f41fbce66
0a18772678f04aad97501db427e8f725,0.086931095,d9fbe02f04a4469dac855f69ea6ad02a
1080188fcae241b4a5c7649114dafd64,0.08338064,5971501b0e8b4ef5b203c3985d7f5e88
eedf84d8949845939452e2cf59d2cc6a,0.083127044,a0fe3cd34e474c3b90662ce8ef1fcac6
a1e176f474f04640aedebc0ece81583e,0.08130131,965598a17b624a0f9bb1cd58595458a6
17b5e130e0444402bcedf9400cf07aca,0.07966918,e456afdf95e643dd926249fec4d68753
425fbf4deffd4fa183bfa210c296d087,0.07704134,d42996c2b67443fd9b73bba7641d4f77
b116fe66d95d4c04beea8a4e5f347684,0.07451705,dc58564d0c8540bea4f3e2e3696deae8
174e16d27164468ea679a619b853b1a6,0.073491305,e96aa0967ab94368b381354e03dc40ad
42755c05cebb4531bf9b3f3297150fe1,0.07290912,e039a00eae414ebbb2205b011ac127cf
b24046864bc341499137c0e4a5d92315,0.07271987,82b01998353e4141a7613fdc96d7b600
44b833375c854450a60b5f4819e94466,0.06922503,d0a840820172465f83c8480d571e7b71
112c929868df4d8fa0428f2c3cf17e3d,0.06857087,ad289d5052264f9c8bd0aaf9faace92e
1008087cab8f407eb2cd44e6c79658c7,0.06724157,d576e334105247369362b05a375e88cd
6abbc2ba6e8241f5b7132c7bb338f92e,0.0671255,37337ebec05640b890e4b9612776c32b
11ba79f894d048f9b56685491d4f3282,0.06392841,640f3bd184b7425fb22cc7773b8b2244
0f94bc21c14143a9aa839de2e99bdecd,0.060826942,7ce06191f1114b4c8a00609f6867761f
4aeb82ff294e4be9be97a1aee9698fef,0.056953795,e456afdf95e643dd926249fec4d68753
a72d6ed397c64fa7ad1aeb46a417fa4e,0.05576755,8a77dc665d8b4d95a0b1113522f7e9c3
8d93adac5fe7477a99015ec9ef32330a,0.0550179,dc58564d0c8540bea4f3e2e3696deae8
c11c77b1b50e475e8b0a0df774292211,0.052750718,3257035cc77946d98bdc09e2fdd5cdae
551ec133b10e448a939d6f857cf1dc17,0.04809128,0ebc441d25664c91adad96b570270f07
780760acebdc4860bb31c7a7150c19dc,0.043037638,f5a6222612ef406b8f02aef87e08c476
347c303d1b5c48f9a21e9432327258c8,0.04256573,27eee82d7fb94b9b8b60bd3101187496
89d4dbe124c14550a38f6790a02abf01,0.042243432,1fde4c9a01f84c349461083b6d0ba9ed
7f8ae3801f3441f696f05e6cdd70c2fb,0.041687883,156f393f7ca046299e09d05464afa056
0f51f0e1827243a380a392150248b877,0.040481344,bd35571850644321b86ce4fae286ce7d
503e10935d8945e8b7552e9f83309667,0.038613398,efdf40eee13d409c9955e5b84e4408f6
2c5e568a58a646b7b291350b7145e317,0.037924115,88dc23909eb4415aa39b96cc3a4c2926
4eae669b05f642a98f2ee1b828c4807d,0.03371781,fb709e29755b44988bb252c87a2ce2f3
9a941b16ff4840eda21ad2f9e0c81f3f,0.033274874,9b22c5cdbff44bdabd48dba008e6a3b2
99370de3bbb74c12a92ca24b995d92b1,0.031615287,4430d47e30904eab969c1baebca184c0
1d2a027561834f03b680a90079cc8e25,0.029507177,4696c8192576454f8684954bc771aa23
882ef5ef88af445e9dede3d98a7dd8e3,0.029166648,9b22c5cdbff44bdabd48dba008e6a3b2
074732e2729c421abe906cc4077f1eae,0.02914395,369fe18b94f54c98b554fd22b4a3b50b
cb70763b642a49e48c7e66689f180efb,0.025124807,0ebc441d25664c91adad96b570270f07
9557a396825b49eb93cedbab96019843,0.02491501,23066f7964874fd39639dbf2cb2766df
a987046439f446848e7b3520dcece6d6,0.020387733,4ad7e2502210436f9ca5735fdf7e50c3
f792d5fbc00c47c59ce1791351c39504,0.020126414,1fde4c9a01f84c349461083b6d0ba9ed
a9b2741eb1ab4c8bab6bec840430968c,0.016818164,02cf82700b4f4773af3a14ad8eaa5270
ae8dce8e4fd84a42916e2a2ea4ab7c38,0.014890551,fb709e29755b44988bb252c87a2ce2f3
4762d831f5884e25bb3eb6e73fd283fe,0.00791322,d79afb377f5349a69830b2b4c7cfefcb
83d43c7c640c4996a271c9ec70bd0746,0.0068928977,0302e7dde9074dddbbbdf85e9be57901
cfbebb0b8d25424bad46127adbe59343,0.0048445347,3257035cc77946d98bdc09e2fdd5cdae
4443770debc447b1b3f8c9dbb46160cd,0.004649544,e456afdf95e643dd926249fec4d68753
5d880a342d1a4ff987be8c9023fe6275,0.004370465,c0cb721b56f240dabf7f464e453ef72e
bd9ad9e73d3d47e6bc36d0072d5d99bf,0.003111429,3be388c9ab614bceb086c19f70df23c2
2341754cd2ac49f79a6f98d84b177e6f,0.0025035334,11ec23965d2941d0817082107996ebbb
