9aa12e538d0c4d89ab849afde0b92d65,7.114579,c88be17376104f999b914a91aebf7220
3cabf7db885244c3aef797eb94b75b3c,6.822745,17cc6768c9d14388b7455fea0060b62c
78c3087265224b479cfa12716bcf1599,6.4289985,27eee82d7fb94b9b8b60bd3101187496
7118df93df274839b3c1c622ac4b53f0,6.23461,f11f1682b5924181b047d757d3e20964
1f125654980e402e84e676e3b1c1db15,5.431774,73e7e41e8db447c09cb2363d76556c64
6d9fe29b75544ce6b2e1c3329771cd32,5.3994,64fa5ce839ef406b9bc8a1b2f05094c7
5f5c72816fcd4fcc8f58aa66c02daac3,5.276055,eaca056cec224a30aaaed30c39f644c2
619fb307d36a42b8818b2918edc88ade,5.252821,aa2d7a3a535243189492d4ce8e79c049
67cdfba89fae4e3896b9aebb4f52dae5,5.13397,cc21026ff0d541909df56c5618d28518
8505b6622aed4fb0aeece7e02c0fa748,5.0999885,4aa3556b2aed469584c573868193a07a
25dc04ff2b704b6f9229ad7cb91efc99,5.0818424,2425086d8eaf44d2a9519f0e4e6b289a
d098bf81d2e34d868f274370a0a39716,5.0587234,fb695c097d5845c282f6b30c241e8cf2
a5af794012384211a60360b6b1752339,4.882431,0f9cc12519eb4872af7be7fe49e19f59
51bb2642caaa4fdfa82051cea135a8ba,4.7306414,b4150337314e40fb9e3ebb24514504a3
7bd320ff5d6f4bfc906470499b8ae3b6,4.721765,80921378de2b4cd3a14d449688d8b079
9a941b16ff4840eda21ad2f9e0c81f3f,4.6822457,9b22c5cdbff44bdabd48dba008e6a3b2
383851cf303e47bf803a3a00b6481efe,4.616759,fcc9863b07fc4bd5a01fab5b9160eafb
b49ff629d01a47a284c14dc1d21a0d1a,4.609764,a585d23fe43f459ba86ac15645af77ff
b25c125f6fd14177920e7f609ea6f819,4.5717688,66b0c8a58f444ea0aec34d9403b88a49
fba706d6c465422cb8a6944bb92f5b97,4.568658,d0a840820172465f83c8480d571e7b71
ab4c8222cf584ba3982f14500c005291,4.4582734,a6a551a308b9442f947ea0608ae2c3fb
83959d6f09044431b64a06cc335f08eb,4.457638,9014beae94cf4f648e1663c8d5ec6803
fc20e7b4bfc243ef82918b7c93591747,4.4549284,a4cad92644614f78bded3ca6d6023473
5ad95d0217fa4cccb9c2c7428bffd1f7,4.382291,8aadcf7251724cc6858dc0db44abebe3
e578d2ca90a241bcb241e65a62648a66,4.3315926,f5a6222612ef406b8f02aef87e08c476
146864f4715c4e438e2c3294df06d9b8,4.330141,691acac4a54d450697afb2c2dc4fca09
2a4b8f6f2f1948e587b2de1effffc8c6,4.326071,23066f7964874fd39639dbf2cb2766df
d9826bec6e1c4be6a7152f89b950fee2,4.321661,c3412c53e9ec4b6a9a1aa95cf7f0f1e4
960fbf15535f437db3b7e4614367c633,4.318105,e96aa0967ab94368b381354e03dc40ad
fe175ac3af5446a582bc555f10723923,4.306848,691a538d2372403fad2b919b48ff5f85
84e4c1bdea914f529a194f767629d1b7,4.270304,2a9658410614443d8a27ef174f61d6e8
a3c58d5d2da942aab6283a42db2a14f7,4.22502,37337ebec05640b890e4b9612776c32b
0f7f319e6bfb4438a4746cfecb70a08e,4.172136,855b3971c4a147cfb9a7c281fa6b915e
9ebe890cdbad44f1936503311aa8efac,4.1443253,d79afb377f5349a69830b2b4c7cfefcb
5c85caaeb0fe44b19a63bae94eb3c1b2,4.1243024,c8c201e25c0047a2ba9d9e8541ac0939
d4cf39f8ba7e4a92b4ced7faa1218229,4.1212463,e492ff7fecf046a4948c5ba5631cdefe
187f475424d1406a8ea7e10ccd1f13ee,4.1158624,85e7ea30890b456084b8e85c299c8649
69705e3d3da0436881b25f42d2a6f102,4.1087985,4d708e5878784386a42c2f436d2d60f0
fa54265caebc408591476e98de422b10,4.1000657,31b69f9501c4415e929b6af28c83f6a6
25f901ba444c47eab6b03184191a3151,4.0950556,4b748d6624144214b3d8a80b37aabde6
b1d8d95b89ff4347aa88a86b33c0e524,4.08722,c322b788813745e0aa7b592b4345d379
7dcdd31673a44edaa5df70306899ce60,4.084792,de9328bdd1b34adda74a0363ff0a52b6
7e1df8a5aabd4ab88cff299bb27c308d,4.0641,0472051dc57d43f8b9dd08df475fc4a3
63e22c9413454acc8c86fb1ec33284b7,4.0623302,a25b08e008114c9ca0266ce3e55d82bb
be220fecc0fe4c75a466c1f760eed397,3.9961069,3be388c9ab614bceb086c19f70df23c2
e750dd4744fd4421bd2387f0ec80c5aa,3.9930599,f5a6222612ef406b8f02aef87e08c476
37cf2461e5cb4c8fa0b0751436bfa69c,3.9928136,92229a391d0b418f87b32c86c42a292c
6eeb265798ed440e9feda4d09e043bf5,3.9902022,156f393f7ca046299e09d05464afa056
b2b15ac784564b17b414221232730701,3.9786909,4696c8192576454f8684954bc771aa23
f0808f396f44491a8fb26af7a42dab06,3.966194,09fc9f38fbbb4bfaa1c979ac9cc43f0b
fcd022d73a35405ab8a38d11dd06ff4e,3.9340184,c88be17376104f999b914a91aebf7220
620d85d5d0b947dfb2f0574a0d4dfe72,3.9160504,8db9e204b8b841df8fd94eff0888cdf7
e42fa7d6b7134c18be1ea6c41a504057,3.908048,650afb6a1d054e59904a1b796552eb04
b0cf2cbd50e3496996a7e649063dc127,3.8988495,8f761e1117754656ac86a3a25f241cd7
957566f2fe9f4406aa561e32617baa00,3.8583927,4aa3556b2aed469584c573868193a07a
5a9a922465d14fc6b190a50e964695f5,3.8342533,6a33c207c8b648f680dbd0e65639ef04
c6b7ad3591e84b359837e00aac91e82c,3.8069973,6a122ce1702646db918266228d48bd08
0a6d5cd06af2452ca1b3a4657d9e0767,3.7904644,d331012ecf0c40888e0ac290184f0883
8f8c730f26cb483da414fce61eb1b47b,3.7792847,a926df6d7fcf4b17b68dae6f41fbce66
899b54b766454749af73a7b5ba6ddfc9,3.7544622,eaca056cec224a30aaaed30c39f644c2
4ec7a9ba5579479e8eb75b6a39172728,3.752617,5831f5e280be4c02a09ce4588b56d7f3
8779ed6ba8014232ae6caf2ff9ef4317,3.7508886,156f393f7ca046299e09d05464afa056
1aa2b5e2dcdf4c4c954c4af1b2112143,3.7317145,e02ad4f63c8444b79a7a56fb23a4e0f1
d0dad3a420c744c3b2aaaa1604121d1f,3.7198548,e96aa0967ab94368b381354e03dc40ad
d9b3a26c8de14ab4ad2a779d31b4f01a,3.7073534,a585d23fe43f459ba86ac15645af77ff
efd4bc5be92d4f7abb7c4bd8c19423a2,3.700083,74e7db4222ca4a20811199afafa346a7
ff2339e06523437eb464f18a90d5f80d,3.6997323,ff715b4f228443e3b067c801250f3402
4a5ee7ff69a445f48974483a915d4d84,3.684252,1543a2f94aa74008914301874d98f0f5
6bfc7764438f4a6caffc2e8225f5545a,3.6725526,d331012ecf0c40888e0ac290184f0883
410b8957bc6b4370ac432ae7bddc2cd8,3.6212451,b050e9e1ef5946c297a34dda98d8f476
211c5c1ee1d042d391296b95c6c95c66,3.6136317,cc21026ff0d541909df56c5618d28518
117ba0c13f714eadbb3a6a9d0f6f3702,3.5669594,9e304a9bbc7b4c22af8025fc93757357
e9ffeaac65414a5fb9df90c528ca02f2,3.5629325,e5692bd498004d32934fbaa05af2120d
3d87a00da06642ab94224dffed6c2ef5,3.5626743,c9e2e76e631c4d0a8013d90892350e06
587c1d4811034d7d8e3ccdb4af7ddbe1,3.5596693,e25b9d9944cb4d7197efb8ffc4ff57a1
cf7564fd313c4802adfcab226cb71a73,3.5236108,965598a17b624a0f9bb1cd58595458a6
183908f894694011b40f78d80cbeb742,3.5230308,f5a6222612ef406b8f02aef87e08c476
6e50350fd3c745e6be8f38c45f9b9148,3.5188046,fe6ace599de44aa19b1773dad3658fee
6bf15791f42e4323bf626650477d9beb,3.5187232,8db9e204b8b841df8fd94eff0888cdf7
10f74d10373f4f128add836b046afcdc,3.4861455,d9fbe02f04a4469dac855f69ea6ad02a
493a9c5f51a84accb411c3f643d0fba3,3.48523,21b1ded02d7b42618592187e287835a3
8ef2aba44c3c4a85a7499fcc0cf28ff5,3.48437,e52a528036014db0a7bd54b99a310fe8
4aeb82ff294e4be9be97a1aee9698fef,3.4585733,e456afdf95e643dd926249fec4d68753
7e1f279ed0b04e478b3bd9dbc9e6a6c0,3.4435837,6a122ce1702646db918266228d48bd08
242f18b8efb7402a9e394515b5294eb5,3.4393141,d79afb377f5349a69830b2b4c7cfefcb
b3d1c6603e6a4f05bfe265607ea252ba,3.43691,e02ad4f63c8444b79a7a56fb23a4e0f1
c75f0da05246416084af6447931742bb,3.402825,650afb6a1d054e59904a1b796552eb04
a2efdf5f804f446e917399345898167f,3.401402,80948e17b5694599919e1502bfcc08f3
cb03a3e350c3487d9d636625b49d09a0,3.388788,855b3971c4a147cfb9a7c281fa6b915e
173d05df5b374e3ea0eeb958b8854299,3.379016,27eee82d7fb94b9b8b60bd3101187496
fc06ca8216b146f1811dbd89c4518c42,3.3747065,6a122ce1702646db918266228d48bd08
da548115b6564ca69d846f3ea8615b6e,3.3719614,e96aa0967ab94368b381354e03dc40ad
0d4e1854d2f24a18acc550c6afc2fda2,3.362803,0f9cc12519eb4872af7be7fe49e19f59
9abbecd3581246798ab524e018f95ab7,3.359434,31b69f9501c4415e929b6af28c83f6a6
d2e23fe1095249c4a12577fd6efe8a65,3.3593743,700f381f40ce4b039ce0df8b49fb199b
0a0ac8e04384494aa6efad6605bee67c,3.356296,cd56b9a044c24df8a7156f661cb3d9cf
3d62fd7345e249eca395731c94b53eba,3.3527863,d42996c2b67443fd9b73bba7641d4f77
6fa6aa705e9a479b9435e2367955056b,3.3523204,d6fe6f8380464e21a27fd69de27f1f57
3b065dc23322478a8128f0322c8d0678,3.3462985,8db9e204b8b841df8fd94eff0888cdf7
3a53b02d11d74f9b84a71811f607d433,3.343032,8f285540a9394706bd6ec6cda46c5058
192ea3bc5bf1479bb3255c41ff2fa9e8,3.3307188,bd2f91a9415049d980e453f94327e0ce
c0860e1ee41347ae81ca7fee69119dc2,3.321872,3257035cc77946d98bdc09e2fdd5cdae
fcaf0031ba12457ca8cd515c95fea22b,3.3198392,bade01bd83ec4b6786fd8c867ca7a090
fc0ddf22d761445da507bfd2d2d08d33,3.3136296,efdf40eee13d409c9955e5b84e4408f6
734db9fe91ae4ef4aa4f3798343785f4,3.3107522,eb513691b7a04d31ab1bc50bf343447b
f913fbb165604ca09fa3b9c547ab4d04,3.2966673,5a73e0a5c757410eb0928feed7b151c8
7de183d0b5f24efebfc15ae35f4b0fc3,3.2938333,73e7e41e8db447c09cb2363d76556c64
6f2088d6c7bc418f90e6328cd345c77a,3.2906601,00f45d57fd3c448d8cfdf3185ebae894
be9ab7f3be354f5c90bd15df7006776d,3.2484019,02cf82700b4f4773af3a14ad8eaa5270
a5188ae3f8ef46e7848bf70945078768,3.240683,21b1ded02d7b42618592187e287835a3
f8a46af09cee4fd4a9c2ffe00e109f28,3.2403786,6aaae524573f477f8fdef0b83787cbee
99370de3bbb74c12a92ca24b995d92b1,3.220559,4430d47e30904eab969c1baebca184c0
5cf8596279eb4fd1a30ceda96102ef99,3.2173562,80921378de2b4cd3a14d449688d8b079
bb5b0894b81e4a8daf1feb3b422e35a8,3.2131677,eb513691b7a04d31ab1bc50bf343447b
4cdd959af2f14b51bed3c4107c2f0405,3.204088,80921378de2b4cd3a14d449688d8b079
06dc42ee4aa4438a91f2d88754ad84cb,3.192275,650afb6a1d054e59904a1b796552eb04
4762d831f5884e25bb3eb6e73fd283fe,3.1911051,d79afb377f5349a69830b2b4c7cfefcb
503e10935d8945e8b7552e9f83309667,3.18983,efdf40eee13d409c9955e5b84e4408f6
0c915913c66d40f6b77e2491b30dfc9c,3.168818,a0fe3cd34e474c3b90662ce8ef1fcac6
9f0c4fc689014714bc3604b21f1a694c,3.1490746,6aaae524573f477f8fdef0b83787cbee
e30792faab17454587f51314a00ae69b,3.1453307,d74f6e7abeb84eedb9923dadb62f45f0
68f3223d477e4e1cbe3830412674f8f4,3.1449065,ad2b6fb945714e6792c17bd49a1066e0
91a077bae982429595e548a2859976ab,3.1349669,7ab29c5e2f05481d8a69cc479a764ee8
88769fc17b0e4f3a9736d45e131659d9,3.1331773,ad289d5052264f9c8bd0aaf9faace92e
78058b8902c5442880e64005e19e3f06,3.1326554,678725f8b914453fbc1029b7c1bc0879
8fd8f14d327f4037a26fa4bfed84f993,3.1293323,6b9b2c8f0a874bb8b6691aca6bc49565
c69f7426bfca4d959cc756572440109e,3.125642,3b13d134762445cebcdbb02b484db77b
09a86f7239984e8faf484dba2109244d,3.1140583,4a4eb12a639346b5a00557d54b51fe51
839527c5eff74e27a3dd2e5a9336cc57,3.1125743,c9628610053945f4a7998ae48cd70da3
f36820bbc65b4c6486f479be532b159c,3.1004794,cd56b9a044c24df8a7156f661cb3d9cf
ed7174d9684e4c1ab43b255543d62f86,3.0938568,b25fe3b79f714d38b3fc53e39fd84d36
4a6e09d6abf04c768a24fc91a2f17181,3.0882041,23066f7964874fd39639dbf2cb2766df
256d2577d4f940778857e3ae7fa8e965,3.0879993,58f53c379f7a4868a2ba6d91a06247d2
861d015f426f45d6bd869c91fb7aed57,3.073422,eaca056cec224a30aaaed30c39f644c2
68ea9efe09ec467b955f3960508e08de,3.0467095,23066f7964874fd39639dbf2cb2766df
75c4589bd9604a0ea1651453f58495b2,3.0449173,ecdae9f36c6a437ea72739febbf1c89c
d2ed407fe4db4fa69c57cfa4bd7d002b,3.0187428,8f761e1117754656ac86a3a25f241cd7
565907298304458f80b2f4504ee3473f,3.0162969,82b01998353e4141a7613fdc96d7b600
7138411c54ee4ddc9519ced57941eb3e,3.0116663,78b600dd53854b018f87267d268b7b1a
43a78998b5f14d87bf9883d669a9ea6e,3.0042748,d42996c2b67443fd9b73bba7641d4f77
3827fc528c674ba6b4b692725d257a11,2.9970236,1cbfb22f84454b1fb821b602e3ad11f8
b707dfaa86a540dd9c3fa75fed4a43af,2.985112,b8ca3b6144cd48208caae952e096e7ae
cd1d8e8c5cbe4d4cb0b1fbaf84bec386,2.9788826,650afb6a1d054e59904a1b796552eb04
b5712ebb3754407989fd548033fcc3d3,2.9532685,e492ff7fecf046a4948c5ba5631cdefe
aac7a2be32044f6b908b9548ab324ed4,2.9479642,a6a551a308b9442f947ea0608ae2c3fb
b9e0a43c19a04981af4a6dbf15166196,2.9446034,aa2d7a3a535243189492d4ce8e79c049
a5b36f9c26ec44639e19ecba64ad7063,2.9374623,8a77dc665d8b4d95a0b1113522f7e9c3
8a96af0f20f74b209326dd750c56a2f3,2.9373846,0ebc441d25664c91adad96b570270f07
24a298b1f7cd4f74bdd60b6e1adaac53,2.9324942,d0a840820172465f83c8480d571e7b71
96ad923a06f54d79a74431cd06b8adea,2.9312613,fb709e29755b44988bb252c87a2ce2f3
cf4d7289a12b4ebcb7b17e8b76d82342,2.9242144,ad2109663af04c549385cd2ab9b3283b
98a56450793d4447a21350dcb38b80eb,2.9015903,efdf40eee13d409c9955e5b84e4408f6
503e869546cf415ab60324f38dc8f73f,2.8658094,eaca056cec224a30aaaed30c39f644c2
69fc5af906524d06b5c47a8c984a7199,2.8647397,e27d9425c912446e947fe53c4a757375
43286efab53f465da28a9d31716d392a,2.8575134,09fc9f38fbbb4bfaa1c979ac9cc43f0b
f505e4ddc7604ec896a2bc461f2bb86f,2.8444371,d0a840820172465f83c8480d571e7b71
1bcadb1e071c4e6d82323f31e960901e,2.841444,836ec4ef8df644328ac07b7803709323
a3d947b7e3e3451bb473b1b5e22cca51,2.8384535,ad2b6fb945714e6792c17bd49a1066e0
656745a4e33546768385d4e040d0fb52,2.8366652,01690d9b08164fcabd5bf0819754f71f
6193d950669f47f9a2268d0f3a41b2fd,2.8337224,faaac88748714ce8a99413b952a1dac8
856daadbd4c24836a85731844393b1f4,2.828936,9e304a9bbc7b4c22af8025fc93757357
b627c84048a742d292cc9adc0f36f58d,2.8036072,5a68e05acea4434ba08e17e1fff00057
275a7144962641e1a6b32428d2e025ec,2.7969687,fe6ace599de44aa19b1773dad3658fee
5c6c691ff9a94d5e954977de26cd9cad,2.7948496,fb695c097d5845c282f6b30c241e8cf2
56fc3ec2992a4a609298efd89a7d3f59,2.7853456,e492ff7fecf046a4948c5ba5631cdefe
fe866322e3f94718be3a75be3975a37a,2.7778084,9b22c5cdbff44bdabd48dba008e6a3b2
0c553973fbe042a7af2110e0a2fcdddd,2.7630541,bd35571850644321b86ce4fae286ce7d
9d68d4254983475b9feb48e30494c9ae,2.7335644,66b0c8a58f444ea0aec34d9403b88a49
580c0c6a3cd6416cb6654f177ff2498a,2.7243721,9b22c5cdbff44bdabd48dba008e6a3b2
44e0859420c4441d8b2eab856c4e010a,2.723352,f0695d7e59d64941b510a3d12f801d59
7347c822edd443ed856998a70357afd0,2.7228959,8a77dc665d8b4d95a0b1113522f7e9c3
2d641fad427d4884b7624102a50d5edb,2.7202837,5a68e05acea4434ba08e17e1fff00057
38f66bccfc8b47afb357b8caa5a3f286,2.718426,691a538d2372403fad2b919b48ff5f85
38f1d87fba9e41ce91c3db2733f683f5,2.7050242,a0fe3cd34e474c3b90662ce8ef1fcac6
7f2876c8100e4b68a311343853ebb177,2.7018082,19c9ac7b84df472c85ed6cf5a05fbbc6
dcaf50ce32524dee92c4fe00de88a3ab,2.696285,a585d23fe43f459ba86ac15645af77ff
c0f5519b1d3842a68611736d9c0e5c9e,2.6921964,01690d9b08164fcabd5bf0819754f71f
53487bcf5c684dd2ba470bf89947f7d2,2.6881344,5971501b0e8b4ef5b203c3985d7f5e88
72679574292b4dcba4cd8bf82996bc5f,2.6872103,64f1d63a671d441d9663a783f632f794
11626770763040b882ab69e58caa67bb,2.6824722,903360099fb644b6b88c6edac88eecb2
d1fafb5d71ba42229f870ebc99263d20,2.6797233,836ec4ef8df644328ac07b7803709323
0b887e10733b4259bd5c30a1c724ff50,2.6672244,fb695c097d5845c282f6b30c241e8cf2
e63f3979515d466faa902d724344014e,2.6605277,b050e9e1ef5946c297a34dda98d8f476
132d0c20f3274e85bec13d5c38962750,2.6571226,8a77dc665d8b4d95a0b1113522f7e9c3
0affea27dfd242bda2130ad14ef28bb9,2.6451433,903360099fb644b6b88c6edac88eecb2
aba310b256004f63a3f3225cc1b813dc,2.6296096,4ad7e2502210436f9ca5735fdf7e50c3
712e2f3a807b4a8fa67e7bc78a2b5da6,2.6181235,b2be859ca8f24cda86821d5383edbc18
ec892733179f48d7b907594ba63d8431,2.5991244,d79afb377f5349a69830b2b4c7cfefcb
2b50f012261b4b2ba6b92ef109d17277,2.5884151,b25fe3b79f714d38b3fc53e39fd84d36
d8b0fd7f373b467f8a214ebf710b5469,2.5826814,89e43b092c844b5886a93091a22c894a
8e57d7771c084620b4bc95981a394b34,2.5807526,4aa3556b2aed469584c573868193a07a
ced8e3adb0484f249ac865052953d5b6,2.5752616,58db4c3a26c84fa68d81235d078208bc
405e667675254ffdb3e8cb25813e586a,2.575003,e456afdf95e643dd926249fec4d68753
844cc162c90c4ad0bf5be9750450f4f7,2.5619323,89e43b092c844b5886a93091a22c894a
b19ea3eefb454edd861821b7164f50e0,2.5602345,ad2b6fb945714e6792c17bd49a1066e0
74ee886c358c466b93e307e28af9d52e,2.5551858,7cd1db4b50dd41e6b2f3dd15fcab3b89
a5d2be317fc24e528df576140c0a3849,2.5489082,1543a2f94aa74008914301874d98f0f5
64ecc00623a647a7854cf8236452c556,2.5253828,e039a00eae414ebbb2205b011ac127cf
1c3bb67f3f4d455b86905cf93be96fe2,2.5251973,85e7ea30890b456084b8e85c299c8649
c8d0d1f2df5c4b2a8eecdd2acc610a85,2.522992,e25b9d9944cb4d7197efb8ffc4ff57a1
6b56add8c1e8488e9e85c4085e0cadc9,2.5199723,d443e0c5017d48d1b3f86bf4da959ed5
0c6306c2d9c64af7a28d5fd434ba9b19,2.5081801,6b9b2c8f0a874bb8b6691aca6bc49565
00bc1d895118471ea04c2ee6a3ef3f22,2.506095,156f393f7ca046299e09d05464afa056
e248745a536e4547b843917beb8bc3ea,2.504705,cc21026ff0d541909df56c5618d28518
f856e536fb204df3b9d9dcffebf3085f,2.4974883,88dc23909eb4415aa39b96cc3a4c2926
b34eaaea52614dfe82c2df09e4121948,2.4811652,8a77dc665d8b4d95a0b1113522f7e9c3
239190927a44453bb33c24a550d70b96,2.4694505,c26f5e7dcc8149f18f3d719bba9ae717
1e91957d9e7b4a2d9a469c627d2b37c0,2.4647684,cb85047b65f8468aa02744c28c075dbd
d3b5dd91af4f4e17a5b26bd5058f3dd5,2.4635978,c26f5e7dcc8149f18f3d719bba9ae717
33d76c41516a4e5aa8c5b3b16cc6c6f7,2.4616497,e7d6747e8c8b4ebcb665e232240daf17
4eef43c568d642d0b7a75932102cd2f8,2.4579558,8aadcf7251724cc6858dc0db44abebe3
7119bcd6ffec46a3b428819c202e431e,2.456652,257aed6ca7a44f1cb5c664beb1be527b
a16486024d12452a9c7a4d88c7fc5efa,2.4525943,6c74bedaa406493a99988c5b8a47b704
d2eed3a46ce744eab6ced2424b2593b2,2.4518182,d331012ecf0c40888e0ac290184f0883
b5ac47314a344318be396fd6fdef8239,2.4505439,6aba5a04ef8742a39d3a61644a5f0729
e449398fb3714ef39cfae0e60e4b3fd1,2.4496224,34b71675a1ae442395b6eb1f3eda23df
0785e71626c6454dadadc8359e1f696a,2.448758,640f3bd184b7425fb22cc7773b8b2244
06cec2d499d345bc9c033032d765acb3,2.417205,779d7c2bad1940c8a861451964e1ce01
278a6d1334d949ac865e60b6199bf59d,2.4121792,a926df6d7fcf4b17b68dae6f41fbce66
1f4946d6701f4d75b1b71b16833299d1,2.4026175,3be388c9ab614bceb086c19f70df23c2
d783d92ce7464edd930cf3e6a5a3ec9e,2.4017344,5a26ae7959494fef99542e9b2004fd11
be7a669164c1423c8ebd0ba23ce48329,2.4005246,e52a528036014db0a7bd54b99a310fe8
f854f94037cd4d678dad33c5ee4d0dae,2.3940353,5a68e05acea4434ba08e17e1fff00057
ae5e0ee1d17e4fb0839e3d41295a5479,2.380812,903360099fb644b6b88c6edac88eecb2
58c7b41f2b3b4984aa23beaa1382b4f3,2.374188,e7d6747e8c8b4ebcb665e232240daf17
d65ec9584a074f8494467734378fc499,2.366633,d0a840820172465f83c8480d571e7b71
55af16e0058942008349107e8a2e1845,2.3666046,d4cd0b56b6f54e08aec8ebfdb6122c5c
128de5daa04242e7b0c9eca5277071bd,2.3631718,85e7ea30890b456084b8e85c299c8649
8f46f1c9e7dc4f0184c02d6fef8f3708,2.3614612,b4150337314e40fb9e3ebb24514504a3
9146bc8522804996b5984ed63944edb7,2.3579128,01690d9b08164fcabd5bf0819754f71f
ef4b6d47c51c4527a80e52519f3c872b,2.3542502,691a538d2372403fad2b919b48ff5f85
8195fb97514a48a7a6eddc58be5d8f37,2.350735,691acac4a54d450697afb2c2dc4fca09
70eae43486ba469e9dcabff502a498ba,2.3496153,11ec23965d2941d0817082107996ebbb
a1cb97ab677f48d0b81dedd497512989,2.3481202,a926df6d7fcf4b17b68dae6f41fbce66
e212caf6ce0045358ab77835c78ae98a,2.3449495,7ce06191f1114b4c8a00609f6867761f
41d559a45180411298adc4fbea7618ca,2.339299,de9328bdd1b34adda74a0363ff0a52b6
136549c15f3f468ab2ced44ab70b0539,2.3320496,d74f6e7abeb84eedb9923dadb62f45f0
66c69be4b87942098f652198c91df0bd,2.320455,77ac5eb4b3054ca68e2b0dcbd5473fd1
d7f295b3018e494d84b29f498ac03fa5,2.320395,46bfd7af0ed6491fa621350963d11e35
fbf3e9aa77924f2397522f3e54f91d54,2.3191645,836ec4ef8df644328ac07b7803709323
669388a30d174fa48b59092d2b8770cc,2.3144486,a25b08e008114c9ca0266ce3e55d82bb
bacf4a682b8743f48776deb535f64eef,2.3066657,00f45d57fd3c448d8cfdf3185ebae894
0f836960df064e7c96c2a78d865fd458,2.3051255,bab3bdc133384798b558f8fb6466a7fa
98f802980f7641f39a841cd8697c5ea8,2.3044255,9170e0bb8fe44b309f83293808d871fe
63e06c0c69054bdd8c2690539549d9cf,2.3024259,37337ebec05640b890e4b9612776c32b
977e35ba2148438f8189a592de1705c0,2.2937267,e7d6747e8c8b4ebcb665e232240daf17
179de20d4413414c92aa7828d5950f5d,2.266949,5a26ae7959494fef99542e9b2004fd11
a904fb4b818843aebcf6c526facb5089,2.2667108,8a77dc665d8b4d95a0b1113522f7e9c3
ccf605a5ad9c406f9876e141954e5e80,2.2630372,903360099fb644b6b88c6edac88eecb2
7975ca7b6008414e8bab9d135c53eb59,2.2572608,a926df6d7fcf4b17b68dae6f41fbce66
ae8dce8e4fd84a42916e2a2ea4ab7c38,2.2474387,fb709e29755b44988bb252c87a2ce2f3
ee6aeba966504751952213ca4d85796e,2.2406695,3b13d134762445cebcdbb02b484db77b
3464f002cd954218836b9014bcd0c620,2.240441,5a26ae7959494fef99542e9b2004fd11
01175ef138e24ed7b74c8c8ec2ad8abf,2.237949,fb709e29755b44988bb252c87a2ce2f3
1c017d16176a48e9a899ed772d5ff4d9,2.2314084,1543a2f94aa74008914301874d98f0f5
7320e14823a54b30b0a3fa3f42a01ffd,2.2241218,1f8c0f02984e4139bf8043e57497fdb2
f5a036940f0b4b219a4903d8efd2cac0,2.2218845,5831f5e280be4c02a09ce4588b56d7f3
567cb2c4e6b4417c89be6420cffff826,2.215414,4aa3556b2aed469584c573868193a07a
5d204449172f48b1b51ca2ed9308b6d6,2.2139175,11ec23965d2941d0817082107996ebbb
46d21d8ab5eb41a080233ba04192b3f6,2.209846,d576e334105247369362b05a375e88cd
9d91a50f84cd42d999f13adae10c4a0c,2.2080796,bab3bdc133384798b558f8fb6466a7fa
ec6e7c2e584c4bd09dc91d1729c2c90a,2.1994863,89597084b19c4902b073a2c6c6622456
b4d2f62738d84adba1b5809481bab602,2.1951513,fe6ace599de44aa19b1773dad3658fee
8278ffeb4f7e4854a015f434887473a4,2.194152,700f381f40ce4b039ce0df8b49fb199b
bb1d29d38bf146d882c0237285e635b6,2.186933,a4cad92644614f78bded3ca6d6023473
126cac1063d947f1b6b54ce7d54f2c68,2.1842966,e96aa0967ab94368b381354e03dc40ad
8dfd5233498c4be2b88b2b71cf67ed64,2.1791835,11ec23965d2941d0817082107996ebbb
44ed303d7bde4629ae56239936f499ec,2.1720688,1af4472b38cc4304841b2f1720075c9d
d52a218e156e461f8d5f05a8a136988b,2.1695957,89597084b19c4902b073a2c6c6622456
8585971b042846729be0531195bb8d5c,2.158916,3b13d134762445cebcdbb02b484db77b
f09f284b59c6475baacb67116020c617,2.1511476,9ff95d23c3284d31ba5e398afa520649
700d97396d164429817cb71d0e1b313f,2.1288323,f9fae977af2c4f35b29400f31267e170
56c2b163d79149048fcdf4e0f9d5598b,2.1263998,64fa5ce839ef406b9bc8a1b2f05094c7
299ada2bc5ef4534ad5e0b1b7d10e457,2.1222692,e02ad4f63c8444b79a7a56fb23a4e0f1
6c846ec45b5646b6b0d1dfce66fb8328,2.1210794,1cbfb22f84454b1fb821b602e3ad11f8
d52b00145e914e48aa1e81cc1b399901,2.120372,cc21026ff0d541909df56c5618d28518
42ce4e0d59764cd5a98455e34790c44c,2.1178968,a6a551a308b9442f947ea0608ae2c3fb
dd893f1f0cc94ae188e1501db4638010,2.1160986,b4150337314e40fb9e3ebb24514504a3
5466e5423228429ca4afb7578e83a4f3,2.1053143,fe6ace599de44aa19b1773dad3658fee
654c2ffb9ccf4c1a9a3f865902e7b683,2.0957286,fe6ace599de44aa19b1773dad3658fee
83be35bfce854dc48152629a9841375d,2.0942261,c88be17376104f999b914a91aebf7220
f2d238ecc2d34c4583220abec4d75ba2,2.092769,057164cf4aab45ebbefef3409359cfb1
8a53841d512741f5ac2d49f75a83780a,2.089708,bab3bdc133384798b558f8fb6466a7fa
360cbc8189604ca7bed1d03379488753,2.0892951,eaca056cec224a30aaaed30c39f644c2
c2732f3b888345afb3c5116a10cd9896,2.088326,e27d9425c912446e947fe53c4a757375
1c72a6a5b70a4bf08702aba29a63ead5,2.0868123,650afb6a1d054e59904a1b796552eb04
537772e1a2c849b2bcc68c362d5c2c16,2.084594,d0a840820172465f83c8480d571e7b71
7798dea58b5a4389aca581f8efc4b17d,2.0766997,c322b788813745e0aa7b592b4345d379
6e651760ac2e4377abd5ff9ac4b8c9f0,2.0760794,d9fbe02f04a4469dac855f69ea6ad02a
37c0ed56957944cd874df80d82afca79,2.0734599,6aaae524573f477f8fdef0b83787cbee
e7484e33c0004b31996c7062d82f4819,2.0643523,678725f8b914453fbc1029b7c1bc0879
4862c9b0d8ae46eb8831a66a01eeb02f,2.063303,b050e9e1ef5946c297a34dda98d8f476
bb53d0593f034d19b5b20210035e1058,2.0630338,f11f1682b5924181b047d757d3e20964
f17e080b2680401da91c350fa7e9cfa1,2.058271,fb695c097d5845c282f6b30c241e8cf2
5db16d2af83a479d85d0755051ccebb6,2.0381472,b25fe3b79f714d38b3fc53e39fd84d36
64c90aaee7904b2ab8098f0dfe8cd516,2.037931,d576e334105247369362b05a375e88cd
ddb7ffce794746d1bcc1cbc3747fcac4,2.0285072,11ec23965d2941d0817082107996ebbb
50d0942bfc7540f2b61af337707d303b,2.0232456,4430d47e30904eab969c1baebca184c0
3bcea4af010844979851dffe0c194e96,2.0176091,0ebc441d25664c91adad96b570270f07
9894b55999bc4793bee78babf6df12bd,2.0069442,09fc9f38fbbb4bfaa1c979ac9cc43f0b
f185dd7af4814c9e83eb8e679837ee60,2.0033453,4430d47e30904eab969c1baebca184c0
5a9a908d748e4c2eb30cdf4a450e189a,2.0023994,cb85047b65f8468aa02744c28c075dbd
0efa7128e7d54bb098c98a8d23fa4d55,2.0019183,aa2d7a3a535243189492d4ce8e79c049
0d0b25a05a4148d2b15c4f2ac11010e6,1.9839106,b050e9e1ef5946c297a34dda98d8f476
34bf626d6a87427281f80c0938fe0278,1.9837518,7ce06191f1114b4c8a00609f6867761f
b2bd065cdfc748af858a6b41f0be933c,1.9783608,31b69f9501c4415e929b6af28c83f6a6
a34c38121a3948f8949f49df67186c78,1.974636,92229a391d0b418f87b32c86c42a292c
4e48af3f82274b30b4ec6ec1533e2840,1.9721596,58db4c3a26c84fa68d81235d078208bc
0f94bc21c14143a9aa839de2e99bdecd,1.9596221,7ce06191f1114b4c8a00609f6867761f
d30d31b8272b4fd0ad8156bc69d4ddf5,1.958963,d42996c2b67443fd9b73bba7641d4f77
21160fabb87f4b0fb849c04438771115,1.9568462,1af4472b38cc4304841b2f1720075c9d
a9a64390a549402a87d7334ff62aa560,1.9561244,73e7e41e8db447c09cb2363d76556c64
390b32b86ff0424dbb5e9e0d988dd09c,1.9552441,9303b9f7f4984b2dac8aeba8c8da8ef6
19c57283f04a4c338b9625f43642f886,1.9548205,d576e334105247369362b05a375e88cd
432fd48d8c1946838e62f7912527deae,1.9419007,7c1e02f3ab614e539ac901e5cd3c92d8
8ffbcfeb411843b2bd6e513ae284b232,1.93982,00f45d57fd3c448d8cfdf3185ebae894
010b4030f3e24d059d9e4d37cbd1963a,1.9378986,66b0c8a58f444ea0aec34d9403b88a49
0d995ee72a0b43739f37e5962dd6c907,1.9336652,0302e7dde9074dddbbbdf85e9be57901
9993c4c8576c4a6cbb5cd12592fe9e72,1.9251419,11ec23965d2941d0817082107996ebbb
ad251b857ef3422398c3c3aa91f9c632,1.9192784,c26f5e7dcc8149f18f3d719bba9ae717
901288a03fde4b628e2efc51f9ec6f0e,1.91713,257aed6ca7a44f1cb5c664beb1be527b
38b738aa374d42a1b20afa63ccfcfd62,1.912356,01e805bb5a1845a7addf86fe9bc8d814
780486c1076b4c48a2e7b01053d328cf,1.9119946,46bfd7af0ed6491fa621350963d11e35
b7734f7f37a349c491b96e42059f61dd,1.905493,bab3bdc133384798b558f8fb6466a7fa
8819510944174ce28e7b0d3e9d8c9fe3,1.9012868,691acac4a54d450697afb2c2dc4fca09
1f4dd46f7d93406e9b1fd33e5a2a4158,1.8996606,a1d8cb16dafd4126922f985021e93631
d02c0b31ac9a428fb46248742eb502fa,1.8975424,e7d6747e8c8b4ebcb665e232240daf17
2952ebe55f624860922615014214deb1,1.8957156,88dc23909eb4415aa39b96cc3a4c2926
1f314e6f401c4bcb95f97316f5aceb0a,1.8928536,2425086d8eaf44d2a9519f0e4e6b289a
987dc1b016fe4664902db31211a59bd9,1.8919413,efdf40eee13d409c9955e5b84e4408f6
89b0d50305744a53bf5c6cabc6f94b08,1.8913152,d27cfea4da8f445fb4e3c55e53c6482c
f83685b1d7eb4bb2912f5e7358584feb,1.8867743,691a538d2372403fad2b919b48ff5f85
2b87269c561444308fce933186cf6042,1.8843018,0ebc441d25664c91adad96b570270f07
62550b8ddf604cfba4e092fbead3bc1f,1.8815798,34b71675a1ae442395b6eb1f3eda23df
aa8510751ea1474a90449f0bf668c26a,1.8784215,691acac4a54d450697afb2c2dc4fca09
a89278348142457886434482fa366f57,1.8775481,e25b9d9944cb4d7197efb8ffc4ff57a1
0c2f43def73f4f3a89a64828f97dde43,1.8773514,a6a551a308b9442f947ea0608ae2c3fb
50b607a9b5e540148f9155693795e5d8,1.8759786,3257035cc77946d98bdc09e2fdd5cdae
7216fa39e2414501a8f87ddb54a3133b,1.872196,fb709e29755b44988bb252c87a2ce2f3
6d86d0062e7c4ab1a1c263fe7418697f,1.870442,e336d113184c4ebdbad7aa2b6ec64640
b386bdd20171436f9c420013263490da,1.8699054,78b600dd53854b018f87267d268b7b1a
211bbe2f818640a39e55304483f7aee1,1.8697594,691a538d2372403fad2b919b48ff5f85
7c44128ff20b427f8ee22047fba9882b,1.8640463,1f8c0f02984e4139bf8043e57497fdb2
35129a42bebe41de95138c15b348926d,1.8640039,7ac9c94011924c09b47f9640211885a2
4b6eb18ba8244091a7dab36a9dd58d87,1.8596344,f5a6222612ef406b8f02aef87e08c476
1008087cab8f407eb2cd44e6c79658c7,1.8555658,d576e334105247369362b05a375e88cd
f023a1ec2a5e4947a0c66be38c5f67b2,1.8552091,7ac9c94011924c09b47f9640211885a2
1db0071ef86044f094e7faa2720a4ca4,1.8548014,d331012ecf0c40888e0ac290184f0883
78806c5668cd4a01a34eaa549dbc4021,1.853185,d79afb377f5349a69830b2b4c7cfefcb
06bf7c8951c64f95bec0eb20b232e5bd,1.845912,e039a00eae414ebbb2205b011ac127cf
b4aed3fb5b3f491b99ace5c051b75eab,1.8443195,7ac9c94011924c09b47f9640211885a2
9ecd5b6acb6a4d10899c3464d4929105,1.8442838,8f285540a9394706bd6ec6cda46c5058
cb30b65c95af402290d013cc19a01632,1.8441513,0ebc441d25664c91adad96b570270f07
932fad47da6c474ebd763a0249ad22cd,1.8405017,f9fae977af2c4f35b29400f31267e170
a95afea2e8ff4cedb3e0f1aedf6efb9f,1.8395553,e02ad4f63c8444b79a7a56fb23a4e0f1
6728135560274c459d26043145918a59,1.8317299,ed9b10a2879742628fce003076ef9024
56db49f870bb49eaac223bc725d79f26,1.8274546,17cc6768c9d14388b7455fea0060b62c
f1f565a6c118448aaf377cc5c5ec0abe,1.8234715,1d47a696eae94bd29f215a4787b27d8a
5ccfffd900a1434dae33727030983cc8,1.8219337,75b0bd2240a54f6fb45bf95ca43ab5e6
cceea5a23ce7472b9023735952df0ed8,1.8125427,6c74bedaa406493a99988c5b8a47b704
dd86feab056c4c7daa68ee078e171302,1.8084942,8db9e204b8b841df8fd94eff0888cdf7
86c05c3d7552474dbf8eb503035b96b4,1.8060752,80921378de2b4cd3a14d449688d8b079
61353a38c7e14c49ad888ed8da7d282b,1.8059021,ed9b10a2879742628fce003076ef9024
91467c6be29e4dd4bf681cc05803d081,1.8047612,c88be17376104f999b914a91aebf7220
fa4aad3a76ce4c019895b7d73d8b496d,1.801471,e5692bd498004d32934fbaa05af2120d
27b747520a594968b11704d54233d20e,1.7993306,e7d6747e8c8b4ebcb665e232240daf17
1ab3ed9b9a4d45cc81fcf7e200bdee0f,1.798354,ff715b4f228443e3b067c801250f3402
4593972edeb84fe49e5ad1058e0d8d35,1.7950298,bf59502a233e4b5eaff9cfa3a992c387
206c38136fda4bdb97f8087fab551d1a,1.7898633,e27d9425c912446e947fe53c4a757375
6cf7328bcc2c487e8e43953245e0f4af,1.7883172,0302e7dde9074dddbbbdf85e9be57901
23dfaadbd50c422b9ff80be549a47391,1.7777882,cc21026ff0d541909df56c5618d28518
75bd7834bfba42a0824a1918cd04b829,1.7719158,c8b9a0ac7c214a449c434aabdf6ef770
58556ab04cfc4acf9ea2865485923949,1.7703209,630edd9b8f754b5dbd36cfbbd03ccb51
d7cad8025bcb4868a7196c152770ab3d,1.765985,fd51f3eef1a64d9a93652be481bde32e
2f0bcda66cd34231b3a3822dd57f7f2c,1.7607422,65664fb3aad341fab563409d91dddd2d
75a44d8541fc4f6db502671300b2ea97,1.7603531,fd51f3eef1a64d9a93652be481bde32e
506892256fe04ccdae8ffa97993fb582,1.7595694,691acac4a54d450697afb2c2dc4fca09
e0d2814553f94dafaa11cc4de14b94db,1.7529038,bf59502a233e4b5eaff9cfa3a992c387
f23847f4eab34d3ba19bf1dccbc32306,1.7508817,66b0c8a58f444ea0aec34d9403b88a49
7b5adbd82a584ff6b6e23b89956dd6f2,1.74933,bd35571850644321b86ce4fae286ce7d
1252c75b04024238b04ae25eb65cf090,1.7463665,6a122ce1702646db918266228d48bd08
4dbe9a58e3cb490eab62a2bab47d13eb,1.7448868,e27d9425c912446e947fe53c4a757375
d2d96f2a42674dfbab3101abbce904dd,1.7430385,a0fe3cd34e474c3b90662ce8ef1fcac6
4d211e99c4d0455980e9ab87c212c2d5,1.7395867,2a9658410614443d8a27ef174f61d6e8
662c1dace3274fb79254a1e59f299ccc,1.7388163,7a4c413f5c844796bd5ffed2b65f0336
2c5bf4d606bc4435af0045f6c269d043,1.7354099,7ab29c5e2f05481d8a69cc479a764ee8
d64dd5997016472488972a82c8d2148f,1.733449,b25fe3b79f714d38b3fc53e39fd84d36
6b4034f8415244f88296cacd28edca37,1.7323091,8a77dc665d8b4d95a0b1113522f7e9c3
65add58592564636a49ae7417f79e9ca,1.7278392,b8ca3b6144cd48208caae952e096e7ae
0effebf3021a4263bb46281f2fb33987,1.7193604,dc58564d0c8540bea4f3e2e3696deae8
55f19079097043d4b29cd2c08fb960c5,1.7147521,58db4c3a26c84fa68d81235d078208bc
e263f6646da54395823572d53a7be6e9,1.7130332,58db4c3a26c84fa68d81235d078208bc
00306589ab9241cfb569f6b85c0e2843,1.7029263,7ce06191f1114b4c8a00609f6867761f
12b4b13d49b64b55ae65fe00960c4711,1.6976546,6a33c207c8b648f680dbd0e65639ef04
57c53927cc0942b7a012edd211993b5f,1.6946365,27eee82d7fb94b9b8b60bd3101187496
f7968b9dc2674ffd888bfbc7a86342d6,1.6899742,1543a2f94aa74008914301874d98f0f5
26ee506b01f6447f8db3592bd80ed39e,1.6870762,78b600dd53854b018f87267d268b7b1a
4c35694f60f94daa9e2cb35e66d8031f,1.6850299,f11f1682b5924181b047d757d3e20964
7e211c9e52254e199e0deca74afcc524,1.6844398,bd2f91a9415049d980e453f94327e0ce
67a610b0590e4dc98c6ad2de2c47446b,1.6796012,64fa5ce839ef406b9bc8a1b2f05094c7
727185eb6c4b40c7826be433f5a5d627,1.6569469,23066f7964874fd39639dbf2cb2766df
b6406f4769234ae7828d1f1011448739,1.6543869,b25fe3b79f714d38b3fc53e39fd84d36
a3b8ab612b544a76bfa18fd8d3c06621,1.6535865,d79afb377f5349a69830b2b4c7cfefcb
7f23a0de3d6649fbaa67cb1b2dae2289,1.6469603,ff715b4f228443e3b067c801250f3402
c6654e244a00404a84d2f9314a7c6bd6,1.6378515,6aaae524573f477f8fdef0b83787cbee
2fd5284523f24eb1bae1d9e857c61d4a,1.6346503,ff218cc7835d4b5ba0de22792319050a
c674a30eca94429c91ef5e7bfd2d9f24,1.6333768,c322b788813745e0aa7b592b4345d379
06706b7f76a3492e8e814546d9bcefab,1.6300753,d981f2c67f764e0c84af125b563958e9
07c0659266c446b4b413362a241214b2,1.6240135,e7d6747e8c8b4ebcb665e232240daf17
84e237a5da704cc28748ceb897b709a3,1.617403,11ec23965d2941d0817082107996ebbb
bfd8d22a1f9a42a28b2a78c5e4323725,1.6170852,f615619defc4402b82845090c238e597
5ea4394d43e44b219a8390a0b54d2982,1.615981,46ba0b979a664c7cb0c315c4cde6ac86
f33800b2fc5d43febcbee5156e729a2c,1.6148006,ff218cc7835d4b5ba0de22792319050a
87097861fe6e492abd016be0dba27ec9,1.6131492,9e304a9bbc7b4c22af8025fc93757357
2d78b8e319a04caba78f81308c489ad0,1.6071968,5a26ae7959494fef99542e9b2004fd11
77e2cfc79eee4e1b91f93386b436bd31,1.6071514,5a8cc5ff28fb4359afc7e9fcbf3bce55
d2b5f8ef9a8a42058f879a4e41d8d02c,1.6055471,b050e9e1ef5946c297a34dda98d8f476
c0e006372bab471897981e28cf25f546,1.6023797,d4cd0b56b6f54e08aec8ebfdb6122c5c
b32a35611f6b4eef9cfd102e5e72766a,1.6004355,b2be859ca8f24cda86821d5383edbc18
54189dfe90d2466b990b9dd0c5484606,1.5970678,89e43b092c844b5886a93091a22c894a
4810807024104aebb9028b6d53c9ed44,1.5894027,77ac5eb4b3054ca68e2b0dcbd5473fd1
52f16fa757624404b9d43dfe2885697b,1.5845325,09fc9f38fbbb4bfaa1c979ac9cc43f0b
cde31d7f76684d62b17e619c0f1e98d1,1.580967,b8ca3b6144cd48208caae952e096e7ae
c5487b5f9cec423b8ea3117173949a1c,1.5782846,0472051dc57d43f8b9dd08df475fc4a3
a30d8464e03848a8b72421c107f22fd5,1.5773503,d9fbe02f04a4469dac855f69ea6ad02a
48ac74f9b05a4b4da78a5f6497555631,1.5760679,a0fe3cd34e474c3b90662ce8ef1fcac6
0111c90ac0ad4280b5cbf6b56c2d2150,1.5728803,e7d6747e8c8b4ebcb665e232240daf17
0b7bef4f00bf42b0ac6d5e824b04daa3,1.5687413,903360099fb644b6b88c6edac88eecb2
43584afca09c4071adba01dad786c329,1.5674617,e492ff7fecf046a4948c5ba5631cdefe
7b77d3c7e5fe4d2abc10ed7f00ad4e1f,1.5604793,ec281224f8ee419ebde676f291672aea
fdc1732f54e34300bc77d7b4c38ec31b,1.5592623,77a8b27acb0e4600bb6ff974eabc269c
8afe31852af94133a8a0e21f4b27e5d1,1.554186,37337ebec05640b890e4b9612776c32b
57a0a47943824bb28d5faf9fe31ee787,1.5535765,9e304a9bbc7b4c22af8025fc93757357
de06cda8b2974e1faea48a81f0d71342,1.5432467,6b9b2c8f0a874bb8b6691aca6bc49565
8db2bf7ef1ed4e16b8f31fc7a9ad0e9e,1.5408728,fe6ace599de44aa19b1773dad3658fee
45d15e5e49574f79bb6a3116fc761b83,1.5399126,369fe18b94f54c98b554fd22b4a3b50b
6e6870a557a147a9acc900ab380040fb,1.5384297,e25b9d9944cb4d7197efb8ffc4ff57a1
ef7e074ee0664115b08c5b98bc09f83e,1.5351547,efdf40eee13d409c9955e5b84e4408f6
064ec184b18e48e18255745eb01a80f5,1.5342298,640f3bd184b7425fb22cc7773b8b2244
1db04d4304ab44b5a063f18b9037c0da,1.5332302,02cf82700b4f4773af3a14ad8eaa5270
2c379dfb72da44e9988beb15638fc7db,1.5234381,6a33c207c8b648f680dbd0e65639ef04
0f51f0e1827243a380a392150248b877,1.5230795,bd35571850644321b86ce4fae286ce7d
ff0622832e0e48519d375778af4f60c3,1.5124284,7ab29c5e2f05481d8a69cc479a764ee8
b8355f6877f04cf583abef8dbf343f61,1.5103469,a6a551a308b9442f947ea0608ae2c3fb
c0278f41c00f4876a3c2c551dc74e70b,1.5093787,d0a840820172465f83c8480d571e7b71
234999d28bb04577a48d50f076a844a6,1.5066822,8aadcf7251724cc6858dc0db44abebe3
9d12b38606754a8ca46a62c27872e893,1.5065329,4ad7e2502210436f9ca5735fdf7e50c3
d56e8f69077e42b1aca7c99f6675c5af,1.5007732,1c97c72e076f40fcadb22b17e71beed1
eb5fe491e3474e81865751ec9f52b3ce,1.5002862,1af4472b38cc4304841b2f1720075c9d
63b43033779f4fd5ba6309fb8f1fb41e,1.4991678,7ce06191f1114b4c8a00609f6867761f
acf1a040f09440e7b67e2b901b3b1583,1.4941142,cd56b9a044c24df8a7156f661cb3d9cf
9267609a976547b19a2cc08683835f4e,1.4854307,257aed6ca7a44f1cb5c664beb1be527b
7c9553e399964910b2eb9f1c94c913b1,1.4848373,7a4c413f5c844796bd5ffed2b65f0336
e99926e33dcd4f4082308eff2e38da35,1.4824636,88dc23909eb4415aa39b96cc3a4c2926
1ca76b297f0e46b1ab22a8cd94230582,1.4822211,27eee82d7fb94b9b8b60bd3101187496
b92da6fa48d248779bf06eaba1e7a2a9,1.482134,f615619defc4402b82845090c238e597
f3c47f8050814b93a91d14f2add36403,1.470974,efdf40eee13d409c9955e5b84e4408f6
b4bfd87056ca4927b56965f9b8341f74,1.4650264,74e7db4222ca4a20811199afafa346a7
58150298bebd4a7a81085018c220ca49,1.4610754,ad289d5052264f9c8bd0aaf9faace92e
ce7e02187e74451f8fe2511db0fed0fb,1.4542912,779d7c2bad1940c8a861451964e1ce01
63d32d729061451cbc920b4066c15339,1.4499114,6c74bedaa406493a99988c5b8a47b704
eccc933299ba48deadc3fbeb6ca6ffea,1.4420668,37337ebec05640b890e4b9612776c32b
7fef3b2e0481482fb860ca2b3db02567,1.4315493,9b22c5cdbff44bdabd48dba008e6a3b2
e96f7d9a6eb04d7e9b3a01744c7f210e,1.4255633,836ec4ef8df644328ac07b7803709323
94c480de369e4fcab0aee54d6543f90b,1.4195877,630edd9b8f754b5dbd36cfbbd03ccb51
1c0be8da9cdf4be8973e0cd18f5f8ebe,1.4186423,779d7c2bad1940c8a861451964e1ce01
edf32c81fa8c41f4ba76d882cc8f88c7,1.4183509,fd51f3eef1a64d9a93652be481bde32e
5a1096197b8648d882cdd33875519404,1.4093788,ecdae9f36c6a437ea72739febbf1c89c
2f01109a00d94d2ba4736fbea4522c20,1.4087524,78b600dd53854b018f87267d268b7b1a
a5d13a0d598241769730951b2e94e7ba,1.4045761,23066f7964874fd39639dbf2cb2766df
ab6c85b8074c4edcb7f8d568b142ef98,1.4007083,1543a2f94aa74008914301874d98f0f5
f2b48599b4e942a098c9a2fb280c2525,1.4003676,7ac9c94011924c09b47f9640211885a2
d1cbea7387cd4d1bab69dbd0238bd135,1.400188,6a33c207c8b648f680dbd0e65639ef04
d7af13217f9446bc8d46c21e5d91114a,1.395319,836ec4ef8df644328ac07b7803709323
2ae6d89874964a38a8d1dadc9efeded3,1.3950251,89e43b092c844b5886a93091a22c894a
4cf01329838243b998a06d2ffab76517,1.3919091,99142f1c07cd4782814f8c970eaaa40a
89d4dbe124c14550a38f6790a02abf01,1.3896112,1fde4c9a01f84c349461083b6d0ba9ed
dd72a1cbe29f432bb51ae6342e0382e6,1.3843123,2768d411cc374a018a898f9df0ca207d
dbedff835ba847d386ac1cca87b2c7bb,1.3805344,6c74bedaa406493a99988c5b8a47b704
3a48941fe58c4afdb3ca7520eb9bd36e,1.3772624,a4cad92644614f78bded3ca6d6023473
93cfb01748a246528235d46e95b6b76d,1.3750626,23066f7964874fd39639dbf2cb2766df
0f1bdf98cdc7472282cb0375b87b3ba4,1.3714471,6aaae524573f477f8fdef0b83787cbee
db0b5c45c2954d12b90e29ab07c75dcd,1.3656038,21b1ded02d7b42618592187e287835a3
2eec5eb123e343b89370139c57a3ef13,1.359313,19c9ac7b84df472c85ed6cf5a05fbbc6
c46143f6691f4af38d4779e21a33f827,1.3557314,01690d9b08164fcabd5bf0819754f71f
08b353e1649c42d6b37c9f7179dabf6e,1.353221,d27cfea4da8f445fb4e3c55e53c6482c
9923a917ad644091bbc508d3ced20f75,1.347179,369fe18b94f54c98b554fd22b4a3b50b
16b6598102224ec59ae691c80c17f913,1.3464464,e9f055a212cd4e5e8601228c37713f35
3555001842e549e3b0aa8f30dcd11e0e,1.3453629,cd60a0fcac24465a880af7d8f921dd68
3037c91a3e5a4499827cbdaec427c82f,1.3443671,17cc6768c9d14388b7455fea0060b62c
e98cad653d89476483782ae1a239135b,1.3438942,5a8cc5ff28fb4359afc7e9fcbf3bce55
c3758e6612fe4a54ae862d91d26d805f,1.343154,d331012ecf0c40888e0ac290184f0883
82a059da201341cea6290c541e65ce5d,1.3400747,75b0bd2240a54f6fb45bf95ca43ab5e6
8315c41aab974f618fe59e445d7e6543,1.3373969,b2be859ca8f24cda86821d5383edbc18
3ce8d2e955bf406c8830f97658207859,1.335913,8f761e1117754656ac86a3a25f241cd7
040e8b18e27848cb8d0850a0dcb7a77b,1.3336959,e039a00eae414ebbb2205b011ac127cf
ffe5e5fc7adf437bba769a5d9fff5c27,1.33149,19c9ac7b84df472c85ed6cf5a05fbbc6
757730e7c0414b47ba2a3a52768cdb3e,1.3278247,630edd9b8f754b5dbd36cfbbd03ccb51
68017cd7896a412db28e47c90096b888,1.318882,d9fbe02f04a4469dac855f69ea6ad02a
7cb075d8031f47dfb9a6b37840756bcf,1.3140244,b25fe3b79f714d38b3fc53e39fd84d36
13c651889f50420d9c7adaeac0c211d8,1.3111618,d42996c2b67443fd9b73bba7641d4f77
24f0ffec89c94e20bd898e051adcbf79,1.31003,d27cfea4da8f445fb4e3c55e53c6482c
b457016349004dba8b94241ddf2b6964,1.2983732,640f3bd184b7425fb22cc7773b8b2244
2d6d2f2089614469bda4b6e9b2b33678,1.2978153,bade01bd83ec4b6786fd8c867ca7a090
b0eebd77fb114ff388e46e4f3d284b4d,1.2971989,e25b9d9944cb4d7197efb8ffc4ff57a1
ddb77e0838c941d9acdd2f02496195e2,1.2940738,e9f055a212cd4e5e8601228c37713f35
38d3a8b3543b4548ab16eca74b1ed293,1.2859296,46bfd7af0ed6491fa621350963d11e35
d6db57dd12dd48adae78eb66e24cd991,1.2786434,cb85047b65f8468aa02744c28c075dbd
24e177e9075a4c7ebd2cf154bcbf7b78,1.2760901,c9628610053945f4a7998ae48cd70da3
97c22deac29b43b8a2911e08c2aba299,1.2641271,0f9cc12519eb4872af7be7fe49e19f59
3c6017018cff435f8a15557ec2740321,1.2633722,85e7ea30890b456084b8e85c299c8649
58e273c754c742a5a7557cc56e24814f,1.2613173,b7ef0a61de0e4adf9688b2c525c9ad09
c81dd22a150c47b8b83d8439c0024f01,1.2599005,a585d23fe43f459ba86ac15645af77ff
4b39ba0bb2e54f72bf6cc4c7832b3841,1.2584195,fb709e29755b44988bb252c87a2ce2f3
c0f3c55551da4b9fa0600e0d1b9181bb,1.2518616,0472051dc57d43f8b9dd08df475fc4a3
167939f1c55740a5bd8d235691475fc4,1.2457765,11ec23965d2941d0817082107996ebbb
d51b249d11a44ae699cd4e2854b00d4a,1.2434095,4a4eb12a639346b5a00557d54b51fe51
874d46cd1753457ab2d3b62ad0f3d867,1.2286379,75b0bd2240a54f6fb45bf95ca43ab5e6
277c71d0965642b2b592f9a48534fee7,1.2208893,c8c201e25c0047a2ba9d9e8541ac0939
a10fa0e95314472f9c5d9f4695a8391c,1.2203672,74e7db4222ca4a20811199afafa346a7
2582ce6fc7d14ce6bd50980959cd305c,1.218911,cd60a0fcac24465a880af7d8f921dd68
5b6f7847212340cfb461967cbfd411f6,1.2185576,0f9cc12519eb4872af7be7fe49e19f59
b0535812250c45b497a6bad12645aca1,1.2170619,2a9658410614443d8a27ef174f61d6e8
1080188fcae241b4a5c7649114dafd64,1.2091616,5971501b0e8b4ef5b203c3985d7f5e88
7d866819a8df47fe89b41b4cbbe0ecdd,1.2070645,ecdae9f36c6a437ea72739febbf1c89c
20a91015a52d4a81bb29c195b01ed6e7,1.2042209,46ba0b979a664c7cb0c315c4cde6ac86
20017566ccc94b8982c75f9f05a8eb20,1.2036047,ecdae9f36c6a437ea72739febbf1c89c
96a221031ce64e98ba5fcdb2fb45c9f2,1.1919074,7ce06191f1114b4c8a00609f6867761f
e0fce1d752bc4668a62db48ad4b8de4a,1.1890389,80921378de2b4cd3a14d449688d8b079
4c0fd754fe344b9ba99a09a70be831df,1.1870121,f9fae977af2c4f35b29400f31267e170
982360bc10ca4c3ba78467718112babd,1.1858455,c26f5e7dcc8149f18f3d719bba9ae717
fcd13888ea3d4c2cba9cdbf3a7d2bbdd,1.1824777,b2be859ca8f24cda86821d5383edbc18
d15af016ef394763b0f876df474531e4,1.1755127,057164cf4aab45ebbefef3409359cfb1
eed22afb847c47abb46b07ec48d1b679,1.1734871,c26f5e7dcc8149f18f3d719bba9ae717
d31e037b260346c3baa01f229c4aab45,1.1684461,c26f5e7dcc8149f18f3d719bba9ae717
da88d4d5eaad4690bbe94a2165985050,1.1635724,01e805bb5a1845a7addf86fe9bc8d814
72b24b9944aa43599173c03884689224,1.1630675,95fbc6ed8bfd43c1a6bcf676e26e7f8a
01213179f19e4a5d97590bdc85be49aa,1.1629488,1cbfb22f84454b1fb821b602e3ad11f8
06435a3004794b68b31f4c445a06fe71,1.1628695,f615619defc4402b82845090c238e597
a5f7a2fd13b64df595ec85f5354fecde,1.1625836,3257035cc77946d98bdc09e2fdd5cdae
e349c885e3cf4b12898ea2f38cccf188,1.1605568,f615619defc4402b82845090c238e597
bee104c3212c473da29f1f4518f4fd7a,1.1515709,4430d47e30904eab969c1baebca184c0
f52e6b02fcbe40089962449e4b4968db,1.1423098,cd60a0fcac24465a880af7d8f921dd68
98b5731fc463498f9da6bf4beeaadc1c,1.1400678,8a77dc665d8b4d95a0b1113522f7e9c3
012773cf6c104fd8a7ded7f346c0a261,1.1370587,d981f2c67f764e0c84af125b563958e9
e90176ac18954403abf1a65c40838e23,1.1324064,bf59502a233e4b5eaff9cfa3a992c387
9aca4f5f45944250973b5a08c3fa9547,1.1193249,58db4c3a26c84fa68d81235d078208bc
17d4b37e6cf045b691ff88ff7ec2d5fa,1.1183345,85e7ea30890b456084b8e85c299c8649
91c1e818e83d4b929c7b35f910b68663,1.1157867,a25b08e008114c9ca0266ce3e55d82bb
7901d858c6e44dea8acd99a79e378956,1.1145754,fcc9863b07fc4bd5a01fab5b9160eafb
3fc67f7f85a74c5b9c118cbf60e96ca1,1.1100096,983940e0b12e4186a281c36de657406e
3391f84c6c544d63a18f7c2e8431fbe4,1.1053245,bd2f91a9415049d980e453f94327e0ce
05fadc86cab04c70ba18949f1163cea1,1.0994381,0302e7dde9074dddbbbdf85e9be57901
b187ddffdecd4cf9b139b97f1fe3695f,1.0977005,1b4e143cfc1648a5b877d7445446366a
5f9f73f06c024e65a85b3c9298c426cd,1.0972195,d4cd0b56b6f54e08aec8ebfdb6122c5c
6ef03128028e416e929a82f5c819206b,1.0945107,21b1ded02d7b42618592187e287835a3
c27914b906234330b9a6677788aab658,1.0875758,89597084b19c4902b073a2c6c6622456
972aaaac6728431b983362d505543fa0,1.0869665,80948e17b5694599919e1502bfcc08f3
49ed92caa29841ae9341d53497cb8124,1.0864252,1216ce1ef31e4643bb1222538c206342
1cab9ba05da64cb6a34b521f9b039303,1.0828255,1d47a696eae94bd29f215a4787b27d8a
c36813b8ca3e42de94bfb013ddb507ed,1.0813013,1543a2f94aa74008914301874d98f0f5
7968aaf915264497a603da45beabd178,1.0770625,5a26ae7959494fef99542e9b2004fd11
6fe5e86e29684922a7b66985a0abbe4d,1.0755092,c8b9a0ac7c214a449c434aabdf6ef770
1b136bc276a84642874e1a5427cac81f,1.0746903,e7d6747e8c8b4ebcb665e232240daf17
0fcfdcdd99c34d2f8c849839febcbeee,1.07243,9303b9f7f4984b2dac8aeba8c8da8ef6
a082e18320bf47fe8c3c9506d626862a,1.0712514,b4150337314e40fb9e3ebb24514504a3
739e45c484874024a94fec4cf8b13fba,1.065155,c9628610053945f4a7998ae48cd70da3
dace4a83a81f42048efb60a217370134,1.0616021,cb85047b65f8468aa02744c28c075dbd
9f44eb98cc5c4143a57358e733c1cb23,1.0574689,650afb6a1d054e59904a1b796552eb04
7510f4f5df754961a921d50523718ff7,1.0565717,1af4472b38cc4304841b2f1720075c9d
de89bc23ccf04f3387bf242e269f4ea3,1.0558658,c322b788813745e0aa7b592b4345d379
4d2df900c0ef4261878a1ee108ac520d,1.0547636,ec281224f8ee419ebde676f291672aea
477b5f953efb42e6a18e9428c69b0fa6,1.050057,ad2b6fb945714e6792c17bd49a1066e0
f6a57bd21bcc4009bdd07b1d8b86afa6,1.0381097,630edd9b8f754b5dbd36cfbbd03ccb51
acedb352e247418e9c82dcd73b857c82,1.036009,eaca056cec224a30aaaed30c39f644c2
2e7dec015d344fb58ce0988844becd9b,1.0344418,f5a6222612ef406b8f02aef87e08c476
70aba94871d94cf5b2d7e950982cbb8f,1.0323384,e45844e0215f4a1596a7f9ac41367c46
410190593a7f4b7e8ed63596f20c37e8,1.0323117,e5692bd498004d32934fbaa05af2120d
a1855c7563c54b5c86e2f73c5fe9f8d7,1.0181215,640f3bd184b7425fb22cc7773b8b2244
0681f461c4ad4ee699a843df5ab30607,1.0177059,dc58564d0c8540bea4f3e2e3696deae8
7cb7428e7e774e2ca33b6d9a12926311,1.0069371,23066f7964874fd39639dbf2cb2766df
b4e94218abf54b0787b1a6e1191836d3,1.0052358,e456afdf95e643dd926249fec4d68753
7fc16d6f92a847c29cf3367644e4e835,1.0019501,b8ca3b6144cd48208caae952e096e7ae
fcde1e3b91aa485688682e6fdc3c24e8,0.9998878,1d47a696eae94bd29f215a4787b27d8a
790d3e003e2545f9822873e830615360,0.99631107,ad289d5052264f9c8bd0aaf9faace92e
1c4b7fec0bd14f4d832d26dd643c4045,0.994014,92229a391d0b418f87b32c86c42a292c
429c0e9f5199454590fcd1e2560a42a7,0.992845,1af4472b38cc4304841b2f1720075c9d
e064b22a3b0a424498be0599ec51b26d,0.9873937,1b4e143cfc1648a5b877d7445446366a
63c3f37ef5c1455db7914313f0e0be1c,0.98156506,64fa5ce839ef406b9bc8a1b2f05094c7
a9b2741eb1ab4c8bab6bec840430968c,0.97742486,02cf82700b4f4773af3a14ad8eaa5270
22fbef34478f40bbbd083e12595903b4,0.97686,de9328bdd1b34adda74a0363ff0a52b6
d076d72caa2d4bff9470fe2409888904,0.97600305,88dc23909eb4415aa39b96cc3a4c2926
0de5d39510de4443a35bdbb6b6b2c2fd,0.9759579,7ce06191f1114b4c8a00609f6867761f
632f27bc9e4b4d3b84108ebd02d27c77,0.97511584,19c9ac7b84df472c85ed6cf5a05fbbc6
55f81e8022ee42b893d99d17d99a3f32,0.9723878,0302e7dde9074dddbbbdf85e9be57901
dbb7cd57e11848d399a156605f0f11c4,0.9720023,17cc6768c9d14388b7455fea0060b62c
b001beeb0d384d448ff9383afc5ad45b,0.9706266,c0cb721b56f240dabf7f464e453ef72e
c67274e9cb5b41b18336fa05f437c470,0.97011876,9ff95d23c3284d31ba5e398afa520649
8756c0e4eee54ca69baec75ff9c6f44c,0.9657079,17cc6768c9d14388b7455fea0060b62c
c12ab02c4bac4b91877f10f42eb704dc,0.9607838,3b13d134762445cebcdbb02b484db77b
3787d8d226fe43acab22bb2c72e2b1dd,0.9585394,cb85047b65f8468aa02744c28c075dbd
425fbf4deffd4fa183bfa210c296d087,0.94766617,d42996c2b67443fd9b73bba7641d4f77
fdef09f89c644db89a91442b6889f7b0,0.9433604,f615619defc4402b82845090c238e597
b30b809bfd8141fb9aab99fe056092d2,0.93906766,65664fb3aad341fab563409d91dddd2d
afb3f7ad74ad422c8162326a9647de92,0.9357758,73e7e41e8db447c09cb2363d76556c64
1724b0e2e9bc4a61a23d4f7082b1d3bc,0.9307604,ec281224f8ee419ebde676f291672aea
d51de57d4ced4566bed6fef2db5c099f,0.9280946,d42996c2b67443fd9b73bba7641d4f77
a202212d6ad9404fbc16c60a7fc73ddc,0.9272768,fb695c097d5845c282f6b30c241e8cf2
d13abb2f14514eafa77e5ef77ae45be2,0.9241742,6c74bedaa406493a99988c5b8a47b704
8058d1c206ab4268a15994fd69f5d5d0,0.91463685,1c97c72e076f40fcadb22b17e71beed1
96bc1d7521944aa9bd60c810ef28080a,0.9070774,b050e9e1ef5946c297a34dda98d8f476
13260f69234944ae8feb384dae6510ab,0.90361667,eaca056cec224a30aaaed30c39f644c2
244bf3fd283440389af52e02feb70e02,0.9004173,1cbfb22f84454b1fb821b602e3ad11f8
180f987f287248c487b83fbddc87ee09,0.8973623,17cc6768c9d14388b7455fea0060b62c
882ef5ef88af445e9dede3d98a7dd8e3,0.89692813,9b22c5cdbff44bdabd48dba008e6a3b2
af18a5f9a5aa45a191a99b4792b127c5,0.8927403,78b600dd53854b018f87267d268b7b1a
7149705cc0f243f3877d976946fcba4e,0.89167106,cd60a0fcac24465a880af7d8f921dd68
a2257482b09e449f8dc0e6a32423b610,0.8905129,faaac88748714ce8a99413b952a1dac8
5b21a17866f54dfa8e63c58219851a21,0.88398516,d981f2c67f764e0c84af125b563958e9
73ef58ddfcb54d09ac1737fdccd62d07,0.88121,9e304a9bbc7b4c22af8025fc93757357
7dda222413534a90ab8e3d686a1ba461,0.87868655,d27cfea4da8f445fb4e3c55e53c6482c
af1aeb26d52b41fea9c9af10f45c7bc3,0.8695199,7cd1db4b50dd41e6b2f3dd15fcab3b89
c67c378aa42248cfab4b61e502027a8c,0.8686564,9e304a9bbc7b4c22af8025fc93757357
e45e383a0b9844e2b5ea7eaea5eb9fea,0.85418224,156f393f7ca046299e09d05464afa056
2c2bd31efb4543d08c60180fb6fa21a2,0.85203135,1d47a696eae94bd29f215a4787b27d8a
96c624bf03614499b399bfbb431f5b98,0.84648156,6c74bedaa406493a99988c5b8a47b704
e938fc1d26e5456ba78f78d9f8514816,0.84244007,b25fe3b79f714d38b3fc53e39fd84d36
86339034705d41e685883013d2ef7d6a,0.840719,9303b9f7f4984b2dac8aeba8c8da8ef6
35280441301148638fc4b59eb169c802,0.83861667,aa2d7a3a535243189492d4ce8e79c049
b615a0420b8b49d8a7153658ccbdd788,0.8353207,aa2d7a3a535243189492d4ce8e79c049
e046c26587cb42afb43672bc7895ec22,0.83477515,9303b9f7f4984b2dac8aeba8c8da8ef6
b6564d12e54b4e09a41d57e66159df56,0.83253413,a6a551a308b9442f947ea0608ae2c3fb
790595e600c949459cfe2629a30f5371,0.83117956,4430d47e30904eab969c1baebca184c0
9d9b4852b8034985805080eb49678bc3,0.828788,a1d8cb16dafd4126922f985021e93631
78ba6aa176c7496d85a6fdee9dad62f1,0.82857573,fe6ace599de44aa19b1773dad3658fee
dd9bd5320911433f9d855d754095534b,0.8272329,4696c8192576454f8684954bc771aa23
b1c2cf26538045169885251ae1a1100c,0.8271567,7ac9c94011924c09b47f9640211885a2
55e30898427a472799115a2e014580a6,0.82300043,d74f6e7abeb84eedb9923dadb62f45f0
ca9d736b288240819d620ec83c0b3f3d,0.8189829,8f761e1117754656ac86a3a25f241cd7
a7c72b26df5e476a8a8efd1d597ead90,0.80453676,9ff95d23c3284d31ba5e398afa520649
1930e2b037404eb3b7a991849e81320f,0.79974914,21b1ded02d7b42618592187e287835a3
1a0cefb6898c48e7a91f6448d967d1ba,0.7995712,19c9ac7b84df472c85ed6cf5a05fbbc6
c76c69c650e64dab822589767532bc87,0.79681885,89e43b092c844b5886a93091a22c894a
301e127ffa514901b5840fd47f9f7e18,0.7961319,cc21026ff0d541909df56c5618d28518
6cfe829d301f463ba1bc66d1c8087b0c,0.79425454,e25b9d9944cb4d7197efb8ffc4ff57a1
9b5cafae0dc14e9ba24b5c6db5381eae,0.79381865,23066f7964874fd39639dbf2cb2766df
c40beffa8f0d4679bafb1eac1d38bd5b,0.7927168,75b0bd2240a54f6fb45bf95ca43ab5e6
13efb9d3d8904edb87940273047233f6,0.7903092,eaca056cec224a30aaaed30c39f644c2
d940c859c01449d2acaaa7b3fdf1fbe9,0.7897593,01690d9b08164fcabd5bf0819754f71f
0077d17ffb254c86a11e301042f915e4,0.7880065,0ebc441d25664c91adad96b570270f07
6776a4646460462797dc83573d630d14,0.76457024,156f393f7ca046299e09d05464afa056
9f6d414fa64347368d119235b14b5cbc,0.7645155,fb709e29755b44988bb252c87a2ce2f3
6bc08caeb482448c85c44c89c5fee7b8,0.76331794,4aa3556b2aed469584c573868193a07a
9e85ec108ce944f69e9225fd35831464,0.76293457,156f393f7ca046299e09d05464afa056
0623d83a061f449f86d03b34bcacd314,0.75768775,e456afdf95e643dd926249fec4d68753
15d3499d1d4a4168b863a75b7e0b7e8f,0.7553643,e456afdf95e643dd926249fec4d68753
de34f2e7e9ae4380a242b0f09f1716e6,0.7538223,6aaae524573f477f8fdef0b83787cbee
b256661e96a042c28b299514e4e6e4cf,0.7525717,5831f5e280be4c02a09ce4588b56d7f3
c9d40d7967754291b6d16c34879f008c,0.74800557,73e7e41e8db447c09cb2363d76556c64
47b8aa81feb6443088dc32ba9aaeca66,0.7473778,3257035cc77946d98bdc09e2fdd5cdae
75bceb302d644b309181d454dbd2b59f,0.74456495,678725f8b914453fbc1029b7c1bc0879
e09735216b1f4e3f9fd7eb54f6aa2b1a,0.741362,b7ef0a61de0e4adf9688b2c525c9ad09
315bc88bb0aa4c8d8eb55bb22f811730,0.7381203,0302e7dde9074dddbbbdf85e9be57901
020f53a16c0047f9a592ac5126da2ccd,0.73789537,4696c8192576454f8684954bc771aa23
4b984f558f9e4236b12f8875520bdebf,0.73784196,e25b9d9944cb4d7197efb8ffc4ff57a1
a90f7233ac774c298df91a6eeab11626,0.737569,d42996c2b67443fd9b73bba7641d4f77
748b2df793c94a6fa92094994cbc50c7,0.7347943,89e43b092c844b5886a93091a22c894a
56cfe84755904ae98f74d085dd2fcb7c,0.73430985,6d3c42356e3b459c919e3129ff192ac4
dff829b336b64da68408d78fc0580c38,0.72625136,e45844e0215f4a1596a7f9ac41367c46
ac7a9829a2a24b3aa81bebb2785533ef,0.72317505,8f285540a9394706bd6ec6cda46c5058
7e4c2a881ad24760b9775870c8ec426a,0.718688,f036aaf4ab714c598a0b6da4ca604136
3cb97459e3f74194b27d06def0becea3,0.71643084,c322b788813745e0aa7b592b4345d379
408a26bfd8bd41529e7fa7db94cdae03,0.7147279,d4cd0b56b6f54e08aec8ebfdb6122c5c
ade56895f4dd427b8c4477aa940dc716,0.7144065,e52a528036014db0a7bd54b99a310fe8
869ede3e68734644b841477bdcecf1e7,0.7124756,1b4e143cfc1648a5b877d7445446366a
cbb7beb8042e48aa868c13a6e2ee8a6c,0.70938617,27eee82d7fb94b9b8b60bd3101187496
01f344e8e895424eaa3251d134512cf7,0.70867103,f036aaf4ab714c598a0b6da4ca604136
fd66e1095a8d4ed89af26eb4018a0c00,0.7082468,3b13d134762445cebcdbb02b484db77b
4bb46186bb5347c793ef12b4397ebcd6,0.7073374,6a33c207c8b648f680dbd0e65639ef04
55cd7fb3f7fa410b973c972dc5f4b757,0.706472,c88be17376104f999b914a91aebf7220
ef0d69bfdc4e49acb1978167c6edf80e,0.70530117,19c9ac7b84df472c85ed6cf5a05fbbc6
ef3589381bb34e74bf3f0f4479614d70,0.70296025,1b4e143cfc1648a5b877d7445446366a
96a40dc922f94bc78c39fadb8ecbd263,0.69920355,b7ef0a61de0e4adf9688b2c525c9ad09
7438e386a6a9468fad05b2507d9194e8,0.6926507,fd51f3eef1a64d9a93652be481bde32e
4eae669b05f642a98f2ee1b828c4807d,0.6920993,fb709e29755b44988bb252c87a2ce2f3
f745ccee7e2340918079fa1ec6e0e29a,0.68546927,7ab29c5e2f05481d8a69cc479a764ee8
3d76459228604351a61361bb4e50f836,0.683629,faaac88748714ce8a99413b952a1dac8
64310259af8e430b8a9577093b411ada,0.68023396,6a122ce1702646db918266228d48bd08
fbffec6a21df44de80e049b741243c36,0.67943543,8f285540a9394706bd6ec6cda46c5058
546369a62bd740beadc07cd40b6e758e,0.6769021,a926df6d7fcf4b17b68dae6f41fbce66
e1373920ccf54979ab678e62eb165c60,0.67110676,b2be859ca8f24cda86821d5383edbc18
a2e363e09aed44868c4e51d9cce19eb3,0.6706544,c0cb721b56f240dabf7f464e453ef72e
387cfff049b44a62ad0215e9bcd6f912,0.6698323,ecdae9f36c6a437ea72739febbf1c89c
b5db665a6be74d6d917e217bae5f59b7,0.669484,21b1ded02d7b42618592187e287835a3
e7477d785b474565a0c4aea10f9060f1,0.6687763,64f1d63a671d441d9663a783f632f794
1fa5b671cd0d4cb39567f651ef001e97,0.65944916,7cd1db4b50dd41e6b2f3dd15fcab3b89
0ff31fb63a044ecba52ee62968e78be6,0.6592723,65664fb3aad341fab563409d91dddd2d
f4398da2a74044829b4f7bd0808aec82,0.6584127,6c8a24653ef04f559b88e0f27c0df63a
42755c05cebb4531bf9b3f3297150fe1,0.6583499,e039a00eae414ebbb2205b011ac127cf
7fea4bf4a0c24e2f84ca2e69e88529fe,0.65476316,e25b9d9944cb4d7197efb8ffc4ff57a1
d3e12207d56644628943a01c0cdd93ed,0.6534353,1216ce1ef31e4643bb1222538c206342
984301327f964e12a088fd8ee2361fdc,0.6534242,ecdae9f36c6a437ea72739febbf1c89c
ae244311f36c42c19709ec36d518171c,0.6501008,0472051dc57d43f8b9dd08df475fc4a3
d41cd804abf94f759a1f7e6da3cc6758,0.64922976,e456afdf95e643dd926249fec4d68753
af733079cdf649cd95e030d070b603da,0.64879584,903360099fb644b6b88c6edac88eecb2
fd45ab2e058b4b5fb374e54e60aceb48,0.6480523,b050e9e1ef5946c297a34dda98d8f476
71938515de5a4c74929e6fa8edb97420,0.6462429,c9e2e76e631c4d0a8013d90892350e06
44b833375c854450a60b5f4819e94466,0.6427816,d0a840820172465f83c8480d571e7b71
f6577f16e3764b67b1b06fc24d9379bb,0.6421148,e96aa0967ab94368b381354e03dc40ad
06dafb47baf148b9ab12caa5200a4d2c,0.62850434,58f53c379f7a4868a2ba6d91a06247d2
bc4671732d9843eaabd57d23d84f259d,0.6265014,bd35571850644321b86ce4fae286ce7d
b0f8d38771464874a4c57aa453d842ab,0.6244182,4aa3556b2aed469584c573868193a07a
78fff51240e14352b1fae67b59be4cc2,0.6232045,58f53c379f7a4868a2ba6d91a06247d2
43d1998f5950428d94f74e0f6227fc3b,0.62046486,92d5da561f5a41bf929f3555a74cd653
a72d6ed397c64fa7ad1aeb46a417fa4e,0.6195127,8a77dc665d8b4d95a0b1113522f7e9c3
6f57ca99a1e54968882b1a10aed416e5,0.60894233,6a33c207c8b648f680dbd0e65639ef04
52b9939de81d456e831c97f43e912728,0.604047,d0a840820172465f83c8480d571e7b71
6fb6a2666474414e950f94d5b467b229,0.5955398,bab3bdc133384798b558f8fb6466a7fa
8c4f8ffe681a4951928e1444bf4947d6,0.59547305,fcc9863b07fc4bd5a01fab5b9160eafb
898b757291e64b7b982221e0a86dea5d,0.59419394,e5692bd498004d32934fbaa05af2120d
53a334f932ed437db303f19b0f6ea7b4,0.59364426,99142f1c07cd4782814f8c970eaaa40a
936da7c6ee60477dab2d4d91e51a0931,0.5922804,526ab7eda50e4a239d03ad505832d61d
046c13f855904119983f73a0bdc77a34,0.5900344,9014beae94cf4f648e1663c8d5ec6803
6b5d194c37f14e5d89385ae747199cc1,0.5898807,700f381f40ce4b039ce0df8b49fb199b
1197a3e216ea459dbc822d775b701062,0.5877503,e02ad4f63c8444b79a7a56fb23a4e0f1
a030121d60a04600bb73087739ac4044,0.5873404,d981f2c67f764e0c84af125b563958e9
34dd2bcde19344c69a51099dd39f23de,0.58612686,5a68e05acea4434ba08e17e1fff00057
af93b48dee3a4f0a924c31d87144d7fc,0.58146334,b7ef0a61de0e4adf9688b2c525c9ad09
aea33ab76ea843ddb17f1196fa2875f1,0.5806058,f9fae977af2c4f35b29400f31267e170
0ff2646f55f04a5a93328204b6fa099c,0.5797741,31b69f9501c4415e929b6af28c83f6a6
9e428df718b04a159edebe604bf4ab3f,0.5796237,c8b9a0ac7c214a449c434aabdf6ef770
51e58e676c6d4b22ac3950bcd82a8417,0.57897013,fcc9863b07fc4bd5a01fab5b9160eafb
3f44a924107f4ecabdb619dac62a5931,0.5789457,5a68e05acea4434ba08e17e1fff00057
c492188137ee4adab179d07e9473fc40,0.56631255,eaca056cec224a30aaaed30c39f644c2
0aa6a9108b584bbf8d7c94f8d1ba84e3,0.5599335,691a538d2372403fad2b919b48ff5f85
eead86464fcc47c9a4330692646f0973,0.5599156,1216ce1ef31e4643bb1222538c206342
9ddc0583ec0e4cc0bbaa79c812c97afa,0.5560433,73e7e41e8db447c09cb2363d76556c64
31d3239dbec34e65a0e239ffec9138ea,0.55252093,257aed6ca7a44f1cb5c664beb1be527b
e8731d4569304e1aae79558458ad6797,0.5509324,01690d9b08164fcabd5bf0819754f71f
a22926b3ca894e6c80de0e172a46f36a,0.5505273,9170e0bb8fe44b309f83293808d871fe
ac601d55d74246afa29a020b8029c7af,0.5378007,c0cb721b56f240dabf7f464e453ef72e
8c5aff69d92e4556bbd5cfdb17a74109,0.529654,5a73e0a5c757410eb0928feed7b151c8
3cfa920b06e64cb8a5dba56671ab5d59,0.5229369,3b13d134762445cebcdbb02b484db77b
b68aafdc6e7b4188a9506c869f83ae96,0.522117,6a33c207c8b648f680dbd0e65639ef04
c294e4564fbd465e948be4cb38ab0f2d,0.52114654,d42996c2b67443fd9b73bba7641d4f77
4ce3fea9e2ab48ac805aa7b46f2cfe73,0.517023,2425086d8eaf44d2a9519f0e4e6b289a
20256e6cd14e4624979db79d84582573,0.5154439,fe6ace599de44aa19b1773dad3658fee
00a23ea3107f484f84ca76a6fb313ceb,0.5068631,e9f055a212cd4e5e8601228c37713f35
e2b08fa4040643048867ee258a43c077,0.50666153,678725f8b914453fbc1029b7c1bc0879
0b35c0eab3ef4062bc3e184951a22fa9,0.5044682,80921378de2b4cd3a14d449688d8b079
b0cc005e94e04a1da113c12dded0a882,0.5042841,691a538d2372403fad2b919b48ff5f85
7f1f5ddc758b4e929452c112c70911ba,0.50211716,7a4c413f5c844796bd5ffed2b65f0336
7736e2c1dbab4b4c904c42e51fd17759,0.5008332,640f3bd184b7425fb22cc7773b8b2244
ba6e6bd633084e56bb1f91c62afff197,0.49925032,77ac5eb4b3054ca68e2b0dcbd5473fd1
6f6fd5b2a152493e8afcb221b1b198bd,0.49613202,cc21026ff0d541909df56c5618d28518
7f8ae3801f3441f696f05e6cdd70c2fb,0.49322453,156f393f7ca046299e09d05464afa056
d18685a2ca8c4ab48ac9d9b824ce3bc7,0.4925317,983940e0b12e4186a281c36de657406e
1d79bd154afd47138f529dd6f1d52902,0.49181902,c8b9a0ac7c214a449c434aabdf6ef770
95efaf80178b4a519dbf8769d415c000,0.49175873,e492ff7fecf046a4948c5ba5631cdefe
743660b5e64e440a8607fdc79aa05544,0.49051604,bd35571850644321b86ce4fae286ce7d
64f28ab73b654d0399810c11e2dc615f,0.4900765,7ce06191f1114b4c8a00609f6867761f
64e8bc2bd44d4328bac29a1ed2e655bd,0.48945433,8aadcf7251724cc6858dc0db44abebe3
50eff679bc384b72918eba1cd77a5597,0.48555756,46bfd7af0ed6491fa621350963d11e35
d8abdab9cd7145c19d33fe76e47d0c1e,0.4844612,31b69f9501c4415e929b6af28c83f6a6
dd7aef966c97433eaa394c033bd3ed81,0.48400787,e27d9425c912446e947fe53c4a757375
3420154012cd4b5b993f16f000a9476e,0.47860703,1216ce1ef31e4643bb1222538c206342
a476d6cbc62045dc948a30c9c18327a2,0.47756234,691acac4a54d450697afb2c2dc4fca09
58f93c38cc65487492ae04fd498f436b,0.47664297,fb709e29755b44988bb252c87a2ce2f3
195aaede1fda491bbf8495b564c9d001,0.47610158,f9fae977af2c4f35b29400f31267e170
e152a0f89fe0446f998c519058feabc5,0.47554213,a0fe3cd34e474c3b90662ce8ef1fcac6
4bb93a70efe949939c13ce6a18678093,0.4731045,77a8b27acb0e4600bb6ff974eabc269c
451c5024a60b4f45afcd2f388601c16b,0.47198898,640f3bd184b7425fb22cc7773b8b2244
0ea4c68a804648959f67957d17d5a323,0.47186768,ff715b4f228443e3b067c801250f3402
545abc5f61374dd596a546e619a12ae8,0.47068274,5a73e0a5c757410eb0928feed7b151c8
4afd31c733874e938dea46b7c0843f2f,0.46925938,e52a528036014db0a7bd54b99a310fe8
09234512603c4025b0b0b863e285fb5e,0.46865538,21b1ded02d7b42618592187e287835a3
4dd9cf8a1b2348fd81e6ed73ea81c716,0.4667652,78b600dd53854b018f87267d268b7b1a
7faeecafea264aeba8271a5a540bee0b,0.4648113,1543a2f94aa74008914301874d98f0f5
b48f5f444c3140b38a8e756e57fd042c,0.46264267,9b22c5cdbff44bdabd48dba008e6a3b2
3407ed3eb6d4426bb50ced20b862de96,0.46212953,8f285540a9394706bd6ec6cda46c5058
45fc0cc071f44aa5a4f55b6521959f82,0.46030205,7a4c413f5c844796bd5ffed2b65f0336
e89166577a8e4c1d9c4025a06e1d5a24,0.45903423,a0fe3cd34e474c3b90662ce8ef1fcac6
8868c5482f844182914477066c6e3287,0.45712948,b7ef0a61de0e4adf9688b2c525c9ad09
1413507f5f8f46109e5caee2e853eae9,0.4544723,700f381f40ce4b039ce0df8b49fb199b
074732e2729c421abe906cc4077f1eae,0.45220166,369fe18b94f54c98b554fd22b4a3b50b
7409ac4ac3c944aca7a9965f2568766e,0.45159552,5971501b0e8b4ef5b203c3985d7f5e88
b7e671bfae63423bab3fb47c46a0b0b9,0.44710228,8a77dc665d8b4d95a0b1113522f7e9c3
fb7510f9799745e8bb2d730dafe50aa4,0.43962747,e25b9d9944cb4d7197efb8ffc4ff57a1
6e11fad70c424277a969434bd2dbd8b9,0.43881223,09fc9f38fbbb4bfaa1c979ac9cc43f0b
b90d91a297514acd88d2d9aef7a483da,0.43588993,7a2491a27f3c438a8549988f7a79e26e
16242654caa64a669f249360ac629e5a,0.4263003,3be388c9ab614bceb086c19f70df23c2
2246c7640ba74a0d8caef1ca9f9d44dc,0.4249592,564a84b1b830407e811bcfc7fd086a6f
f4a11d6e649f44be960bbfc9a5aab7c9,0.4228841,b25fe3b79f714d38b3fc53e39fd84d36
11bb2992a06243158ef845965bbb79ec,0.41861242,efdf40eee13d409c9955e5b84e4408f6
3111ca7c585243e4aff0fad54c82a69b,0.408966,836ec4ef8df644328ac07b7803709323
c5693611e9044ffea24fede04ab1d9a5,0.40837517,6d3c42356e3b459c919e3129ff192ac4
78f98ba4d60845a481387741d684c46f,0.40422896,e02ad4f63c8444b79a7a56fb23a4e0f1
d5720a4e3cd34c23ac605c840bcd69ae,0.40157223,cd56b9a044c24df8a7156f661cb3d9cf
bd2048721a484ac4925726f9a0df7499,0.39992344,e52a528036014db0a7bd54b99a310fe8
00aac7746e164d80a6a257d31925297c,0.39867112,1b4e143cfc1648a5b877d7445446366a
4866602fe3094c6789fdc1956c616d93,0.39644945,b25fe3b79f714d38b3fc53e39fd84d36
d7c1791491584b2984bbcdbc178299f1,0.39509824,691a538d2372403fad2b919b48ff5f85
41fab89a8af342e5835f50c62da3910a,0.3945986,1af4472b38cc4304841b2f1720075c9d
f66bd53c07c7410ca1da94b1c1f96480,0.39382002,a0fe3cd34e474c3b90662ce8ef1fcac6
a1e176f474f04640aedebc0ece81583e,0.3929311,965598a17b624a0f9bb1cd58595458a6
574b37b5f1374cd3b422354879e9f582,0.39123058,6542f58c143446f280e88a6375ccf79a
b9135422e0ba43e19be118d0eaae294f,0.39048728,d981f2c67f764e0c84af125b563958e9
1e008659e5994366815fe158a9f9a26c,0.38936925,9e304a9bbc7b4c22af8025fc93757357
ea60559c1a414dafbe5652b8b1ef5ffa,0.38602084,e02ad4f63c8444b79a7a56fb23a4e0f1
d26040150be642cfa0310e083cc0d204,0.38575953,bf59502a233e4b5eaff9cfa3a992c387
07e166148b304b0b9c003c015628df76,0.38106278,31b69f9501c4415e929b6af28c83f6a6
da098162d0924c6eaf6699ca87326527,0.37742922,ad2b6fb945714e6792c17bd49a1066e0
0d281c2568314e5eac84aab63872e81c,0.37527534,4430d47e30904eab969c1baebca184c0
ff15583dc30644238b32a7302a039764,0.3749767,b2be859ca8f24cda86821d5383edbc18
d87ab9d9a67547ccada7b9ea3d22154e,0.3679928,bade01bd83ec4b6786fd8c867ca7a090
8c55cc4f7bc44ef7b9210ff7b7595435,0.36464977,75b0bd2240a54f6fb45bf95ca43ab5e6
f560f83f452a48fc84973544fe676991,0.36408073,257aed6ca7a44f1cb5c664beb1be527b
3427373bf8314ae5a87677132dc4874f,0.36291677,8a77dc665d8b4d95a0b1113522f7e9c3
91a9ce617c5b458284f2fab317b423cd,0.3607388,1216ce1ef31e4643bb1222538c206342
8f2691e2160d4c95b5b1ec99938ea931,0.36027908,23066f7964874fd39639dbf2cb2766df
aede09058c264aa399a460be910cf10e,0.3557942,02cf82700b4f4773af3a14ad8eaa5270
0af83a2558ad459cb3b54e5c9da02975,0.35420492,4696c8192576454f8684954bc771aa23
911ee4e9eb0d4ed1add57e7a79dd71d6,0.35195324,eb513691b7a04d31ab1bc50bf343447b
e707e5790c554edeb5ab0f070fb36720,0.35113695,7c1e02f3ab614e539ac901e5cd3c92d8
067c039494914485ad6e06b72bbb8e13,0.34968984,58db4c3a26c84fa68d81235d078208bc
1e5b95e7ca1a462588131ff25c545f32,0.34291428,80921378de2b4cd3a14d449688d8b079
17c07c3077cb479eaba075a5c7f99328,0.34253445,d42996c2b67443fd9b73bba7641d4f77
b2e0675fdf93468a8fe7f4992e5ac02e,0.33970386,a1d8cb16dafd4126922f985021e93631
e08d644c0950461e843595f14ded4387,0.32968834,5a68e05acea4434ba08e17e1fff00057
5ab1cd14b5304690a8f45e2bb5a92dc4,0.32804266,19c9ac7b84df472c85ed6cf5a05fbbc6
9ed80bde74cc4e15aaa675186748bdbb,0.3277647,58db4c3a26c84fa68d81235d078208bc
0a67f23ddf014504a380fcaf9e049a2c,0.32508272,5a73e0a5c757410eb0928feed7b151c8
396e243238ef431aa015a783dd23ef83,0.3150145,f5a6222612ef406b8f02aef87e08c476
ab85f0b004fe481ebacaefa2d94bb656,0.31464896,e52a528036014db0a7bd54b99a310fe8
39ce9102f2044852bd09b544df5b8092,0.3141262,7ac9c94011924c09b47f9640211885a2
d142f9dac4904fd9a93e4b68197a4fa9,0.3112352,ecdae9f36c6a437ea72739febbf1c89c
1089b153884e4aca90dce90c11539615,0.31116912,b050e9e1ef5946c297a34dda98d8f476
c00b77da1a6749149b7830ba636d7101,0.31004572,4a4eb12a639346b5a00557d54b51fe51
c6754ce8bf4346258c03509140eece37,0.30648124,65664fb3aad341fab563409d91dddd2d
b894792524d841b3b24c566aa9c41b8d,0.3061275,cd56b9a044c24df8a7156f661cb3d9cf
7986e60543204582ac542d56eef7cda9,0.3058302,9303b9f7f4984b2dac8aeba8c8da8ef6
6ede534375a14c609d02c3f94a41907e,0.3028763,de9328bdd1b34adda74a0363ff0a52b6
3e8ebff2d8524f5aa87e3d2117dcb463,0.29683405,e7d6747e8c8b4ebcb665e232240daf17
9d2b582dd0f84326a537a91a57caab4c,0.29131618,d79afb377f5349a69830b2b4c7cfefcb
366c800d775a48eeb3c735cde3a881ab,0.2889965,6b9b2c8f0a874bb8b6691aca6bc49565
70d4373544a8407086d520841c1eb504,0.2863152,7c1e02f3ab614e539ac901e5cd3c92d8
59faf734dccd49c39c471b705bbf90a2,0.28276357,cb85047b65f8468aa02744c28c075dbd
ee4ccba3df1844ce82f9731a2c019234,0.28122666,a25b08e008114c9ca0266ce3e55d82bb
84350503e37143fc8548ffcbd24070b0,0.2809621,c26f5e7dcc8149f18f3d719bba9ae717
c8cf5bb63c7849c79141e48f0b609996,0.27778718,85e7ea30890b456084b8e85c299c8649
2f2c1d07f46c48cc9afd407c79405b1a,0.27755544,7c1e02f3ab614e539ac901e5cd3c92d8
c7ddfc6b54294c34a4722f8eaa9b55b7,0.27687436,156f393f7ca046299e09d05464afa056
bbd851331a6a4da4b22326af57c9ea32,0.27199575,faaac88748714ce8a99413b952a1dac8
2ecb2538a079498991304b0864fbe039,0.27087831,e456afdf95e643dd926249fec4d68753
c8e075e8f30e4586ac075d59d5be938d,0.26984292,fb709e29755b44988bb252c87a2ce2f3
3e5dd993b40a449fa94dcff02439d160,0.26688093,9ff95d23c3284d31ba5e398afa520649
49929ef41ac3470388566de204f75fff,0.26680773,e25b9d9944cb4d7197efb8ffc4ff57a1
d3d566cecb79472ab65c2a57bc6d7b6f,0.2649936,7ce06191f1114b4c8a00609f6867761f
27a9489cf5724d47bbcc508684389f2a,0.26461276,3257035cc77946d98bdc09e2fdd5cdae
06b6d2be43a64627b49fcfeafcec63dc,0.26434395,6b9b2c8f0a874bb8b6691aca6bc49565
e746e83fb0634ed3b81c10391e2d74e8,0.25951907,ff218cc7835d4b5ba0de22792319050a
5a37cdd19ab741ca8f65dbc2e207ac65,0.25597984,650afb6a1d054e59904a1b796552eb04
9526a184d9234981861f184f41d509b6,0.2552522,77a8b27acb0e4600bb6ff974eabc269c
5bf9e6f5654045d28dd2225231386807,0.25504532,23066f7964874fd39639dbf2cb2766df
7ee89cd6d6774885a024ad9e8abfda35,0.25413972,3257035cc77946d98bdc09e2fdd5cdae
9644dd0795c64946bd689d24d80536a4,0.25344694,a6a551a308b9442f947ea0608ae2c3fb
5d2dcf398cf24f1fa650c7f0c8035ffa,0.25291693,d27cfea4da8f445fb4e3c55e53c6482c
a4e40c85d10248bd9a34d6c44e22b010,0.25062233,c9628610053945f4a7998ae48cd70da3
4483d9ae441d4fe1889099eb3acf1676,0.24840215,c8c201e25c0047a2ba9d9e8541ac0939
3cbe7ad4fbe64e83876d9c85f91a8237,0.24026711,d4cd0b56b6f54e08aec8ebfdb6122c5c
a0720ed891c94750a6be596258ee3d43,0.23379377,678725f8b914453fbc1029b7c1bc0879
91e6133ed3e2412cbd4f9450388c7eb6,0.23269776,17cc6768c9d14388b7455fea0060b62c
8887992f6e314e5bb22217a98a5dc1d2,0.23121008,46bfd7af0ed6491fa621350963d11e35
500d964011eb4cd19e61ff976d9d808f,0.22420643,46ba0b979a664c7cb0c315c4cde6ac86
bc216861a2124a6b9cd42cda34629f7a,0.22077377,257aed6ca7a44f1cb5c664beb1be527b
4185600f230d4b21b2e32c2d85caa90f,0.21975988,75b0bd2240a54f6fb45bf95ca43ab5e6
5c24677a92364f97aada250f8acd8f3e,0.21592155,c8b9a0ac7c214a449c434aabdf6ef770
26b721f1caa14c70b7aa9e5a8898e76a,0.21362276,34b71675a1ae442395b6eb1f3eda23df
a18a19c2ef80495ea076e2ecc882c7e7,0.21256492,80948e17b5694599919e1502bfcc08f3
edb1a0a557354729b75b63862940d133,0.21080142,01e805bb5a1845a7addf86fe9bc8d814
da3ca57a5b8943839227341c423ae8f2,0.20998116,e02ad4f63c8444b79a7a56fb23a4e0f1
bf4c4007f57a4055bcb4d820c06d7ca8,0.20981595,d74f6e7abeb84eedb9923dadb62f45f0
55cd381ef54d43069999636fdbce998d,0.2079103,46bfd7af0ed6491fa621350963d11e35
e1e6878707524a03864e9b83fb89345d,0.20735794,74e7db4222ca4a20811199afafa346a7
5209a952bb1a4ac991ae51e8a3e9abdc,0.20522946,1cbfb22f84454b1fb821b602e3ad11f8
00989f2d41344337a67e440d6506b9cf,0.20365295,73e7e41e8db447c09cb2363d76556c64
93879e26ebe547db997c77791c3d7fc1,0.20164509,21b1ded02d7b42618592187e287835a3
ac2d96b937b24483be886056bc0c2b67,0.20124686,23066f7964874fd39639dbf2cb2766df
14169e1048564c4689c2584a790d6696,0.20104736,1af4472b38cc4304841b2f1720075c9d
9cda69694f9945cda4d98d01dfa6bc79,0.20029004,7cd1db4b50dd41e6b2f3dd15fcab3b89
a66dab00c6184b79866a0fe90c090db0,0.19884549,65664fb3aad341fab563409d91dddd2d
ec9e443ba4a94ce1b32501a817565a6b,0.19772395,c26f5e7dcc8149f18f3d719bba9ae717
8e454bf7a3e945bfa6efeac4dcd2ce92,0.19752477,c8b9a0ac7c214a449c434aabdf6ef770
052e254bff244d2f88c0d2566ddc13db,0.195884,e52a528036014db0a7bd54b99a310fe8
2af53201cad64c32bedf284dd06c1cea,0.19349432,f11f1682b5924181b047d757d3e20964
bfd311fb1c224274b98d99f84e3cf150,0.19165297,d42996c2b67443fd9b73bba7641d4f77
cb3423afcfba4d688aa9cd2c23cf0c69,0.19144514,46bfd7af0ed6491fa621350963d11e35
edb63218ad374e72804e964a5ea6949a,0.190857,a6a551a308b9442f947ea0608ae2c3fb
af33a412aeb947a8b8c53cfc9e78a69d,0.190804,983940e0b12e4186a281c36de657406e
c0db9a38259c4b429eb66ba537ac8730,0.1878891,19c9ac7b84df472c85ed6cf5a05fbbc6
fe0ece34523c4475bdaa3075a2cade4b,0.18555425,5831f5e280be4c02a09ce4588b56d7f3
5d32b941bc394464a6da8d1c78aeb3ef,0.18544737,11ec23965d2941d0817082107996ebbb
7257f3d3f31a4d5ab6a872e4e5886111,0.18515123,e52a528036014db0a7bd54b99a310fe8
6f5aba39f47a4d7b87f4b50122d8b660,0.1819917,7a4c413f5c844796bd5ffed2b65f0336
77061464d801457a80b33cbbe0f017f6,0.18033476,d4cd0b56b6f54e08aec8ebfdb6122c5c
a290060554d143b285db3be94eac099f,0.17707843,a1d8cb16dafd4126922f985021e93631
1c5703785c574a4a86152b8e8ceaaab1,0.17585817,4ad7e2502210436f9ca5735fdf7e50c3
d2a4c950a6244d788c3d60d371b154f6,0.17348674,fd51f3eef1a64d9a93652be481bde32e
014b077427a84137a08055cd6ba1057f,0.17264986,fd51f3eef1a64d9a93652be481bde32e
824e34ffddf447618c176cfb2577eb45,0.17178908,965598a17b624a0f9bb1cd58595458a6
17ef3923d27b4a0d99dbc74302d79924,0.17074789,e25b9d9944cb4d7197efb8ffc4ff57a1
4805a294e65b4d4db75948e86d3fdee4,0.16770174,acee70abee2841c9b67b95e9ed079647
32b7043aedf94f65af81490dfccc8b7a,0.16459109,7ac9c94011924c09b47f9640211885a2
4fb27ec50c5a44b9a81d230f845e3047,0.1571063,75b0bd2240a54f6fb45bf95ca43ab5e6
36b74b7a585a45e796fd8ff39bc60f3b,0.15387091,e5692bd498004d32934fbaa05af2120d
deaec801f6344b9d9ffe289794354038,0.15314513,acee70abee2841c9b67b95e9ed079647
cc88f1f679b3441cbdad8db36097e960,0.14805755,e25b9d9944cb4d7197efb8ffc4ff57a1
963dcd06789246059d5a6ecdb28e6321,0.14600535,77ac5eb4b3054ca68e2b0dcbd5473fd1
f6023dfadf94495fba9f43c8230ce2a3,0.14309312,a4cad92644614f78bded3ca6d6023473
f1015462e69f41ea9a9c663ae07f13fd,0.14249307,ad2109663af04c549385cd2ab9b3283b
7dba9b481a53475cb2f9bb524154fa97,0.14191729,75b0bd2240a54f6fb45bf95ca43ab5e6
ff710f3510b24d89a54afab54c23edc6,0.13944302,691acac4a54d450697afb2c2dc4fca09
554e702a075743a499899b99b73eea46,0.13599773,66b0c8a58f444ea0aec34d9403b88a49
9f143dcef5ee44dd89610738332533b6,0.13287589,6a33c207c8b648f680dbd0e65639ef04
1d2cd0bb5b1c471ca10d1eea0ef9b729,0.13206384,c26f5e7dcc8149f18f3d719bba9ae717
7a63c379c6ed4b2faa1b9e863eb35d54,0.13032474,cc21026ff0d541909df56c5618d28518
7e808bd74e2447d79f7d266c88de6410,0.12263315,95fbc6ed8bfd43c1a6bcf676e26e7f8a
3bfce2ad291d4b7780e0e8b06d4283c7,0.11691792,6aba5a04ef8742a39d3a61644a5f0729
0b0ee45e830245ffa3ce101af6a1a750,0.11376087,855b3971c4a147cfb9a7c281fa6b915e
dcd792ee5ed44c18908c70bc295d64d1,0.11062269,6a122ce1702646db918266228d48bd08
f3c6b6b18ad14537b64fde19aca70992,0.10382217,bd35571850644321b86ce4fae286ce7d
66f2b56505bb4a009232e327041bcff4,0.102464415,5a26ae7959494fef99542e9b2004fd11
04cde55231e04394a675268411aee01c,0.10035209,1af4472b38cc4304841b2f1720075c9d
41f9870b0da34d88a3e68dd195a3e474,0.0975685,27eee82d7fb94b9b8b60bd3101187496
2ae3d79e1c8641a9892ed31117156c0e,0.09508636,bd2f91a9415049d980e453f94327e0ce
1dce77fb1e9e419d8977644f0d18fd1e,0.09021981,f0695d7e59d64941b510a3d12f801d59
7e14c6fa40384f39be08ef7ac6b7deba,0.085848056,4b748d6624144214b3d8a80b37aabde6
cb44ae0776e3419e8b0aab12b82dc8e2,0.08027872,23066f7964874fd39639dbf2cb2766df
803051539d144fdeb70807a70a667f4a,0.07595856,11ec23965d2941d0817082107996ebbb
3f4f551ba9d74d6e8622c1da8b00180e,0.07576906,c322b788813745e0aa7b592b4345d379
646d3b40f16d41d0952ee2bf74fff6b3,0.075306736,eb513691b7a04d31ab1bc50bf343447b
42b1aada557b48a0989c6a1c05378299,0.06778587,17cc6768c9d14388b7455fea0060b62c
63cf218e957a465696c4482a9d4b226b,0.064032495,aa2d7a3a535243189492d4ce8e79c049
840de6fde47e4e64916bdd5277bcd173,0.06291292,8f761e1117754656ac86a3a25f241cd7
e3168a661d6e43b39980289c06b51f8b,0.061716177,aa2d7a3a535243189492d4ce8e79c049
a2cd26a2e3b1415bb6c861ab0368b73f,0.060151014,89597084b19c4902b073a2c6c6622456
b074150ff8a24cc9b889876ee8b52d9d,0.05885588,a926df6d7fcf4b17b68dae6f41fbce66
cbd8f182af0646f2a5d514de46872f05,0.05604596,a25b08e008114c9ca0266ce3e55d82bb
65b7a423fc92497086fe55ce3a85dd55,0.055909462,99142f1c07cd4782814f8c970eaaa40a
745463c1ff2c43398a488057b94b7dd5,0.052524954,8f761e1117754656ac86a3a25f241cd7
4d8700f8f8b3476899b9e140d2b572ea,0.04739321,e492ff7fecf046a4948c5ba5631cdefe
c1904c9ab6bc4ae5b4b364ea1f24b7d3,0.046095602,7a4c413f5c844796bd5ffed2b65f0336
b24046864bc341499137c0e4a5d92315,0.04277817,82b01998353e4141a7613fdc96d7b600
8b1f6fd1fabc4cb7abbd5a7a2ed0cac9,0.0392124,156f393f7ca046299e09d05464afa056
d067ca627837456bb0e6cc40a06d224f,0.039035942,64f1d63a671d441d9663a783f632f794
6bfef081f7a9453399f6d98d6cd01f60,0.03888163,1f8c0f02984e4139bf8043e57497fdb2
d989c36a82a14c81ab2fe8b49f3c94f4,0.037428305,a1d8cb16dafd4126922f985021e93631
c7cad58f831849a6a4f0f9cbccb2f458,0.036885098,fe6ace599de44aa19b1773dad3658fee
b9a77513e24d477887a0d0582ca7ed7a,0.035284825,8aadcf7251724cc6858dc0db44abebe3
0c472016621a42b2ace086642ed58917,0.034313276,92229a391d0b418f87b32c86c42a292c
1ba49dc7eaca42cc9df60f6a9a04f11a,0.033929877,983940e0b12e4186a281c36de657406e
2c5c1b245a194f81a943ef372c580853,0.031409055,01690d9b08164fcabd5bf0819754f71f
fa3faa7dd3774c2681f4c5b7527b1e78,0.024074031,965598a17b624a0f9bb1cd58595458a6
862ca039da124a9d80603938ab13c289,0.022444837,8a77dc665d8b4d95a0b1113522f7e9c3
775b2092579349f6877cebb751ba7f11,0.021672428,9b22c5cdbff44bdabd48dba008e6a3b2
dbf2f20d05034e77a9be456ee8d44377,0.018264012,564a84b1b830407e811bcfc7fd086a6f
a22b7bc93cbe40cba26f5e4456762f6e,0.018062795,f615619defc4402b82845090c238e597
253d404216244e3e8c298eef54b7424a,0.017199785,d74f6e7abeb84eedb9923dadb62f45f0
0b185da1334244d1b2c7ba6695d75f1c,0.01661357,bade01bd83ec4b6786fd8c867ca7a090
6ef8ff7c77a84500af8da2548cb4bcd1,0.016038585,855b3971c4a147cfb9a7c281fa6b915e
3cb482f381eb449b99a6b9b7707078b2,0.01190678,9303b9f7f4984b2dac8aeba8c8da8ef6
86584226e35e4eda9eaba4e5fe495984,0.008046314,6a33c207c8b648f680dbd0e65639ef04
15af8d3a801645799a0656e8ff3c729f,0.007956319,691acac4a54d450697afb2c2dc4fca09
e84532113530478c84db1abdcae9a6d6,0.0068607763,95fbc6ed8bfd43c1a6bcf676e26e7f8a
497126af5d624b7894a1cca2b3b0e57b,0.0066161454,d443e0c5017d48d1b3f86bf4da959ed5
3088711035bc4a06b3595ae315f54fb2,0.006346846,c9e2e76e631c4d0a8013d90892350e06
914e224085a24a7c87db637c208baac5,0.005503103,6c74bedaa406493a99988c5b8a47b704
c44ae4a053bf47e5b9b2ee3ef8ae2b5b,0.004655499,ff715b4f228443e3b067c801250f3402
37a0d209e50848efb76d08c3f22eb3bd,0.0038020685,d576e334105247369362b05a375e88cd
cf020a2f14884c16bc73b159ead104b8,0.0027941875,5a73e0a5c757410eb0928feed7b151c8
26463e5a5b3b4b8abdc0a436268a93cb,0.00074166805,77ac5eb4b3054ca68e2b0dcbd5473fd1
2662ae81f6a6414cae732c72ef71a9a1,0.00059787184,efdf40eee13d409c9955e5b84e4408f6
56f20fa9e0904380b48d10ec3d81950e,4.9501657e-05,ff715b4f228443e3b067c801250f3402
