58f93c38cc65487492ae04fd498f436b,7.323308,fb709e29755b44988bb252c87a2ce2f3
34bf626d6a87427281f80c0938fe0278,6.1574945,7ce06191f1114b4c8a00609f6867761f
5b6f7847212340cfb461967cbfd411f6,5.7334437,0f9cc12519eb4872af7be7fe49e19f59
6b5d194c37f14e5d89385ae747199cc1,5.6212406,700f381f40ce4b039ce0df8b49fb199b
1946e52260f34a0695c378112d6020fa,5.557254,1af4472b38cc4304841b2f1720075c9d
b8052a41b1ca486aa8d1d4fd870dda88,5.318034,64fa5ce839ef406b9bc8a1b2f05094c7
fa6d529498794d1f98deb51ebbb48d55,5.2970734,89597084b19c4902b073a2c6c6622456
95d68b07aaac48c4a61e5fd5175885da,4.9305825,bf59502a233e4b5eaff9cfa3a992c387
d7f295b3018e494d84b29f498ac03fa5,4.9073343,46bfd7af0ed6491fa621350963d11e35
3f284acc005e4f23a2bdf5b45700c4cc,4.8227773,f9fae977af2c4f35b29400f31267e170
5a1096197b8648d882cdd33875519404,4.819447,ecdae9f36c6a437ea72739febbf1c89c
54189dfe90d2466b990b9dd0c5484606,4.7871027,89e43b092c844b5886a93091a22c894a
d51de57d4ced4566bed6fef2db5c099f,4.7439885,d42996c2b67443fd9b73bba7641d4f77
a1ea6d619e4045668556cef7645bb76b,4.7277164,9ff95d23c3284d31ba5e398afa520649
12b4b13d49b64b55ae65fe00960c4711,4.688558,6a33c207c8b648f680dbd0e65639ef04
78c3087265224b479cfa12716bcf1599,4.633102,27eee82d7fb94b9b8b60bd3101187496
f2210503df2e4ed297faefd9a1152e2c,4.6222057,8f761e1117754656ac86a3a25f241cd7
84e4c1bdea914f529a194f767629d1b7,4.5621433,2a9658410614443d8a27ef174f61d6e8
4207cafc0d1f4d50b76a0fe4b67edc09,4.5563173,9ff95d23c3284d31ba5e398afa520649
be220fecc0fe4c75a466c1f760eed397,4.522029,3be388c9ab614bceb086c19f70df23c2
3f44a924107f4ecabdb619dac62a5931,4.518465,5a68e05acea4434ba08e17e1fff00057
7bccbe2abf334b329b400531be6a3be7,4.483077,d443e0c5017d48d1b3f86bf4da959ed5
d9826bec6e1c4be6a7152f89b950fee2,4.46072,c3412c53e9ec4b6a9a1aa95cf7f0f1e4
d19e2961aa1846aea691337aa1f275e0,4.459587,faaac88748714ce8a99413b952a1dac8
6d60c813cd9640d0840e8567de817877,4.419245,bade01bd83ec4b6786fd8c867ca7a090
824e34ffddf447618c176cfb2577eb45,4.379883,965598a17b624a0f9bb1cd58595458a6
7e7a88a994dc4039b1e34409009b8f84,4.354709,e27d9425c912446e947fe53c4a757375
9126864790e8431db0440435469417cd,4.3367667,7ac9c94011924c09b47f9640211885a2
4aeb82ff294e4be9be97a1aee9698fef,4.3317275,e456afdf95e643dd926249fec4d68753
45f269eb7e1044bfbd012ba2df2be6ad,4.3148417,4a4eb12a639346b5a00557d54b51fe51
c3a842974e16433d9488c7df87df853b,4.302237,92229a391d0b418f87b32c86c42a292c
43286efab53f465da28a9d31716d392a,4.284543,09fc9f38fbbb4bfaa1c979ac9cc43f0b
b1574b190fd242e9a0cf3b489caa91e4,4.2771297,75b0bd2240a54f6fb45bf95ca43ab5e6
69ac3d3d408a45fda23c327ed1f2678f,4.2647047,1d47a696eae94bd29f215a4787b27d8a
a95afea2e8ff4cedb3e0f1aedf6efb9f,4.2262473,e02ad4f63c8444b79a7a56fb23a4e0f1
e824774b41174da8a1c495885b348626,4.1559515,e492ff7fecf046a4948c5ba5631cdefe
94aeafd28e6749c09c57cbaecef9df80,4.1526113,6c8a24653ef04f559b88e0f27c0df63a
c61e43ceb2744ddda2e531aa77f3c6b2,4.1274447,c322b788813745e0aa7b592b4345d379
64310259af8e430b8a9577093b411ada,4.1143394,6a122ce1702646db918266228d48bd08
3d76459228604351a61361bb4e50f836,4.04406,faaac88748714ce8a99413b952a1dac8
d7c4bf8f05fb4648a8778e884052db2c,4.0425434,09fc9f38fbbb4bfaa1c979ac9cc43f0b
76d6bcc61c924186ac0c0cb384856e6e,4.0071235,ad2109663af04c549385cd2ab9b3283b
eedf84d8949845939452e2cf59d2cc6a,3.9739795,a0fe3cd34e474c3b90662ce8ef1fcac6
567cb2c4e6b4417c89be6420cffff826,3.9565032,4aa3556b2aed469584c573868193a07a
2f0bcda66cd34231b3a3822dd57f7f2c,3.9535515,65664fb3aad341fab563409d91dddd2d
be7a669164c1423c8ebd0ba23ce48329,3.953117,e52a528036014db0a7bd54b99a310fe8
dd86feab056c4c7daa68ee078e171302,3.9517457,8db9e204b8b841df8fd94eff0888cdf7
b5db665a6be74d6d917e217bae5f59b7,3.9465535,21b1ded02d7b42618592187e287835a3
cf4d7289a12b4ebcb7b17e8b76d82342,3.9381979,ad2109663af04c549385cd2ab9b3283b
b982c8da93db48ddbd69de9c207f2187,3.9320118,ff218cc7835d4b5ba0de22792319050a
e16ea80e38c340678ef8f73bb189fa64,3.9249468,cc21026ff0d541909df56c5618d28518
9f44eb98cc5c4143a57358e733c1cb23,3.8634236,650afb6a1d054e59904a1b796552eb04
4d2df900c0ef4261878a1ee108ac520d,3.8398554,ec281224f8ee419ebde676f291672aea
40d03471812c4f0398b4551b5f116068,3.8342867,fb695c097d5845c282f6b30c241e8cf2
9ecd5b6acb6a4d10899c3464d4929105,3.817917,8f285540a9394706bd6ec6cda46c5058
d37d23786d3f4e90977fbe2a3e5be556,3.7772224,85e7ea30890b456084b8e85c299c8649
96a40dc922f94bc78c39fadb8ecbd263,3.7375822,b7ef0a61de0e4adf9688b2c525c9ad09
2952ebe55f624860922615014214deb1,3.732612,88dc23909eb4415aa39b96cc3a4c2926
d1cbea7387cd4d1bab69dbd0238bd135,3.711969,6a33c207c8b648f680dbd0e65639ef04
312939eb59d541dfa7df51991a32d5f6,3.7053058,f615619defc4402b82845090c238e597
128de5daa04242e7b0c9eca5277071bd,3.6672122,85e7ea30890b456084b8e85c299c8649
0c2f43def73f4f3a89a64828f97dde43,3.6514585,a6a551a308b9442f947ea0608ae2c3fb
3111ca7c585243e4aff0fad54c82a69b,3.6340365,836ec4ef8df644328ac07b7803709323
de89bc23ccf04f3387bf242e269f4ea3,3.6171293,c322b788813745e0aa7b592b4345d379
886b1cde3d0e4f1db12bcb160b6f357a,3.6120844,0302e7dde9074dddbbbdf85e9be57901
da88d4d5eaad4690bbe94a2165985050,3.5979514,01e805bb5a1845a7addf86fe9bc8d814
701ea34d0faf4b558956b1af3863b503,3.5745044,acee70abee2841c9b67b95e9ed079647
503e10935d8945e8b7552e9f83309667,3.5744193,efdf40eee13d409c9955e5b84e4408f6
70aba94871d94cf5b2d7e950982cbb8f,3.5665479,e45844e0215f4a1596a7f9ac41367c46
599db2cba5134f72b9cd514e41aa34ba,3.5657122,e5692bd498004d32934fbaa05af2120d
7dcdd31673a44edaa5df70306899ce60,3.557424,de9328bdd1b34adda74a0363ff0a52b6
83d43c7c640c4996a271c9ec70bd0746,3.55191,0302e7dde9074dddbbbdf85e9be57901
a72d6ed397c64fa7ad1aeb46a417fa4e,3.5361638,8a77dc665d8b4d95a0b1113522f7e9c3
b9a2d4a31cc74336b4c66e880ac51f1e,3.5255287,fe6ace599de44aa19b1773dad3658fee
7e4c2a881ad24760b9775870c8ec426a,3.5124838,f036aaf4ab714c598a0b6da4ca604136
8f66f54b48f64293bbb1f369f41ee3c2,3.5069003,6c8a24653ef04f559b88e0f27c0df63a
7d4bb63bd91a4617a40be8165b7fc9a6,3.494679,7ac9c94011924c09b47f9640211885a2
11bb2992a06243158ef845965bbb79ec,3.4721837,efdf40eee13d409c9955e5b84e4408f6
206c38136fda4bdb97f8087fab551d1a,3.4719281,e27d9425c912446e947fe53c4a757375
b386bdd20171436f9c420013263490da,3.4632657,78b600dd53854b018f87267d268b7b1a
77061464d801457a80b33cbbe0f017f6,3.463076,d4cd0b56b6f54e08aec8ebfdb6122c5c
f913fbb165604ca09fa3b9c547ab4d04,3.4503138,5a73e0a5c757410eb0928feed7b151c8
8dc57aa25917490abcf294b3f73bedd6,3.423018,ad289d5052264f9c8bd0aaf9faace92e
e09735216b1f4e3f9fd7eb54f6aa2b1a,3.404758,b7ef0a61de0e4adf9688b2c525c9ad09
9557a396825b49eb93cedbab96019843,3.3982258,23066f7964874fd39639dbf2cb2766df
ac2d96b937b24483be886056bc0c2b67,3.3527567,23066f7964874fd39639dbf2cb2766df
9ae0dc25880a4b1ca67998ae29c63cd9,3.3331811,eaca056cec224a30aaaed30c39f644c2
3295b23d76ab4661b9a92952160eb966,3.3325868,1c97c72e076f40fcadb22b17e71beed1
d1fafb5d71ba42229f870ebc99263d20,3.3258827,836ec4ef8df644328ac07b7803709323
a5e2a560340b491299c037bccbbf6d9f,3.31685,3be388c9ab614bceb086c19f70df23c2
1950440f5ca34d0bb2c737f896ec3b16,3.3082418,c322b788813745e0aa7b592b4345d379
396e243238ef431aa015a783dd23ef83,3.3058176,f5a6222612ef406b8f02aef87e08c476
8c178f61ba134a9a905810910eef239a,3.302583,75b0bd2240a54f6fb45bf95ca43ab5e6
6283b7ae96e24cb789de54f62817a522,3.29131,e25b9d9944cb4d7197efb8ffc4ff57a1
f6023dfadf94495fba9f43c8230ce2a3,3.2774212,a4cad92644614f78bded3ca6d6023473
00b97e3bd70241758022cdd5d10450a9,3.276489,fcc9863b07fc4bd5a01fab5b9160eafb
c0701f4c6a8e41a8a7df573b4abbe04f,3.2712777,b4150337314e40fb9e3ebb24514504a3
07ecb7f8a5f642e98200ac37c34425a5,3.2693427,0472051dc57d43f8b9dd08df475fc4a3
e1373920ccf54979ab678e62eb165c60,3.268042,b2be859ca8f24cda86821d5383edbc18
790595e600c949459cfe2629a30f5371,3.234543,4430d47e30904eab969c1baebca184c0
af017ad1aa9c48c490bae2aaba2f1029,3.2258496,ec281224f8ee419ebde676f291672aea
91467c6be29e4dd4bf681cc05803d081,3.222498,c88be17376104f999b914a91aebf7220
79ac90f7c3254209afc09b44172a29d3,3.2075167,c8c201e25c0047a2ba9d9e8541ac0939
ba7add48a45e4ff8947f8a846082bf48,3.2059474,4d708e5878784386a42c2f436d2d60f0
865e99466009410e82a3a9daa7d34d29,3.2012792,dc58564d0c8540bea4f3e2e3696deae8
c8bddc0d410d4f759537fd2e4bff533f,3.1848583,1af4472b38cc4304841b2f1720075c9d
d89a3137737e42bc94b53fd641bd17a4,3.1655228,2768d411cc374a018a898f9df0ca207d
cb03a3e350c3487d9d636625b49d09a0,3.1598058,855b3971c4a147cfb9a7c281fa6b915e
ddfb9bf3e876482b994c7955230bcda9,3.1553717,5a8cc5ff28fb4359afc7e9fcbf3bce55
29add4c6302d4386b285a8fe68153479,3.1486225,c8b9a0ac7c214a449c434aabdf6ef770
93945027f4fc4a43aedd7dc6affd5621,3.1359882,d74f6e7abeb84eedb9923dadb62f45f0
e98cad653d89476483782ae1a239135b,3.132185,5a8cc5ff28fb4359afc7e9fcbf3bce55
ad13a71eb5594e529ad80ed59082fe17,3.1179938,9303b9f7f4984b2dac8aeba8c8da8ef6
8868c5482f844182914477066c6e3287,3.1107857,b7ef0a61de0e4adf9688b2c525c9ad09
ba2103e1cad442ec881f2b0d25c99bb9,3.108765,46ba0b979a664c7cb0c315c4cde6ac86
fa4aad3a76ce4c019895b7d73d8b496d,3.106768,e5692bd498004d32934fbaa05af2120d
27074d8daee940d0ad71d8c9e50c854d,3.0968685,d74f6e7abeb84eedb9923dadb62f45f0
1930e2b037404eb3b7a991849e81320f,3.0873587,21b1ded02d7b42618592187e287835a3
5ab1cd14b5304690a8f45e2bb5a92dc4,3.086597,19c9ac7b84df472c85ed6cf5a05fbbc6
da809b1c982e47e48ea951dff1120841,3.084433,369fe18b94f54c98b554fd22b4a3b50b
0414265ccf0d4dd59c98749d24924fe4,3.0819132,d27cfea4da8f445fb4e3c55e53c6482c
4a1eda64c5a74dc59c1ca7cc15a429dc,3.0817134,7ce06191f1114b4c8a00609f6867761f
66f2b56505bb4a009232e327041bcff4,3.0799541,5a26ae7959494fef99542e9b2004fd11
d30d31b8272b4fd0ad8156bc69d4ddf5,3.0736895,d42996c2b67443fd9b73bba7641d4f77
850ffbbf78224a1b910a45c2ad3ab6cd,3.0702982,19c9ac7b84df472c85ed6cf5a05fbbc6
e862a12dcbc4446cb1bfe03570cc7b44,3.0619757,7ce06191f1114b4c8a00609f6867761f
6fb94e9ac58f4d9694f15b78affe4f02,3.0588958,34b71675a1ae442395b6eb1f3eda23df
6f6fd5b2a152493e8afcb221b1b198bd,3.031523,cc21026ff0d541909df56c5618d28518
5b1ed8f4a5bb43b59f972b95a4346c9c,3.0267305,64f1d63a671d441d9663a783f632f794
b116fe66d95d4c04beea8a4e5f347684,3.0096788,dc58564d0c8540bea4f3e2e3696deae8
57c53927cc0942b7a012edd211993b5f,3.0089374,27eee82d7fb94b9b8b60bd3101187496
167939f1c55740a5bd8d235691475fc4,2.9894395,11ec23965d2941d0817082107996ebbb
a2cd26a2e3b1415bb6c861ab0368b73f,2.986825,89597084b19c4902b073a2c6c6622456
0de5d39510de4443a35bdbb6b6b2c2fd,2.9786625,7ce06191f1114b4c8a00609f6867761f
e553e8ada4e4446ebe9a909822fb1cfa,2.9786048,f5a6222612ef406b8f02aef87e08c476
bb53d0593f034d19b5b20210035e1058,2.9781363,f11f1682b5924181b047d757d3e20964
c7d1e88369c14b5bbfe40bbbe31311ae,2.9733107,cd60a0fcac24465a880af7d8f921dd68
4b3202343ccc4337aa099b8a9e046db5,2.9705796,e25b9d9944cb4d7197efb8ffc4ff57a1
65add58592564636a49ae7417f79e9ca,2.9672785,b8ca3b6144cd48208caae952e096e7ae
0478a4dd439f4218a9194cd283b15aca,2.9620705,ed9b10a2879742628fce003076ef9024
f0808f396f44491a8fb26af7a42dab06,2.94483,09fc9f38fbbb4bfaa1c979ac9cc43f0b
444cddd136524b8792db7fe1caeec69c,2.9446917,acee70abee2841c9b67b95e9ed079647
974a8661873f458193c891d3ef4dd208,2.9286149,691acac4a54d450697afb2c2dc4fca09
2fd5284523f24eb1bae1d9e857c61d4a,2.9222772,ff218cc7835d4b5ba0de22792319050a
735faaf6b07348a2a4d4cc31c8fbc021,2.9129894,640f3bd184b7425fb22cc7773b8b2244
15f76b93b94f4dfaa2c8b03a95b771e2,2.907916,99142f1c07cd4782814f8c970eaaa40a
69669e9f88dc43b68dda6126c27675ca,2.8995516,e039a00eae414ebbb2205b011ac127cf
c7cad58f831849a6a4f0f9cbccb2f458,2.8949757,fe6ace599de44aa19b1773dad3658fee
f99339dff24a46dea0ac6862299d7024,2.8938704,1cbfb22f84454b1fb821b602e3ad11f8
b36e14c403c746758111d5c51809e382,2.8928618,b2be859ca8f24cda86821d5383edbc18
b38ef262d489438c979703e3e503f1b7,2.8894117,b050e9e1ef5946c297a34dda98d8f476
e90176ac18954403abf1a65c40838e23,2.8879406,bf59502a233e4b5eaff9cfa3a992c387
7e7b0eca4a964ddbba6f2fe892340895,2.887187,c9628610053945f4a7998ae48cd70da3
f7d9f745835a44c4a947a141f080ed24,2.8840806,c0cb721b56f240dabf7f464e453ef72e
acedb352e247418e9c82dcd73b857c82,2.8826458,eaca056cec224a30aaaed30c39f644c2
3b038bed6122476bba5c73f7188efdcb,2.8696985,1d47a696eae94bd29f215a4787b27d8a
7320e14823a54b30b0a3fa3f42a01ffd,2.860995,1f8c0f02984e4139bf8043e57497fdb2
5f9f73f06c024e65a85b3c9298c426cd,2.851456,d4cd0b56b6f54e08aec8ebfdb6122c5c
9e1261d3e89b47a78e1590fa544c3df0,2.850534,02cf82700b4f4773af3a14ad8eaa5270
722ce5c8bc4f4e07b309329bddf66d7e,2.8495927,80921378de2b4cd3a14d449688d8b079
977e35ba2148438f8189a592de1705c0,2.8429716,e7d6747e8c8b4ebcb665e232240daf17
9304c56db5b34e709d22e558122d8338,2.8254128,b8ca3b6144cd48208caae952e096e7ae
f119f6dc27c64e5c8485b001368d839e,2.823781,7cd1db4b50dd41e6b2f3dd15fcab3b89
58150298bebd4a7a81085018c220ca49,2.8197644,ad289d5052264f9c8bd0aaf9faace92e
b44be1c1621b40e1a7c06c02b225c470,2.8184433,17cc6768c9d14388b7455fea0060b62c
f1ccf2ee3c3d4cddb27a2e081d844de5,2.8159978,564a84b1b830407e811bcfc7fd086a6f
cc88f1f679b3441cbdad8db36097e960,2.8155043,e25b9d9944cb4d7197efb8ffc4ff57a1
1a28f3dacbd74510b8f8f45e80348e68,2.8013453,0472051dc57d43f8b9dd08df475fc4a3
6f19ee43f25e4a01adfde430ceb68864,2.797326,9303b9f7f4984b2dac8aeba8c8da8ef6
bd11eda8c59c41a383c769c428ce6d6a,2.7893777,a1d8cb16dafd4126922f985021e93631
57a0a47943824bb28d5faf9fe31ee787,2.7874055,9e304a9bbc7b4c22af8025fc93757357
3391f84c6c544d63a18f7c2e8431fbe4,2.7779002,bd2f91a9415049d980e453f94327e0ce
4866602fe3094c6789fdc1956c616d93,2.771722,b25fe3b79f714d38b3fc53e39fd84d36
1fa5b671cd0d4cb39567f651ef001e97,2.7701056,7cd1db4b50dd41e6b2f3dd15fcab3b89
9b18e72d85384d73bf3bc666ebd18aa9,2.7665267,f036aaf4ab714c598a0b6da4ca604136
8887992f6e314e5bb22217a98a5dc1d2,2.7644515,46bfd7af0ed6491fa621350963d11e35
63d32d729061451cbc920b4066c15339,2.7630765,6c74bedaa406493a99988c5b8a47b704
3723741c22a347c7a622bec61ab94d3f,2.762428,64f1d63a671d441d9663a783f632f794
757730e7c0414b47ba2a3a52768cdb3e,2.7558007,630edd9b8f754b5dbd36cfbbd03ccb51
aaba5fcdec244fc79439dd67ba8a495d,2.7548523,e02ad4f63c8444b79a7a56fb23a4e0f1
d02c0b31ac9a428fb46248742eb502fa,2.7510238,e7d6747e8c8b4ebcb665e232240daf17
484bed1b612b48f3a0b37b91bf626f39,2.7271993,057164cf4aab45ebbefef3409359cfb1
980e4d1c5fe143498514e41d3c6501b3,2.7234125,eb513691b7a04d31ab1bc50bf343447b
a66dab00c6184b79866a0fe90c090db0,2.7136328,65664fb3aad341fab563409d91dddd2d
20c77ed7406f451bac8e8bcd18b5187b,2.7048478,9e304a9bbc7b4c22af8025fc93757357
451c5024a60b4f45afcd2f388601c16b,2.7047276,640f3bd184b7425fb22cc7773b8b2244
f9f15f3fa87e4ecb852682898d5c2044,2.6987748,9b22c5cdbff44bdabd48dba008e6a3b2
aede09058c264aa399a460be910cf10e,2.696687,02cf82700b4f4773af3a14ad8eaa5270
c873b341cab549d6be3c38ca79441d7f,2.6940682,b25fe3b79f714d38b3fc53e39fd84d36
53a334f932ed437db303f19b0f6ea7b4,2.69032,99142f1c07cd4782814f8c970eaaa40a
f33800b2fc5d43febcbee5156e729a2c,2.6881988,ff218cc7835d4b5ba0de22792319050a
df8769c84f5b4a8f9811c4537faa576f,2.668238,73e7e41e8db447c09cb2363d76556c64
468609586ccd417ca9487c3c35ade3b3,2.666093,057164cf4aab45ebbefef3409359cfb1
14169e1048564c4689c2584a790d6696,2.661167,1af4472b38cc4304841b2f1720075c9d
b19ea3eefb454edd861821b7164f50e0,2.6599607,ad2b6fb945714e6792c17bd49a1066e0
d940c859c01449d2acaaa7b3fdf1fbe9,2.6557612,01690d9b08164fcabd5bf0819754f71f
5d81d489a98d444a83664fe0db47fccb,2.6547537,00f45d57fd3c448d8cfdf3185ebae894
bd2048721a484ac4925726f9a0df7499,2.6456795,e52a528036014db0a7bd54b99a310fe8
fbbfaaf2bc764120a3356650c7d62219,2.640595,2768d411cc374a018a898f9df0ca207d
b2486195994b46178a02231ec766d3ea,2.6353006,b050e9e1ef5946c297a34dda98d8f476
42dc4d44bc374b80baf0a8ac2c90c250,2.6305184,1216ce1ef31e4643bb1222538c206342
e89166577a8e4c1d9c4025a06e1d5a24,2.6305008,a0fe3cd34e474c3b90662ce8ef1fcac6
70d4373544a8407086d520841c1eb504,2.6277199,7c1e02f3ab614e539ac901e5cd3c92d8
5c24677a92364f97aada250f8acd8f3e,2.6258261,c8b9a0ac7c214a449c434aabdf6ef770
387e43ce9c334938bbfe0ae8c0419ead,2.6217093,bade01bd83ec4b6786fd8c867ca7a090
0cee0f740cfa4b118595c4e921220588,2.6176884,92d5da561f5a41bf929f3555a74cd653
73cc10e747ca46bba886d9939cc3b768,2.612321,691a538d2372403fad2b919b48ff5f85
efd4bc5be92d4f7abb7c4bd8c19423a2,2.6020217,74e7db4222ca4a20811199afafa346a7
50b607a9b5e540148f9155693795e5d8,2.5849304,3257035cc77946d98bdc09e2fdd5cdae
e63f3979515d466faa902d724344014e,2.5814672,b050e9e1ef5946c297a34dda98d8f476
620d85d5d0b947dfb2f0574a0d4dfe72,2.5778747,8db9e204b8b841df8fd94eff0888cdf7
8e5a5214d8844be09dabddd5a39036e3,2.5695567,ec281224f8ee419ebde676f291672aea
1252c75b04024238b04ae25eb65cf090,2.5463576,6a122ce1702646db918266228d48bd08
3bfce2ad291d4b7780e0e8b06d4283c7,2.5403025,6aba5a04ef8742a39d3a61644a5f0729
29d39b14f72c45cebe5afd433c98dd23,2.5388567,b2be859ca8f24cda86821d5383edbc18
ff15583dc30644238b32a7302a039764,2.5380044,b2be859ca8f24cda86821d5383edbc18
e8d0fd5309724c1cbb4da8f5c55ac9f4,2.5304332,4696c8192576454f8684954bc771aa23
acf1a040f09440e7b67e2b901b3b1583,2.52954,cd56b9a044c24df8a7156f661cb3d9cf
b7a481f7374140f98117d92683d80c49,2.5117989,855b3971c4a147cfb9a7c281fa6b915e
f31d22a46dc54bd7b4dbd9366f0304d5,2.5088496,2a9658410614443d8a27ef174f61d6e8
a3641dd6dafd40d5b8f8077b9dc3e850,2.5048013,99142f1c07cd4782814f8c970eaaa40a
41e25db024634f619358f3093d8df1e8,2.5005603,3257035cc77946d98bdc09e2fdd5cdae
366c800d775a48eeb3c735cde3a881ab,2.4998114,6b9b2c8f0a874bb8b6691aca6bc49565
db0b5c45c2954d12b90e29ab07c75dcd,2.4920824,21b1ded02d7b42618592187e287835a3
334dd9387233405cb0ba67a8ddd52c53,2.486722,bab3bdc133384798b558f8fb6466a7fa
9de5dee9dd8a425fbfb5e0c198e653be,2.4801998,e492ff7fecf046a4948c5ba5631cdefe
ce7e02187e74451f8fe2511db0fed0fb,2.478519,779d7c2bad1940c8a861451964e1ce01
9ac0ff71215742d1bb1d294fd8b4e240,2.4776468,855b3971c4a147cfb9a7c281fa6b915e
da3ca57a5b8943839227341c423ae8f2,2.47431,e02ad4f63c8444b79a7a56fb23a4e0f1
bf4c4007f57a4055bcb4d820c06d7ca8,2.4631822,d74f6e7abeb84eedb9923dadb62f45f0
fdaaf6e004b04cb18e798331b9d9ebc6,2.4604301,99142f1c07cd4782814f8c970eaaa40a
43584afca09c4071adba01dad786c329,2.457347,e492ff7fecf046a4948c5ba5631cdefe
ba4441ee87f14d4ab951a01cf5035eb9,2.448354,7ce06191f1114b4c8a00609f6867761f
4b6eb18ba8244091a7dab36a9dd58d87,2.4442353,f5a6222612ef406b8f02aef87e08c476
1ca6f54416f4410eb8e23dab9dbf012f,2.4435802,a6a551a308b9442f947ea0608ae2c3fb
c9d40d7967754291b6d16c34879f008c,2.4429555,73e7e41e8db447c09cb2363d76556c64
16b26a25f49f4efa85d21e2a4302e506,2.431923,19c9ac7b84df472c85ed6cf5a05fbbc6
78ba6aa176c7496d85a6fdee9dad62f1,2.424069,fe6ace599de44aa19b1773dad3658fee
ba86837d26e64a5095e50f614cebc183,2.4219732,92d5da561f5a41bf929f3555a74cd653
87097861fe6e492abd016be0dba27ec9,2.4215908,9e304a9bbc7b4c22af8025fc93757357
712e2f3a807b4a8fa67e7bc78a2b5da6,2.4196608,b2be859ca8f24cda86821d5383edbc18
7779e19852544c0a86ee54cbf58acb3c,2.4115078,e5692bd498004d32934fbaa05af2120d
6bfef081f7a9453399f6d98d6cd01f60,2.3998687,1f8c0f02984e4139bf8043e57497fdb2
f856e536fb204df3b9d9dcffebf3085f,2.387122,88dc23909eb4415aa39b96cc3a4c2926
6abbc2ba6e8241f5b7132c7bb338f92e,2.3811915,37337ebec05640b890e4b9612776c32b
84e237a5da704cc28748ceb897b709a3,2.376166,11ec23965d2941d0817082107996ebbb
af93b48dee3a4f0a924c31d87144d7fc,2.3747087,b7ef0a61de0e4adf9688b2c525c9ad09
12b45c8ab28a4361a016608db99cc91a,2.3685098,01e805bb5a1845a7addf86fe9bc8d814
c00b77da1a6749149b7830ba636d7101,2.3657625,4a4eb12a639346b5a00557d54b51fe51
0ff2646f55f04a5a93328204b6fa099c,2.347921,31b69f9501c4415e929b6af28c83f6a6
7065ff8945cc45c2a4dfb58ac4955a94,2.3465168,d576e334105247369362b05a375e88cd
a073ad7e6cff44bca20e23485bde2461,2.3397393,e52a528036014db0a7bd54b99a310fe8
e750dd4744fd4421bd2387f0ec80c5aa,2.339405,f5a6222612ef406b8f02aef87e08c476
0d281c2568314e5eac84aab63872e81c,2.335472,4430d47e30904eab969c1baebca184c0
7138411c54ee4ddc9519ced57941eb3e,2.3331032,78b600dd53854b018f87267d268b7b1a
3088711035bc4a06b3595ae315f54fb2,2.329289,c9e2e76e631c4d0a8013d90892350e06
6f8c1d69a43c4848bf3426c02ae5b938,2.3277535,f9fae977af2c4f35b29400f31267e170
844cc162c90c4ad0bf5be9750450f4f7,2.3216329,89e43b092c844b5886a93091a22c894a
45134c6dd42d4814b2fba3d713c1b3a5,2.3204668,1cbfb22f84454b1fb821b602e3ad11f8
b4aee6c48c214408b310c9c345695420,2.318846,5a73e0a5c757410eb0928feed7b151c8
c8d0d1f2df5c4b2a8eecdd2acc610a85,2.3185391,e25b9d9944cb4d7197efb8ffc4ff57a1
c0f3c55551da4b9fa0600e0d1b9181bb,2.306148,0472051dc57d43f8b9dd08df475fc4a3
2e7dec015d344fb58ce0988844becd9b,2.3048806,f5a6222612ef406b8f02aef87e08c476
a9b2741eb1ab4c8bab6bec840430968c,2.3028002,02cf82700b4f4773af3a14ad8eaa5270
99a4beb62cd744e5842541fd8cc9f61d,2.2841501,678725f8b914453fbc1029b7c1bc0879
2d6d2f2089614469bda4b6e9b2b33678,2.2832413,bade01bd83ec4b6786fd8c867ca7a090
dd72a1cbe29f432bb51ae6342e0382e6,2.2808013,2768d411cc374a018a898f9df0ca207d
187dd510c41a49f4af9d4c4371e98953,2.2797143,b4150337314e40fb9e3ebb24514504a3
b0f8d38771464874a4c57aa453d842ab,2.278849,4aa3556b2aed469584c573868193a07a
3e7d386674184d34bfa0757dab4b3681,2.2747188,700f381f40ce4b039ce0df8b49fb199b
c8edf9162b024bcbbab1b1a81987a40b,2.2715225,1cbfb22f84454b1fb821b602e3ad11f8
bc1026f31e374c13a6d40e36a58b4b4c,2.2666636,4430d47e30904eab969c1baebca184c0
f3c6b6b18ad14537b64fde19aca70992,2.2631972,bd35571850644321b86ce4fae286ce7d
6b56add8c1e8488e9e85c4085e0cadc9,2.2553158,d443e0c5017d48d1b3f86bf4da959ed5
b98768914d8d4eaebb4632fefbad06aa,2.254853,89e43b092c844b5886a93091a22c894a
58e273c754c742a5a7557cc56e24814f,2.2516983,b7ef0a61de0e4adf9688b2c525c9ad09
44e0859420c4441d8b2eab856c4e010a,2.2464795,f0695d7e59d64941b510a3d12f801d59
413423a32eba46c2b7def04c66e6f9f2,2.2383244,19c9ac7b84df472c85ed6cf5a05fbbc6
7510f4f5df754961a921d50523718ff7,2.2348216,1af4472b38cc4304841b2f1720075c9d
383e7cf30f234aaf852e3f30de7879ed,2.234409,4a4eb12a639346b5a00557d54b51fe51
ee3555240e534ffc880818cf7f848c8b,2.2296047,b8ca3b6144cd48208caae952e096e7ae
ec947b46f577485bacac003c668ee2b8,2.2284415,d74f6e7abeb84eedb9923dadb62f45f0
abc9ab04fed74e638625e3e6f26de13d,2.2252352,a0fe3cd34e474c3b90662ce8ef1fcac6
b8355f6877f04cf583abef8dbf343f61,2.221624,a6a551a308b9442f947ea0608ae2c3fb
8522edbe627049f0b00eabbb776399d3,2.2206564,aa2d7a3a535243189492d4ce8e79c049
590ea703d6da42979db4f6cf3ec882f4,2.2130094,1c97c72e076f40fcadb22b17e71beed1
33babb0b73f84a8a87d9c75c03bfbc99,2.2104342,1216ce1ef31e4643bb1222538c206342
a3693333d6ba432295feae73fcde2dce,2.2085373,bd35571850644321b86ce4fae286ce7d
33a87d7db931410abdafbba3321d5b5c,2.2082639,8db9e204b8b841df8fd94eff0888cdf7
8f2691e2160d4c95b5b1ec99938ea931,2.2072043,23066f7964874fd39639dbf2cb2766df
93851d403349407996bba1dfd7457f79,2.2065742,057164cf4aab45ebbefef3409359cfb1
46328d405c424838a7c023c33af7ec2c,2.196643,c88be17376104f999b914a91aebf7220
a5d2be317fc24e528df576140c0a3849,2.195733,1543a2f94aa74008914301874d98f0f5
74b25851047d4c08840debaa0bcd9e2e,2.1797562,80948e17b5694599919e1502bfcc08f3
600602c8b38d4fe293a8b89ca3c4b7a6,2.177689,d0a840820172465f83c8480d571e7b71
775b2092579349f6877cebb751ba7f11,2.1756,9b22c5cdbff44bdabd48dba008e6a3b2
c76c69c650e64dab822589767532bc87,2.174776,89e43b092c844b5886a93091a22c894a
11cd11ee574a460989af01777e154c33,2.1642933,156f393f7ca046299e09d05464afa056
1dce77fb1e9e419d8977644f0d18fd1e,2.1597645,f0695d7e59d64941b510a3d12f801d59
cea01bc4a1554d61a6b1a564073b4fc6,2.1579888,564a84b1b830407e811bcfc7fd086a6f
c0f5519b1d3842a68611736d9c0e5c9e,2.157516,01690d9b08164fcabd5bf0819754f71f
5209a952bb1a4ac991ae51e8a3e9abdc,2.1514633,1cbfb22f84454b1fb821b602e3ad11f8
1c3bb67f3f4d455b86905cf93be96fe2,2.1437602,85e7ea30890b456084b8e85c299c8649
13efb9d3d8904edb87940273047233f6,2.143237,eaca056cec224a30aaaed30c39f644c2
3e5dd993b40a449fa94dcff02439d160,2.1413064,9ff95d23c3284d31ba5e398afa520649
cf020a2f14884c16bc73b159ead104b8,2.1245146,5a73e0a5c757410eb0928feed7b151c8
5a3e95d6f7e84750a9b090dbfef91f61,2.1210423,bd2f91a9415049d980e453f94327e0ce
82e2ae3e0d3c4ccab9093974f974e854,2.1089292,a6a551a308b9442f947ea0608ae2c3fb
7e1df8a5aabd4ab88cff299bb27c308d,2.1022654,0472051dc57d43f8b9dd08df475fc4a3
9d9b4852b8034985805080eb49678bc3,2.0823603,a1d8cb16dafd4126922f985021e93631
c3ff9a50b4c1477c812af51fd7ce9489,2.075632,630edd9b8f754b5dbd36cfbbd03ccb51
173d2968abb140d2bd3ad182500686c2,2.0735998,d443e0c5017d48d1b3f86bf4da959ed5
17ef3923d27b4a0d99dbc74302d79924,2.0658026,e25b9d9944cb4d7197efb8ffc4ff57a1
beaee44c26404f84a56c0c185b5bf1be,2.0634475,e96aa0967ab94368b381354e03dc40ad
6a3f2a9e86ed4054acf8db2265158d6b,2.0618906,2425086d8eaf44d2a9519f0e4e6b289a
2c477c4f58dc4ca1975569a1f34923fc,2.0618098,77ac5eb4b3054ca68e2b0dcbd5473fd1
e4c05db0326140dd9c48a8179a3fb6ba,2.0528624,02cf82700b4f4773af3a14ad8eaa5270
52bcb0a99aff4ed18c8fd7fc24e687f6,2.0472925,7cd1db4b50dd41e6b2f3dd15fcab3b89
48aa588059cd4883bab6da96a75c16b9,2.0387561,aa2d7a3a535243189492d4ce8e79c049
dbb7cd57e11848d399a156605f0f11c4,2.0255353,17cc6768c9d14388b7455fea0060b62c
6193d950669f47f9a2268d0f3a41b2fd,2.0167758,faaac88748714ce8a99413b952a1dac8
9dd0c24c21ab4b5586c29d90237b3840,2.0140398,3b13d134762445cebcdbb02b484db77b
daec8c9bb81142a98349b34affefed91,2.0079043,630edd9b8f754b5dbd36cfbbd03ccb51
1c5703785c574a4a86152b8e8ceaaab1,2.0075018,4ad7e2502210436f9ca5735fdf7e50c3
f93d08dd757f4cb9a593f27024c614ff,2.0030937,4aa3556b2aed469584c573868193a07a
187f475424d1406a8ea7e10ccd1f13ee,2.001706,85e7ea30890b456084b8e85c299c8649
497126af5d624b7894a1cca2b3b0e57b,1.9971731,d443e0c5017d48d1b3f86bf4da959ed5
89d4dbe124c14550a38f6790a02abf01,1.9876963,1fde4c9a01f84c349461083b6d0ba9ed
a3c58d5d2da942aab6283a42db2a14f7,1.9876319,37337ebec05640b890e4b9612776c32b
74f1eb9bb1ba4fe5a565558b1ebc7a72,1.9870274,1b4e143cfc1648a5b877d7445446366a
b904ff33d535410cb0791f1e1227e8c2,1.9867127,c88be17376104f999b914a91aebf7220
d832897254e74ba4a5515e22654b2d04,1.985832,9303b9f7f4984b2dac8aeba8c8da8ef6
b6564d12e54b4e09a41d57e66159df56,1.9823985,a6a551a308b9442f947ea0608ae2c3fb
de34f2e7e9ae4380a242b0f09f1716e6,1.9734886,6aaae524573f477f8fdef0b83787cbee
b615a0420b8b49d8a7153658ccbdd788,1.9685705,aa2d7a3a535243189492d4ce8e79c049
5ad95d0217fa4cccb9c2c7428bffd1f7,1.9632384,8aadcf7251724cc6858dc0db44abebe3
f5a036940f0b4b219a4903d8efd2cac0,1.9599432,5831f5e280be4c02a09ce4588b56d7f3
6f2088d6c7bc418f90e6328cd345c77a,1.959754,00f45d57fd3c448d8cfdf3185ebae894
0ac5a5f9477a43b2b222bfec1888b8f0,1.9546885,19c9ac7b84df472c85ed6cf5a05fbbc6
c0860e1ee41347ae81ca7fee69119dc2,1.9505994,3257035cc77946d98bdc09e2fdd5cdae
5f5d6306678c4a0cbeb65f8580c9cdbb,1.9452262,89597084b19c4902b073a2c6c6622456
ec9e443ba4a94ce1b32501a817565a6b,1.9434042,c26f5e7dcc8149f18f3d719bba9ae717
7522f624f59c4d74a8703781e00414c0,1.9419497,5a8cc5ff28fb4359afc7e9fcbf3bce55
faafc7c371d240a29c764c0074231e6a,1.9396117,779d7c2bad1940c8a861451964e1ce01
00a23ea3107f484f84ca76a6fb313ceb,1.9354173,e9f055a212cd4e5e8601228c37713f35
71466cbf526f4ad890c742b6e4fe7449,1.9326873,6542f58c143446f280e88a6375ccf79a
46f0f2692fe44c88963712d6f65f6dbb,1.9266922,678725f8b914453fbc1029b7c1bc0879
d56e8f69077e42b1aca7c99f6675c5af,1.9266788,1c97c72e076f40fcadb22b17e71beed1
4fb63b6f9f8a48dc921c53a21d354a0e,1.9207022,73e7e41e8db447c09cb2363d76556c64
39ce9102f2044852bd09b544df5b8092,1.9154346,7ac9c94011924c09b47f9640211885a2
1e9c95ee032147a2aa469f8482bf5f9c,1.9150512,678725f8b914453fbc1029b7c1bc0879
1b6f4307fa4e42cda9018c5085947b48,1.9028964,66b0c8a58f444ea0aec34d9403b88a49
8de833e138ae4924a0cc47129cde2cb9,1.9027078,1216ce1ef31e4643bb1222538c206342
55cd7fb3f7fa410b973c972dc5f4b757,1.9013761,c88be17376104f999b914a91aebf7220
fd45ab2e058b4b5fb374e54e60aceb48,1.8973866,b050e9e1ef5946c297a34dda98d8f476
a7e8389d66b049749ff42ecf8384fc99,1.8972572,ed9b10a2879742628fce003076ef9024
67a610b0590e4dc98c6ad2de2c47446b,1.8848066,64fa5ce839ef406b9bc8a1b2f05094c7
0b185da1334244d1b2c7ba6695d75f1c,1.8837371,bade01bd83ec4b6786fd8c867ca7a090
9da0bc8ceec24ce7bac851ca1fc67b5f,1.8796442,d6fe6f8380464e21a27fd69de27f1f57
e707e5790c554edeb5ab0f070fb36720,1.8784238,7c1e02f3ab614e539ac901e5cd3c92d8
7d4cb32e892a463b96ac09595cffccf8,1.8722255,0f9cc12519eb4872af7be7fe49e19f59
7dc9553f77c842f1848c9fe066681b67,1.8722217,bf59502a233e4b5eaff9cfa3a992c387
51bb2642caaa4fdfa82051cea135a8ba,1.8679117,b4150337314e40fb9e3ebb24514504a3
f4398da2a74044829b4f7bd0808aec82,1.8482747,6c8a24653ef04f559b88e0f27c0df63a
e9ffeaac65414a5fb9df90c528ca02f2,1.842782,e5692bd498004d32934fbaa05af2120d
fd66e1095a8d4ed89af26eb4018a0c00,1.8390582,3b13d134762445cebcdbb02b484db77b
6555bb324c1c434ba6f2beb761ab8f1f,1.837806,80921378de2b4cd3a14d449688d8b079
63c3f37ef5c1455db7914313f0e0be1c,1.834944,64fa5ce839ef406b9bc8a1b2f05094c7
98a56450793d4447a21350dcb38b80eb,1.8341575,efdf40eee13d409c9955e5b84e4408f6
ff2339e06523437eb464f18a90d5f80d,1.8324435,ff715b4f228443e3b067c801250f3402
b575522bfda54d4d83e55ab89262a216,1.8228291,6a122ce1702646db918266228d48bd08
45d15e5e49574f79bb6a3116fc761b83,1.8205997,369fe18b94f54c98b554fd22b4a3b50b
a3c8a08e370346b095ed986fc19f420d,1.8162705,89e43b092c844b5886a93091a22c894a
a5d13a0d598241769730951b2e94e7ba,1.8128724,23066f7964874fd39639dbf2cb2766df
ca6f0e18c75849428e7dbe14c1403841,1.8108939,c26f5e7dcc8149f18f3d719bba9ae717
e578d2ca90a241bcb241e65a62648a66,1.8054458,f5a6222612ef406b8f02aef87e08c476
7fea4bf4a0c24e2f84ca2e69e88529fe,1.8052185,e25b9d9944cb4d7197efb8ffc4ff57a1
211c5c1ee1d042d391296b95c6c95c66,1.8047912,cc21026ff0d541909df56c5618d28518
1a0cefb6898c48e7a91f6448d967d1ba,1.8011384,19c9ac7b84df472c85ed6cf5a05fbbc6
c60349b6f8454e529aa85264c412eb2c,1.8004258,77ac5eb4b3054ca68e2b0dcbd5473fd1
eccc933299ba48deadc3fbeb6ca6ffea,1.7996918,37337ebec05640b890e4b9612776c32b
ede38dce85584305a3733d42a3d38246,1.7935987,19c9ac7b84df472c85ed6cf5a05fbbc6
2ca1d4b5568b484d92ce254f17374b6f,1.7859544,d79afb377f5349a69830b2b4c7cfefcb
0c472016621a42b2ace086642ed58917,1.7801954,92229a391d0b418f87b32c86c42a292c
4afd31c733874e938dea46b7c0843f2f,1.777056,e52a528036014db0a7bd54b99a310fe8
61bbbca9959242abaabb21b01f9f40b6,1.7747705,526ab7eda50e4a239d03ad505832d61d
d0c34b42e0ea475cbec6f473103ce609,1.772864,e039a00eae414ebbb2205b011ac127cf
9cda69694f9945cda4d98d01dfa6bc79,1.7723992,7cd1db4b50dd41e6b2f3dd15fcab3b89
247daf33fb4d4fa993fd572025cb5166,1.7688197,d331012ecf0c40888e0ac290184f0883
067c039494914485ad6e06b72bbb8e13,1.7663016,58db4c3a26c84fa68d81235d078208bc
78c726c0af744ce0b72aeb59512d26d8,1.7652647,e52a528036014db0a7bd54b99a310fe8
f1015462e69f41ea9a9c663ae07f13fd,1.7632959,ad2109663af04c549385cd2ab9b3283b
112c929868df4d8fa0428f2c3cf17e3d,1.761179,ad289d5052264f9c8bd0aaf9faace92e
42096f8107c945a1a2cb7d0c4ba65a75,1.7546878,faaac88748714ce8a99413b952a1dac8
298a7ef0260542fb9aec7190927220c8,1.7538942,bd2f91a9415049d980e453f94327e0ce
5df786def0874c84a4a9878f379009d0,1.7516068,92d5da561f5a41bf929f3555a74cd653
10edc8c73a904e63bc4317abfd0d7213,1.7494946,66b0c8a58f444ea0aec34d9403b88a49
59ad0e42bca44e7c95b0aeb6bc5ca7dd,1.7444987,a585d23fe43f459ba86ac15645af77ff
49f4672f4be94535a516b1013cea2b54,1.7422428,c9e2e76e631c4d0a8013d90892350e06
f185dd7af4814c9e83eb8e679837ee60,1.7376974,4430d47e30904eab969c1baebca184c0
11626770763040b882ab69e58caa67bb,1.7366337,903360099fb644b6b88c6edac88eecb2
07c0659266c446b4b413362a241214b2,1.7308737,e7d6747e8c8b4ebcb665e232240daf17
5ccfffd900a1434dae33727030983cc8,1.7302413,75b0bd2240a54f6fb45bf95ca43ab5e6
7b5adbd82a584ff6b6e23b89956dd6f2,1.729708,bd35571850644321b86ce4fae286ce7d
b24046864bc341499137c0e4a5d92315,1.7221173,82b01998353e4141a7613fdc96d7b600
97c22deac29b43b8a2911e08c2aba299,1.7179377,0f9cc12519eb4872af7be7fe49e19f59
e3fce4db03644ebaa6d2618e06092fe7,1.7170773,1cbfb22f84454b1fb821b602e3ad11f8
054f93d33d7e494d8ddd2e57a8e4dd62,1.7139559,46bfd7af0ed6491fa621350963d11e35
569c47730fc949f7a3971473e07d0f6a,1.7120987,678725f8b914453fbc1029b7c1bc0879
b112a5b1b2e44b49971304154011c418,1.7105634,1c97c72e076f40fcadb22b17e71beed1
984975b63ccd4be48b7aa852bed6fc65,1.7105608,c26f5e7dcc8149f18f3d719bba9ae717
68017cd7896a412db28e47c90096b888,1.706005,d9fbe02f04a4469dac855f69ea6ad02a
fa350c4d307c4225b43fde340c1e9c40,1.7008443,acee70abee2841c9b67b95e9ed079647
fb4a9db6c94f4a49a12fa4071706242f,1.6989269,f0695d7e59d64941b510a3d12f801d59
1742e7fa8f8a48728fe37d75ce11b9c4,1.6983883,1d47a696eae94bd29f215a4787b27d8a
5491a19984a643bca536cb015e65adbe,1.6965492,92229a391d0b418f87b32c86c42a292c
3b065dc23322478a8128f0322c8d0678,1.6931403,8db9e204b8b841df8fd94eff0888cdf7
8756c0e4eee54ca69baec75ff9c6f44c,1.6914263,17cc6768c9d14388b7455fea0060b62c
20a91015a52d4a81bb29c195b01ed6e7,1.688901,46ba0b979a664c7cb0c315c4cde6ac86
e0fce1d752bc4668a62db48ad4b8de4a,1.6792943,80921378de2b4cd3a14d449688d8b079
7c79c3280c0f45a693fefbeb30bb648d,1.6722975,3be388c9ab614bceb086c19f70df23c2
899b54b766454749af73a7b5ba6ddfc9,1.6715128,eaca056cec224a30aaaed30c39f644c2
5d32b941bc394464a6da8d1c78aeb3ef,1.669981,11ec23965d2941d0817082107996ebbb
c69f7426bfca4d959cc756572440109e,1.6525552,3b13d134762445cebcdbb02b484db77b
da098162d0924c6eaf6699ca87326527,1.6522774,ad2b6fb945714e6792c17bd49a1066e0
f4e9b9fb265843768046ac7985c89f7a,1.6477926,a4cad92644614f78bded3ca6d6023473
d2bf482573ea4097b41b6bc649bece51,1.6439115,01690d9b08164fcabd5bf0819754f71f
f3f6ec5a1f4a455297eaeeb1145a0d7d,1.6428962,6b9b2c8f0a874bb8b6691aca6bc49565
780486c1076b4c48a2e7b01053d328cf,1.6404823,46bfd7af0ed6491fa621350963d11e35
25f901ba444c47eab6b03184191a3151,1.6282368,4b748d6624144214b3d8a80b37aabde6
0ff31fb63a044ecba52ee62968e78be6,1.6255612,65664fb3aad341fab563409d91dddd2d
613c069f276a48f2b4d203e4b49d44cb,1.6249621,fd51f3eef1a64d9a93652be481bde32e
4b984f558f9e4236b12f8875520bdebf,1.6202027,e25b9d9944cb4d7197efb8ffc4ff57a1
932fad47da6c474ebd763a0249ad22cd,1.6143643,f9fae977af2c4f35b29400f31267e170
d65ec9584a074f8494467734378fc499,1.6125147,d0a840820172465f83c8480d571e7b71
3827fc528c674ba6b4b692725d257a11,1.6118672,1cbfb22f84454b1fb821b602e3ad11f8
a4f6bb74f2654c17b04bb3fe4c05fd91,1.6101506,d74f6e7abeb84eedb9923dadb62f45f0
96cfa510415b439da48aa661aff3500b,1.6039637,1d47a696eae94bd29f215a4787b27d8a
287f16e644254fb4ab92c40cf4fd41e5,1.5923059,fb695c097d5845c282f6b30c241e8cf2
6475f4fbc11942b8814094002d1133b9,1.5915462,a6a551a308b9442f947ea0608ae2c3fb
d2eed3a46ce744eab6ced2424b2593b2,1.5909758,d331012ecf0c40888e0ac290184f0883
65654ba4d0d241cea5f12740d725d0ad,1.5897676,77a8b27acb0e4600bb6ff974eabc269c
49ed92caa29841ae9341d53497cb8124,1.5888908,1216ce1ef31e4643bb1222538c206342
a40e1b69ce604c8198c2de59ad0c8b93,1.5880854,7c1e02f3ab614e539ac901e5cd3c92d8
43a78998b5f14d87bf9883d669a9ea6e,1.5862563,d42996c2b67443fd9b73bba7641d4f77
d7af13217f9446bc8d46c21e5d91114a,1.5837132,836ec4ef8df644328ac07b7803709323
26ee506b01f6447f8db3592bd80ed39e,1.5831892,78b600dd53854b018f87267d268b7b1a
6fdbbc8445214d81aef5fc22b3f4e9bc,1.577438,c26f5e7dcc8149f18f3d719bba9ae717
f6440ad65bcb48fc8d7fb11f5accc309,1.5723376,e7d6747e8c8b4ebcb665e232240daf17
1080188fcae241b4a5c7649114dafd64,1.5713562,5971501b0e8b4ef5b203c3985d7f5e88
8ece6e92c7c541a2b5f597b12b7e0f92,1.5650829,82b01998353e4141a7613fdc96d7b600
493a9c5f51a84accb411c3f643d0fba3,1.5635229,21b1ded02d7b42618592187e287835a3
f41620f1a5c84928b422bcd3fb97c109,1.5615346,09fc9f38fbbb4bfaa1c979ac9cc43f0b
a22b7bc93cbe40cba26f5e4456762f6e,1.553689,f615619defc4402b82845090c238e597
9993c4c8576c4a6cbb5cd12592fe9e72,1.5509399,11ec23965d2941d0817082107996ebbb
869ede3e68734644b841477bdcecf1e7,1.5495677,1b4e143cfc1648a5b877d7445446366a
ef3589381bb34e74bf3f0f4479614d70,1.548439,1b4e143cfc1648a5b877d7445446366a
7831dfb1e07e43dbac524b0df5c28053,1.5475743,d443e0c5017d48d1b3f86bf4da959ed5
98b5731fc463498f9da6bf4beeaadc1c,1.5460654,8a77dc665d8b4d95a0b1113522f7e9c3
3ce3c6c49a2b43c3b683ec91e9657341,1.5443428,d0a840820172465f83c8480d571e7b71
180f987f287248c487b83fbddc87ee09,1.5401943,17cc6768c9d14388b7455fea0060b62c
8ef2aba44c3c4a85a7499fcc0cf28ff5,1.5349069,e52a528036014db0a7bd54b99a310fe8
539c9a4dd3ac4de18415aae9107a2600,1.5345163,11ec23965d2941d0817082107996ebbb
3a48941fe58c4afdb3ca7520eb9bd36e,1.5307701,a4cad92644614f78bded3ca6d6023473
b1d8d95b89ff4347aa88a86b33c0e524,1.5302839,c322b788813745e0aa7b592b4345d379
af56dd5a3d1a403c910f7ccd67f42dd5,1.52157,23066f7964874fd39639dbf2cb2766df
5bf9e6f5654045d28dd2225231386807,1.519723,23066f7964874fd39639dbf2cb2766df
8c85184de9ce46bdbd65f38bd49612b6,1.5094609,9b22c5cdbff44bdabd48dba008e6a3b2
58556ab04cfc4acf9ea2865485923949,1.5087477,630edd9b8f754b5dbd36cfbbd03ccb51
a7065654ab41446abde84554b4442a5b,1.5063374,7cd1db4b50dd41e6b2f3dd15fcab3b89
1e3ef31d6bdc469a89c1eaf71cbead2a,1.5031085,e5692bd498004d32934fbaa05af2120d
960fbf15535f437db3b7e4614367c633,1.500396,e96aa0967ab94368b381354e03dc40ad
08fe7d5213ea41ebafdb17d60eb36a97,1.4989579,c9e2e76e631c4d0a8013d90892350e06
e1e6878707524a03864e9b83fb89345d,1.4934754,74e7db4222ca4a20811199afafa346a7
b4e255878aac412187c87d835597242f,1.4922507,983940e0b12e4186a281c36de657406e
1a3959ec40e24329b5c36ae3d8bd148b,1.4847909,d443e0c5017d48d1b3f86bf4da959ed5
2ab29c6bc859481988c1133ecd494a65,1.4787362,1f8c0f02984e4139bf8043e57497fdb2
7002381cfd40489ebf699ce239f95dd0,1.4782176,d0a840820172465f83c8480d571e7b71
5d2dcf398cf24f1fa650c7f0c8035ffa,1.4781731,d27cfea4da8f445fb4e3c55e53c6482c
a4e40c85d10248bd9a34d6c44e22b010,1.4702692,c9628610053945f4a7998ae48cd70da3
d9b3a26c8de14ab4ad2a779d31b4f01a,1.4686389,a585d23fe43f459ba86ac15645af77ff
277c71d0965642b2b592f9a48534fee7,1.4667822,c8c201e25c0047a2ba9d9e8541ac0939
3127238ca74643c3bd2e042605dc5e25,1.4633956,983940e0b12e4186a281c36de657406e
c8aebab05e9d4c7e8a5e4875c217263d,1.4434716,e7d6747e8c8b4ebcb665e232240daf17
744af08539fd44678fb92fe2cd3adfbd,1.4384944,acee70abee2841c9b67b95e9ed079647
e84532113530478c84db1abdcae9a6d6,1.4353727,95fbc6ed8bfd43c1a6bcf676e26e7f8a
6770b085f8cf47ee9a162fa8fbac551b,1.435163,369fe18b94f54c98b554fd22b4a3b50b
b7e24f3f016a422b89ff10b363c86e9d,1.430182,09fc9f38fbbb4bfaa1c979ac9cc43f0b
5d204449172f48b1b51ca2ed9308b6d6,1.4301326,11ec23965d2941d0817082107996ebbb
2246c7640ba74a0d8caef1ca9f9d44dc,1.4245253,564a84b1b830407e811bcfc7fd086a6f
50eff679bc384b72918eba1cd77a5597,1.4220202,46bfd7af0ed6491fa621350963d11e35
28ff28dc16ac43ad9110f26f13aa339e,1.4214256,c9628610053945f4a7998ae48cd70da3
580c0c6a3cd6416cb6654f177ff2498a,1.4062538,9b22c5cdbff44bdabd48dba008e6a3b2
4b39ba0bb2e54f72bf6cc4c7832b3841,1.4051046,fb709e29755b44988bb252c87a2ce2f3
ed7174d9684e4c1ab43b255543d62f86,1.3917288,b25fe3b79f714d38b3fc53e39fd84d36
93cfb01748a246528235d46e95b6b76d,1.3909626,23066f7964874fd39639dbf2cb2766df
d26040150be642cfa0310e083cc0d204,1.3862319,bf59502a233e4b5eaff9cfa3a992c387
d783d92ce7464edd930cf3e6a5a3ec9e,1.3844537,5a26ae7959494fef99542e9b2004fd11
cd1d8e8c5cbe4d4cb0b1fbaf84bec386,1.3833375,650afb6a1d054e59904a1b796552eb04
4c8ffe2f47284e42af52b98aeea87fb4,1.382374,89e43b092c844b5886a93091a22c894a
31d3239dbec34e65a0e239ffec9138ea,1.3818681,257aed6ca7a44f1cb5c664beb1be527b
5b204de5b2be4f0cad1271ad9c6b1f51,1.3781888,82b01998353e4141a7613fdc96d7b600
9146bc8522804996b5984ed63944edb7,1.3748736,01690d9b08164fcabd5bf0819754f71f
a2257482b09e449f8dc0e6a32423b610,1.3738931,faaac88748714ce8a99413b952a1dac8
f2fe001a9caf435a9e440ed89e6b806e,1.3698062,f0695d7e59d64941b510a3d12f801d59
2d78b8e319a04caba78f81308c489ad0,1.3654628,5a26ae7959494fef99542e9b2004fd11
5a9a908d748e4c2eb30cdf4a450e189a,1.3628141,cb85047b65f8468aa02744c28c075dbd
2cd2c87b068749a492cdd369cb60ef9a,1.3581207,fb695c097d5845c282f6b30c241e8cf2
d52b00145e914e48aa1e81cc1b399901,1.3560032,cc21026ff0d541909df56c5618d28518
074732e2729c421abe906cc4077f1eae,1.3558848,369fe18b94f54c98b554fd22b4a3b50b
c5c5b71dc4ff4e8cb11769f0b2cd9907,1.3531692,1fde4c9a01f84c349461083b6d0ba9ed
75a44d8541fc4f6db502671300b2ea97,1.351056,fd51f3eef1a64d9a93652be481bde32e
ab4c8222cf584ba3982f14500c005291,1.3491223,a6a551a308b9442f947ea0608ae2c3fb
56fc3ec2992a4a609298efd89a7d3f59,1.3480537,e492ff7fecf046a4948c5ba5631cdefe
96bc1d7521944aa9bd60c810ef28080a,1.3478544,b050e9e1ef5946c297a34dda98d8f476
c3758e6612fe4a54ae862d91d26d805f,1.3450476,d331012ecf0c40888e0ac290184f0883
0cb422afc9b5409dbdc542e32e32d01e,1.3420337,965598a17b624a0f9bb1cd58595458a6
4fb27ec50c5a44b9a81d230f845e3047,1.3416173,75b0bd2240a54f6fb45bf95ca43ab5e6
360cbc8189604ca7bed1d03379488753,1.3391781,eaca056cec224a30aaaed30c39f644c2
4208fd7b21964394aa023825a91e5e42,1.3344321,ff715b4f228443e3b067c801250f3402
8c55cc4f7bc44ef7b9210ff7b7595435,1.3334458,75b0bd2240a54f6fb45bf95ca43ab5e6
3420154012cd4b5b993f16f000a9476e,1.3270756,1216ce1ef31e4643bb1222538c206342
27a9489cf5724d47bbcc508684389f2a,1.3217608,3257035cc77946d98bdc09e2fdd5cdae
64c90aaee7904b2ab8098f0dfe8cd516,1.3200309,d576e334105247369362b05a375e88cd
37c0ed56957944cd874df80d82afca79,1.3145682,6aaae524573f477f8fdef0b83787cbee
b9927fff8eac41ac99d787e84af9c3da,1.3111248,95fbc6ed8bfd43c1a6bcf676e26e7f8a
b06dc9c1726443b19aa4d4e118d8596e,1.3096801,6542f58c143446f280e88a6375ccf79a
cc8f496b43d143478be84fd74f0dfc07,1.3092737,7ac9c94011924c09b47f9640211885a2
6bf15791f42e4323bf626650477d9beb,1.3084997,8db9e204b8b841df8fd94eff0888cdf7
9fbb54f6ca3747198e55e3f00ad81251,1.2987238,27eee82d7fb94b9b8b60bd3101187496
3cabf7db885244c3aef797eb94b75b3c,1.2941113,17cc6768c9d14388b7455fea0060b62c
e980c76243164587a41b4adacf1c6b50,1.2882807,58db4c3a26c84fa68d81235d078208bc
98d13339052248b0b3c45e976da3acf5,1.2856853,3257035cc77946d98bdc09e2fdd5cdae
ee1746342f304912aca6d1956f95bc68,1.282751,eb513691b7a04d31ab1bc50bf343447b
da58e0684cc34833a768589a2ab19e46,1.2735056,b8ca3b6144cd48208caae952e096e7ae
ccf605a5ad9c406f9876e141954e5e80,1.2696527,903360099fb644b6b88c6edac88eecb2
275a7144962641e1a6b32428d2e025ec,1.2678593,fe6ace599de44aa19b1773dad3658fee
dd893f1f0cc94ae188e1501db4638010,1.2579958,b4150337314e40fb9e3ebb24514504a3
c244f9298eca46bebe8382249b3a300b,1.2558037,e336d113184c4ebdbad7aa2b6ec64640
85d372a0f34b42109e467e07922756ae,1.2524464,82b01998353e4141a7613fdc96d7b600
6d86d0062e7c4ab1a1c263fe7418697f,1.2492901,e336d113184c4ebdbad7aa2b6ec64640
c350ff1ea49c4547b89b09403669a4b0,1.2406571,4430d47e30904eab969c1baebca184c0
963dcd06789246059d5a6ecdb28e6321,1.2404766,77ac5eb4b3054ca68e2b0dcbd5473fd1
15af8d3a801645799a0656e8ff3c729f,1.2404097,691acac4a54d450697afb2c2dc4fca09
c4060e0878a944af9730a8113eacafc9,1.2353281,37337ebec05640b890e4b9612776c32b
0b35c0eab3ef4062bc3e184951a22fa9,1.2325555,80921378de2b4cd3a14d449688d8b079
743660b5e64e440a8607fdc79aa05544,1.2255952,bd35571850644321b86ce4fae286ce7d
fba706d6c465422cb8a6944bb92f5b97,1.224438,d0a840820172465f83c8480d571e7b71
0077d17ffb254c86a11e301042f915e4,1.224019,0ebc441d25664c91adad96b570270f07
6a057932e0f440299b46bf70039cf9d7,1.2232533,e492ff7fecf046a4948c5ba5631cdefe
152e0362dac34ef8940b97d42520b9de,1.220846,17cc6768c9d14388b7455fea0060b62c
b92da6fa48d248779bf06eaba1e7a2a9,1.2203683,f615619defc4402b82845090c238e597
9ddc0583ec0e4cc0bbaa79c812c97afa,1.2189254,73e7e41e8db447c09cb2363d76556c64
0c6306c2d9c64af7a28d5fd434ba9b19,1.2176052,6b9b2c8f0a874bb8b6691aca6bc49565
1e91957d9e7b4a2d9a469c627d2b37c0,1.214918,cb85047b65f8468aa02744c28c075dbd
23dfaadbd50c422b9ff80be549a47391,1.210598,cc21026ff0d541909df56c5618d28518
4d11f7b70f1b430697bde44deb6f6e8d,1.2092162,f5a6222612ef406b8f02aef87e08c476
56db49f870bb49eaac223bc725d79f26,1.207804,17cc6768c9d14388b7455fea0060b62c
72b24b9944aa43599173c03884689224,1.2075192,95fbc6ed8bfd43c1a6bcf676e26e7f8a
a3a8679097e74509b7525e86a5457662,1.206217,b4150337314e40fb9e3ebb24514504a3
cb3423afcfba4d688aa9cd2c23cf0c69,1.2027489,46bfd7af0ed6491fa621350963d11e35
88769fc17b0e4f3a9736d45e131659d9,1.1930966,ad289d5052264f9c8bd0aaf9faace92e
64e6b4c018f14601949aa629c1de4014,1.1869648,779d7c2bad1940c8a861451964e1ce01
24a298b1f7cd4f74bdd60b6e1adaac53,1.1856152,d0a840820172465f83c8480d571e7b71
5f47f156e8204f808cef8696d1f8920a,1.1850408,5a68e05acea4434ba08e17e1fff00057
d8abdab9cd7145c19d33fe76e47d0c1e,1.183832,31b69f9501c4415e929b6af28c83f6a6
18200ac0950d44d7af9f61b8b1f6467c,1.1784782,ec281224f8ee419ebde676f291672aea
af70750bd219415e93fc6c35e802091d,1.1761695,903360099fb644b6b88c6edac88eecb2
c67274e9cb5b41b18336fa05f437c470,1.1738235,9ff95d23c3284d31ba5e398afa520649
2582ce6fc7d14ce6bd50980959cd305c,1.1731025,cd60a0fcac24465a880af7d8f921dd68
f46543478e9f4f0bbb721b47a528562f,1.1689112,f036aaf4ab714c598a0b6da4ca604136
e08d644c0950461e843595f14ded4387,1.1680659,5a68e05acea4434ba08e17e1fff00057
eead86464fcc47c9a4330692646f0973,1.1674564,1216ce1ef31e4643bb1222538c206342
0a0d970d0884494391ed2a3bb2f00b54,1.1660857,92229a391d0b418f87b32c86c42a292c
071079b5a0494fe2b01b0dc5399d8089,1.1628951,eb513691b7a04d31ab1bc50bf343447b
b074150ff8a24cc9b889876ee8b52d9d,1.1619241,a926df6d7fcf4b17b68dae6f41fbce66
7360c15d3abd4dd8a5af35cc13c48b1c,1.1548287,89597084b19c4902b073a2c6c6622456
a2efdf5f804f446e917399345898167f,1.1507638,80948e17b5694599919e1502bfcc08f3
37a0d209e50848efb76d08c3f22eb3bd,1.1460038,d576e334105247369362b05a375e88cd
a879a1da30c4407aa84b5fea90b60f32,1.144327,6c74bedaa406493a99988c5b8a47b704
e95715a92c0a4c8292d8599a0c1a7dec,1.1344342,1543a2f94aa74008914301874d98f0f5
6776a4646460462797dc83573d630d14,1.1327348,156f393f7ca046299e09d05464afa056
b5f4e559a70849b2943f3967cc08b56e,1.1326379,3be388c9ab614bceb086c19f70df23c2
4271098208074e6ea1a9497085061483,1.1322291,6542f58c143446f280e88a6375ccf79a
8766cab3c343406587942ee9f9888671,1.1309075,74e7db4222ca4a20811199afafa346a7
454132982ecd4d5e9e6ed9c9e33f3433,1.1216693,257aed6ca7a44f1cb5c664beb1be527b
ddb77e0838c941d9acdd2f02496195e2,1.1186444,e9f055a212cd4e5e8601228c37713f35
4cf647a905be45e5b1b81a0559d834d9,1.1159985,fcc9863b07fc4bd5a01fab5b9160eafb
54d65ec837ed478986a344f4bba2e423,1.1141937,64fa5ce839ef406b9bc8a1b2f05094c7
a8a7550acecf4436939c03b7e74ec8a6,1.1122888,cb85047b65f8468aa02744c28c075dbd
dff829b336b64da68408d78fc0580c38,1.1025587,e45844e0215f4a1596a7f9ac41367c46
e6f19de2daa24324b2c88100702126ac,1.1013192,691acac4a54d450697afb2c2dc4fca09
3fa1b0de6d4c416189e62ee40264edd1,1.099857,e27d9425c912446e947fe53c4a757375
77303cd1aba44c3abccb823ad3006b47,1.0963719,903360099fb644b6b88c6edac88eecb2
4810807024104aebb9028b6d53c9ed44,1.0953162,77ac5eb4b3054ca68e2b0dcbd5473fd1
c1c018ca07df447caa530adc78d76736,1.0927832,6a33c207c8b648f680dbd0e65639ef04
fdfc870c19de4b5e99b1b3cdb4acfa39,1.0892164,a585d23fe43f459ba86ac15645af77ff
db9abde406b849d59dadd9330fa873dd,1.0854912,d0a840820172465f83c8480d571e7b71
1dfeecb0d6cc4fd68f8fe7bddc5573f7,1.0837889,a926df6d7fcf4b17b68dae6f41fbce66
7b1d70a80254489e9de91807e6e223dc,1.0819008,5a73e0a5c757410eb0928feed7b151c8
6eeb265798ed440e9feda4d09e043bf5,1.0817608,156f393f7ca046299e09d05464afa056
bee104c3212c473da29f1f4518f4fd7a,1.0810497,4430d47e30904eab969c1baebca184c0
7fc16d6f92a847c29cf3367644e4e835,1.0801468,b8ca3b6144cd48208caae952e096e7ae
5466e5423228429ca4afb7578e83a4f3,1.0661956,fe6ace599de44aa19b1773dad3658fee
b2bfb37b3dd54bf0b7653b3c280b2b08,1.061323,c8b9a0ac7c214a449c434aabdf6ef770
9bc0b7a878a34cdd97666a27e60314a1,1.0564493,7cd1db4b50dd41e6b2f3dd15fcab3b89
c46143f6691f4af38d4779e21a33f827,1.0519,01690d9b08164fcabd5bf0819754f71f
22fbef34478f40bbbd083e12595903b4,1.0414279,de9328bdd1b34adda74a0363ff0a52b6
9d9d4a9695414746b71566692311e57b,1.0413389,cd60a0fcac24465a880af7d8f921dd68
5dce93cb07464f0db845af41bf878604,1.0361131,acee70abee2841c9b67b95e9ed079647
432fd48d8c1946838e62f7912527deae,1.0321138,7c1e02f3ab614e539ac901e5cd3c92d8
30bedeca60dd40b78dc5e6d52d6af8a8,1.0309529,acee70abee2841c9b67b95e9ed079647
2de4480d7e534fbb8564efefe43623d1,1.0277772,37337ebec05640b890e4b9612776c32b
01f344e8e895424eaa3251d134512cf7,1.0218132,f036aaf4ab714c598a0b6da4ca604136
ddb7ffce794746d1bcc1cbc3747fcac4,1.0143093,11ec23965d2941d0817082107996ebbb
bbd851331a6a4da4b22326af57c9ea32,1.0121546,faaac88748714ce8a99413b952a1dac8
0ca1af4b4360463da2290c0231e7c2bc,1.0040146,acee70abee2841c9b67b95e9ed079647
126cac1063d947f1b6b54ce7d54f2c68,1.001127,e96aa0967ab94368b381354e03dc40ad
eb1fe6fcc1154bfcbe523b6401451927,0.9994499,1af4472b38cc4304841b2f1720075c9d
67807253c7c94312952c818472d4888b,0.99701434,6c8a24653ef04f559b88e0f27c0df63a
71134a9c69f44b489217b6a7661eeb5d,0.9968562,ed9b10a2879742628fce003076ef9024
6823a93202f146b282eb66b620ae592b,0.9949782,6b9b2c8f0a874bb8b6691aca6bc49565
96427260d7a740dc8e8abb4b879ac84d,0.99254316,4d708e5878784386a42c2f436d2d60f0
f6577f16e3764b67b1b06fc24d9379bb,0.9896034,e96aa0967ab94368b381354e03dc40ad
e20a7ed561e1414ba269129124fa8186,0.9848913,f5a6222612ef406b8f02aef87e08c476
c294e4564fbd465e948be4cb38ab0f2d,0.97929156,d42996c2b67443fd9b73bba7641d4f77
f52e6b02fcbe40089962449e4b4968db,0.9760182,cd60a0fcac24465a880af7d8f921dd68
1e61632437f042c89075c565adee2ded,0.97165596,dc58564d0c8540bea4f3e2e3696deae8
7d52dc1203ef4f9e9149a1557341406b,0.9619645,a1d8cb16dafd4126922f985021e93631
af1aeb26d52b41fea9c9af10f45c7bc3,0.9604756,7cd1db4b50dd41e6b2f3dd15fcab3b89
7119bcd6ffec46a3b428819c202e431e,0.95928454,257aed6ca7a44f1cb5c664beb1be527b
c20164d6b8844f428057133e0ab47347,0.9579119,78b600dd53854b018f87267d268b7b1a
0a8f26e2ff5d462b97d23238e36ae72d,0.9568438,cc21026ff0d541909df56c5618d28518
75bceb302d644b309181d454dbd2b59f,0.95547044,678725f8b914453fbc1029b7c1bc0879
fe866322e3f94718be3a75be3975a37a,0.954664,9b22c5cdbff44bdabd48dba008e6a3b2
292a36cd38ba43bf86a043e2de9d7bef,0.9538307,eaca056cec224a30aaaed30c39f644c2
7f23a0de3d6649fbaa67cb1b2dae2289,0.95275986,ff715b4f228443e3b067c801250f3402
5302778a501c4de9bbc6c6fc6f7cd8b1,0.9415044,92d5da561f5a41bf929f3555a74cd653
b4606932b1e94119b460652c11647413,0.9310068,1d47a696eae94bd29f215a4787b27d8a
01213179f19e4a5d97590bdc85be49aa,0.92217284,1cbfb22f84454b1fb821b602e3ad11f8
9b8afef332b0478a954974c9be4b010f,0.92209923,2a9658410614443d8a27ef174f61d6e8
b7734f7f37a349c491b96e42059f61dd,0.92182386,bab3bdc133384798b558f8fb6466a7fa
537772e1a2c849b2bcc68c362d5c2c16,0.92023313,d0a840820172465f83c8480d571e7b71
e2b879e36e484b0992165829229529ec,0.9182604,27eee82d7fb94b9b8b60bd3101187496
49929ef41ac3470388566de204f75fff,0.9162159,e25b9d9944cb4d7197efb8ffc4ff57a1
734db9fe91ae4ef4aa4f3798343785f4,0.91552305,eb513691b7a04d31ab1bc50bf343447b
1a12b7978d8e4dd5b563cf97606bfa9b,0.9084263,1216ce1ef31e4643bb1222538c206342
edf32c81fa8c41f4ba76d882cc8f88c7,0.9054379,fd51f3eef1a64d9a93652be481bde32e
43e7ebaddea142908ddeece45bfd2049,0.9049214,bab3bdc133384798b558f8fb6466a7fa
f83685b1d7eb4bb2912f5e7358584feb,0.9047922,691a538d2372403fad2b919b48ff5f85
aaff66d83c1441cba7531bde3e46f124,0.9001253,1216ce1ef31e4643bb1222538c206342
bfc3042d6d684128b937f9d9878d4eaf,0.8992773,f036aaf4ab714c598a0b6da4ca604136
e244d77b242a4a54a7bdcb784245c01c,0.8937448,ad2109663af04c549385cd2ab9b3283b
d3e12207d56644628943a01c0cdd93ed,0.89076805,1216ce1ef31e4643bb1222538c206342
a3b8ab612b544a76bfa18fd8d3c06621,0.89075446,d79afb377f5349a69830b2b4c7cfefcb
70c5d0168ece4f13b8553e469845fce5,0.89033854,c0cb721b56f240dabf7f464e453ef72e
2c5bf4d606bc4435af0045f6c269d043,0.89003134,7ab29c5e2f05481d8a69cc479a764ee8
1ea12b451b3d408baf7902165bd34a14,0.88570833,65664fb3aad341fab563409d91dddd2d
da365c80b3ac47ccb8a01a48820437a2,0.8843069,37337ebec05640b890e4b9612776c32b
7c4376eae79f4bb992d0bbb206eaebc1,0.8812241,c322b788813745e0aa7b592b4345d379
659ae42d80174d04b5c0e2295c83e1cf,0.87791246,e7d6747e8c8b4ebcb665e232240daf17
b9e0a43c19a04981af4a6dbf15166196,0.8770556,aa2d7a3a535243189492d4ce8e79c049
fa54265caebc408591476e98de422b10,0.8748734,31b69f9501c4415e929b6af28c83f6a6
0b0ee45e830245ffa3ce101af6a1a750,0.8743725,855b3971c4a147cfb9a7c281fa6b915e
90d603d31e104c02a43e18ee6dfe41d8,0.8733261,e492ff7fecf046a4948c5ba5631cdefe
bc216861a2124a6b9cd42cda34629f7a,0.86879194,257aed6ca7a44f1cb5c664beb1be527b
fa644cc0807d4d278be005d3e2f849b3,0.86398715,5a26ae7959494fef99542e9b2004fd11
0f23167585384e62970cf34d4092c7a7,0.8625369,e52a528036014db0a7bd54b99a310fe8
301e127ffa514901b5840fd47f9f7e18,0.8596689,cc21026ff0d541909df56c5618d28518
22c7e1d0cbfb4391813376493a8023d7,0.85927135,92d5da561f5a41bf929f3555a74cd653
96c624bf03614499b399bfbb431f5b98,0.85913706,6c74bedaa406493a99988c5b8a47b704
c6754ce8bf4346258c03509140eece37,0.8589603,65664fb3aad341fab563409d91dddd2d
915862b474ab4f229d4311709b20bd58,0.85816294,6d3c42356e3b459c919e3129ff192ac4
d2ed407fe4db4fa69c57cfa4bd7d002b,0.8575759,8f761e1117754656ac86a3a25f241cd7
7f2876c8100e4b68a311343853ebb177,0.8571935,19c9ac7b84df472c85ed6cf5a05fbbc6
a02994faca0a4c088e226d856518737f,0.8512611,630edd9b8f754b5dbd36cfbbd03ccb51
064ec184b18e48e18255745eb01a80f5,0.8508318,640f3bd184b7425fb22cc7773b8b2244
183908f894694011b40f78d80cbeb742,0.84191453,f5a6222612ef406b8f02aef87e08c476
9aca4f5f45944250973b5a08c3fa9547,0.84051406,58db4c3a26c84fa68d81235d078208bc
d87ab9d9a67547ccada7b9ea3d22154e,0.837925,bade01bd83ec4b6786fd8c867ca7a090
f8dc989408ab412199e89745baedbb50,0.8351349,8f285540a9394706bd6ec6cda46c5058
2a4b8f6f2f1948e587b2de1effffc8c6,0.83273464,23066f7964874fd39639dbf2cb2766df
55e30898427a472799115a2e014580a6,0.83224034,d74f6e7abeb84eedb9923dadb62f45f0
8baed775825049a7a98ba659c3139582,0.8219258,6c8a24653ef04f559b88e0f27c0df63a
87773e87aa4246ecb99c535106be1412,0.8212912,acee70abee2841c9b67b95e9ed079647
ac23b811505944319414d3f59b4b90ef,0.8199993,01690d9b08164fcabd5bf0819754f71f
b6406f4769234ae7828d1f1011448739,0.81942534,b25fe3b79f714d38b3fc53e39fd84d36
0efa7128e7d54bb098c98a8d23fa4d55,0.81831276,aa2d7a3a535243189492d4ce8e79c049
cadfda09774f4983a79a1c20a77a7b6e,0.8088757,678725f8b914453fbc1029b7c1bc0879
7eab4332b2af45cd8ba6c4050d814b39,0.80228996,ad289d5052264f9c8bd0aaf9faace92e
3a824fd4eb9c426291f1b6fadad0d90e,0.80216336,fe6ace599de44aa19b1773dad3658fee
28cae44de1fa4e56a10eb13b57a78668,0.798842,c0cb721b56f240dabf7f464e453ef72e
d1c94e11ba214e61b63f00da3fb00a09,0.7967706,ad289d5052264f9c8bd0aaf9faace92e
398dcfd9b9434e5aae4fbf7f5752d33e,0.7894743,ff715b4f228443e3b067c801250f3402
aac7a2be32044f6b908b9548ab324ed4,0.7882353,a6a551a308b9442f947ea0608ae2c3fb
7771343be99843f58171d62a3f040005,0.78610086,e52a528036014db0a7bd54b99a310fe8
0f4e625476a041c88fade20efb2eabcb,0.7818737,64f1d63a671d441d9663a783f632f794
727185eb6c4b40c7826be433f5a5d627,0.77993536,23066f7964874fd39639dbf2cb2766df
0d0b25a05a4148d2b15c4f2ac11010e6,0.77799624,b050e9e1ef5946c297a34dda98d8f476
839527c5eff74e27a3dd2e5a9336cc57,0.7771528,c9628610053945f4a7998ae48cd70da3
062dc7df9c4f430f87502fe7eadd5d7e,0.7767327,89597084b19c4902b073a2c6c6622456
48ac74f9b05a4b4da78a5f6497555631,0.7730614,a0fe3cd34e474c3b90662ce8ef1fcac6
78fff51240e14352b1fae67b59be4cc2,0.7707237,58f53c379f7a4868a2ba6d91a06247d2
00ba0de9ca0245ab8489ffd199e84c92,0.7693849,7cd1db4b50dd41e6b2f3dd15fcab3b89
d51b249d11a44ae699cd4e2854b00d4a,0.76835,4a4eb12a639346b5a00557d54b51fe51
fdef09f89c644db89a91442b6889f7b0,0.7660133,f615619defc4402b82845090c238e597
523ae070f70149be975ea27f84bdb39c,0.7654593,75b0bd2240a54f6fb45bf95ca43ab5e6
9c541c2079a0420298c16b25b87beee7,0.7596884,d42996c2b67443fd9b73bba7641d4f77
c299003ba5bb48b3bd7eab31321b539b,0.7518482,f615619defc4402b82845090c238e597
7342516c90ad4776bc0f64a3358d530c,0.74764264,02cf82700b4f4773af3a14ad8eaa5270
07e594806c6c4bdf8d98e2995979eae1,0.7437021,0472051dc57d43f8b9dd08df475fc4a3
d2d96f2a42674dfbab3101abbce904dd,0.74236643,a0fe3cd34e474c3b90662ce8ef1fcac6
faf7544dd7fb43c5b63a56c55bcaafb6,0.7370363,4ad7e2502210436f9ca5735fdf7e50c3
5c85caaeb0fe44b19a63bae94eb3c1b2,0.7344235,c8c201e25c0047a2ba9d9e8541ac0939
43bd347a4d5e4c8c82b41970f2ddfc02,0.73210657,37337ebec05640b890e4b9612776c32b
957566f2fe9f4406aa561e32617baa00,0.7306626,4aa3556b2aed469584c573868193a07a
8779ed6ba8014232ae6caf2ff9ef4317,0.7305846,156f393f7ca046299e09d05464afa056
dc439e2feee54ac8a73f06f7ea3d8334,0.72290266,8f285540a9394706bd6ec6cda46c5058
21160fabb87f4b0fb849c04438771115,0.70858973,1af4472b38cc4304841b2f1720075c9d
018f42d116aa4bcdb1ab9e05bfc01b63,0.70770574,640f3bd184b7425fb22cc7773b8b2244
4cdd959af2f14b51bed3c4107c2f0405,0.7049332,80921378de2b4cd3a14d449688d8b079
edb63218ad374e72804e964a5ea6949a,0.70316577,a6a551a308b9442f947ea0608ae2c3fb
6f5aba39f47a4d7b87f4b50122d8b660,0.70282817,7a4c413f5c844796bd5ffed2b65f0336
863e6e460e12403393c97a12e6ce92f1,0.70250726,d0a840820172465f83c8480d571e7b71
24f0ffec89c94e20bd898e051adcbf79,0.69849634,d27cfea4da8f445fb4e3c55e53c6482c
2090b42e4121433892402ab5724a805d,0.695498,27eee82d7fb94b9b8b60bd3101187496
06dc42ee4aa4438a91f2d88754ad84cb,0.690986,650afb6a1d054e59904a1b796552eb04
14251437e9d7466c9909622c9fe454a4,0.6891774,257aed6ca7a44f1cb5c664beb1be527b
45e4e8abcc7d41019873e9cefcf22239,0.68869483,01690d9b08164fcabd5bf0819754f71f
3321422a798047078d258d49e7912855,0.685552,6d3c42356e3b459c919e3129ff192ac4
95eb2760eddb42a799eed009f1907025,0.68262,0ebc441d25664c91adad96b570270f07
2b1ae0f0956e475c80e1ba5ca01abe84,0.68209326,b4150337314e40fb9e3ebb24514504a3
ad251b857ef3422398c3c3aa91f9c632,0.6784742,c26f5e7dcc8149f18f3d719bba9ae717
7e4f7e1030bd4e0d9be72f6761ea3def,0.6720032,77a8b27acb0e4600bb6ff974eabc269c
387cfff049b44a62ad0215e9bcd6f912,0.6619446,ecdae9f36c6a437ea72739febbf1c89c
a4057a1aa4e948e5abc7ddcad9479b24,0.6577245,e9f055a212cd4e5e8601228c37713f35
4593972edeb84fe49e5ad1058e0d8d35,0.6575928,bf59502a233e4b5eaff9cfa3a992c387
8585971b042846729be0531195bb8d5c,0.65596193,3b13d134762445cebcdbb02b484db77b
8a96af0f20f74b209326dd750c56a2f3,0.6550745,0ebc441d25664c91adad96b570270f07
7e29ec4675ab4e1cb521e69e6de49dfd,0.65462697,e45844e0215f4a1596a7f9ac41367c46
3710bf2a11584bf098b45d14f2308ef2,0.65084743,ed9b10a2879742628fce003076ef9024
3e8ebff2d8524f5aa87e3d2117dcb463,0.6481557,e7d6747e8c8b4ebcb665e232240daf17
a16486024d12452a9c7a4d88c7fc5efa,0.63954425,6c74bedaa406493a99988c5b8a47b704
d3910d69c924478ea90090b8b527e0b1,0.6394111,903360099fb644b6b88c6edac88eecb2
8819510944174ce28e7b0d3e9d8c9fe3,0.63586044,691acac4a54d450697afb2c2dc4fca09
d098bf81d2e34d868f274370a0a39716,0.63472795,fb695c097d5845c282f6b30c241e8cf2
4c2fc2033f15495485965dbc18d3191d,0.63446474,e336d113184c4ebdbad7aa2b6ec64640
936da7c6ee60477dab2d4d91e51a0931,0.6332078,526ab7eda50e4a239d03ad505832d61d
6fb6a2666474414e950f94d5b467b229,0.63316065,bab3bdc133384798b558f8fb6466a7fa
7736e2c1dbab4b4c904c42e51fd17759,0.63001573,640f3bd184b7425fb22cc7773b8b2244
0b887e10733b4259bd5c30a1c724ff50,0.6294664,fb695c097d5845c282f6b30c241e8cf2
ff0622832e0e48519d375778af4f60c3,0.6243859,7ab29c5e2f05481d8a69cc479a764ee8
deaec801f6344b9d9ffe289794354038,0.62204385,acee70abee2841c9b67b95e9ed079647
60cfb02a92884acf8cbc7ea1abaf7046,0.6218232,e492ff7fecf046a4948c5ba5631cdefe
e212caf6ce0045358ab77835c78ae98a,0.61624557,7ce06191f1114b4c8a00609f6867761f
e8ee807a789d465c99039c42dbdb3203,0.6112573,5a8cc5ff28fb4359afc7e9fcbf3bce55
4805a294e65b4d4db75948e86d3fdee4,0.60066646,acee70abee2841c9b67b95e9ed079647
ea60559c1a414dafbe5652b8b1ef5ffa,0.5984818,e02ad4f63c8444b79a7a56fb23a4e0f1
18256c30bb5447d2bc0c5b2c56f67811,0.5980074,bab3bdc133384798b558f8fb6466a7fa
b7e96cbc27284100ad9f3ea6005e3af7,0.597873,34b71675a1ae442395b6eb1f3eda23df
9f3b0cd053d04311acf31077db03f489,0.59368473,cb85047b65f8468aa02744c28c075dbd
7cb1eb87f58f48c88b0b1f3205d9a6e5,0.5928277,d27cfea4da8f445fb4e3c55e53c6482c
a22926b3ca894e6c80de0e172a46f36a,0.59165704,9170e0bb8fe44b309f83293808d871fe
707f6646366145df8e5402888ac28325,0.59138256,779d7c2bad1940c8a861451964e1ce01
411837e42b564c399e9444d5403a3734,0.5858905,e52a528036014db0a7bd54b99a310fe8
44ed303d7bde4629ae56239936f499ec,0.5854718,1af4472b38cc4304841b2f1720075c9d
02dba61169914bf6bca380e6ebba2037,0.5834656,7ce06191f1114b4c8a00609f6867761f
71938515de5a4c74929e6fa8edb97420,0.5825014,c9e2e76e631c4d0a8013d90892350e06
739e45c484874024a94fec4cf8b13fba,0.5816312,c9628610053945f4a7998ae48cd70da3
c81dd22a150c47b8b83d8439c0024f01,0.579033,a585d23fe43f459ba86ac15645af77ff
315bc88bb0aa4c8d8eb55bb22f811730,0.5715429,0302e7dde9074dddbbbdf85e9be57901
0440c322e82547b787d5f173806bb341,0.5707645,e039a00eae414ebbb2205b011ac127cf
7a81a74f4b0e49839c3fbcfd7ad02560,0.5702194,fb709e29755b44988bb252c87a2ce2f3
9d3df96b762f475baecfda5f306ccdc7,0.5683949,b7ef0a61de0e4adf9688b2c525c9ad09
c50c1d8eb4024bf080812d01310eb133,0.56756616,c8c201e25c0047a2ba9d9e8541ac0939
0b7bef4f00bf42b0ac6d5e824b04daa3,0.56191254,903360099fb644b6b88c6edac88eecb2
ae5e0ee1d17e4fb0839e3d41295a5479,0.5581631,903360099fb644b6b88c6edac88eecb2
a7c72b26df5e476a8a8efd1d597ead90,0.55702794,9ff95d23c3284d31ba5e398afa520649
915d79767ad746c99ea804f4b5dbf60d,0.555814,d981f2c67f764e0c84af125b563958e9
3df0fa25822f457496cd93c2402bd292,0.55312175,aa2d7a3a535243189492d4ce8e79c049
405e667675254ffdb3e8cb25813e586a,0.5508638,e456afdf95e643dd926249fec4d68753
503e869546cf415ab60324f38dc8f73f,0.54791343,eaca056cec224a30aaaed30c39f644c2
14f6b3f3ee164c98b2aa0e93e06070d3,0.5441961,678725f8b914453fbc1029b7c1bc0879
d6b4f4ad86b24c25967551b42462c386,0.5345898,d443e0c5017d48d1b3f86bf4da959ed5
6339e9726a4b4ebaaf1b22a56c33b779,0.5307643,564a84b1b830407e811bcfc7fd086a6f
ec6e7c2e584c4bd09dc91d1729c2c90a,0.5235282,89597084b19c4902b073a2c6c6622456
d279eb260acc48558e34415c5c588926,0.522934,7cd1db4b50dd41e6b2f3dd15fcab3b89
987dc1b016fe4664902db31211a59bd9,0.522568,efdf40eee13d409c9955e5b84e4408f6
06bf7c8951c64f95bec0eb20b232e5bd,0.5152483,e039a00eae414ebbb2205b011ac127cf
5c6c691ff9a94d5e954977de26cd9cad,0.51247096,fb695c097d5845c282f6b30c241e8cf2
76313e4034d24a788d6f02923f14c045,0.5118267,d79afb377f5349a69830b2b4c7cfefcb
aa8510751ea1474a90449f0bf668c26a,0.5104868,691acac4a54d450697afb2c2dc4fca09
a8117ce7b13549fc829e0bf1a9330dc9,0.51047844,fe6ace599de44aa19b1773dad3658fee
c71fc9273bb64cf78fcb3160724b40be,0.50774026,34b71675a1ae442395b6eb1f3eda23df
34dd2bcde19344c69a51099dd39f23de,0.5069241,5a68e05acea4434ba08e17e1fff00057
477b5f953efb42e6a18e9428c69b0fa6,0.50383663,ad2b6fb945714e6792c17bd49a1066e0
fcde1e3b91aa485688682e6fdc3c24e8,0.5012231,1d47a696eae94bd29f215a4787b27d8a
13bc78da1120442190653a8273c4f2af,0.50120234,19c9ac7b84df472c85ed6cf5a05fbbc6
972aaaac6728431b983362d505543fa0,0.50119144,80948e17b5694599919e1502bfcc08f3
3477cf6029bd4abb97d2bbcc6c11509b,0.49985737,1216ce1ef31e4643bb1222538c206342
8564aa88c0c6416890eb773a1c47d701,0.49894106,8a77dc665d8b4d95a0b1113522f7e9c3
64e8bc2bd44d4328bac29a1ed2e655bd,0.49771672,8aadcf7251724cc6858dc0db44abebe3
1e579d7ae9414003b1ba23d9839d8031,0.49747145,faaac88748714ce8a99413b952a1dac8
50be6a3978ef4b168a8256cb53fa7afb,0.48926714,1f8c0f02984e4139bf8043e57497fdb2
455cb638bfe54346b07d85d63df40847,0.48643473,92d5da561f5a41bf929f3555a74cd653
7968aaf915264497a603da45beabd178,0.47959766,5a26ae7959494fef99542e9b2004fd11
a1e176f474f04640aedebc0ece81583e,0.47917467,965598a17b624a0f9bb1cd58595458a6
b8cc82e2dd7b4ef9932f2377c1bf9e53,0.4741291,6a33c207c8b648f680dbd0e65639ef04
803051539d144fdeb70807a70a667f4a,0.47191507,11ec23965d2941d0817082107996ebbb
03338969d6c44f879a13c672864f6001,0.4683596,f615619defc4402b82845090c238e597
bc74f6e0e01940f8b0e150ba65e72d34,0.46727628,74e7db4222ca4a20811199afafa346a7
e1c498af40d54c85bcea4f0ce236b966,0.45964238,d9fbe02f04a4469dac855f69ea6ad02a
4e48af3f82274b30b4ec6ec1533e2840,0.45743668,58db4c3a26c84fa68d81235d078208bc
278a6d1334d949ac865e60b6199bf59d,0.45352417,a926df6d7fcf4b17b68dae6f41fbce66
8d0f508b17b140db934bc95a70c06411,0.446221,78b600dd53854b018f87267d268b7b1a
d142f9dac4904fd9a93e4b68197a4fa9,0.44174424,ecdae9f36c6a437ea72739febbf1c89c
2b4fda504eff4531832d7897265ba39f,0.43245137,d79afb377f5349a69830b2b4c7cfefcb
052e254bff244d2f88c0d2566ddc13db,0.4297644,e52a528036014db0a7bd54b99a310fe8
5ebfa573972845a5842bf96fbf02053a,0.4253397,5a68e05acea4434ba08e17e1fff00057
b187ddffdecd4cf9b139b97f1fe3695f,0.42353916,1b4e143cfc1648a5b877d7445446366a
c661bf4a97394c40af06ff80bbec3a75,0.41558838,a25b08e008114c9ca0266ce3e55d82bb
794516c691a54f63a105c96bf716febf,0.41334754,1c97c72e076f40fcadb22b17e71beed1
1f8623bf930a4fcfbd914e784354ca2a,0.40532383,f615619defc4402b82845090c238e597
ba50600bf9f046bf97bbe28dc09a3ff4,0.39464507,92229a391d0b418f87b32c86c42a292c
523ac70af19e4d6988870738be0827dc,0.39457864,1fde4c9a01f84c349461083b6d0ba9ed
f854f94037cd4d678dad33c5ee4d0dae,0.39279294,5a68e05acea4434ba08e17e1fff00057
9542d0008f7d40028d37ffe95d4e270c,0.3899424,a0fe3cd34e474c3b90662ce8ef1fcac6
6fe5e86e29684922a7b66985a0abbe4d,0.38603574,c8b9a0ac7c214a449c434aabdf6ef770
52acdc11a8df4558867635630b69348c,0.3847124,74e7db4222ca4a20811199afafa346a7
4a5ee7ff69a445f48974483a915d4d84,0.38027543,1543a2f94aa74008914301874d98f0f5
5db16d2af83a479d85d0755051ccebb6,0.3757137,b25fe3b79f714d38b3fc53e39fd84d36
a286b690dbf845d9b5651b98f76845a7,0.3736796,5a68e05acea4434ba08e17e1fff00057
0623d83a061f449f86d03b34bcacd314,0.3726772,e456afdf95e643dd926249fec4d68753
587a668f01694a1e847a97f47debb81c,0.3693835,37337ebec05640b890e4b9612776c32b
f1f565a6c118448aaf377cc5c5ec0abe,0.36908543,1d47a696eae94bd29f215a4787b27d8a
19697467a2f64fdcaccd3a65d2a60d7d,0.36698472,23066f7964874fd39639dbf2cb2766df
1139d27eff6f4adcbf602ee48c269d3a,0.36613163,0ebc441d25664c91adad96b570270f07
c27914b906234330b9a6677788aab658,0.36523765,89597084b19c4902b073a2c6c6622456
d167d4759915411bbe1bbe1051622883,0.3597816,4a4eb12a639346b5a00557d54b51fe51
1089b153884e4aca90dce90c11539615,0.35931325,b050e9e1ef5946c297a34dda98d8f476
1f4dd46f7d93406e9b1fd33e5a2a4158,0.3543496,a1d8cb16dafd4126922f985021e93631
9c74b02f802b41bab45bd626251e1d88,0.35263893,4b748d6624144214b3d8a80b37aabde6
512d51a776a240e1b495922587e2bbba,0.34941518,a926df6d7fcf4b17b68dae6f41fbce66
d2e23fe1095249c4a12577fd6efe8a65,0.33878142,700f381f40ce4b039ce0df8b49fb199b
d8fd098382264e93a362843242d58e0a,0.33682293,8f761e1117754656ac86a3a25f241cd7
7b77d3c7e5fe4d2abc10ed7f00ad4e1f,0.33375698,ec281224f8ee419ebde676f291672aea
9d68d4254983475b9feb48e30494c9ae,0.3256461,66b0c8a58f444ea0aec34d9403b88a49
4bb46186bb5347c793ef12b4397ebcd6,0.32343996,6a33c207c8b648f680dbd0e65639ef04
f6a57bd21bcc4009bdd07b1d8b86afa6,0.32215905,630edd9b8f754b5dbd36cfbbd03ccb51
d8ea4ac9525840edbbf19a36ad957e31,0.31927425,d4cd0b56b6f54e08aec8ebfdb6122c5c
385af4460b5a436baece6ce3fa1cd423,0.304716,6a122ce1702646db918266228d48bd08
b256661e96a042c28b299514e4e6e4cf,0.30377996,5831f5e280be4c02a09ce4588b56d7f3
a2be1094a2d64ff78445a42b82c28a63,0.30348283,d74f6e7abeb84eedb9923dadb62f45f0
be07f7c09f5c40da9ebdc231520afe90,0.30174637,cc21026ff0d541909df56c5618d28518
67cdfba89fae4e3896b9aebb4f52dae5,0.30057722,cc21026ff0d541909df56c5618d28518
5854ad482e74460797366e8eb405b2e7,0.28939283,b7ef0a61de0e4adf9688b2c525c9ad09
37f240104b2040c4a8bedd933b90684e,0.28538477,d4cd0b56b6f54e08aec8ebfdb6122c5c
b513c98d376b4102a9119d959aa7ebfd,0.28260738,d6fe6f8380464e21a27fd69de27f1f57
700d97396d164429817cb71d0e1b313f,0.2784227,f9fae977af2c4f35b29400f31267e170
52f16fa757624404b9d43dfe2885697b,0.27654502,09fc9f38fbbb4bfaa1c979ac9cc43f0b
16242654caa64a669f249360ac629e5a,0.275797,3be388c9ab614bceb086c19f70df23c2
a904fb4b818843aebcf6c526facb5089,0.27411532,8a77dc665d8b4d95a0b1113522f7e9c3
7347c822edd443ed856998a70357afd0,0.27263033,8a77dc665d8b4d95a0b1113522f7e9c3
6001044952554a14b842ed1f26cda571,0.26929218,4696c8192576454f8684954bc771aa23
c2da5a4eff03435c8c936f9c5f4cf43f,0.26054054,1d47a696eae94bd29f215a4787b27d8a
356335bb29d4424ab31c89c6931246f5,0.2564785,965598a17b624a0f9bb1cd58595458a6
dd207a6be6fb481c941ff42092bbb3da,0.25365144,34b71675a1ae442395b6eb1f3eda23df
e152a0f89fe0446f998c519058feabc5,0.25335342,a0fe3cd34e474c3b90662ce8ef1fcac6
cb70763b642a49e48c7e66689f180efb,0.25157723,0ebc441d25664c91adad96b570270f07
1e239dcb58ac4c869ed3fc6c4c4a06bb,0.24739449,f0695d7e59d64941b510a3d12f801d59
20256e6cd14e4624979db79d84582573,0.2469332,fe6ace599de44aa19b1773dad3658fee
500d964011eb4cd19e61ff976d9d808f,0.24357873,46ba0b979a664c7cb0c315c4cde6ac86
b30b809bfd8141fb9aab99fe056092d2,0.24096134,65664fb3aad341fab563409d91dddd2d
b4a8d87a40804af0ba2290010e25deb5,0.23985133,21b1ded02d7b42618592187e287835a3
693fab3513204d1594f6d18136b865e3,0.23635173,1fde4c9a01f84c349461083b6d0ba9ed
73ef58ddfcb54d09ac1737fdccd62d07,0.23310113,9e304a9bbc7b4c22af8025fc93757357
de6f18bac6e4441f8dd17e252f1d993a,0.23000333,0ebc441d25664c91adad96b570270f07
00bdb7919575484197d63d6dfc45bf9c,0.22870405,66b0c8a58f444ea0aec34d9403b88a49
ae806a1c4d304ce388ffbf648f241d20,0.22545712,a585d23fe43f459ba86ac15645af77ff
174e16d27164468ea679a619b853b1a6,0.22118908,e96aa0967ab94368b381354e03dc40ad
9ed80bde74cc4e15aaa675186748bdbb,0.21971455,58db4c3a26c84fa68d81235d078208bc
18eaa3f481614cfc945c16f2cbb757fe,0.2181079,6542f58c143446f280e88a6375ccf79a
252a2a3078134eb8876626820c9ca8aa,0.21711786,1fde4c9a01f84c349461083b6d0ba9ed
4862c9b0d8ae46eb8831a66a01eeb02f,0.20256546,b050e9e1ef5946c297a34dda98d8f476
f2b48599b4e942a098c9a2fb280c2525,0.20123786,7ac9c94011924c09b47f9640211885a2
fdc1732f54e34300bc77d7b4c38ec31b,0.20105366,77a8b27acb0e4600bb6ff974eabc269c
bc3dcde96af9406186e1b5eb3b8af798,0.2004075,4696c8192576454f8684954bc771aa23
3d87a00da06642ab94224dffed6c2ef5,0.19471604,c9e2e76e631c4d0a8013d90892350e06
fe079e85e77f4cd98fc3ce5e6b2476c0,0.19352263,7a4c413f5c844796bd5ffed2b65f0336
06435a3004794b68b31f4c445a06fe71,0.19319843,f615619defc4402b82845090c238e597
0499bd7b39be4304b273f17a516f2eaa,0.18520397,80921378de2b4cd3a14d449688d8b079
a703ddf11df347d6a8ca6f572ef505f2,0.18506837,e45844e0215f4a1596a7f9ac41367c46
adcb28bfb3334cf0938efac96e34354d,0.18355256,c88be17376104f999b914a91aebf7220
d826d2d9a30147d59c909ec8484bf8b6,0.18090175,ed9b10a2879742628fce003076ef9024
729eb469bdc343e6b5c2628e9be83fd1,0.17848784,903360099fb644b6b88c6edac88eecb2
1ca76b297f0e46b1ab22a8cd94230582,0.17800665,27eee82d7fb94b9b8b60bd3101187496
9ebe890cdbad44f1936503311aa8efac,0.17528033,d79afb377f5349a69830b2b4c7cfefcb
606a301239a6472ea371152fa2029fb6,0.1740227,75b0bd2240a54f6fb45bf95ca43ab5e6
c5487b5f9cec423b8ea3117173949a1c,0.17294985,0472051dc57d43f8b9dd08df475fc4a3
15d3499d1d4a4168b863a75b7e0b7e8f,0.17214206,e456afdf95e643dd926249fec4d68753
dcd792ee5ed44c18908c70bc295d64d1,0.16991863,6a122ce1702646db918266228d48bd08
7b844c15f35e4db9b884e79c271e87f9,0.169233,a585d23fe43f459ba86ac15645af77ff
b32a35611f6b4eef9cfd102e5e72766a,0.16855794,b2be859ca8f24cda86821d5383edbc18
7216fa39e2414501a8f87ddb54a3133b,0.16803467,fb709e29755b44988bb252c87a2ce2f3
b3d0e1f27a4c4d9dbda5877bde3bf232,0.16417748,9e304a9bbc7b4c22af8025fc93757357
e5968b40a7054871b2ae79f18399b30f,0.16364715,6c74bedaa406493a99988c5b8a47b704
dd9a8e0a766b4f6e81c6ace1403cd374,0.16303962,c0cb721b56f240dabf7f464e453ef72e
3fc67f7f85a74c5b9c118cbf60e96ca1,0.16031235,983940e0b12e4186a281c36de657406e
ac047081c69246efb1e1385bc77fb76c,0.15125564,88dc23909eb4415aa39b96cc3a4c2926
dade1ac92c08448e93e20a96c20f9d0a,0.14641994,f036aaf4ab714c598a0b6da4ca604136
91c0f6c693104690921ae87324e06692,0.14638507,73e7e41e8db447c09cb2363d76556c64
c6654e244a00404a84d2f9314a7c6bd6,0.13863179,6aaae524573f477f8fdef0b83787cbee
e046c26587cb42afb43672bc7895ec22,0.13817692,9303b9f7f4984b2dac8aeba8c8da8ef6
ef4b6d47c51c4527a80e52519f3c872b,0.13559356,691a538d2372403fad2b919b48ff5f85
6e651760ac2e4377abd5ff9ac4b8c9f0,0.13485384,d9fbe02f04a4469dac855f69ea6ad02a
c44ae4a053bf47e5b9b2ee3ef8ae2b5b,0.13416669,ff715b4f228443e3b067c801250f3402
af733079cdf649cd95e030d070b603da,0.1340102,903360099fb644b6b88c6edac88eecb2
8db2bf7ef1ed4e16b8f31fc7a9ad0e9e,0.1325934,fe6ace599de44aa19b1773dad3658fee
1aa2b5e2dcdf4c4c954c4af1b2112143,0.12545213,e02ad4f63c8444b79a7a56fb23a4e0f1
8505b6622aed4fb0aeece7e02c0fa748,0.12524885,4aa3556b2aed469584c573868193a07a
1068628f10b7400aa4e87b04d24fd803,0.12380767,3257035cc77946d98bdc09e2fdd5cdae
ab90f505d58d4d94afa71bd0811469b1,0.119239,80948e17b5694599919e1502bfcc08f3
b0f8acbb976643b7b4c8736a8d7305ef,0.10920769,0ebc441d25664c91adad96b570270f07
6728135560274c459d26043145918a59,0.10656172,ed9b10a2879742628fce003076ef9024
4cfe5514dcd64af29dbb1012e6e35f81,0.10453925,bab3bdc133384798b558f8fb6466a7fa
e10cdddb573548c0bd3d9eb0cef37f37,0.102816135,d0a840820172465f83c8480d571e7b71
73816ea484544387b7c1014e6b97b187,0.09914273,0f9cc12519eb4872af7be7fe49e19f59
76ffb89b5ba84a8788d68f4010821e12,0.098099604,c0cb721b56f240dabf7f464e453ef72e
8e80b474643e48ac86e6d8e4a23c507d,0.09734616,77ac5eb4b3054ca68e2b0dcbd5473fd1
f825d91f98ed4b9fbffdd2f5bcea698a,0.09682822,d79afb377f5349a69830b2b4c7cfefcb
0fcfdcdd99c34d2f8c849839febcbeee,0.09656274,9303b9f7f4984b2dac8aeba8c8da8ef6
59f932ea796043fdba3c19bd87389e96,0.0958789,58f53c379f7a4868a2ba6d91a06247d2
010b4030f3e24d059d9e4d37cbd1963a,0.09335086,66b0c8a58f444ea0aec34d9403b88a49
69705e3d3da0436881b25f42d2a6f102,0.0933403,4d708e5878784386a42c2f436d2d60f0
0c3b7a4e78f94de7ab1a415503097c9c,0.092125595,ecdae9f36c6a437ea72739febbf1c89c
57cb6a69463a4f248087b39af146fdc7,0.09146842,0f9cc12519eb4872af7be7fe49e19f59
472240e1b5e84fdc9e2c3dc8c4ad8435,0.08859593,e96aa0967ab94368b381354e03dc40ad
51e58e676c6d4b22ac3950bcd82a8417,0.08185649,fcc9863b07fc4bd5a01fab5b9160eafb
c674a30eca94429c91ef5e7bfd2d9f24,0.07825455,c322b788813745e0aa7b592b4345d379
9f0c4fc689014714bc3604b21f1a694c,0.07490525,6aaae524573f477f8fdef0b83787cbee
1f51f549ad514b1c98445416e5acfe66,0.07356554,5831f5e280be4c02a09ce4588b56d7f3
10a7715c72fc4bc7aac2b6e8ccb232d2,0.07354882,eb513691b7a04d31ab1bc50bf343447b
a5acc7bcf83741208d3d3d0cc9696fcb,0.07307246,b7ef0a61de0e4adf9688b2c525c9ad09
e9f85a6880484c3a82685b170d052a51,0.06608608,d0a840820172465f83c8480d571e7b71
041c8b8571254958916a2b21a2e98516,0.06306803,3257035cc77946d98bdc09e2fdd5cdae
1e5b95e7ca1a462588131ff25c545f32,0.057378262,80921378de2b4cd3a14d449688d8b079
acb93c3b67cb4fc8bf222a8468b2b6ed,0.0558576,64f1d63a671d441d9663a783f632f794
75c4589bd9604a0ea1651453f58495b2,0.055412948,ecdae9f36c6a437ea72739febbf1c89c
390b32b86ff0424dbb5e9e0d988dd09c,0.054368123,9303b9f7f4984b2dac8aeba8c8da8ef6
ef7e074ee0664115b08c5b98bc09f83e,0.05394882,efdf40eee13d409c9955e5b84e4408f6
43de32fcef1548dbb9d856b138ecf429,0.052912652,7a4c413f5c844796bd5ffed2b65f0336
4440ec412a204073bc44b4890ee24ee9,0.049838543,d443e0c5017d48d1b3f86bf4da959ed5
9938803be0884fc282a350a72835a9b9,0.04251653,4a4eb12a639346b5a00557d54b51fe51
bee778e5989a42b98f01c3f28373b730,0.038366467,ec281224f8ee419ebde676f291672aea
d7cad8025bcb4868a7196c152770ab3d,0.03750944,fd51f3eef1a64d9a93652be481bde32e
a1855c7563c54b5c86e2f73c5fe9f8d7,0.033764005,640f3bd184b7425fb22cc7773b8b2244
4ce3fea9e2ab48ac805aa7b46f2cfe73,0.031061783,2425086d8eaf44d2a9519f0e4e6b289a
ba4278aa214b4c66a8da0220e99b2014,0.030379225,fcc9863b07fc4bd5a01fab5b9160eafb
13c651889f50420d9c7adaeac0c211d8,0.029763937,d42996c2b67443fd9b73bba7641d4f77
19e32ddf92c24f32a65a82f858c5c148,0.02907455,0ebc441d25664c91adad96b570270f07
8888abcca90946828a172b03f4e16fad,0.018676385,cd60a0fcac24465a880af7d8f921dd68
3427373bf8314ae5a87677132dc4874f,0.016398191,8a77dc665d8b4d95a0b1113522f7e9c3
d076d72caa2d4bff9470fe2409888904,0.016259074,88dc23909eb4415aa39b96cc3a4c2926
68a1587934b74c2aac31a790843f3b56,0.015145302,e5692bd498004d32934fbaa05af2120d
5721ca5ad6544bb8b6995ab82d1f5fac,0.015135527,80948e17b5694599919e1502bfcc08f3
01bdc1af846a44eeb5a789e393d1d7fb,0.012895055,5971501b0e8b4ef5b203c3985d7f5e88
b4aed3fb5b3f491b99ace5c051b75eab,0.007267952,7ac9c94011924c09b47f9640211885a2
86584226e35e4eda9eaba4e5fe495984,0.0061627626,6a33c207c8b648f680dbd0e65639ef04
74ee886c358c466b93e307e28af9d52e,0.0056889355,7cd1db4b50dd41e6b2f3dd15fcab3b89
b894792524d841b3b24c566aa9c41b8d,0.0048071984,cd56b9a044c24df8a7156f661cb3d9cf
8b1f6fd1fabc4cb7abbd5a7a2ed0cac9,0.00039225817,156f393f7ca046299e09d05464afa056
