554e702a075743a499899b99b73eea46,9.043947,66b0c8a58f444ea0aec34d9403b88a49
20017566ccc94b8982c75f9f05a8eb20,8.657448,ecdae9f36c6a437ea72739febbf1c89c
b89cf65d34284353a3c517db67021cc0,8.304587,691acac4a54d450697afb2c2dc4fca09
703c375bffc346788123e8e9d957db42,8.135232,bade01bd83ec4b6786fd8c867ca7a090
a2c99cf18b24478a838bc5837a75721f,8.002172,d4cd0b56b6f54e08aec8ebfdb6122c5c
910f58d10cac4e1896efd603e3b6247c,7.7705116,ad2b6fb945714e6792c17bd49a1066e0
e327090a663242caa64ea6482dabfd29,7.559429,5a8cc5ff28fb4359afc7e9fcbf3bce55
87afeec5f3cd4d9d8f6d5a0c7f48260f,7.405056,bd2f91a9415049d980e453f94327e0ce
0ef75de01cd14e0faadcf05c8a85a916,7.314671,057164cf4aab45ebbefef3409359cfb1
b513c98d376b4102a9119d959aa7ebfd,7.3066897,d6fe6f8380464e21a27fd69de27f1f57
3b9a5aa10a7d4cc9b31122f2d4258ccc,7.3006954,b25fe3b79f714d38b3fc53e39fd84d36
184facf4be454b60a5fe9a953d771690,7.2550015,6b9b2c8f0a874bb8b6691aca6bc49565
e2b08fa4040643048867ee258a43c077,7.1185937,678725f8b914453fbc1029b7c1bc0879
b9135422e0ba43e19be118d0eaae294f,7.089172,d981f2c67f764e0c84af125b563958e9
dea0770945c6460c8082a2fa1e710ccc,6.96977,74e7db4222ca4a20811199afafa346a7
55f19079097043d4b29cd2c08fb960c5,6.8604302,58db4c3a26c84fa68d81235d078208bc
580c0c6a3cd6416cb6654f177ff2498a,6.7883806,9b22c5cdbff44bdabd48dba008e6a3b2
6bc08caeb482448c85c44c89c5fee7b8,6.625396,4aa3556b2aed469584c573868193a07a
0ea4c68a804648959f67957d17d5a323,6.606117,ff715b4f228443e3b067c801250f3402
b4aed3fb5b3f491b99ace5c051b75eab,6.600524,7ac9c94011924c09b47f9640211885a2
88de1634c729442aa72060868b167abd,6.5758486,82b01998353e4141a7613fdc96d7b600
8aaa8f372a5346a59b85061f27d9ffc9,6.5742717,b4150337314e40fb9e3ebb24514504a3
b9500ef3747d4220b748183372d8c2cf,6.5018063,f9fae977af2c4f35b29400f31267e170
398dcfd9b9434e5aae4fbf7f5752d33e,6.4740787,ff715b4f228443e3b067c801250f3402
aef3a265256d49af8433aac1b85fe097,6.41491,5831f5e280be4c02a09ce4588b56d7f3
57be916f4b9f449e85faa3e690b60115,6.3445845,678725f8b914453fbc1029b7c1bc0879
862ca039da124a9d80603938ab13c289,6.329594,8a77dc665d8b4d95a0b1113522f7e9c3
24e177e9075a4c7ebd2cf154bcbf7b78,6.292308,c9628610053945f4a7998ae48cd70da3
234999d28bb04577a48d50f076a844a6,6.289967,8aadcf7251724cc6858dc0db44abebe3
22ded3f607364f7b96960f862358777a,6.2015862,de9328bdd1b34adda74a0363ff0a52b6
c11c77b1b50e475e8b0a0df774292211,6.17396,3257035cc77946d98bdc09e2fdd5cdae
4dc64707bd42424f82f84de41d91a5fd,6.091736,3be388c9ab614bceb086c19f70df23c2
0a67f23ddf014504a380fcaf9e049a2c,6.0619555,5a73e0a5c757410eb0928feed7b151c8
9123b9ef4c9d4fde932408d0244495f7,6.039268,6d3c42356e3b459c919e3129ff192ac4
e244d77b242a4a54a7bdcb784245c01c,6.0152063,ad2109663af04c549385cd2ab9b3283b
06435a3004794b68b31f4c445a06fe71,6.0071254,f615619defc4402b82845090c238e597
4cf647a905be45e5b1b81a0559d834d9,5.9467335,fcc9863b07fc4bd5a01fab5b9160eafb
8779ed6ba8014232ae6caf2ff9ef4317,5.946038,156f393f7ca046299e09d05464afa056
7bdcbc60a1354e079289b50702cced90,5.9273286,5971501b0e8b4ef5b203c3985d7f5e88
2ef6a38c8e514fb1b98b9cac832fdd14,5.9103847,8aadcf7251724cc6858dc0db44abebe3
ac601d55d74246afa29a020b8029c7af,5.8971143,c0cb721b56f240dabf7f464e453ef72e
d0f798b90ad04da3a8a192e16d0b1743,5.87217,b2be859ca8f24cda86821d5383edbc18
7901d858c6e44dea8acd99a79e378956,5.8711257,fcc9863b07fc4bd5a01fab5b9160eafb
2f01109a00d94d2ba4736fbea4522c20,5.8238125,78b600dd53854b018f87267d268b7b1a
408a26bfd8bd41529e7fa7db94cdae03,5.8153787,d4cd0b56b6f54e08aec8ebfdb6122c5c
3dd7bbe2cb1845608dc71b36bc82667a,5.7716913,dc58564d0c8540bea4f3e2e3696deae8
775b2092579349f6877cebb751ba7f11,5.7605877,9b22c5cdbff44bdabd48dba008e6a3b2
cb03a3e350c3487d9d636625b49d09a0,5.665041,855b3971c4a147cfb9a7c281fa6b915e
d15af016ef394763b0f876df474531e4,5.660543,057164cf4aab45ebbefef3409359cfb1
05c94abeee1e4897a6b14e8c36542ab6,5.627998,5a26ae7959494fef99542e9b2004fd11
d4cf39f8ba7e4a92b4ced7faa1218229,5.5836196,e492ff7fecf046a4948c5ba5631cdefe
e0d2814553f94dafaa11cc4de14b94db,5.578863,bf59502a233e4b5eaff9cfa3a992c387
c67274e9cb5b41b18336fa05f437c470,5.525283,9ff95d23c3284d31ba5e398afa520649
195aaede1fda491bbf8495b564c9d001,5.4979715,f9fae977af2c4f35b29400f31267e170
55472eb25f9841c2b39b9bcef06d7bf8,5.463958,dc58564d0c8540bea4f3e2e3696deae8
b7ebc3098f284cdc8a70c21862a74b00,5.394288,73e7e41e8db447c09cb2363d76556c64
a9a64390a549402a87d7334ff62aa560,5.3896914,73e7e41e8db447c09cb2363d76556c64
3037c91a3e5a4499827cbdaec427c82f,5.38514,17cc6768c9d14388b7455fea0060b62c
0aa6a9108b584bbf8d7c94f8d1ba84e3,5.3616753,691a538d2372403fad2b919b48ff5f85
1e91957d9e7b4a2d9a469c627d2b37c0,5.3583393,cb85047b65f8468aa02744c28c075dbd
06cec2d499d345bc9c033032d765acb3,5.331361,779d7c2bad1940c8a861451964e1ce01
8278ffeb4f7e4854a015f434887473a4,5.3192964,700f381f40ce4b039ce0df8b49fb199b
f2d238ecc2d34c4583220abec4d75ba2,5.316235,057164cf4aab45ebbefef3409359cfb1
b260e27f99814dfc9434f7e4b50702ac,5.3151107,057164cf4aab45ebbefef3409359cfb1
b781fac256574439bea7cc655923fd3a,5.31132,f11f1682b5924181b047d757d3e20964
cb44ae0776e3419e8b0aab12b82dc8e2,5.306362,23066f7964874fd39639dbf2cb2766df
07c0659266c446b4b413362a241214b2,5.2988977,e7d6747e8c8b4ebcb665e232240daf17
2d641fad427d4884b7624102a50d5edb,5.2890525,5a68e05acea4434ba08e17e1fff00057
8db2bf7ef1ed4e16b8f31fc7a9ad0e9e,5.2873697,fe6ace599de44aa19b1773dad3658fee
ff710f3510b24d89a54afab54c23edc6,5.2734957,691acac4a54d450697afb2c2dc4fca09
b4e94218abf54b0787b1a6e1191836d3,5.2648063,e456afdf95e643dd926249fec4d68753
78fff51240e14352b1fae67b59be4cc2,5.2406783,58f53c379f7a4868a2ba6d91a06247d2
f4a11d6e649f44be960bbfc9a5aab7c9,5.2404394,b25fe3b79f714d38b3fc53e39fd84d36
a1cb97ab677f48d0b81dedd497512989,5.2335396,a926df6d7fcf4b17b68dae6f41fbce66
b50583d5d6494691a33b4cc22373d8b5,5.2296166,e02ad4f63c8444b79a7a56fb23a4e0f1
cc8f496b43d143478be84fd74f0dfc07,5.222232,7ac9c94011924c09b47f9640211885a2
9d9b4852b8034985805080eb49678bc3,5.202597,a1d8cb16dafd4126922f985021e93631
1f8a0f1ab6d94f46a1c669d409295676,5.1787415,d331012ecf0c40888e0ac290184f0883
3b54cc7ced814b6cbc6dea86f09aa770,5.134089,ed9b10a2879742628fce003076ef9024
28d967465fcb488eaab515b23282c0d7,5.1320095,fe6ace599de44aa19b1773dad3658fee
0619f008d28446449bfab75441601f01,5.119612,7a4c413f5c844796bd5ffed2b65f0336
ca9d736b288240819d620ec83c0b3f3d,5.09167,8f761e1117754656ac86a3a25f241cd7
65add58592564636a49ae7417f79e9ca,5.090556,b8ca3b6144cd48208caae952e096e7ae
6f70eedb7ac1471a9d9cc5ba1a8f274b,5.0720773,4ad7e2502210436f9ca5735fdf7e50c3
6f5ef9875cc848bbac020144e710e378,5.07206,75b0bd2240a54f6fb45bf95ca43ab5e6
9894b55999bc4793bee78babf6df12bd,5.059041,09fc9f38fbbb4bfaa1c979ac9cc43f0b
dd0e1c93929b4f4d8ade4c3f39aa91e2,5.027919,e02ad4f63c8444b79a7a56fb23a4e0f1
16a030831ce1413fa733f24b6ff28501,4.997866,a585d23fe43f459ba86ac15645af77ff
5b21a17866f54dfa8e63c58219851a21,4.962273,d981f2c67f764e0c84af125b563958e9
0d2bb28b114e4f4c8c688a13f967b79b,4.9613657,a4cad92644614f78bded3ca6d6023473
6978d19475ab49b1ae3acf443710c48b,4.9528723,6c8a24653ef04f559b88e0f27c0df63a
9f0c4fc689014714bc3604b21f1a694c,4.950046,6aaae524573f477f8fdef0b83787cbee
a888f13ac990426fb248349ced4a0bce,4.944906,c322b788813745e0aa7b592b4345d379
5e369cf5939f4d15bb771d98108df034,4.9165015,9170e0bb8fe44b309f83293808d871fe
f8dc989408ab412199e89745baedbb50,4.9158797,8f285540a9394706bd6ec6cda46c5058
d2a4c950a6244d788c3d60d371b154f6,4.91148,fd51f3eef1a64d9a93652be481bde32e
81506e59f5b54c66a3459e47c2bad700,4.884433,d6fe6f8380464e21a27fd69de27f1f57
acb93c3b67cb4fc8bf222a8468b2b6ed,4.8817534,64f1d63a671d441d9663a783f632f794
42755c05cebb4531bf9b3f3297150fe1,4.850584,e039a00eae414ebbb2205b011ac127cf
506892256fe04ccdae8ffa97993fb582,4.8181953,691acac4a54d450697afb2c2dc4fca09
46d21d8ab5eb41a080233ba04192b3f6,4.8121753,d576e334105247369362b05a375e88cd
e8731d4569304e1aae79558458ad6797,4.8116045,01690d9b08164fcabd5bf0819754f71f
7a63c379c6ed4b2faa1b9e863eb35d54,4.8040285,cc21026ff0d541909df56c5618d28518
0237bcef8eb845aaa48b53436a3ea75d,4.79465,eb513691b7a04d31ab1bc50bf343447b
ff0622832e0e48519d375778af4f60c3,4.7459326,7ab29c5e2f05481d8a69cc479a764ee8
a7c05ece6ffc42e9a9efdc286789bba2,4.744693,bd35571850644321b86ce4fae286ce7d
09234512603c4025b0b0b863e285fb5e,4.73792,21b1ded02d7b42618592187e287835a3
aba310b256004f63a3f3225cc1b813dc,4.726124,4ad7e2502210436f9ca5735fdf7e50c3
3bc9e7189bd1419081f54d35e956639e,4.71995,b8ca3b6144cd48208caae952e096e7ae
3eb1fed1bfea482687c433b63ad56eda,4.71489,efdf40eee13d409c9955e5b84e4408f6
2ae3d79e1c8641a9892ed31117156c0e,4.6949964,bd2f91a9415049d980e453f94327e0ce
f2f267caea8b4b99a078a6d77af06916,4.6834955,7a4c413f5c844796bd5ffed2b65f0336
a5580bcfdae9468781349b4ca3ee101d,4.6620755,5831f5e280be4c02a09ce4588b56d7f3
44b833375c854450a60b5f4819e94466,4.659707,d0a840820172465f83c8480d571e7b71
da548115b6564ca69d846f3ea8615b6e,4.648509,e96aa0967ab94368b381354e03dc40ad
83d43c7c640c4996a271c9ec70bd0746,4.63845,0302e7dde9074dddbbbdf85e9be57901
afb3f7ad74ad422c8162326a9647de92,4.6186824,73e7e41e8db447c09cb2363d76556c64
9c3a88f966094359839f8ebc3263a6ae,4.6026287,ad289d5052264f9c8bd0aaf9faace92e
5cf8596279eb4fd1a30ceda96102ef99,4.574387,80921378de2b4cd3a14d449688d8b079
8819510944174ce28e7b0d3e9d8c9fe3,4.5731816,691acac4a54d450697afb2c2dc4fca09
ea4bf9d0ec3d4bb9a4d910eb2ab70eb3,4.5706177,8f761e1117754656ac86a3a25f241cd7
b0cc005e94e04a1da113c12dded0a882,4.562873,691a538d2372403fad2b919b48ff5f85
1f487d592adc46f1ba935a923c34a9c6,4.5386076,7a4c413f5c844796bd5ffed2b65f0336
ec1ea84e09b54849a539177f929c65cd,4.5304055,1216ce1ef31e4643bb1222538c206342
b187ddffdecd4cf9b139b97f1fe3695f,4.5288897,1b4e143cfc1648a5b877d7445446366a
c492188137ee4adab179d07e9473fc40,4.5047693,eaca056cec224a30aaaed30c39f644c2
d7c1791491584b2984bbcdbc178299f1,4.4955015,691a538d2372403fad2b919b48ff5f85
179de20d4413414c92aa7828d5950f5d,4.4911447,5a26ae7959494fef99542e9b2004fd11
78806c5668cd4a01a34eaa549dbc4021,4.4902596,d79afb377f5349a69830b2b4c7cfefcb
0c2f43def73f4f3a89a64828f97dde43,4.470275,a6a551a308b9442f947ea0608ae2c3fb
3ce3c6c49a2b43c3b683ec91e9657341,4.4611297,d0a840820172465f83c8480d571e7b71
646d3b40f16d41d0952ee2bf74fff6b3,4.459538,eb513691b7a04d31ab1bc50bf343447b
baa0f8290544453cb52c2a41cc0eee30,4.4415474,d79afb377f5349a69830b2b4c7cfefcb
525962b8d45849bf83483c6f246cf7b4,4.439483,e039a00eae414ebbb2205b011ac127cf
32b7043aedf94f65af81490dfccc8b7a,4.4165893,7ac9c94011924c09b47f9640211885a2
aa580e725d534bcc967dbef0c65b141d,4.399231,88dc23909eb4415aa39b96cc3a4c2926
d87ab9d9a67547ccada7b9ea3d22154e,4.397457,bade01bd83ec4b6786fd8c867ca7a090
b48f5f444c3140b38a8e756e57fd042c,4.3971524,9b22c5cdbff44bdabd48dba008e6a3b2
4ce3fea9e2ab48ac805aa7b46f2cfe73,4.36957,2425086d8eaf44d2a9519f0e4e6b289a
0ca1af4b4360463da2290c0231e7c2bc,4.3496575,acee70abee2841c9b67b95e9ed079647
25bf72b6554d4ce0850dbd0879a47ec7,4.3476086,01690d9b08164fcabd5bf0819754f71f
6bf15791f42e4323bf626650477d9beb,4.314474,8db9e204b8b841df8fd94eff0888cdf7
a2adf2cbae1441e3a30cb0ce1658be8f,4.311581,c26f5e7dcc8149f18f3d719bba9ae717
cbccb64b48814193a639815717dbcc80,4.307891,4a4eb12a639346b5a00557d54b51fe51
1080188fcae241b4a5c7649114dafd64,4.2883396,5971501b0e8b4ef5b203c3985d7f5e88
b7e671bfae63423bab3fb47c46a0b0b9,4.2648234,8a77dc665d8b4d95a0b1113522f7e9c3
10f74d10373f4f128add836b046afcdc,4.2525306,d9fbe02f04a4469dac855f69ea6ad02a
47471f2f4db14e01850ce3fd0e3b7aff,4.2455583,c9e2e76e631c4d0a8013d90892350e06
a4057a1aa4e948e5abc7ddcad9479b24,4.2374997,e9f055a212cd4e5e8601228c37713f35
40ef7a281c80494686e90001c1421dee,4.2285466,ff715b4f228443e3b067c801250f3402
9385f152b6204244bd58c6107f500381,4.22234,9303b9f7f4984b2dac8aeba8c8da8ef6
1acb0cb3f1f54789891682122e4013b4,4.221827,7cd1db4b50dd41e6b2f3dd15fcab3b89
305e57d28cc74f018c0ee4a93fe92c0b,4.2182007,a585d23fe43f459ba86ac15645af77ff
5b2c1e575e8a46daaedcab661b62235f,4.215128,34b71675a1ae442395b6eb1f3eda23df
f6304923104f47d1ae9f82b7116051a6,4.1881433,6aba5a04ef8742a39d3a61644a5f0729
93cfb01748a246528235d46e95b6b76d,4.1855764,23066f7964874fd39639dbf2cb2766df
27ac7ea2481844079ce6ab849edc3901,4.181564,526ab7eda50e4a239d03ad505832d61d
321ad870fb8943ddb55d46439d2912e0,4.1661315,1fde4c9a01f84c349461083b6d0ba9ed
51e58e676c6d4b22ac3950bcd82a8417,4.1350284,fcc9863b07fc4bd5a01fab5b9160eafb
37a17e9368a0458aad652a8b0602892a,4.1041975,630edd9b8f754b5dbd36cfbbd03ccb51
edae612794a548eea7fe0edde2cd8271,4.0914874,c3412c53e9ec4b6a9a1aa95cf7f0f1e4
1ca6f54416f4410eb8e23dab9dbf012f,4.088623,a6a551a308b9442f947ea0608ae2c3fb
a476d6cbc62045dc948a30c9c18327a2,4.0809503,691acac4a54d450697afb2c2dc4fca09
c762fdf4bb4d4f4992cdcd83ef4f2222,4.0762143,fd51f3eef1a64d9a93652be481bde32e
4aa10500630647f891ae1bf725a8f169,4.056069,700f381f40ce4b039ce0df8b49fb199b
51ce7c9230f540a78ecf1c757e16a6a3,4.0507607,7c1e02f3ab614e539ac901e5cd3c92d8
c3ff9a50b4c1477c812af51fd7ce9489,4.046535,630edd9b8f754b5dbd36cfbbd03ccb51
17bcb53a4aac4e2d81bba1fca7bcc69f,4.0389214,fcc9863b07fc4bd5a01fab5b9160eafb
3e5dd993b40a449fa94dcff02439d160,4.031241,9ff95d23c3284d31ba5e398afa520649
ea055ef8a6de4cdb8761ddd4dc3bf3af,4.0039363,965598a17b624a0f9bb1cd58595458a6
0d0b25a05a4148d2b15c4f2ac11010e6,3.9991274,b050e9e1ef5946c297a34dda98d8f476
fb7510f9799745e8bb2d730dafe50aa4,3.9968424,e25b9d9944cb4d7197efb8ffc4ff57a1
12274ca89ccf49bdb0903f80560e3d7f,3.9858146,c9628610053945f4a7998ae48cd70da3
6ae7d44d811844448d0c8e5d69ff7000,3.9743323,3be388c9ab614bceb086c19f70df23c2
650d5c180a444d6f9e8b7d0e2bac56f2,3.973503,9e304a9bbc7b4c22af8025fc93757357
840de6fde47e4e64916bdd5277bcd173,3.9520898,8f761e1117754656ac86a3a25f241cd7
6178ae89b15545f39f754e64a9283916,3.9461858,8a77dc665d8b4d95a0b1113522f7e9c3
10a7715c72fc4bc7aac2b6e8ccb232d2,3.9418318,eb513691b7a04d31ab1bc50bf343447b
256d2577d4f940778857e3ae7fa8e965,3.9184935,58f53c379f7a4868a2ba6d91a06247d2
1f4946d6701f4d75b1b71b16833299d1,3.9178321,3be388c9ab614bceb086c19f70df23c2
2c379dfb72da44e9988beb15638fc7db,3.8976297,6a33c207c8b648f680dbd0e65639ef04
78df036c4e104457afcdf7598e9ce958,3.897462,f615619defc4402b82845090c238e597
f54fb64fd5a04f3ba5c065305856b3f5,3.8900187,d6fe6f8380464e21a27fd69de27f1f57
794358e3d9a94bc48a240617b29ec0af,3.8881092,3be388c9ab614bceb086c19f70df23c2
6776a4646460462797dc83573d630d14,3.8850296,156f393f7ca046299e09d05464afa056
fcd022d73a35405ab8a38d11dd06ff4e,3.881874,c88be17376104f999b914a91aebf7220
63e06c0c69054bdd8c2690539549d9cf,3.8668787,37337ebec05640b890e4b9612776c32b
fd66e1095a8d4ed89af26eb4018a0c00,3.8587701,3b13d134762445cebcdbb02b484db77b
a5188ae3f8ef46e7848bf70945078768,3.8542595,21b1ded02d7b42618592187e287835a3
ba0c12af5b1c4fe6ae766bf417e6498c,3.8525183,1af4472b38cc4304841b2f1720075c9d
d1fb54ad5cd34d8abd5ca9ee40b54dbd,3.8410063,b7ef0a61de0e4adf9688b2c525c9ad09
8a96af0f20f74b209326dd750c56a2f3,3.8313575,0ebc441d25664c91adad96b570270f07
fcaf0031ba12457ca8cd515c95fea22b,3.8302603,bade01bd83ec4b6786fd8c867ca7a090
3c6017018cff435f8a15557ec2740321,3.8284101,85e7ea30890b456084b8e85c299c8649
5c189d9231904498a16870be4936df4a,3.80192,cc21026ff0d541909df56c5618d28518
b8cc82e2dd7b4ef9932f2377c1bf9e53,3.8007996,6a33c207c8b648f680dbd0e65639ef04
f161ed58877741ceaa5a6f014b69de49,3.7939773,e27d9425c912446e947fe53c4a757375
1f4dd46f7d93406e9b1fd33e5a2a4158,3.7922468,a1d8cb16dafd4126922f985021e93631
a545f38de45e4870b398a90fe9c5cbbd,3.7898974,257aed6ca7a44f1cb5c664beb1be527b
7257f3d3f31a4d5ab6a872e4e5886111,3.7895188,e52a528036014db0a7bd54b99a310fe8
7f1f5ddc758b4e929452c112c70911ba,3.7848072,7a4c413f5c844796bd5ffed2b65f0336
1dfeecb0d6cc4fd68f8fe7bddc5573f7,3.7820082,a926df6d7fcf4b17b68dae6f41fbce66
e30148a8fe434f3eafce6f2cce757060,3.775162,9170e0bb8fe44b309f83293808d871fe
ac2d96b937b24483be886056bc0c2b67,3.7574883,23066f7964874fd39639dbf2cb2766df
c0e006372bab471897981e28cf25f546,3.7549357,d4cd0b56b6f54e08aec8ebfdb6122c5c
91c0f6c693104690921ae87324e06692,3.754833,73e7e41e8db447c09cb2363d76556c64
da098162d0924c6eaf6699ca87326527,3.7462122,ad2b6fb945714e6792c17bd49a1066e0
ee1746342f304912aca6d1956f95bc68,3.7322876,eb513691b7a04d31ab1bc50bf343447b
ec892733179f48d7b907594ba63d8431,3.7234087,d79afb377f5349a69830b2b4c7cfefcb
b0f8d38771464874a4c57aa453d842ab,3.7177486,4aa3556b2aed469584c573868193a07a
7d4cb32e892a463b96ac09595cffccf8,3.716139,0f9cc12519eb4872af7be7fe49e19f59
b38ef262d489438c979703e3e503f1b7,3.7158675,b050e9e1ef5946c297a34dda98d8f476
d067ca627837456bb0e6cc40a06d224f,3.702175,64f1d63a671d441d9663a783f632f794
6e11fad70c424277a969434bd2dbd8b9,3.7021146,09fc9f38fbbb4bfaa1c979ac9cc43f0b
1aa2b5e2dcdf4c4c954c4af1b2112143,3.7011266,e02ad4f63c8444b79a7a56fb23a4e0f1
803051539d144fdeb70807a70a667f4a,3.6955922,11ec23965d2941d0817082107996ebbb
c189a309da7a472e88194571c3354d34,3.6910877,6b9b2c8f0a874bb8b6691aca6bc49565
d163c4863d9640b8b9610decb9ae92ff,3.6840963,bade01bd83ec4b6786fd8c867ca7a090
e18211bb1b9a4eb5b5679481523d0c23,3.6834264,d981f2c67f764e0c84af125b563958e9
091380ee73214c408bde7f510f136c4f,3.6700163,c8c201e25c0047a2ba9d9e8541ac0939
3ce8d2e955bf406c8830f97658207859,3.6663263,8f761e1117754656ac86a3a25f241cd7
64ecc00623a647a7854cf8236452c556,3.627621,e039a00eae414ebbb2205b011ac127cf
8c178f61ba134a9a905810910eef239a,3.6242917,75b0bd2240a54f6fb45bf95ca43ab5e6
9da0bc8ceec24ce7bac851ca1fc67b5f,3.6182575,d6fe6f8380464e21a27fd69de27f1f57
3b01fad04aad4fba95d40be77808d716,3.5962822,cd60a0fcac24465a880af7d8f921dd68
e5b86e97430f434591a4da778f69dcf9,3.5830693,855b3971c4a147cfb9a7c281fa6b915e
d70588024f024cdda9e71020d4ec2183,3.573379,c8b9a0ac7c214a449c434aabdf6ef770
f5abb68eab244fe38e79be186719a8d8,3.5730057,369fe18b94f54c98b554fd22b4a3b50b
b5c4664ba26443dba0dde05295158123,3.558047,564a84b1b830407e811bcfc7fd086a6f
9555747543024d518645fa84d0dbac94,3.5492086,369fe18b94f54c98b554fd22b4a3b50b
f7968b9dc2674ffd888bfbc7a86342d6,3.5434465,1543a2f94aa74008914301874d98f0f5
b68aafdc6e7b4188a9506c869f83ae96,3.540885,6a33c207c8b648f680dbd0e65639ef04
a1855c7563c54b5c86e2f73c5fe9f8d7,3.5395691,640f3bd184b7425fb22cc7773b8b2244
7b1d70a80254489e9de91807e6e223dc,3.5199609,5a73e0a5c757410eb0928feed7b151c8
4bb93a70efe949939c13ce6a18678093,3.5133274,77a8b27acb0e4600bb6ff974eabc269c
7dba9b481a53475cb2f9bb524154fa97,3.5055628,75b0bd2240a54f6fb45bf95ca43ab5e6
7f23a0de3d6649fbaa67cb1b2dae2289,3.503171,ff715b4f228443e3b067c801250f3402
be07f7c09f5c40da9ebdc231520afe90,3.4986377,cc21026ff0d541909df56c5618d28518
a987046439f446848e7b3520dcece6d6,3.4963787,4ad7e2502210436f9ca5735fdf7e50c3
af18a5f9a5aa45a191a99b4792b127c5,3.4934745,78b600dd53854b018f87267d268b7b1a
539c9a4dd3ac4de18415aae9107a2600,3.4932096,11ec23965d2941d0817082107996ebbb
7e211c9e52254e199e0deca74afcc524,3.484239,bd2f91a9415049d980e453f94327e0ce
1a3959ec40e24329b5c36ae3d8bd148b,3.4739006,d443e0c5017d48d1b3f86bf4da959ed5
40d03471812c4f0398b4551b5f116068,3.4541156,fb695c097d5845c282f6b30c241e8cf2
0623d83a061f449f86d03b34bcacd314,3.4532893,e456afdf95e643dd926249fec4d68753
e8dea0d3ff7b4340b7e4863d401e1a4c,3.4500296,95fbc6ed8bfd43c1a6bcf676e26e7f8a
d18685a2ca8c4ab48ac9d9b824ce3bc7,3.4481049,983940e0b12e4186a281c36de657406e
8e454bf7a3e945bfa6efeac4dcd2ce92,3.4306426,c8b9a0ac7c214a449c434aabdf6ef770
fc0ddf22d761445da507bfd2d2d08d33,3.4305236,efdf40eee13d409c9955e5b84e4408f6
1e9c95ee032147a2aa469f8482bf5f9c,3.4248304,678725f8b914453fbc1029b7c1bc0879
f1015462e69f41ea9a9c663ae07f13fd,3.4229712,ad2109663af04c549385cd2ab9b3283b
0fcfdcdd99c34d2f8c849839febcbeee,3.4206586,9303b9f7f4984b2dac8aeba8c8da8ef6
eca4d38f7ac74e9981fa9bb9495edf84,3.418889,0472051dc57d43f8b9dd08df475fc4a3
b7a481f7374140f98117d92683d80c49,3.4156802,855b3971c4a147cfb9a7c281fa6b915e
9d68d4254983475b9feb48e30494c9ae,3.408682,66b0c8a58f444ea0aec34d9403b88a49
78058b8902c5442880e64005e19e3f06,3.406622,678725f8b914453fbc1029b7c1bc0879
f40346321e624c7caf2e7586b7254203,3.4056287,2425086d8eaf44d2a9519f0e4e6b289a
e824774b41174da8a1c495885b348626,3.3799686,e492ff7fecf046a4948c5ba5631cdefe
8888abcca90946828a172b03f4e16fad,3.3713264,cd60a0fcac24465a880af7d8f921dd68
fae3e9acdc1c4860bb50119b70effcf1,3.3712716,ecdae9f36c6a437ea72739febbf1c89c
9e85ec108ce944f69e9225fd35831464,3.360395,156f393f7ca046299e09d05464afa056
c7ddfc6b54294c34a4722f8eaa9b55b7,3.3554838,156f393f7ca046299e09d05464afa056
fdfc870c19de4b5e99b1b3cdb4acfa39,3.3438861,a585d23fe43f459ba86ac15645af77ff
cb3423afcfba4d688aa9cd2c23cf0c69,3.3361912,46bfd7af0ed6491fa621350963d11e35
e35fef892ba84f8cbeb63132b6f7f094,3.3318388,4a4eb12a639346b5a00557d54b51fe51
882f017418bb44afad1448d9640bd967,3.3198128,7ce06191f1114b4c8a00609f6867761f
a79ab69369744d3bb4d94f1ed2d8c781,3.3116677,c8b9a0ac7c214a449c434aabdf6ef770
bb5b0894b81e4a8daf1feb3b422e35a8,3.3093123,eb513691b7a04d31ab1bc50bf343447b
1cab9ba05da64cb6a34b521f9b039303,3.3082967,1d47a696eae94bd29f215a4787b27d8a
ba4441ee87f14d4ab951a01cf5035eb9,3.2976427,7ce06191f1114b4c8a00609f6867761f
f5a783856a7f4d3ba8c3f2c29428c454,3.2867568,5a26ae7959494fef99542e9b2004fd11
00a23ea3107f484f84ca76a6fb313ceb,3.282518,e9f055a212cd4e5e8601228c37713f35
43a78998b5f14d87bf9883d669a9ea6e,3.2789426,d42996c2b67443fd9b73bba7641d4f77
9f6d414fa64347368d119235b14b5cbc,3.2414436,fb709e29755b44988bb252c87a2ce2f3
f3c47f8050814b93a91d14f2add36403,3.2410834,efdf40eee13d409c9955e5b84e4408f6
ff15583dc30644238b32a7302a039764,3.224455,b2be859ca8f24cda86821d5383edbc18
61353a38c7e14c49ad888ed8da7d282b,3.2187588,ed9b10a2879742628fce003076ef9024
57dfde028e58407980d373eb21be8e36,3.2184527,965598a17b624a0f9bb1cd58595458a6
4cf01329838243b998a06d2ffab76517,3.218081,99142f1c07cd4782814f8c970eaaa40a
ddb7ffce794746d1bcc1cbc3747fcac4,3.2076929,11ec23965d2941d0817082107996ebbb
347c303d1b5c48f9a21e9432327258c8,3.1917062,27eee82d7fb94b9b8b60bd3101187496
061948a87df34fb3b077070194c1119c,3.1767268,1f8c0f02984e4139bf8043e57497fdb2
4afd31c733874e938dea46b7c0843f2f,3.176341,e52a528036014db0a7bd54b99a310fe8
1db0071ef86044f094e7faa2720a4ca4,3.175452,d331012ecf0c40888e0ac290184f0883
d4b67d4bedeb47018a353598e2262d9e,3.1751132,c3412c53e9ec4b6a9a1aa95cf7f0f1e4
6f0406b6deea4302b4e44ece4eba9ef9,3.1580238,eb513691b7a04d31ab1bc50bf343447b
6237fc7134d449b9bc4158d9a707cca1,3.1564724,e9f055a212cd4e5e8601228c37713f35
ae806a1c4d304ce388ffbf648f241d20,3.1497421,a585d23fe43f459ba86ac15645af77ff
b90d91a297514acd88d2d9aef7a483da,3.1483471,7a2491a27f3c438a8549988f7a79e26e
b24046864bc341499137c0e4a5d92315,3.1359656,82b01998353e4141a7613fdc96d7b600
fd45ab2e058b4b5fb374e54e60aceb48,3.1349354,b050e9e1ef5946c297a34dda98d8f476
06b4425d4dcb4aaaafb52063bd3af473,3.1324053,a6a551a308b9442f947ea0608ae2c3fb
167939f1c55740a5bd8d235691475fc4,3.1264396,11ec23965d2941d0817082107996ebbb
d0fb524183bb44a9a854de124a8becb5,3.122649,640f3bd184b7425fb22cc7773b8b2244
18eaa3f481614cfc945c16f2cbb757fe,3.121488,6542f58c143446f280e88a6375ccf79a
0d47fb068dda441b9e8f8f7bf704d553,3.1065595,d4cd0b56b6f54e08aec8ebfdb6122c5c
e9f85a6880484c3a82685b170d052a51,3.1031961,d0a840820172465f83c8480d571e7b71
3df61db7681f47ecbe9f92df83b36e59,3.0918362,bd35571850644321b86ce4fae286ce7d
5209a952bb1a4ac991ae51e8a3e9abdc,3.0905254,1cbfb22f84454b1fb821b602e3ad11f8
656745a4e33546768385d4e040d0fb52,3.0893998,01690d9b08164fcabd5bf0819754f71f
49ed92caa29841ae9341d53497cb8124,3.071742,1216ce1ef31e4643bb1222538c206342
82a059da201341cea6290c541e65ce5d,3.0558515,75b0bd2240a54f6fb45bf95ca43ab5e6
173d05df5b374e3ea0eeb958b8854299,3.054278,27eee82d7fb94b9b8b60bd3101187496
d076d72caa2d4bff9470fe2409888904,3.0537732,88dc23909eb4415aa39b96cc3a4c2926
f52e6b02fcbe40089962449e4b4968db,3.0414944,cd60a0fcac24465a880af7d8f921dd68
d335f8b8c90c47229c445bda59c63cab,3.0388682,d981f2c67f764e0c84af125b563958e9
52f16fa757624404b9d43dfe2885697b,3.0388448,09fc9f38fbbb4bfaa1c979ac9cc43f0b
8058d1c206ab4268a15994fd69f5d5d0,3.0387788,1c97c72e076f40fcadb22b17e71beed1
30bedeca60dd40b78dc5e6d52d6af8a8,3.0238166,acee70abee2841c9b67b95e9ed079647
aede09058c264aa399a460be910cf10e,3.006822,02cf82700b4f4773af3a14ad8eaa5270
fa3faa7dd3774c2681f4c5b7527b1e78,3.005759,965598a17b624a0f9bb1cd58595458a6
a3b9cd8b03da4791964406ffeee48526,3.000195,6542f58c143446f280e88a6375ccf79a
77303cd1aba44c3abccb823ad3006b47,2.993352,903360099fb644b6b88c6edac88eecb2
73bf5efa54504a0186bd7a13def281d6,2.9804876,bab3bdc133384798b558f8fb6466a7fa
da3ca57a5b8943839227341c423ae8f2,2.9722679,e02ad4f63c8444b79a7a56fb23a4e0f1
ed96d522f1d74dcb9a41c80634f5abe0,2.970426,d0a840820172465f83c8480d571e7b71
e980c76243164587a41b4adacf1c6b50,2.947154,58db4c3a26c84fa68d81235d078208bc
2f2c1d07f46c48cc9afd407c79405b1a,2.9270217,7c1e02f3ab614e539ac901e5cd3c92d8
53ad9b6f270d43beaa19337b588c1e60,2.91493,1543a2f94aa74008914301874d98f0f5
37c0ed56957944cd874df80d82afca79,2.9036486,6aaae524573f477f8fdef0b83787cbee
0c3b7a4e78f94de7ab1a415503097c9c,2.8990788,ecdae9f36c6a437ea72739febbf1c89c
469ca74fcdf244ba896fd018680b3201,2.8837655,4ad7e2502210436f9ca5735fdf7e50c3
86f3189426a749d5aa5851a9514f7a36,2.8775241,ff715b4f228443e3b067c801250f3402
82e2ae3e0d3c4ccab9093974f974e854,2.875787,a6a551a308b9442f947ea0608ae2c3fb
6001044952554a14b842ed1f26cda571,2.8696399,4696c8192576454f8684954bc771aa23
d0c34b42e0ea475cbec6f473103ce609,2.8636594,e039a00eae414ebbb2205b011ac127cf
c0f5519b1d3842a68611736d9c0e5c9e,2.851886,01690d9b08164fcabd5bf0819754f71f
7510f4f5df754961a921d50523718ff7,2.8436594,1af4472b38cc4304841b2f1720075c9d
4bb46186bb5347c793ef12b4397ebcd6,2.8387194,6a33c207c8b648f680dbd0e65639ef04
c71fc9273bb64cf78fcb3160724b40be,2.8356981,34b71675a1ae442395b6eb1f3eda23df
d896778ef12545f5b79fbe84a1c9ee58,2.8314016,80948e17b5694599919e1502bfcc08f3
7831dfb1e07e43dbac524b0df5c28053,2.816801,d443e0c5017d48d1b3f86bf4da959ed5
85d372a0f34b42109e467e07922756ae,2.8011682,82b01998353e4141a7613fdc96d7b600
984301327f964e12a088fd8ee2361fdc,2.7892137,ecdae9f36c6a437ea72739febbf1c89c
6cc7c613b8ca402b81fb2976f7a8d07e,2.7802417,e7d6747e8c8b4ebcb665e232240daf17
9146bc8522804996b5984ed63944edb7,2.7706711,01690d9b08164fcabd5bf0819754f71f
2090b42e4121433892402ab5724a805d,2.767243,27eee82d7fb94b9b8b60bd3101187496
9c299c4c6746403990eba7f18b97be71,2.764584,9303b9f7f4984b2dac8aeba8c8da8ef6
dbedff835ba847d386ac1cca87b2c7bb,2.7630124,6c74bedaa406493a99988c5b8a47b704
a5acc7bcf83741208d3d3d0cc9696fcb,2.7608025,b7ef0a61de0e4adf9688b2c525c9ad09
9ddc0583ec0e4cc0bbaa79c812c97afa,2.7601361,73e7e41e8db447c09cb2363d76556c64
8fd8f14d327f4037a26fa4bfed84f993,2.7549152,6b9b2c8f0a874bb8b6691aca6bc49565
0785e71626c6454dadadc8359e1f696a,2.752592,640f3bd184b7425fb22cc7773b8b2244
8f8c730f26cb483da414fce61eb1b47b,2.7472136,a926df6d7fcf4b17b68dae6f41fbce66
7d741d7645a848d086367003b1d9a767,2.7444994,d27cfea4da8f445fb4e3c55e53c6482c
85775741207d4d1ebf2ddd8ec7d58102,2.7397428,80921378de2b4cd3a14d449688d8b079
e0fce1d752bc4668a62db48ad4b8de4a,2.7284985,80921378de2b4cd3a14d449688d8b079
c6654e244a00404a84d2f9314a7c6bd6,2.7106285,6aaae524573f477f8fdef0b83787cbee
1c0be8da9cdf4be8973e0cd18f5f8ebe,2.7071981,779d7c2bad1940c8a861451964e1ce01
17c07c3077cb479eaba075a5c7f99328,2.6995707,d42996c2b67443fd9b73bba7641d4f77
b7076c9ed4f545c48deaab51abdc4a6b,2.6986942,ff218cc7835d4b5ba0de22792319050a
74f1eb9bb1ba4fe5a565558b1ebc7a72,2.6957822,1b4e143cfc1648a5b877d7445446366a
ef33ab499b054efb968d7cca5bef4a31,2.6764064,c0cb721b56f240dabf7f464e453ef72e
17b5e130e0444402bcedf9400cf07aca,2.654206,e456afdf95e643dd926249fec4d68753
b43316e2218e4fb390daa362fc8eadef,2.6459665,c322b788813745e0aa7b592b4345d379
a5f7a2fd13b64df595ec85f5354fecde,2.6433501,3257035cc77946d98bdc09e2fdd5cdae
ddd74ab8b91e4e3fa6509838de7e33d4,2.6291964,e25b9d9944cb4d7197efb8ffc4ff57a1
374f3a07f645432ca97d2116e61d6fc6,2.6117089,0472051dc57d43f8b9dd08df475fc4a3
caba51ea4cb243dc87741ad2c31130b1,2.6007597,ed9b10a2879742628fce003076ef9024
df2549937e044a9583242e2c20f87e85,2.5939455,f615619defc4402b82845090c238e597
7f01bceb5689442b8a024b4596c8a11e,2.5922081,34b71675a1ae442395b6eb1f3eda23df
671397532db64b2a86a8e790655fde58,2.58185,80948e17b5694599919e1502bfcc08f3
c5487b5f9cec423b8ea3117173949a1c,2.5800402,0472051dc57d43f8b9dd08df475fc4a3
d1cbea7387cd4d1bab69dbd0238bd135,2.5757608,6a33c207c8b648f680dbd0e65639ef04
4838bbbf3ac543ebb0bef130f0f28d48,2.5691164,d6fe6f8380464e21a27fd69de27f1f57
d480f925a4b94f518e72ad64b3ed439a,2.5684857,9303b9f7f4984b2dac8aeba8c8da8ef6
65c8efd2131b447d90bed385eeeb91a0,2.5629985,a25b08e008114c9ca0266ce3e55d82bb
ad5f2cd68d6c448ba9532ff7665af2c1,2.5508485,1b4e143cfc1648a5b877d7445446366a
5fa7699fd07e48f29a259e9b1044fab6,2.5394795,d4cd0b56b6f54e08aec8ebfdb6122c5c
fc982cca5c594093a33406ccd0a2b83c,2.5391705,89597084b19c4902b073a2c6c6622456
4207cafc0d1f4d50b76a0fe4b67edc09,2.5325444,9ff95d23c3284d31ba5e398afa520649
e152a0f89fe0446f998c519058feabc5,2.5271125,a0fe3cd34e474c3b90662ce8ef1fcac6
06706b7f76a3492e8e814546d9bcefab,2.5193021,d981f2c67f764e0c84af125b563958e9
7e29ec4675ab4e1cb521e69e6de49dfd,2.5071187,e45844e0215f4a1596a7f9ac41367c46
3f284acc005e4f23a2bdf5b45700c4cc,2.503606,f9fae977af2c4f35b29400f31267e170
c3b713beca8b4136b4807dc4071fe795,2.4942987,d331012ecf0c40888e0ac290184f0883
7cb1eb87f58f48c88b0b1f3205d9a6e5,2.4922454,d27cfea4da8f445fb4e3c55e53c6482c
e10cdddb573548c0bd3d9eb0cef37f37,2.4874218,d0a840820172465f83c8480d571e7b71
7149705cc0f243f3877d976946fcba4e,2.4845076,cd60a0fcac24465a880af7d8f921dd68
9d11c4d6d3fd48a6886629be4969f055,2.4776783,a0fe3cd34e474c3b90662ce8ef1fcac6
383851cf303e47bf803a3a00b6481efe,2.4674888,fcc9863b07fc4bd5a01fab5b9160eafb
c3a842974e16433d9488c7df87df853b,2.448832,92229a391d0b418f87b32c86c42a292c
a1a22d5f63af4418a3f33283a6013d2d,2.4379842,8f285540a9394706bd6ec6cda46c5058
7438e386a6a9468fad05b2507d9194e8,2.4334714,fd51f3eef1a64d9a93652be481bde32e
794516c691a54f63a105c96bf716febf,2.4327102,1c97c72e076f40fcadb22b17e71beed1
2613b590d7c94de09bd3bc1e4aeebb1d,2.4282641,fb709e29755b44988bb252c87a2ce2f3
d9956ba9a7e94d0ca7496d6df99555d8,2.4253986,efdf40eee13d409c9955e5b84e4408f6
168e875b6a7c4f0c83e74f55508fb7cd,2.4198968,d6fe6f8380464e21a27fd69de27f1f57
e349c885e3cf4b12898ea2f38cccf188,2.4144108,f615619defc4402b82845090c238e597
26463e5a5b3b4b8abdc0a436268a93cb,2.4072797,77ac5eb4b3054ca68e2b0dcbd5473fd1
62550b8ddf604cfba4e092fbead3bc1f,2.3970952,34b71675a1ae442395b6eb1f3eda23df
a4f6bb74f2654c17b04bb3fe4c05fd91,2.3912737,d74f6e7abeb84eedb9923dadb62f45f0
d23da11a51a94f54a9acb157cbe7056b,2.385529,27eee82d7fb94b9b8b60bd3101187496
390b32b86ff0424dbb5e9e0d988dd09c,2.374738,9303b9f7f4984b2dac8aeba8c8da8ef6
d7f295b3018e494d84b29f498ac03fa5,2.3696892,46bfd7af0ed6491fa621350963d11e35
bc3dcde96af9406186e1b5eb3b8af798,2.3524988,4696c8192576454f8684954bc771aa23
d3b55aa1a6b041cbadb5fc0139fd8cac,2.3485417,e456afdf95e643dd926249fec4d68753
07ecb7f8a5f642e98200ac37c34425a5,2.3443363,0472051dc57d43f8b9dd08df475fc4a3
0eda051895d044f3a592d1d0098e8f01,2.3424997,2a9658410614443d8a27ef174f61d6e8
93851d403349407996bba1dfd7457f79,2.3366432,057164cf4aab45ebbefef3409359cfb1
f68b3be7e23c4f86addba549e41b9077,2.335002,9b22c5cdbff44bdabd48dba008e6a3b2
ba50600bf9f046bf97bbe28dc09a3ff4,2.319943,92229a391d0b418f87b32c86c42a292c
76d6bcc61c924186ac0c0cb384856e6e,2.317244,ad2109663af04c549385cd2ab9b3283b
17176251386d48d798eb18eee7208273,2.3160572,46ba0b979a664c7cb0c315c4cde6ac86
a082e18320bf47fe8c3c9506d626862a,2.3132083,b4150337314e40fb9e3ebb24514504a3
3febcf126f0f4f8585113e1917eed33e,2.3091996,1fde4c9a01f84c349461083b6d0ba9ed
45e4e8abcc7d41019873e9cefcf22239,2.3071957,01690d9b08164fcabd5bf0819754f71f
17f9d21a0f2849cd89f1718c3052e82f,2.305873,d79afb377f5349a69830b2b4c7cfefcb
f41620f1a5c84928b422bcd3fb97c109,2.3050513,09fc9f38fbbb4bfaa1c979ac9cc43f0b
fa4b1640bbdb4f0bad2435be75a94586,2.3040128,dc58564d0c8540bea4f3e2e3696deae8
6365bc21f6084ccd8da4d5c6afb8b26a,2.3022485,2425086d8eaf44d2a9519f0e4e6b289a
8d0f508b17b140db934bc95a70c06411,2.3014529,78b600dd53854b018f87267d268b7b1a
b615a0420b8b49d8a7153658ccbdd788,2.2979083,aa2d7a3a535243189492d4ce8e79c049
f856e536fb204df3b9d9dcffebf3085f,2.2949667,88dc23909eb4415aa39b96cc3a4c2926
1c4b7fec0bd14f4d832d26dd643c4045,2.2875717,92229a391d0b418f87b32c86c42a292c
00aac7746e164d80a6a257d31925297c,2.2871299,1b4e143cfc1648a5b877d7445446366a
00bddd864f6b4c06bdae75aa6a690693,2.285044,ad2109663af04c549385cd2ab9b3283b
6fa6aa705e9a479b9435e2367955056b,2.2839072,d6fe6f8380464e21a27fd69de27f1f57
cde31d7f76684d62b17e619c0f1e98d1,2.281134,b8ca3b6144cd48208caae952e096e7ae
9267609a976547b19a2cc08683835f4e,2.2754984,257aed6ca7a44f1cb5c664beb1be527b
244bf3fd283440389af52e02feb70e02,2.2754593,1cbfb22f84454b1fb821b602e3ad11f8
301e127ffa514901b5840fd47f9f7e18,2.27388,cc21026ff0d541909df56c5618d28518
142160eab552419292c34bfa817ab146,2.2702186,0ebc441d25664c91adad96b570270f07
bacf4a682b8743f48776deb535f64eef,2.2669806,00f45d57fd3c448d8cfdf3185ebae894
f1f00603ac934540b2a80ef9cdc88647,2.2622209,7cd1db4b50dd41e6b2f3dd15fcab3b89
69ac3d3d408a45fda23c327ed1f2678f,2.2562947,1d47a696eae94bd29f215a4787b27d8a
60b12e62313f421f9865db223f254655,2.2518919,f615619defc4402b82845090c238e597
13260f69234944ae8feb384dae6510ab,2.2498884,eaca056cec224a30aaaed30c39f644c2
3cfa920b06e64cb8a5dba56671ab5d59,2.2477455,3b13d134762445cebcdbb02b484db77b
93a89031c44d4d6e87976f696e205219,2.2448728,4d708e5878784386a42c2f436d2d60f0
a90f7233ac774c298df91a6eeab11626,2.22438,d42996c2b67443fd9b73bba7641d4f77
a286b690dbf845d9b5651b98f76845a7,2.2227964,5a68e05acea4434ba08e17e1fff00057
390ed716ee69427f85d1d9d4da45fd20,2.2220848,526ab7eda50e4a239d03ad505832d61d
dd893f1f0cc94ae188e1501db4638010,2.218172,b4150337314e40fb9e3ebb24514504a3
c2ed9246a86b4c0f93db5a4cdfa7f06c,2.2091546,d443e0c5017d48d1b3f86bf4da959ed5
9d3679e8828845c6be8f7376e953d216,2.2087624,82b01998353e4141a7613fdc96d7b600
0ff31fb63a044ecba52ee62968e78be6,2.205579,65664fb3aad341fab563409d91dddd2d
b457016349004dba8b94241ddf2b6964,2.202911,640f3bd184b7425fb22cc7773b8b2244
ac7a9829a2a24b3aa81bebb2785533ef,2.202139,8f285540a9394706bd6ec6cda46c5058
619fb307d36a42b8818b2918edc88ade,2.19236,aa2d7a3a535243189492d4ce8e79c049
7c4376eae79f4bb992d0bbb206eaebc1,2.182332,c322b788813745e0aa7b592b4345d379
6730fca5ad3b4afc8715dc16caa1a2b5,2.1774914,d4cd0b56b6f54e08aec8ebfdb6122c5c
1bcadb1e071c4e6d82323f31e960901e,2.1681325,836ec4ef8df644328ac07b7803709323
632d5d8462f7480ba8e1873292371b3e,2.165368,6b9b2c8f0a874bb8b6691aca6bc49565
734db9fe91ae4ef4aa4f3798343785f4,2.15301,eb513691b7a04d31ab1bc50bf343447b
ac047081c69246efb1e1385bc77fb76c,2.1486304,88dc23909eb4415aa39b96cc3a4c2926
a2be1094a2d64ff78445a42b82c28a63,2.1426625,d74f6e7abeb84eedb9923dadb62f45f0
3c1c6d5089844fbe90e18a5fdab3bee4,2.1379128,8a77dc665d8b4d95a0b1113522f7e9c3
0186efa87e364652a49460c2436f11da,2.1283886,ec281224f8ee419ebde676f291672aea
a10fa0e95314472f9c5d9f4695a8391c,2.1274428,74e7db4222ca4a20811199afafa346a7
91af71c421dd4b9fa1252bd59cd4afd6,2.1185427,369fe18b94f54c98b554fd22b4a3b50b
aaff66d83c1441cba7531bde3e46f124,2.116596,1216ce1ef31e4643bb1222538c206342
6fe5e86e29684922a7b66985a0abbe4d,2.1138268,c8b9a0ac7c214a449c434aabdf6ef770
b001beeb0d384d448ff9383afc5ad45b,2.1118672,c0cb721b56f240dabf7f464e453ef72e
fcd3d852367e464bab386817f4536abb,2.1114998,9e304a9bbc7b4c22af8025fc93757357
91e6133ed3e2412cbd4f9450388c7eb6,2.0974782,17cc6768c9d14388b7455fea0060b62c
95cfdf88f92e45f9b81a755fb1718759,2.0845118,58db4c3a26c84fa68d81235d078208bc
fa54265caebc408591476e98de422b10,2.0837586,31b69f9501c4415e929b6af28c83f6a6
f31d22a46dc54bd7b4dbd9366f0304d5,2.0775528,2a9658410614443d8a27ef174f61d6e8
4e828f821c014d5d99850f710aff0f21,2.0768425,f5a6222612ef406b8f02aef87e08c476
e449398fb3714ef39cfae0e60e4b3fd1,2.0718758,34b71675a1ae442395b6eb1f3eda23df
ae5e0ee1d17e4fb0839e3d41295a5479,2.0640311,903360099fb644b6b88c6edac88eecb2
2246c7640ba74a0d8caef1ca9f9d44dc,2.063778,564a84b1b830407e811bcfc7fd086a6f
cfe22b04c2604c1fb386b852e558744b,2.061482,ff218cc7835d4b5ba0de22792319050a
fbffec6a21df44de80e049b741243c36,2.054563,8f285540a9394706bd6ec6cda46c5058
5dd11b299b1e4c9fa5e4d0683b4d02ad,2.0544884,cd56b9a044c24df8a7156f661cb3d9cf
fdaaf6e004b04cb18e798331b9d9ebc6,2.0530937,99142f1c07cd4782814f8c970eaaa40a
b3d1c6603e6a4f05bfe265607ea252ba,2.0529113,e02ad4f63c8444b79a7a56fb23a4e0f1
6d9fe29b75544ce6b2e1c3329771cd32,2.052651,64fa5ce839ef406b9bc8a1b2f05094c7
fed199237941466bbcb3b0333580ee3f,2.044477,77ac5eb4b3054ca68e2b0dcbd5473fd1
6a9e4d855e3944719a49f41d3f30b8d6,2.0347931,faaac88748714ce8a99413b952a1dac8
42ce4e0d59764cd5a98455e34790c44c,2.0312128,a6a551a308b9442f947ea0608ae2c3fb
d6db57dd12dd48adae78eb66e24cd991,2.0192375,cb85047b65f8468aa02744c28c075dbd
790d3e003e2545f9822873e830615360,2.0140786,ad289d5052264f9c8bd0aaf9faace92e
a8a7550acecf4436939c03b7e74ec8a6,2.0107105,cb85047b65f8468aa02744c28c075dbd
e9b290a94aa44b1dbba67ba62b5153ac,2.0086746,27eee82d7fb94b9b8b60bd3101187496
707f6646366145df8e5402888ac28325,2.0060887,779d7c2bad1940c8a861451964e1ce01
9f3b0cd053d04311acf31077db03f489,2.0060272,cb85047b65f8468aa02744c28c075dbd
9280a530ada64a8f829e0ec528712cbe,2.0031328,65664fb3aad341fab563409d91dddd2d
856daadbd4c24836a85731844393b1f4,2.0018039,9e304a9bbc7b4c22af8025fc93757357
018f42d116aa4bcdb1ab9e05bfc01b63,1.9979029,640f3bd184b7425fb22cc7773b8b2244
3b065dc23322478a8128f0322c8d0678,1.9737188,8db9e204b8b841df8fd94eff0888cdf7
302f7c4fe5f346b7b6f4c5850ccea290,1.9686217,d576e334105247369362b05a375e88cd
4dd9cf8a1b2348fd81e6ed73ea81c716,1.9659836,78b600dd53854b018f87267d268b7b1a
bee104c3212c473da29f1f4518f4fd7a,1.9576739,4430d47e30904eab969c1baebca184c0
4e48af3f82274b30b4ec6ec1533e2840,1.9535419,58db4c3a26c84fa68d81235d078208bc
774622a7382646c4ad5ef139574052c1,1.9355067,9170e0bb8fe44b309f83293808d871fe
a0720ed891c94750a6be596258ee3d43,1.9338888,678725f8b914453fbc1029b7c1bc0879
444cddd136524b8792db7fe1caeec69c,1.9296465,acee70abee2841c9b67b95e9ed079647
93804e9078864c70b27336ff52724af8,1.9291215,92d5da561f5a41bf929f3555a74cd653
0d995ee72a0b43739f37e5962dd6c907,1.9241265,0302e7dde9074dddbbbdf85e9be57901
95efaf80178b4a519dbf8769d415c000,1.9240826,e492ff7fecf046a4948c5ba5631cdefe
669388a30d174fa48b59092d2b8770cc,1.9226711,a25b08e008114c9ca0266ce3e55d82bb
a306a4b51e064a1daf8766259f6f5c19,1.9193993,c8b9a0ac7c214a449c434aabdf6ef770
7798dea58b5a4389aca581f8efc4b17d,1.9175334,c322b788813745e0aa7b592b4345d379
11cd11ee574a460989af01777e154c33,1.911265,156f393f7ca046299e09d05464afa056
34e6f332d53646d38eb22993afc64a02,1.9098076,02cf82700b4f4773af3a14ad8eaa5270
57a0a47943824bb28d5faf9fe31ee787,1.9074175,9e304a9bbc7b4c22af8025fc93757357
dfd4d092c16c4fbca7e9aac5e15806c4,1.9068773,1cbfb22f84454b1fb821b602e3ad11f8
1c3bb67f3f4d455b86905cf93be96fe2,1.9061222,85e7ea30890b456084b8e85c299c8649
0681f461c4ad4ee699a843df5ab30607,1.9052321,dc58564d0c8540bea4f3e2e3696deae8
b904ff33d535410cb0791f1e1227e8c2,1.8975594,c88be17376104f999b914a91aebf7220
7e1df8a5aabd4ab88cff299bb27c308d,1.8932259,0472051dc57d43f8b9dd08df475fc4a3
05de4f46aac741bd81e6bb9133542716,1.890046,bd2f91a9415049d980e453f94327e0ce
55cd381ef54d43069999636fdbce998d,1.8891349,46bfd7af0ed6491fa621350963d11e35
e263f6646da54395823572d53a7be6e9,1.8837272,58db4c3a26c84fa68d81235d078208bc
08b353e1649c42d6b37c9f7179dabf6e,1.8773376,d27cfea4da8f445fb4e3c55e53c6482c
cfbebb0b8d25424bad46127adbe59343,1.8762603,3257035cc77946d98bdc09e2fdd5cdae
0ff74b4b29e044ffb307f3598dbbd1b7,1.8759177,e52a528036014db0a7bd54b99a310fe8
76313e4034d24a788d6f02923f14c045,1.8737803,d79afb377f5349a69830b2b4c7cfefcb
42dc4d44bc374b80baf0a8ac2c90c250,1.8708249,1216ce1ef31e4643bb1222538c206342
cbd8f182af0646f2a5d514de46872f05,1.8683269,a25b08e008114c9ca0266ce3e55d82bb
6193d950669f47f9a2268d0f3a41b2fd,1.8660878,faaac88748714ce8a99413b952a1dac8
d832897254e74ba4a5515e22654b2d04,1.8645623,9303b9f7f4984b2dac8aeba8c8da8ef6
7dcdd31673a44edaa5df70306899ce60,1.8577297,de9328bdd1b34adda74a0363ff0a52b6
de7e2ebef31a43768b57de371f2631aa,1.8540622,057164cf4aab45ebbefef3409359cfb1
0a6d5cd06af2452ca1b3a4657d9e0767,1.8515232,d331012ecf0c40888e0ac290184f0883
a2e363e09aed44868c4e51d9cce19eb3,1.8465092,c0cb721b56f240dabf7f464e453ef72e
4f6887bfd8d64e9c96cb60b2fc428027,1.8420585,526ab7eda50e4a239d03ad505832d61d
44e0859420c4441d8b2eab856c4e010a,1.8403821,f0695d7e59d64941b510a3d12f801d59
c0db9a38259c4b429eb66ba537ac8730,1.8374186,19c9ac7b84df472c85ed6cf5a05fbbc6
10ec284856b64b33a3f1095d708227c6,1.8314002,f5a6222612ef406b8f02aef87e08c476
9bc0b7a878a34cdd97666a27e60314a1,1.8253663,7cd1db4b50dd41e6b2f3dd15fcab3b89
6f8c1d69a43c4848bf3426c02ae5b938,1.8207474,f9fae977af2c4f35b29400f31267e170
472240e1b5e84fdc9e2c3dc8c4ad8435,1.815264,e96aa0967ab94368b381354e03dc40ad
9fbb54f6ca3747198e55e3f00ad81251,1.8023947,27eee82d7fb94b9b8b60bd3101187496
ad13a71eb5594e529ad80ed59082fe17,1.8018136,9303b9f7f4984b2dac8aeba8c8da8ef6
7c9553e399964910b2eb9f1c94c913b1,1.8014853,7a4c413f5c844796bd5ffed2b65f0336
d826d2d9a30147d59c909ec8484bf8b6,1.7999369,ed9b10a2879742628fce003076ef9024
a0e3b8c54d2747bf93d30efbd15a8fb1,1.7965657,4a4eb12a639346b5a00557d54b51fe51
47bdbd87490b4698bcd3b038c2baf6d4,1.7863377,4d708e5878784386a42c2f436d2d60f0
a0f623aff0d34804a39f4b55a08898ca,1.7848964,903360099fb644b6b88c6edac88eecb2
38d3a8b3543b4548ab16eca74b1ed293,1.7829154,46bfd7af0ed6491fa621350963d11e35
4a5a47f40e9b42f5af28b197d3e59ef7,1.7765247,3be388c9ab614bceb086c19f70df23c2
6e651760ac2e4377abd5ff9ac4b8c9f0,1.7734383,d9fbe02f04a4469dac855f69ea6ad02a
187f475424d1406a8ea7e10ccd1f13ee,1.7609205,85e7ea30890b456084b8e85c299c8649
8315c41aab974f618fe59e445d7e6543,1.7589502,b2be859ca8f24cda86821d5383edbc18
52b9939de81d456e831c97f43e912728,1.7578174,d0a840820172465f83c8480d571e7b71
43d1998f5950428d94f74e0f6227fc3b,1.7495352,92d5da561f5a41bf929f3555a74cd653
46f0f2692fe44c88963712d6f65f6dbb,1.749387,678725f8b914453fbc1029b7c1bc0879
0b7bef4f00bf42b0ac6d5e824b04daa3,1.741642,903360099fb644b6b88c6edac88eecb2
c1904c9ab6bc4ae5b4b364ea1f24b7d3,1.7392998,7a4c413f5c844796bd5ffed2b65f0336
dcd4e8a77e0c47f4bfeaedc8b8dfc397,1.7363654,bade01bd83ec4b6786fd8c867ca7a090
96ad923a06f54d79a74431cd06b8adea,1.7297019,fb709e29755b44988bb252c87a2ce2f3
ef4b6d47c51c4527a80e52519f3c872b,1.7269619,691a538d2372403fad2b919b48ff5f85
606a301239a6472ea371152fa2029fb6,1.7171841,75b0bd2240a54f6fb45bf95ca43ab5e6
11ba79f894d048f9b56685491d4f3282,1.7059113,640f3bd184b7425fb22cc7773b8b2244
01175ef138e24ed7b74c8c8ec2ad8abf,1.7055326,fb709e29755b44988bb252c87a2ce2f3
136549c15f3f468ab2ced44ab70b0539,1.6987507,d74f6e7abeb84eedb9923dadb62f45f0
bec8ca61a6524d90b610482e2f304259,1.698265,ed9b10a2879742628fce003076ef9024
4a2b5888e21b471bb770cd3b5b496ae4,1.6824355,4d708e5878784386a42c2f436d2d60f0
b0eebd77fb114ff388e46e4f3d284b4d,1.6823521,e25b9d9944cb4d7197efb8ffc4ff57a1
551ec133b10e448a939d6f857cf1dc17,1.6808678,0ebc441d25664c91adad96b570270f07
454132982ecd4d5e9e6ed9c9e33f3433,1.6804918,257aed6ca7a44f1cb5c664beb1be527b
19ba27a603c0492ba795fba0999e589e,1.6804361,cd60a0fcac24465a880af7d8f921dd68
51ece51608b24f22b0e8d026f5e403b3,1.6633995,983940e0b12e4186a281c36de657406e
f9f15f3fa87e4ecb852682898d5c2044,1.6579454,9b22c5cdbff44bdabd48dba008e6a3b2
15d3499d1d4a4168b863a75b7e0b7e8f,1.6546367,e456afdf95e643dd926249fec4d68753
f792d5fbc00c47c59ce1791351c39504,1.6485516,1fde4c9a01f84c349461083b6d0ba9ed
387e43ce9c334938bbfe0ae8c0419ead,1.6444485,bade01bd83ec4b6786fd8c867ca7a090
9fb8c17411204358aa87dcf800bd36b4,1.6402665,bd35571850644321b86ce4fae286ce7d
5884d501d2f749cbbca461d81b8a74bb,1.6390167,f615619defc4402b82845090c238e597
8756c0e4eee54ca69baec75ff9c6f44c,1.634944,17cc6768c9d14388b7455fea0060b62c
65b7a423fc92497086fe55ce3a85dd55,1.6345487,99142f1c07cd4782814f8c970eaaa40a
1c017d16176a48e9a899ed772d5ff4d9,1.6334823,1543a2f94aa74008914301874d98f0f5
9ebe890cdbad44f1936503311aa8efac,1.6333194,d79afb377f5349a69830b2b4c7cfefcb
6ef20b2327be456ebe9d47d6c015c659,1.6305511,77a8b27acb0e4600bb6ff974eabc269c
569c47730fc949f7a3971473e07d0f6a,1.6265197,678725f8b914453fbc1029b7c1bc0879
01f344e8e895424eaa3251d134512cf7,1.6252162,f036aaf4ab714c598a0b6da4ca604136
a3a8679097e74509b7525e86a5457662,1.6223055,b4150337314e40fb9e3ebb24514504a3
7de183d0b5f24efebfc15ae35f4b0fc3,1.6127782,73e7e41e8db447c09cb2363d76556c64
d1a53e6e1d6b423e8bc3fb6a7986a87e,1.6093922,b2be859ca8f24cda86821d5383edbc18
60cfb02a92884acf8cbc7ea1abaf7046,1.6066785,e492ff7fecf046a4948c5ba5631cdefe
b8355f6877f04cf583abef8dbf343f61,1.6055547,a6a551a308b9442f947ea0608ae2c3fb
f2fe001a9caf435a9e440ed89e6b806e,1.6049991,f0695d7e59d64941b510a3d12f801d59
f74645ebd6e74b0a8ca70c4a1a983295,1.6011368,46bfd7af0ed6491fa621350963d11e35
4dbe9a58e3cb490eab62a2bab47d13eb,1.6010506,e27d9425c912446e947fe53c4a757375
eead86464fcc47c9a4330692646f0973,1.5942827,1216ce1ef31e4643bb1222538c206342
d3d566cecb79472ab65c2a57bc6d7b6f,1.5914229,7ce06191f1114b4c8a00609f6867761f
b6564d12e54b4e09a41d57e66159df56,1.5882431,a6a551a308b9442f947ea0608ae2c3fb
06dafb47baf148b9ab12caa5200a4d2c,1.5878919,58f53c379f7a4868a2ba6d91a06247d2
a3641dd6dafd40d5b8f8077b9dc3e850,1.5858421,99142f1c07cd4782814f8c970eaaa40a
9aa12e538d0c4d89ab849afde0b92d65,1.5719541,c88be17376104f999b914a91aebf7220
21aae632c1bf454196e14809b781c9e2,1.5677088,6b9b2c8f0a874bb8b6691aca6bc49565
03338969d6c44f879a13c672864f6001,1.5658424,f615619defc4402b82845090c238e597
974a8661873f458193c891d3ef4dd208,1.5608364,691acac4a54d450697afb2c2dc4fca09
7b844c15f35e4db9b884e79c271e87f9,1.5557084,a585d23fe43f459ba86ac15645af77ff
cfa58c9270cf4b82a9a79385be571a83,1.555422,6542f58c143446f280e88a6375ccf79a
edf32c81fa8c41f4ba76d882cc8f88c7,1.5547042,fd51f3eef1a64d9a93652be481bde32e
4271098208074e6ea1a9497085061483,1.5401481,6542f58c143446f280e88a6375ccf79a
9d12b38606754a8ca46a62c27872e893,1.5397732,4ad7e2502210436f9ca5735fdf7e50c3
d74e7c71176e4554969cb9fdf7d1986c,1.5391865,34b71675a1ae442395b6eb1f3eda23df
a3c8a08e370346b095ed986fc19f420d,1.5282122,89e43b092c844b5886a93091a22c894a
13bc78da1120442190653a8273c4f2af,1.5271642,19c9ac7b84df472c85ed6cf5a05fbbc6
b3d0e1f27a4c4d9dbda5877bde3bf232,1.5270534,9e304a9bbc7b4c22af8025fc93757357
e7484e33c0004b31996c7062d82f4819,1.5221753,678725f8b914453fbc1029b7c1bc0879
2937b0fa761c4d3294bf68f522d9ab25,1.5132174,74e7db4222ca4a20811199afafa346a7
56fc3ec2992a4a609298efd89a7d3f59,1.5090247,e492ff7fecf046a4948c5ba5631cdefe
deaec801f6344b9d9ffe289794354038,1.5075196,acee70abee2841c9b67b95e9ed079647
e1c498af40d54c85bcea4f0ce236b966,1.5046674,d9fbe02f04a4469dac855f69ea6ad02a
b89108d9803648fab3137eb2d150c208,1.5012956,d27cfea4da8f445fb4e3c55e53c6482c
d2ed407fe4db4fa69c57cfa4bd7d002b,1.500812,8f761e1117754656ac86a3a25f241cd7
b894792524d841b3b24c566aa9c41b8d,1.4942888,cd56b9a044c24df8a7156f661cb3d9cf
dd207a6be6fb481c941ff42092bbb3da,1.4873686,34b71675a1ae442395b6eb1f3eda23df
65654ba4d0d241cea5f12740d725d0ad,1.4799291,77a8b27acb0e4600bb6ff974eabc269c
dade1ac92c08448e93e20a96c20f9d0a,1.4791613,f036aaf4ab714c598a0b6da4ca604136
1d79bd154afd47138f529dd6f1d52902,1.4760816,c8b9a0ac7c214a449c434aabdf6ef770
aac7a2be32044f6b908b9548ab324ed4,1.4738483,a6a551a308b9442f947ea0608ae2c3fb
64e8bc2bd44d4328bac29a1ed2e655bd,1.473259,8aadcf7251724cc6858dc0db44abebe3
1197a3e216ea459dbc822d775b701062,1.4655527,e02ad4f63c8444b79a7a56fb23a4e0f1
915d79767ad746c99ea804f4b5dbf60d,1.4644749,d981f2c67f764e0c84af125b563958e9
5f5d6306678c4a0cbeb65f8580c9cdbb,1.4629405,89597084b19c4902b073a2c6c6622456
898b757291e64b7b982221e0a86dea5d,1.4577198,e5692bd498004d32934fbaa05af2120d
7c890f402f38475d942c1190be3ab2a8,1.4564022,77a8b27acb0e4600bb6ff974eabc269c
ad016f4559a0419297dfc6da2a37349e,1.4501181,526ab7eda50e4a239d03ad505832d61d
7119bcd6ffec46a3b428819c202e431e,1.4500386,257aed6ca7a44f1cb5c664beb1be527b
a16486024d12452a9c7a4d88c7fc5efa,1.4473507,6c74bedaa406493a99988c5b8a47b704
565907298304458f80b2f4504ee3473f,1.4462543,82b01998353e4141a7613fdc96d7b600
545abc5f61374dd596a546e619a12ae8,1.443377,5a73e0a5c757410eb0928feed7b151c8
16b6598102224ec59ae691c80c17f913,1.4395592,e9f055a212cd4e5e8601228c37713f35
1089b153884e4aca90dce90c11539615,1.4316831,b050e9e1ef5946c297a34dda98d8f476
c6754ce8bf4346258c03509140eece37,1.4302989,65664fb3aad341fab563409d91dddd2d
1f8623bf930a4fcfbd914e784354ca2a,1.4289503,f615619defc4402b82845090c238e597
0a8f26e2ff5d462b97d23238e36ae72d,1.4281243,cc21026ff0d541909df56c5618d28518
1d2a027561834f03b680a90079cc8e25,1.4209151,4696c8192576454f8684954bc771aa23
f66b6efba0464f1a939d4ae426b9f217,1.4111246,fd51f3eef1a64d9a93652be481bde32e
98b5731fc463498f9da6bf4beeaadc1c,1.4040529,8a77dc665d8b4d95a0b1113522f7e9c3
13964a2d472649b59d5126c24da8d4b1,1.4039646,23066f7964874fd39639dbf2cb2766df
07e166148b304b0b9c003c015628df76,1.4031875,31b69f9501c4415e929b6af28c83f6a6
14251437e9d7466c9909622c9fe454a4,1.3997676,257aed6ca7a44f1cb5c664beb1be527b
38f66bccfc8b47afb357b8caa5a3f286,1.3966464,691a538d2372403fad2b919b48ff5f85
9e1261d3e89b47a78e1590fa544c3df0,1.3921335,02cf82700b4f4773af3a14ad8eaa5270
f7937418662b418b90963799279bc248,1.3901608,09fc9f38fbbb4bfaa1c979ac9cc43f0b
7118df93df274839b3c1c622ac4b53f0,1.3890615,f11f1682b5924181b047d757d3e20964
840915e1243641c0b502a35bfa1a9aa4,1.3826156,e456afdf95e643dd926249fec4d68753
65985829f37342a3b2560fd757d02169,1.3817804,19c9ac7b84df472c85ed6cf5a05fbbc6
7975ca7b6008414e8bab9d135c53eb59,1.377452,a926df6d7fcf4b17b68dae6f41fbce66
4fb63b6f9f8a48dc921c53a21d354a0e,1.3766487,73e7e41e8db447c09cb2363d76556c64
05074ae1d6a64faf8736a89264404087,1.3747275,e492ff7fecf046a4948c5ba5631cdefe
97c22deac29b43b8a2911e08c2aba299,1.3712078,0f9cc12519eb4872af7be7fe49e19f59
064ec184b18e48e18255745eb01a80f5,1.3697643,640f3bd184b7425fb22cc7773b8b2244
71c46776d0a0400f9f919d0c3e578755,1.3689272,e25b9d9944cb4d7197efb8ffc4ff57a1
bd2048721a484ac4925726f9a0df7499,1.3606346,e52a528036014db0a7bd54b99a310fe8
0af83a2558ad459cb3b54e5c9da02975,1.3602922,4696c8192576454f8684954bc771aa23
7b51de0f71b142e7ba4820c5972d711f,1.3591354,b050e9e1ef5946c297a34dda98d8f476
9b5cafae0dc14e9ba24b5c6db5381eae,1.3501915,23066f7964874fd39639dbf2cb2766df
174e16d27164468ea679a619b853b1a6,1.3489621,e96aa0967ab94368b381354e03dc40ad
356781d87d504d789e58fd87a987a67d,1.3478667,fe6ace599de44aa19b1773dad3658fee
2a8517391a58458c8b4054fc225e976d,1.3451468,bd2f91a9415049d980e453f94327e0ce
63e22c9413454acc8c86fb1ec33284b7,1.3384049,a25b08e008114c9ca0266ce3e55d82bb
ccf605a5ad9c406f9876e141954e5e80,1.3321984,903360099fb644b6b88c6edac88eecb2
9de5dee9dd8a425fbfb5e0c198e653be,1.3305467,e492ff7fecf046a4948c5ba5631cdefe
2c2bd31efb4543d08c60180fb6fa21a2,1.317408,1d47a696eae94bd29f215a4787b27d8a
924127ab124d40edaac3616675e82655,1.3173543,bd35571850644321b86ce4fae286ce7d
0f4e625476a041c88fade20efb2eabcb,1.3006446,64f1d63a671d441d9663a783f632f794
492d363c9d8b450da859bd06f06cf687,1.2943172,ff218cc7835d4b5ba0de22792319050a
040e8b18e27848cb8d0850a0dcb7a77b,1.294179,e039a00eae414ebbb2205b011ac127cf
f8a46af09cee4fd4a9c2ffe00e109f28,1.2941675,6aaae524573f477f8fdef0b83787cbee
9e2872646e314b1f97e9cb135dccd315,1.2882226,92d5da561f5a41bf929f3555a74cd653
574b37b5f1374cd3b422354879e9f582,1.2807238,6542f58c143446f280e88a6375ccf79a
c0e4b6d0b4ac4f978868636d7675e345,1.2790455,e456afdf95e643dd926249fec4d68753
e578d2ca90a241bcb241e65a62648a66,1.2785121,f5a6222612ef406b8f02aef87e08c476
17d4b37e6cf045b691ff88ff7ec2d5fa,1.2652826,85e7ea30890b456084b8e85c299c8649
b386bdd20171436f9c420013263490da,1.2621315,78b600dd53854b018f87267d268b7b1a
5db16d2af83a479d85d0755051ccebb6,1.2605543,b25fe3b79f714d38b3fc53e39fd84d36
649971e6871c4d3596bbe61f84b0e117,1.2486897,1216ce1ef31e4643bb1222538c206342
9f143dcef5ee44dd89610738332533b6,1.2486465,6a33c207c8b648f680dbd0e65639ef04
865e99466009410e82a3a9daa7d34d29,1.243657,dc58564d0c8540bea4f3e2e3696deae8
f46543478e9f4f0bbb721b47a528562f,1.2426734,f036aaf4ab714c598a0b6da4ca604136
bf3d001275754cb9b2c48df805901d9d,1.2417276,f615619defc4402b82845090c238e597
5ebfa573972845a5842bf96fbf02053a,1.2404768,5a68e05acea4434ba08e17e1fff00057
ade56895f4dd427b8c4477aa940dc716,1.2399889,e52a528036014db0a7bd54b99a310fe8
faed47ec537c4a70b2396638df56d71d,1.2366077,17cc6768c9d14388b7455fea0060b62c
74ee886c358c466b93e307e28af9d52e,1.2320412,7cd1db4b50dd41e6b2f3dd15fcab3b89
e45e383a0b9844e2b5ea7eaea5eb9fea,1.2233199,156f393f7ca046299e09d05464afa056
43bd347a4d5e4c8c82b41970f2ddfc02,1.221622,37337ebec05640b890e4b9612776c32b
cde999f7973048f5bdccda367d1eef4c,1.2208698,37337ebec05640b890e4b9612776c32b
7727fce048c74dfba9b871f0a6bb4504,1.2188053,e27d9425c912446e947fe53c4a757375
4185600f230d4b21b2e32c2d85caa90f,1.2149817,75b0bd2240a54f6fb45bf95ca43ab5e6
edb63218ad374e72804e964a5ea6949a,1.2128829,a6a551a308b9442f947ea0608ae2c3fb
3a53b02d11d74f9b84a71811f607d433,1.2104228,8f285540a9394706bd6ec6cda46c5058
7b5270f3124740838e60c375f3003665,1.2063533,691acac4a54d450697afb2c2dc4fca09
745463c1ff2c43398a488057b94b7dd5,1.2043016,8f761e1117754656ac86a3a25f241cd7
de522abd79fd437a9ba590c4aa3aa7a1,1.1951374,a1d8cb16dafd4126922f985021e93631
7919001f5a3f4b7ca384f7a6ade1783e,1.1942394,7cd1db4b50dd41e6b2f3dd15fcab3b89
7002381cfd40489ebf699ce239f95dd0,1.1913562,d0a840820172465f83c8480d571e7b71
48aa588059cd4883bab6da96a75c16b9,1.1893696,aa2d7a3a535243189492d4ce8e79c049
5f67168bea6646a69c49dec78942dfae,1.1873215,fd51f3eef1a64d9a93652be481bde32e
a202212d6ad9404fbc16c60a7fc73ddc,1.1871057,fb695c097d5845c282f6b30c241e8cf2
de89bc23ccf04f3387bf242e269f4ea3,1.1866688,c322b788813745e0aa7b592b4345d379
ee6aeba966504751952213ca4d85796e,1.1822697,3b13d134762445cebcdbb02b484db77b
0f23167585384e62970cf34d4092c7a7,1.17466,e52a528036014db0a7bd54b99a310fe8
780760acebdc4860bb31c7a7150c19dc,1.1687478,f5a6222612ef406b8f02aef87e08c476
33a87d7db931410abdafbba3321d5b5c,1.1641474,8db9e204b8b841df8fd94eff0888cdf7
7e1f279ed0b04e478b3bd9dbc9e6a6c0,1.1625942,6a122ce1702646db918266228d48bd08
d65ec9584a074f8494467734378fc499,1.1612269,d0a840820172465f83c8480d571e7b71
192ea3bc5bf1479bb3255c41ff2fa9e8,1.154546,bd2f91a9415049d980e453f94327e0ce
beaee44c26404f84a56c0c185b5bf1be,1.1516546,e96aa0967ab94368b381354e03dc40ad
ea60559c1a414dafbe5652b8b1ef5ffa,1.1505753,e02ad4f63c8444b79a7a56fb23a4e0f1
c8a6cf1a44fb449b9f338991907da389,1.1415429,89597084b19c4902b073a2c6c6622456
fe866322e3f94718be3a75be3975a37a,1.1414918,9b22c5cdbff44bdabd48dba008e6a3b2
d060627e97d244e99da1e44ccf7d4a91,1.140322,5a26ae7959494fef99542e9b2004fd11
4805a294e65b4d4db75948e86d3fdee4,1.1349447,acee70abee2841c9b67b95e9ed079647
4975299790f047d9b4dfba901c33ee4b,1.1346025,bd2f91a9415049d980e453f94327e0ce
95eb2760eddb42a799eed009f1907025,1.1339653,0ebc441d25664c91adad96b570270f07
ed60600cbe5240f29132b4cda76d4960,1.1333706,faaac88748714ce8a99413b952a1dac8
38b738aa374d42a1b20afa63ccfcfd62,1.1272978,01e805bb5a1845a7addf86fe9bc8d814
c8d0d1f2df5c4b2a8eecdd2acc610a85,1.1195027,e25b9d9944cb4d7197efb8ffc4ff57a1
d783d92ce7464edd930cf3e6a5a3ec9e,1.1193631,5a26ae7959494fef99542e9b2004fd11
61e1612d7fad463ea1c28d21bdc98513,1.1177475,82b01998353e4141a7613fdc96d7b600
2eec5eb123e343b89370139c57a3ef13,1.1173786,19c9ac7b84df472c85ed6cf5a05fbbc6
f9a7d6299ae54cb8bc2e6ba1b878f8cf,1.115346,e27d9425c912446e947fe53c4a757375
b344c4448c13473197e3c11682c4096e,1.1122314,3257035cc77946d98bdc09e2fdd5cdae
278a6d1334d949ac865e60b6199bf59d,1.1096258,a926df6d7fcf4b17b68dae6f41fbce66
183908f894694011b40f78d80cbeb742,1.1050614,f5a6222612ef406b8f02aef87e08c476
e046c26587cb42afb43672bc7895ec22,1.098619,9303b9f7f4984b2dac8aeba8c8da8ef6
052e254bff244d2f88c0d2566ddc13db,1.0978571,e52a528036014db0a7bd54b99a310fe8
0affea27dfd242bda2130ad14ef28bb9,1.08521,903360099fb644b6b88c6edac88eecb2
3111ca7c585243e4aff0fad54c82a69b,1.0812088,836ec4ef8df644328ac07b7803709323
42b1aada557b48a0989c6a1c05378299,1.07939,17cc6768c9d14388b7455fea0060b62c
d52a218e156e461f8d5f05a8a136988b,1.077389,89597084b19c4902b073a2c6c6622456
6c846ec45b5646b6b0d1dfce66fb8328,1.0768031,1cbfb22f84454b1fb821b602e3ad11f8
2b1ae0f0956e475c80e1ba5ca01abe84,1.0749351,b4150337314e40fb9e3ebb24514504a3
74f89cf2b75547168060f6c31aa572f9,1.0740529,156f393f7ca046299e09d05464afa056
8564aa88c0c6416890eb773a1c47d701,1.0681653,8a77dc665d8b4d95a0b1113522f7e9c3
dace4a83a81f42048efb60a217370134,1.066585,cb85047b65f8468aa02744c28c075dbd
33babb0b73f84a8a87d9c75c03bfbc99,1.0657043,1216ce1ef31e4643bb1222538c206342
4d8700f8f8b3476899b9e140d2b572ea,1.0649679,e492ff7fecf046a4948c5ba5631cdefe
e98cad653d89476483782ae1a239135b,1.0584524,5a8cc5ff28fb4359afc7e9fcbf3bce55
c50c1d8eb4024bf080812d01310eb133,1.0491147,c8c201e25c0047a2ba9d9e8541ac0939
c46143f6691f4af38d4779e21a33f827,1.047996,01690d9b08164fcabd5bf0819754f71f
6ede534375a14c609d02c3f94a41907e,1.0430712,de9328bdd1b34adda74a0363ff0a52b6
a879a1da30c4407aa84b5fea90b60f32,1.0393268,6c74bedaa406493a99988c5b8a47b704
1d2cd0bb5b1c471ca10d1eea0ef9b729,1.0385029,c26f5e7dcc8149f18f3d719bba9ae717
8baed775825049a7a98ba659c3139582,1.0358536,6c8a24653ef04f559b88e0f27c0df63a
37cf2461e5cb4c8fa0b0751436bfa69c,1.0345721,92229a391d0b418f87b32c86c42a292c
405e667675254ffdb3e8cb25813e586a,1.032764,e456afdf95e643dd926249fec4d68753
55e30898427a472799115a2e014580a6,1.0285189,d74f6e7abeb84eedb9923dadb62f45f0
adcb28bfb3334cf0938efac96e34354d,1.0274386,c88be17376104f999b914a91aebf7220
65120ac6b44e42f1831bb02005863657,1.0194997,fd51f3eef1a64d9a93652be481bde32e
69fc5af906524d06b5c47a8c984a7199,1.0191472,e27d9425c912446e947fe53c4a757375
70eae43486ba469e9dcabff502a498ba,1.0117215,11ec23965d2941d0817082107996ebbb
8f46f1c9e7dc4f0184c02d6fef8f3708,1.0114189,b4150337314e40fb9e3ebb24514504a3
8b1f6fd1fabc4cb7abbd5a7a2ed0cac9,1.0112092,156f393f7ca046299e09d05464afa056
dbb7cd57e11848d399a156605f0f11c4,1.0089025,17cc6768c9d14388b7455fea0060b62c
6f6fd5b2a152493e8afcb221b1b198bd,1.007817,cc21026ff0d541909df56c5618d28518
3c400856520e456ebb8a1f9660e45cad,1.006375,3b13d134762445cebcdbb02b484db77b
e064b22a3b0a424498be0599ec51b26d,1.0056448,1b4e143cfc1648a5b877d7445446366a
3127238ca74643c3bd2e042605dc5e25,1.0032277,983940e0b12e4186a281c36de657406e
b74ab07a7c004219aee7bd6d643ebfb1,0.9961256,64f1d63a671d441d9663a783f632f794
1db04d4304ab44b5a063f18b9037c0da,0.99535197,02cf82700b4f4773af3a14ad8eaa5270
d7d1062b83d0482889557ef5578d6c18,0.9936352,836ec4ef8df644328ac07b7803709323
5f5c72816fcd4fcc8f58aa66c02daac3,0.99151325,eaca056cec224a30aaaed30c39f644c2
f4e34063359742b7916fe2635de1aba0,0.9894121,e45844e0215f4a1596a7f9ac41367c46
a5d2be317fc24e528df576140c0a3849,0.9884295,1543a2f94aa74008914301874d98f0f5
9b18e72d85384d73bf3bc666ebd18aa9,0.9835197,f036aaf4ab714c598a0b6da4ca604136
7216fa39e2414501a8f87ddb54a3133b,0.97781515,fb709e29755b44988bb252c87a2ce2f3
61e6eab2c60042858ee62e5d01968ba8,0.97250897,e039a00eae414ebbb2205b011ac127cf
275a7144962641e1a6b32428d2e025ec,0.97128063,fe6ace599de44aa19b1773dad3658fee
ca143ca992a648ca9b004f3be8a53a61,0.9706943,4696c8192576454f8684954bc771aa23
faafc7c371d240a29c764c0074231e6a,0.9694482,779d7c2bad1940c8a861451964e1ce01
ef3589381bb34e74bf3f0f4479614d70,0.96233666,1b4e143cfc1648a5b877d7445446366a
fcd13888ea3d4c2cba9cdbf3a7d2bbdd,0.9604244,b2be859ca8f24cda86821d5383edbc18
1fa5b671cd0d4cb39567f651ef001e97,0.9558332,7cd1db4b50dd41e6b2f3dd15fcab3b89
2b4fda504eff4531832d7897265ba39f,0.9547644,d79afb377f5349a69830b2b4c7cfefcb
f93d08dd757f4cb9a593f27024c614ff,0.9546743,4aa3556b2aed469584c573868193a07a
9f4712695bb64f01a331632d4e83e318,0.93602633,cb85047b65f8468aa02744c28c075dbd
2cd2c87b068749a492cdd369cb60ef9a,0.9345683,fb695c097d5845c282f6b30c241e8cf2
8868c5482f844182914477066c6e3287,0.92022574,b7ef0a61de0e4adf9688b2c525c9ad09
6991375b95ab4bb0b14b5ad68edc0a36,0.91157424,01e805bb5a1845a7addf86fe9bc8d814
4bd7c89c496144089a9b340c20c1a8bf,0.9097279,ad2b6fb945714e6792c17bd49a1066e0
bcb1b70968a74d41b4f3b9dc27129974,0.90945375,b050e9e1ef5946c297a34dda98d8f476
6bfc7764438f4a6caffc2e8225f5545a,0.9077507,d331012ecf0c40888e0ac290184f0883
e3ead164dcbf45f98cbf23bb77a3d989,0.89843166,64fa5ce839ef406b9bc8a1b2f05094c7
b98768914d8d4eaebb4632fefbad06aa,0.88948953,89e43b092c844b5886a93091a22c894a
587a668f01694a1e847a97f47debb81c,0.88760924,37337ebec05640b890e4b9612776c32b
dd671b4f80574f9b903f650ec7d65be2,0.88537025,0472051dc57d43f8b9dd08df475fc4a3
c661bf4a97394c40af06ff80bbec3a75,0.8832891,a25b08e008114c9ca0266ce3e55d82bb
1e579d7ae9414003b1ba23d9839d8031,0.8787091,faaac88748714ce8a99413b952a1dac8
b0f8acbb976643b7b4c8736a8d7305ef,0.87440884,0ebc441d25664c91adad96b570270f07
e919ef1fffb2496894c9769d7ce9aacc,0.8698121,8f285540a9394706bd6ec6cda46c5058
91a9ce617c5b458284f2fab317b423cd,0.867368,1216ce1ef31e4643bb1222538c206342
583a781c0b984086a93f2f1c7c5f98b9,0.86661047,f0695d7e59d64941b510a3d12f801d59
07e594806c6c4bdf8d98e2995979eae1,0.85958517,0472051dc57d43f8b9dd08df475fc4a3
89d4dbe124c14550a38f6790a02abf01,0.8574375,1fde4c9a01f84c349461083b6d0ba9ed
5f47f156e8204f808cef8696d1f8920a,0.8562703,5a68e05acea4434ba08e17e1fff00057
a48cffbae43148f292d3a78837fbd4ca,0.8547216,efdf40eee13d409c9955e5b84e4408f6
977e35ba2148438f8189a592de1705c0,0.853258,e7d6747e8c8b4ebcb665e232240daf17
f23847f4eab34d3ba19bf1dccbc32306,0.84282553,66b0c8a58f444ea0aec34d9403b88a49
d7b01643eac140139ea2680d74080bb7,0.829626,c9e2e76e631c4d0a8013d90892350e06
34bd7137776446a3b70fb89720492e73,0.8283936,58f53c379f7a4868a2ba6d91a06247d2
1139d27eff6f4adcbf602ee48c269d3a,0.8234287,0ebc441d25664c91adad96b570270f07
839527c5eff74e27a3dd2e5a9336cc57,0.8227893,c9628610053945f4a7998ae48cd70da3
f825d91f98ed4b9fbffdd2f5bcea698a,0.82162505,d79afb377f5349a69830b2b4c7cfefcb
3477cf6029bd4abb97d2bbcc6c11509b,0.8198149,1216ce1ef31e4643bb1222538c206342
43584afca09c4071adba01dad786c329,0.8192408,e492ff7fecf046a4948c5ba5631cdefe
8159d92e267d438e9012e936aa5fb15d,0.8181701,95fbc6ed8bfd43c1a6bcf676e26e7f8a
c91d4a1a75504beeb98888cfe719a863,0.8165288,1543a2f94aa74008914301874d98f0f5
d2b5f8ef9a8a42058f879a4e41d8d02c,0.80207103,b050e9e1ef5946c297a34dda98d8f476
48a75cdc09f54f0e802424e74e850008,0.80179024,6d3c42356e3b459c919e3129ff192ac4
2341754cd2ac49f79a6f98d84b177e6f,0.7834042,11ec23965d2941d0817082107996ebbb
7e41c6ad9fe846239eb8cdf3a0a3569e,0.7826452,9303b9f7f4984b2dac8aeba8c8da8ef6
3e730fdc177b48f293b58b68d7b54313,0.7815032,aa2d7a3a535243189492d4ce8e79c049
7d52dc1203ef4f9e9149a1557341406b,0.7788084,a1d8cb16dafd4126922f985021e93631
bc4671732d9843eaabd57d23d84f259d,0.7726084,bd35571850644321b86ce4fae286ce7d
a7e8389d66b049749ff42ecf8384fc99,0.7457256,ed9b10a2879742628fce003076ef9024
c8cf5bb63c7849c79141e48f0b609996,0.7325509,85e7ea30890b456084b8e85c299c8649
020f53a16c0047f9a592ac5126da2ccd,0.73058003,4696c8192576454f8684954bc771aa23
8b1eb206468046df8b8c19637b250996,0.7239635,89e43b092c844b5886a93091a22c894a
6475f4fbc11942b8814094002d1133b9,0.7136656,a6a551a308b9442f947ea0608ae2c3fb
4710bc4b3f9547e4a1b836e957787a46,0.6999873,a1d8cb16dafd4126922f985021e93631
2fd5284523f24eb1bae1d9e857c61d4a,0.69712067,ff218cc7835d4b5ba0de22792319050a
c3d18896ee6e422680a3435f0ca9af84,0.6943804,95fbc6ed8bfd43c1a6bcf676e26e7f8a
6e6870a557a147a9acc900ab380040fb,0.69287276,e25b9d9944cb4d7197efb8ffc4ff57a1
299ada2bc5ef4534ad5e0b1b7d10e457,0.68362796,e02ad4f63c8444b79a7a56fb23a4e0f1
00ba0de9ca0245ab8489ffd199e84c92,0.6814243,7cd1db4b50dd41e6b2f3dd15fcab3b89
5a9a908d748e4c2eb30cdf4a450e189a,0.6804751,cb85047b65f8468aa02744c28c075dbd
4cf68d2768954335a7f7c61a045babf9,0.67384183,e7d6747e8c8b4ebcb665e232240daf17
eb012357f09945268a134e8461cb8cd2,0.66440976,d74f6e7abeb84eedb9923dadb62f45f0
b3cc119ea5494c5d93fbf4b7d29ec6e6,0.66320354,19c9ac7b84df472c85ed6cf5a05fbbc6
58e273c754c742a5a7557cc56e24814f,0.6595031,b7ef0a61de0e4adf9688b2c525c9ad09
46328d405c424838a7c023c33af7ec2c,0.65702176,c88be17376104f999b914a91aebf7220
f66bd53c07c7410ca1da94b1c1f96480,0.654991,a0fe3cd34e474c3b90662ce8ef1fcac6
d61fa8f9c09d4aef95f64f941a957c96,0.65173537,640f3bd184b7425fb22cc7773b8b2244
d8da57bead4f4bd8a90f916f7cd032ce,0.6501693,5a8cc5ff28fb4359afc7e9fcbf3bce55
af1aeb26d52b41fea9c9af10f45c7bc3,0.644105,7cd1db4b50dd41e6b2f3dd15fcab3b89
a3d947b7e3e3451bb473b1b5e22cca51,0.641142,ad2b6fb945714e6792c17bd49a1066e0
f505e4ddc7604ec896a2bc461f2bb86f,0.6402204,d0a840820172465f83c8480d571e7b71
1068628f10b7400aa4e87b04d24fd803,0.6349998,3257035cc77946d98bdc09e2fdd5cdae
c8505b52f0aa4beb8144837de094973d,0.62559706,2425086d8eaf44d2a9519f0e4e6b289a
25dc04ff2b704b6f9229ad7cb91efc99,0.6104102,2425086d8eaf44d2a9519f0e4e6b289a
3cb97459e3f74194b27d06def0becea3,0.610186,c322b788813745e0aa7b592b4345d379
3710bf2a11584bf098b45d14f2308ef2,0.6052534,ed9b10a2879742628fce003076ef9024
9526a184d9234981861f184f41d509b6,0.60276145,77a8b27acb0e4600bb6ff974eabc269c
aa8510751ea1474a90449f0bf668c26a,0.6022946,691acac4a54d450697afb2c2dc4fca09
e553e8ada4e4446ebe9a909822fb1cfa,0.6005769,f5a6222612ef406b8f02aef87e08c476
211bbe2f818640a39e55304483f7aee1,0.5996286,691a538d2372403fad2b919b48ff5f85
08b73196f2c24757b7a87419ad378a36,0.5986594,8aadcf7251724cc6858dc0db44abebe3
e95f49fcbcd542bf8815319116a39edd,0.59271,0302e7dde9074dddbbbdf85e9be57901
91c1e818e83d4b929c7b35f910b68663,0.59020495,a25b08e008114c9ca0266ce3e55d82bb
8ece6e92c7c541a2b5f597b12b7e0f92,0.5872947,82b01998353e4141a7613fdc96d7b600
af56dd5a3d1a403c910f7ccd67f42dd5,0.5872903,23066f7964874fd39639dbf2cb2766df
2ae6d89874964a38a8d1dadc9efeded3,0.57493114,89e43b092c844b5886a93091a22c894a
130d36b77a584c7da24a4cfeb3a00f62,0.57283413,e25b9d9944cb4d7197efb8ffc4ff57a1
a868fa08c4994234bd1947577c34c2f6,0.572394,b050e9e1ef5946c297a34dda98d8f476
d098bf81d2e34d868f274370a0a39716,0.5661707,fb695c097d5845c282f6b30c241e8cf2
3e85ec80c479459598052f2abc51cc73,0.5565777,c9e2e76e631c4d0a8013d90892350e06
47605d3a13c9403597c879e6825e3f45,0.55049026,77a8b27acb0e4600bb6ff974eabc269c
3391f84c6c544d63a18f7c2e8431fbe4,0.5448595,bd2f91a9415049d980e453f94327e0ce
59faf734dccd49c39c471b705bbf90a2,0.54465497,cb85047b65f8468aa02744c28c075dbd
f6a57bd21bcc4009bdd07b1d8b86afa6,0.54275477,630edd9b8f754b5dbd36cfbbd03ccb51
8a53841d512741f5ac2d49f75a83780a,0.53778607,bab3bdc133384798b558f8fb6466a7fa
3464f002cd954218836b9014bcd0c620,0.53582525,5a26ae7959494fef99542e9b2004fd11
ca6f0e18c75849428e7dbe14c1403841,0.52985656,c26f5e7dcc8149f18f3d719bba9ae717
6983a79417f9490ca7534cc0b9e72978,0.526899,4b748d6624144214b3d8a80b37aabde6
a18a19c2ef80495ea076e2ecc882c7e7,0.5265276,80948e17b5694599919e1502bfcc08f3
19e32ddf92c24f32a65a82f858c5c148,0.51989996,0ebc441d25664c91adad96b570270f07
b26293f2e7f54384a164fb685236aa8f,0.51559335,58f53c379f7a4868a2ba6d91a06247d2
6b4034f8415244f88296cacd28edca37,0.49513265,8a77dc665d8b4d95a0b1113522f7e9c3
f185dd7af4814c9e83eb8e679837ee60,0.49479496,4430d47e30904eab969c1baebca184c0
8085782f7d76421b8468fb1e61d4fd61,0.49326736,369fe18b94f54c98b554fd22b4a3b50b
f7d52b90e2e24549bfaa50d46ded3176,0.49085262,9303b9f7f4984b2dac8aeba8c8da8ef6
5854ad482e74460797366e8eb405b2e7,0.48642114,b7ef0a61de0e4adf9688b2c525c9ad09
57c53927cc0942b7a012edd211993b5f,0.4773143,27eee82d7fb94b9b8b60bd3101187496
a72d6ed397c64fa7ad1aeb46a417fa4e,0.47506872,8a77dc665d8b4d95a0b1113522f7e9c3
362c00f2982342a8a518f57f7ec9a60e,0.47134882,2768d411cc374a018a898f9df0ca207d
45fc0cc071f44aa5a4f55b6521959f82,0.47087234,7a4c413f5c844796bd5ffed2b65f0336
08ce7eedbe124ee79566c776303ee9e5,0.4667312,c26f5e7dcc8149f18f3d719bba9ae717
8a58d56cfe3a46549a16ce3a0f3daf0e,0.462853,bd35571850644321b86ce4fae286ce7d
a89278348142457886434482fa366f57,0.46263528,e25b9d9944cb4d7197efb8ffc4ff57a1
a5d7fc13c59d4aef8d24e5d15dfc363d,0.46132928,4d708e5878784386a42c2f436d2d60f0
253d404216244e3e8c298eef54b7424a,0.45790148,d74f6e7abeb84eedb9923dadb62f45f0
3787d8d226fe43acab22bb2c72e2b1dd,0.4529039,cb85047b65f8468aa02744c28c075dbd
d5491c8b5caa42bfbce7ed937032b28b,0.44025886,46ba0b979a664c7cb0c315c4cde6ac86
936da7c6ee60477dab2d4d91e51a0931,0.43381292,526ab7eda50e4a239d03ad505832d61d
8c55cc4f7bc44ef7b9210ff7b7595435,0.4325352,75b0bd2240a54f6fb45bf95ca43ab5e6
0cee0f740cfa4b118595c4e921220588,0.42762446,92d5da561f5a41bf929f3555a74cd653
869ede3e68734644b841477bdcecf1e7,0.4274249,1b4e143cfc1648a5b877d7445446366a
64f28ab73b654d0399810c11e2dc615f,0.42603564,7ce06191f1114b4c8a00609f6867761f
960fbf15535f437db3b7e4614367c633,0.4209875,e96aa0967ab94368b381354e03dc40ad
4ec7a9ba5579479e8eb75b6a39172728,0.4157436,5831f5e280be4c02a09ce4588b56d7f3
bf264d2d70b7477da4cae8ac6203a5a9,0.413737,cc21026ff0d541909df56c5618d28518
8d93adac5fe7477a99015ec9ef32330a,0.39990005,dc58564d0c8540bea4f3e2e3696deae8
26b721f1caa14c70b7aa9e5a8898e76a,0.38844565,34b71675a1ae442395b6eb1f3eda23df
600602c8b38d4fe293a8b89ca3c4b7a6,0.37401825,d0a840820172465f83c8480d571e7b71
22fbef34478f40bbbd083e12595903b4,0.37283182,de9328bdd1b34adda74a0363ff0a52b6
ba6e6bd633084e56bb1f91c62afff197,0.36763453,77ac5eb4b3054ca68e2b0dcbd5473fd1
78f98ba4d60845a481387741d684c46f,0.36368918,e02ad4f63c8444b79a7a56fb23a4e0f1
b453e70a75224981b0a892bee09f9b9d,0.3575927,c9628610053945f4a7998ae48cd70da3
94c480de369e4fcab0aee54d6543f90b,0.3435603,630edd9b8f754b5dbd36cfbbd03ccb51
886b1cde3d0e4f1db12bcb160b6f357a,0.3405643,0302e7dde9074dddbbbdf85e9be57901
410b8957bc6b4370ac432ae7bddc2cd8,0.33968216,b050e9e1ef5946c297a34dda98d8f476
ced8e3adb0484f249ac865052953d5b6,0.3378289,58db4c3a26c84fa68d81235d078208bc
41f9870b0da34d88a3e68dd195a3e474,0.33763885,27eee82d7fb94b9b8b60bd3101187496
b6406f4769234ae7828d1f1011448739,0.33743954,b25fe3b79f714d38b3fc53e39fd84d36
f83685b1d7eb4bb2912f5e7358584feb,0.33505476,691a538d2372403fad2b919b48ff5f85
919a7551269b4f86ad471c424ce96b2a,0.32975423,fcc9863b07fc4bd5a01fab5b9160eafb
70c5d0168ece4f13b8553e469845fce5,0.32624233,c0cb721b56f240dabf7f464e453ef72e
6cfe829d301f463ba1bc66d1c8087b0c,0.32407412,e25b9d9944cb4d7197efb8ffc4ff57a1
369716c45312435faf4f35f7fa3ecebf,0.3163721,3257035cc77946d98bdc09e2fdd5cdae
42058ac0b3ff4d34b26f6d53d69b27be,0.31506434,9b22c5cdbff44bdabd48dba008e6a3b2
51bb2642caaa4fdfa82051cea135a8ba,0.3128268,b4150337314e40fb9e3ebb24514504a3
b0cf2cbd50e3496996a7e649063dc127,0.30329794,8f761e1117754656ac86a3a25f241cd7
57cb6a69463a4f248087b39af146fdc7,0.299906,0f9cc12519eb4872af7be7fe49e19f59
bd9ad9e73d3d47e6bc36d0072d5d99bf,0.29777664,3be388c9ab614bceb086c19f70df23c2
6bfef081f7a9453399f6d98d6cd01f60,0.29385352,1f8c0f02984e4139bf8043e57497fdb2
982360bc10ca4c3ba78467718112babd,0.29283684,c26f5e7dcc8149f18f3d719bba9ae717
373a81f37e674bf381ab2c67de8df0dc,0.29053557,19c9ac7b84df472c85ed6cf5a05fbbc6
5c24677a92364f97aada250f8acd8f3e,0.28742358,c8b9a0ac7c214a449c434aabdf6ef770
a5e2a560340b491299c037bccbbf6d9f,0.28466412,3be388c9ab614bceb086c19f70df23c2
9abbecd3581246798ab524e018f95ab7,0.2795266,31b69f9501c4415e929b6af28c83f6a6
e42fa7d6b7134c18be1ea6c41a504057,0.27554464,650afb6a1d054e59904a1b796552eb04
9d9d4a9695414746b71566692311e57b,0.26984987,cd60a0fcac24465a880af7d8f921dd68
ff2339e06523437eb464f18a90d5f80d,0.26610792,ff715b4f228443e3b067c801250f3402
24a298b1f7cd4f74bdd60b6e1adaac53,0.26543525,d0a840820172465f83c8480d571e7b71
ec6e7c2e584c4bd09dc91d1729c2c90a,0.26125008,89597084b19c4902b073a2c6c6622456
b2e0675fdf93468a8fe7f4992e5ac02e,0.25633657,a1d8cb16dafd4126922f985021e93631
924c235415de407b8fe453ecc8aa95be,0.25122553,ec281224f8ee419ebde676f291672aea
23dfaadbd50c422b9ff80be549a47391,0.24507284,cc21026ff0d541909df56c5618d28518
f1f565a6c118448aaf377cc5c5ec0abe,0.2422204,1d47a696eae94bd29f215a4787b27d8a
553209cfbadf463eb60df32bfa7da770,0.24214268,65664fb3aad341fab563409d91dddd2d
413423a32eba46c2b7def04c66e6f9f2,0.23950177,19c9ac7b84df472c85ed6cf5a05fbbc6
0b35c0eab3ef4062bc3e184951a22fa9,0.23287427,80921378de2b4cd3a14d449688d8b079
68ea9efe09ec467b955f3960508e08de,0.23260808,23066f7964874fd39639dbf2cb2766df
70a1cb72566e4c6fbe46c9b03b8a31d5,0.23114833,f9fae977af2c4f35b29400f31267e170
6fa96236f4904758aed745bb8a495f66,0.22797243,e9f055a212cd4e5e8601228c37713f35
72679574292b4dcba4cd8bf82996bc5f,0.21820864,64f1d63a671d441d9663a783f632f794
2092a0007cd74f32bd9954b25b49cf21,0.2143451,5971501b0e8b4ef5b203c3985d7f5e88
87097861fe6e492abd016be0dba27ec9,0.21210095,9e304a9bbc7b4c22af8025fc93757357
117ba0c13f714eadbb3a6a9d0f6f3702,0.2081329,9e304a9bbc7b4c22af8025fc93757357
0499bd7b39be4304b273f17a516f2eaa,0.19790077,80921378de2b4cd3a14d449688d8b079
d41cd804abf94f759a1f7e6da3cc6758,0.19489098,e456afdf95e643dd926249fec4d68753
a95f568bf31846fd86a94ef5cc3a229e,0.18488729,ad289d5052264f9c8bd0aaf9faace92e
d02300771c8742a688cdc05ccd13d2a0,0.18446654,6c8a24653ef04f559b88e0f27c0df63a
071079b5a0494fe2b01b0dc5399d8089,0.18082535,eb513691b7a04d31ab1bc50bf343447b
c9d40d7967754291b6d16c34879f008c,0.17804557,73e7e41e8db447c09cb2363d76556c64
76ffb89b5ba84a8788d68f4010821e12,0.17386353,c0cb721b56f240dabf7f464e453ef72e
05fadc86cab04c70ba18949f1163cea1,0.16577756,0302e7dde9074dddbbbdf85e9be57901
ee1a685984d741a18ad44faaa3fc553f,0.16419733,ecdae9f36c6a437ea72739febbf1c89c
eaab6a29e5cf470dad7b0b66bdfa71f6,0.16183692,1216ce1ef31e4643bb1222538c206342
ede38dce85584305a3733d42a3d38246,0.15970443,19c9ac7b84df472c85ed6cf5a05fbbc6
010b4030f3e24d059d9e4d37cbd1963a,0.15928756,66b0c8a58f444ea0aec34d9403b88a49
ad251b857ef3422398c3c3aa91f9c632,0.15592045,c26f5e7dcc8149f18f3d719bba9ae717
3f4f551ba9d74d6e8622c1da8b00180e,0.15564007,c322b788813745e0aa7b592b4345d379
503e10935d8945e8b7552e9f83309667,0.15547106,efdf40eee13d409c9955e5b84e4408f6
14f6b3f3ee164c98b2aa0e93e06070d3,0.15298939,678725f8b914453fbc1029b7c1bc0879
1c5c1558517e409b9358d9a48811062a,0.14513624,fd51f3eef1a64d9a93652be481bde32e
55f81e8022ee42b893d99d17d99a3f32,0.13751101,0302e7dde9074dddbbbdf85e9be57901
d1fafb5d71ba42229f870ebc99263d20,0.13576221,836ec4ef8df644328ac07b7803709323
953a07c9b67d487f9d6ac9b71b85dff7,0.1290741,e9f055a212cd4e5e8601228c37713f35
e938fc1d26e5456ba78f78d9f8514816,0.1228089,b25fe3b79f714d38b3fc53e39fd84d36
96a715a174b74274ad9ad1ca752169f8,0.11249131,6c8a24653ef04f559b88e0f27c0df63a
4a6e09d6abf04c768a24fc91a2f17181,0.1092515,23066f7964874fd39639dbf2cb2766df
b4a8d87a40804af0ba2290010e25deb5,0.108196676,21b1ded02d7b42618592187e287835a3
6cf7328bcc2c487e8e43953245e0f4af,0.106745064,0302e7dde9074dddbbbdf85e9be57901
a4c088804f1a458e849f356cef8bfa22,0.105403066,e336d113184c4ebdbad7aa2b6ec64640
af93b48dee3a4f0a924c31d87144d7fc,0.10216269,b7ef0a61de0e4adf9688b2c525c9ad09
dcd792ee5ed44c18908c70bc295d64d1,0.09558627,6a122ce1702646db918266228d48bd08
d3e12207d56644628943a01c0cdd93ed,0.08854222,1216ce1ef31e4643bb1222538c206342
b2b15ac784564b17b414221232730701,0.08358279,4696c8192576454f8684954bc771aa23
4c35694f60f94daa9e2cb35e66d8031f,0.08333194,f11f1682b5924181b047d757d3e20964
fc06ca8216b146f1811dbd89c4518c42,0.082255125,6a122ce1702646db918266228d48bd08
b575522bfda54d4d83e55ab89262a216,0.081888795,6a122ce1702646db918266228d48bd08
411837e42b564c399e9444d5403a3734,0.07955146,e52a528036014db0a7bd54b99a310fe8
a56141d36b5f4520aef20a35398d8265,0.07677337,9303b9f7f4984b2dac8aeba8c8da8ef6
b593c0100abe40c4a0204ad40b73080c,0.07337862,ec281224f8ee419ebde676f291672aea
ef0d69bfdc4e49acb1978167c6edf80e,0.06528199,19c9ac7b84df472c85ed6cf5a05fbbc6
8e80b474643e48ac86e6d8e4a23c507d,0.05895281,77ac5eb4b3054ca68e2b0dcbd5473fd1
299011ed1f504bc0ac2d31f2876162d4,0.0588724,4b748d6624144214b3d8a80b37aabde6
e212caf6ce0045358ab77835c78ae98a,0.05822462,7ce06191f1114b4c8a00609f6867761f
0d4e1854d2f24a18acc550c6afc2fda2,0.05591314,0f9cc12519eb4872af7be7fe49e19f59
63cf218e957a465696c4482a9d4b226b,0.052574158,aa2d7a3a535243189492d4ce8e79c049
4a1eda64c5a74dc59c1ca7cc15a429dc,0.045304477,7ce06191f1114b4c8a00609f6867761f
e8ee807a789d465c99039c42dbdb3203,0.042463034,5a8cc5ff28fb4359afc7e9fcbf3bce55
915862b474ab4f229d4311709b20bd58,0.040515363,6d3c42356e3b459c919e3129ff192ac4
15af8d3a801645799a0656e8ff3c729f,0.034683466,691acac4a54d450697afb2c2dc4fca09
2fd2926eef6c41939266c5d6a5803999,0.031710304,eaca056cec224a30aaaed30c39f644c2
3cb482f381eb449b99a6b9b7707078b2,0.029218793,9303b9f7f4984b2dac8aeba8c8da8ef6
09a86f7239984e8faf484dba2109244d,0.021731317,4a4eb12a639346b5a00557d54b51fe51
3df0fa25822f457496cd93c2402bd292,0.01554741,aa2d7a3a535243189492d4ce8e79c049
7347c822edd443ed856998a70357afd0,0.015436888,8a77dc665d8b4d95a0b1113522f7e9c3
cf7564fd313c4802adfcab226cb71a73,0.012962222,965598a17b624a0f9bb1cd58595458a6
c2732f3b888345afb3c5116a10cd9896,0.009135723,e27d9425c912446e947fe53c4a757375
5466e5423228429ca4afb7578e83a4f3,0.0072710365,fe6ace599de44aa19b1773dad3658fee
0effebf3021a4263bb46281f2fb33987,0.0036576986,dc58564d0c8540bea4f3e2e3696deae8
0b887e10733b4259bd5c30a1c724ff50,0.0031057596,fb695c097d5845c282f6b30c241e8cf2
7138411c54ee4ddc9519ced57941eb3e,0.0022406578,78b600dd53854b018f87267d268b7b1a
faf7544dd7fb43c5b63a56c55bcaafb6,9.5587224e-05,4ad7e2502210436f9ca5735fdf7e50c3
