48a75cdc09f54f0e802424e74e850008,5.848174,6d3c42356e3b459c919e3129ff192ac4
00384c60922647c68bbbf144d4c751c6,5.8277235,d443e0c5017d48d1b3f86bf4da959ed5
58e273c754c742a5a7557cc56e24814f,5.5784984,b7ef0a61de0e4adf9688b2c525c9ad09
c8aebab05e9d4c7e8a5e4875c217263d,5.522101,e7d6747e8c8b4ebcb665e232240daf17
49ed92caa29841ae9341d53497cb8124,5.4133124,1216ce1ef31e4643bb1222538c206342
fe866322e3f94718be3a75be3975a37a,5.26205,9b22c5cdbff44bdabd48dba008e6a3b2
b5c4664ba26443dba0dde05295158123,5.174473,564a84b1b830407e811bcfc7fd086a6f
7798dea58b5a4389aca581f8efc4b17d,5.112491,c322b788813745e0aa7b592b4345d379
3b038bed6122476bba5c73f7188efdcb,5.067763,1d47a696eae94bd29f215a4787b27d8a
5a37cdd19ab741ca8f65dbc2e207ac65,5.0492187,650afb6a1d054e59904a1b796552eb04
e152a0f89fe0446f998c519058feabc5,5.0466094,a0fe3cd34e474c3b90662ce8ef1fcac6
2c477c4f58dc4ca1975569a1f34923fc,4.9931407,77ac5eb4b3054ca68e2b0dcbd5473fd1
bc3dcde96af9406186e1b5eb3b8af798,4.9899077,4696c8192576454f8684954bc771aa23
901288a03fde4b628e2efc51f9ec6f0e,4.963764,257aed6ca7a44f1cb5c664beb1be527b
d5720a4e3cd34c23ac605c840bcd69ae,4.8916445,cd56b9a044c24df8a7156f661cb3d9cf
497126af5d624b7894a1cca2b3b0e57b,4.8771744,d443e0c5017d48d1b3f86bf4da959ed5
6a057932e0f440299b46bf70039cf9d7,4.838044,e492ff7fecf046a4948c5ba5631cdefe
64c90aaee7904b2ab8098f0dfe8cd516,4.8261566,d576e334105247369362b05a375e88cd
9f44eb98cc5c4143a57358e733c1cb23,4.812552,650afb6a1d054e59904a1b796552eb04
a89278348142457886434482fa366f57,4.7686625,e25b9d9944cb4d7197efb8ffc4ff57a1
a4057a1aa4e948e5abc7ddcad9479b24,4.741041,e9f055a212cd4e5e8601228c37713f35
d1a53e6e1d6b423e8bc3fb6a7986a87e,4.739831,b2be859ca8f24cda86821d5383edbc18
67a610b0590e4dc98c6ad2de2c47446b,4.7318788,64fa5ce839ef406b9bc8a1b2f05094c7
78806c5668cd4a01a34eaa549dbc4021,4.711984,d79afb377f5349a69830b2b4c7cfefcb
8585971b042846729be0531195bb8d5c,4.643914,3b13d134762445cebcdbb02b484db77b
9bc0b7a878a34cdd97666a27e60314a1,4.6402903,7cd1db4b50dd41e6b2f3dd15fcab3b89
aac7a2be32044f6b908b9548ab324ed4,4.6044993,a6a551a308b9442f947ea0608ae2c3fb
6193d950669f47f9a2268d0f3a41b2fd,4.59279,faaac88748714ce8a99413b952a1dac8
074732e2729c421abe906cc4077f1eae,4.5573206,369fe18b94f54c98b554fd22b4a3b50b
aa8510751ea1474a90449f0bf668c26a,4.5464945,691acac4a54d450697afb2c2dc4fca09
c5c5b71dc4ff4e8cb11769f0b2cd9907,4.546378,1fde4c9a01f84c349461083b6d0ba9ed
4593972edeb84fe49e5ad1058e0d8d35,4.522936,bf59502a233e4b5eaff9cfa3a992c387
3037c91a3e5a4499827cbdaec427c82f,4.522052,17cc6768c9d14388b7455fea0060b62c
275a7144962641e1a6b32428d2e025ec,4.497208,fe6ace599de44aa19b1773dad3658fee
33a87d7db931410abdafbba3321d5b5c,4.4884434,8db9e204b8b841df8fd94eff0888cdf7
68017cd7896a412db28e47c90096b888,4.4689555,d9fbe02f04a4469dac855f69ea6ad02a
d3910d69c924478ea90090b8b527e0b1,4.4643335,903360099fb644b6b88c6edac88eecb2
d87ab9d9a67547ccada7b9ea3d22154e,4.4365396,bade01bd83ec4b6786fd8c867ca7a090
e90176ac18954403abf1a65c40838e23,4.4156437,bf59502a233e4b5eaff9cfa3a992c387
0c472016621a42b2ace086642ed58917,4.390603,92229a391d0b418f87b32c86c42a292c
a95f568bf31846fd86a94ef5cc3a229e,4.3736377,ad289d5052264f9c8bd0aaf9faace92e
2de4480d7e534fbb8564efefe43623d1,4.3228693,37337ebec05640b890e4b9612776c32b
f2f267caea8b4b99a078a6d77af06916,4.320124,7a4c413f5c844796bd5ffed2b65f0336
7065ff8945cc45c2a4dfb58ac4955a94,4.295505,d576e334105247369362b05a375e88cd
4ec7a9ba5579479e8eb75b6a39172728,4.268213,5831f5e280be4c02a09ce4588b56d7f3
da809b1c982e47e48ea951dff1120841,4.258226,369fe18b94f54c98b554fd22b4a3b50b
249dee8be73c4f019ebfc02f74d02ad8,4.250811,640f3bd184b7425fb22cc7773b8b2244
7d52dc1203ef4f9e9149a1557341406b,4.2303953,a1d8cb16dafd4126922f985021e93631
5209a952bb1a4ac991ae51e8a3e9abdc,4.2276793,1cbfb22f84454b1fb821b602e3ad11f8
523ae070f70149be975ea27f84bdb39c,4.2081304,75b0bd2240a54f6fb45bf95ca43ab5e6
8c55cc4f7bc44ef7b9210ff7b7595435,4.207701,75b0bd2240a54f6fb45bf95ca43ab5e6
b98768914d8d4eaebb4632fefbad06aa,4.19808,89e43b092c844b5886a93091a22c894a
7c44128ff20b427f8ee22047fba9882b,4.1748934,1f8c0f02984e4139bf8043e57497fdb2
e980c76243164587a41b4adacf1c6b50,4.170326,58db4c3a26c84fa68d81235d078208bc
477b5f953efb42e6a18e9428c69b0fa6,4.14208,ad2b6fb945714e6792c17bd49a1066e0
3ff3a9f9ebdf41968cac02ff122f56eb,4.140501,c88be17376104f999b914a91aebf7220
4a2be481c29745e6be4e4b6a6d39ff64,4.111545,6a122ce1702646db918266228d48bd08
574579024c244c8692dbb21de8829775,4.1073813,5831f5e280be4c02a09ce4588b56d7f3
e0d2814553f94dafaa11cc4de14b94db,4.095614,bf59502a233e4b5eaff9cfa3a992c387
7cb075d8031f47dfb9a6b37840756bcf,4.095567,b25fe3b79f714d38b3fc53e39fd84d36
ea0b41aa56ee406986b5b4f422a625ee,4.0842075,f5a6222612ef406b8f02aef87e08c476
84e4c1bdea914f529a194f767629d1b7,4.0464478,2a9658410614443d8a27ef174f61d6e8
899b54b766454749af73a7b5ba6ddfc9,4.0433216,eaca056cec224a30aaaed30c39f644c2
76d6bcc61c924186ac0c0cb384856e6e,4.0272703,ad2109663af04c549385cd2ab9b3283b
f23847f4eab34d3ba19bf1dccbc32306,4.00809,66b0c8a58f444ea0aec34d9403b88a49
173d2968abb140d2bd3ad182500686c2,3.9873512,d443e0c5017d48d1b3f86bf4da959ed5
b1574b190fd242e9a0cf3b489caa91e4,3.9861574,75b0bd2240a54f6fb45bf95ca43ab5e6
5db16d2af83a479d85d0755051ccebb6,3.9792645,b25fe3b79f714d38b3fc53e39fd84d36
b001beeb0d384d448ff9383afc5ad45b,3.9762452,c0cb721b56f240dabf7f464e453ef72e
523ac70af19e4d6988870738be0827dc,3.9757366,1fde4c9a01f84c349461083b6d0ba9ed
e20a7ed561e1414ba269129124fa8186,3.9732177,f5a6222612ef406b8f02aef87e08c476
c81fde53a5804d74983247fb14718050,3.9576976,bade01bd83ec4b6786fd8c867ca7a090
f1f565a6c118448aaf377cc5c5ec0abe,3.9119413,1d47a696eae94bd29f215a4787b27d8a
a95afea2e8ff4cedb3e0f1aedf6efb9f,3.8783863,e02ad4f63c8444b79a7a56fb23a4e0f1
16a030831ce1413fa733f24b6ff28501,3.862235,a585d23fe43f459ba86ac15645af77ff
abc9ab04fed74e638625e3e6f26de13d,3.8548374,a0fe3cd34e474c3b90662ce8ef1fcac6
987dc1b016fe4664902db31211a59bd9,3.852583,efdf40eee13d409c9955e5b84e4408f6
24156e9d41404d568c7e22931d2631a3,3.8461444,d79afb377f5349a69830b2b4c7cfefcb
4a1eda64c5a74dc59c1ca7cc15a429dc,3.8097358,7ce06191f1114b4c8a00609f6867761f
7968aaf915264497a603da45beabd178,3.8088102,5a26ae7959494fef99542e9b2004fd11
b30b809bfd8141fb9aab99fe056092d2,3.7781768,65664fb3aad341fab563409d91dddd2d
d4560ab76d914af184a3cafa8ec46abc,3.7759337,983940e0b12e4186a281c36de657406e
174e16d27164468ea679a619b853b1a6,3.7667139,e96aa0967ab94368b381354e03dc40ad
a8117ce7b13549fc829e0bf1a9330dc9,3.7193751,fe6ace599de44aa19b1773dad3658fee
27b747520a594968b11704d54233d20e,3.7189379,e7d6747e8c8b4ebcb665e232240daf17
a5b36f9c26ec44639e19ecba64ad7063,3.7072916,8a77dc665d8b4d95a0b1113522f7e9c3
55af16e0058942008349107e8a2e1845,3.6871324,d4cd0b56b6f54e08aec8ebfdb6122c5c
f856e536fb204df3b9d9dcffebf3085f,3.6708653,88dc23909eb4415aa39b96cc3a4c2926
9ecd5b6acb6a4d10899c3464d4929105,3.6564348,8f285540a9394706bd6ec6cda46c5058
2d6d2f2089614469bda4b6e9b2b33678,3.655038,bade01bd83ec4b6786fd8c867ca7a090
5dd11b299b1e4c9fa5e4d0683b4d02ad,3.6524203,cd56b9a044c24df8a7156f661cb3d9cf
374f3a07f645432ca97d2116e61d6fc6,3.650638,0472051dc57d43f8b9dd08df475fc4a3
6728135560274c459d26043145918a59,3.5945501,ed9b10a2879742628fce003076ef9024
856daadbd4c24836a85731844393b1f4,3.5899804,9e304a9bbc7b4c22af8025fc93757357
07c0659266c446b4b413362a241214b2,3.582757,e7d6747e8c8b4ebcb665e232240daf17
790595e600c949459cfe2629a30f5371,3.5748992,4430d47e30904eab969c1baebca184c0
3e5dd993b40a449fa94dcff02439d160,3.535931,9ff95d23c3284d31ba5e398afa520649
24f0ffec89c94e20bd898e051adcbf79,3.5248482,d27cfea4da8f445fb4e3c55e53c6482c
8766cab3c343406587942ee9f9888671,3.5131104,74e7db4222ca4a20811199afafa346a7
b06dc9c1726443b19aa4d4e118d8596e,3.5039284,6542f58c143446f280e88a6375ccf79a
d940c859c01449d2acaaa7b3fdf1fbe9,3.4935298,01690d9b08164fcabd5bf0819754f71f
f7d52b90e2e24549bfaa50d46ded3176,3.4861698,9303b9f7f4984b2dac8aeba8c8da8ef6
3295b23d76ab4661b9a92952160eb966,3.4792063,1c97c72e076f40fcadb22b17e71beed1
76ffb89b5ba84a8788d68f4010821e12,3.4747908,c0cb721b56f240dabf7f464e453ef72e
4a79ee95c2f94e6fb182632a2357e449,3.468002,a0fe3cd34e474c3b90662ce8ef1fcac6
9c3a88f966094359839f8ebc3263a6ae,3.4621136,ad289d5052264f9c8bd0aaf9faace92e
a5580bcfdae9468781349b4ca3ee101d,3.4445677,5831f5e280be4c02a09ce4588b56d7f3
98b5731fc463498f9da6bf4beeaadc1c,3.419719,8a77dc665d8b4d95a0b1113522f7e9c3
8c178f61ba134a9a905810910eef239a,3.4054613,75b0bd2240a54f6fb45bf95ca43ab5e6
1a12b7978d8e4dd5b563cf97606bfa9b,3.3958669,1216ce1ef31e4643bb1222538c206342
55cd381ef54d43069999636fdbce998d,3.3881636,46bfd7af0ed6491fa621350963d11e35
fe079e85e77f4cd98fc3ce5e6b2476c0,3.3867016,7a4c413f5c844796bd5ffed2b65f0336
9e428df718b04a159edebe604bf4ab3f,3.3829684,c8b9a0ac7c214a449c434aabdf6ef770
7d4cb32e892a463b96ac09595cffccf8,3.3759787,0f9cc12519eb4872af7be7fe49e19f59
a5e2a560340b491299c037bccbbf6d9f,3.3628485,3be388c9ab614bceb086c19f70df23c2
1cab9ba05da64cb6a34b521f9b039303,3.347833,1d47a696eae94bd29f215a4787b27d8a
128de5daa04242e7b0c9eca5277071bd,3.3468802,85e7ea30890b456084b8e85c299c8649
d9826bec6e1c4be6a7152f89b950fee2,3.3410764,c3412c53e9ec4b6a9a1aa95cf7f0f1e4
6ede534375a14c609d02c3f94a41907e,3.332425,de9328bdd1b34adda74a0363ff0a52b6
43a78998b5f14d87bf9883d669a9ea6e,3.3090734,d42996c2b67443fd9b73bba7641d4f77
c9d40d7967754291b6d16c34879f008c,3.3069766,73e7e41e8db447c09cb2363d76556c64
7510f4f5df754961a921d50523718ff7,3.293249,1af4472b38cc4304841b2f1720075c9d
d23da11a51a94f54a9acb157cbe7056b,3.2892332,27eee82d7fb94b9b8b60bd3101187496
78b24e025ac34eca9b613f65bcba2f33,3.2879815,b7ef0a61de0e4adf9688b2c525c9ad09
22c7e1d0cbfb4391813376493a8023d7,3.2865198,92d5da561f5a41bf929f3555a74cd653
f66bd53c07c7410ca1da94b1c1f96480,3.2856398,a0fe3cd34e474c3b90662ce8ef1fcac6
00bc1d895118471ea04c2ee6a3ef3f22,3.2750409,156f393f7ca046299e09d05464afa056
59f932ea796043fdba3c19bd87389e96,3.272279,58f53c379f7a4868a2ba6d91a06247d2
cde999f7973048f5bdccda367d1eef4c,3.2660058,37337ebec05640b890e4b9612776c32b
93ff73f78f7c4aac9aa13de5f64205cd,3.2630415,00f45d57fd3c448d8cfdf3185ebae894
1950440f5ca34d0bb2c737f896ec3b16,3.251164,c322b788813745e0aa7b592b4345d379
e2b08fa4040643048867ee258a43c077,3.2326987,678725f8b914453fbc1029b7c1bc0879
da098162d0924c6eaf6699ca87326527,3.2325625,ad2b6fb945714e6792c17bd49a1066e0
ac047081c69246efb1e1385bc77fb76c,3.2276628,88dc23909eb4415aa39b96cc3a4c2926
7138411c54ee4ddc9519ced57941eb3e,3.2270896,78b600dd53854b018f87267d268b7b1a
6b56add8c1e8488e9e85c4085e0cadc9,3.219626,d443e0c5017d48d1b3f86bf4da959ed5
7f2876c8100e4b68a311343853ebb177,3.216817,19c9ac7b84df472c85ed6cf5a05fbbc6
b7e671bfae63423bab3fb47c46a0b0b9,3.2141368,8a77dc665d8b4d95a0b1113522f7e9c3
27a9489cf5724d47bbcc508684389f2a,3.2005513,3257035cc77946d98bdc09e2fdd5cdae
8f46f1c9e7dc4f0184c02d6fef8f3708,3.1901608,b4150337314e40fb9e3ebb24514504a3
83d43c7c640c4996a271c9ec70bd0746,3.187671,0302e7dde9074dddbbbdf85e9be57901
01213179f19e4a5d97590bdc85be49aa,3.1788402,1cbfb22f84454b1fb821b602e3ad11f8
efd4bc5be92d4f7abb7c4bd8c19423a2,3.1767147,74e7db4222ca4a20811199afafa346a7
613c069f276a48f2b4d203e4b49d44cb,3.1766036,fd51f3eef1a64d9a93652be481bde32e
22fbef34478f40bbbd083e12595903b4,3.1727917,de9328bdd1b34adda74a0363ff0a52b6
b457016349004dba8b94241ddf2b6964,3.1674368,640f3bd184b7425fb22cc7773b8b2244
73816ea484544387b7c1014e6b97b187,3.1652594,0f9cc12519eb4872af7be7fe49e19f59
7dcdd31673a44edaa5df70306899ce60,3.150067,de9328bdd1b34adda74a0363ff0a52b6
152e0362dac34ef8940b97d42520b9de,3.147845,17cc6768c9d14388b7455fea0060b62c
c4060e0878a944af9730a8113eacafc9,3.1439834,37337ebec05640b890e4b9612776c32b
5b1ed8f4a5bb43b59f972b95a4346c9c,3.139925,64f1d63a671d441d9663a783f632f794
acedb352e247418e9c82dcd73b857c82,3.131858,eaca056cec224a30aaaed30c39f644c2
8058721caad34d58a7ddae70e71c3f9e,3.1318116,c9e2e76e631c4d0a8013d90892350e06
fba9b7d7ae944ed889c1f11ceefd238f,3.1259837,cd60a0fcac24465a880af7d8f921dd68
014b077427a84137a08055cd6ba1057f,3.1210365,fd51f3eef1a64d9a93652be481bde32e
3cbe7ad4fbe64e83876d9c85f91a8237,3.12098,d4cd0b56b6f54e08aec8ebfdb6122c5c
8ece6e92c7c541a2b5f597b12b7e0f92,3.1129205,82b01998353e4141a7613fdc96d7b600
58556ab04cfc4acf9ea2865485923949,3.1076832,630edd9b8f754b5dbd36cfbbd03ccb51
7360c15d3abd4dd8a5af35cc13c48b1c,3.0903566,89597084b19c4902b073a2c6c6622456
eeb6b27942084fa6a8e663ec3a3dad56,3.0898187,a0fe3cd34e474c3b90662ce8ef1fcac6
a18a19c2ef80495ea076e2ecc882c7e7,3.0821815,80948e17b5694599919e1502bfcc08f3
56db49f870bb49eaac223bc725d79f26,3.0741003,17cc6768c9d14388b7455fea0060b62c
f7968b9dc2674ffd888bfbc7a86342d6,3.071826,1543a2f94aa74008914301874d98f0f5
06706b7f76a3492e8e814546d9bcefab,3.0610073,d981f2c67f764e0c84af125b563958e9
13bc78da1120442190653a8273c4f2af,3.0582044,19c9ac7b84df472c85ed6cf5a05fbbc6
253d404216244e3e8c298eef54b7424a,3.0496905,d74f6e7abeb84eedb9923dadb62f45f0
0619f008d28446449bfab75441601f01,3.0445151,7a4c413f5c844796bd5ffed2b65f0336
cd1d8e8c5cbe4d4cb0b1fbaf84bec386,3.0182257,650afb6a1d054e59904a1b796552eb04
c294e4564fbd465e948be4cb38ab0f2d,3.017774,d42996c2b67443fd9b73bba7641d4f77
7727fce048c74dfba9b871f0a6bb4504,3.007135,e27d9425c912446e947fe53c4a757375
c36813b8ca3e42de94bfb013ddb507ed,3.0061855,1543a2f94aa74008914301874d98f0f5
d7af13217f9446bc8d46c21e5d91114a,3.0040889,836ec4ef8df644328ac07b7803709323
b38ef262d489438c979703e3e503f1b7,3.0025587,b050e9e1ef5946c297a34dda98d8f476
da365c80b3ac47ccb8a01a48820437a2,2.9952245,37337ebec05640b890e4b9612776c32b
72b24b9944aa43599173c03884689224,2.9887142,95fbc6ed8bfd43c1a6bcf676e26e7f8a
9de5dee9dd8a425fbfb5e0c198e653be,2.9865685,e492ff7fecf046a4948c5ba5631cdefe
5e369cf5939f4d15bb771d98108df034,2.9793723,9170e0bb8fe44b309f83293808d871fe
f33800b2fc5d43febcbee5156e729a2c,2.9631083,ff218cc7835d4b5ba0de22792319050a
df2549937e044a9583242e2c20f87e85,2.9617438,f615619defc4402b82845090c238e597
24e177e9075a4c7ebd2cf154bcbf7b78,2.9525888,c9628610053945f4a7998ae48cd70da3
646d3b40f16d41d0952ee2bf74fff6b3,2.9450595,eb513691b7a04d31ab1bc50bf343447b
56fc3ec2992a4a609298efd89a7d3f59,2.9339452,e492ff7fecf046a4948c5ba5631cdefe
9fa9673a6edb4e15b5f57d97a0b16037,2.9241838,4aa3556b2aed469584c573868193a07a
b187ddffdecd4cf9b139b97f1fe3695f,2.921296,1b4e143cfc1648a5b877d7445446366a
4cdd959af2f14b51bed3c4107c2f0405,2.9110947,80921378de2b4cd3a14d449688d8b079
64e6b4c018f14601949aa629c1de4014,2.9025993,779d7c2bad1940c8a861451964e1ce01
9d3df96b762f475baecfda5f306ccdc7,2.8980606,b7ef0a61de0e4adf9688b2c525c9ad09
55f19079097043d4b29cd2c08fb960c5,2.8924296,58db4c3a26c84fa68d81235d078208bc
55472eb25f9841c2b39b9bcef06d7bf8,2.8857765,dc58564d0c8540bea4f3e2e3696deae8
05c94abeee1e4897a6b14e8c36542ab6,2.875709,5a26ae7959494fef99542e9b2004fd11
7bdcbc60a1354e079289b50702cced90,2.8609626,5971501b0e8b4ef5b203c3985d7f5e88
0ac5a5f9477a43b2b222bfec1888b8f0,2.8582098,19c9ac7b84df472c85ed6cf5a05fbbc6
59ad0e42bca44e7c95b0aeb6bc5ca7dd,2.8529682,a585d23fe43f459ba86ac15645af77ff
a476d6cbc62045dc948a30c9c18327a2,2.8400984,691acac4a54d450697afb2c2dc4fca09
7c9553e399964910b2eb9f1c94c913b1,2.8293984,7a4c413f5c844796bd5ffed2b65f0336
85d372a0f34b42109e467e07922756ae,2.8203552,82b01998353e4141a7613fdc96d7b600
6f5aba39f47a4d7b87f4b50122d8b660,2.7933657,7a4c413f5c844796bd5ffed2b65f0336
d89a3137737e42bc94b53fd641bd17a4,2.7877305,2768d411cc374a018a898f9df0ca207d
919a7551269b4f86ad471c424ce96b2a,2.78614,fcc9863b07fc4bd5a01fab5b9160eafb
0ef75de01cd14e0faadcf05c8a85a916,2.785852,057164cf4aab45ebbefef3409359cfb1
bee778e5989a42b98f01c3f28373b730,2.7746809,ec281224f8ee419ebde676f291672aea
64f28ab73b654d0399810c11e2dc615f,2.771793,7ce06191f1114b4c8a00609f6867761f
9557a396825b49eb93cedbab96019843,2.764856,23066f7964874fd39639dbf2cb2766df
42096f8107c945a1a2cb7d0c4ba65a75,2.7616675,faaac88748714ce8a99413b952a1dac8
51bb2642caaa4fdfa82051cea135a8ba,2.7590594,b4150337314e40fb9e3ebb24514504a3
edae612794a548eea7fe0edde2cd8271,2.7564645,c3412c53e9ec4b6a9a1aa95cf7f0f1e4
00bddd864f6b4c06bdae75aa6a690693,2.7529554,ad2109663af04c549385cd2ab9b3283b
e68a3201b5e74913bc61894aae617101,2.7428763,b050e9e1ef5946c297a34dda98d8f476
211bbe2f818640a39e55304483f7aee1,2.7345965,691a538d2372403fad2b919b48ff5f85
cea01bc4a1554d61a6b1a564073b4fc6,2.732184,564a84b1b830407e811bcfc7fd086a6f
0d2bb28b114e4f4c8c688a13f967b79b,2.731961,a4cad92644614f78bded3ca6d6023473
d4cf39f8ba7e4a92b4ced7faa1218229,2.7301118,e492ff7fecf046a4948c5ba5631cdefe
6978d19475ab49b1ae3acf443710c48b,2.7299187,6c8a24653ef04f559b88e0f27c0df63a
9fbb54f6ca3747198e55e3f00ad81251,2.7299159,27eee82d7fb94b9b8b60bd3101187496
1f2e192e12674543860d4dfb5ccbf818,2.7258399,d6fe6f8380464e21a27fd69de27f1f57
52bcb0a99aff4ed18c8fd7fc24e687f6,2.7176516,7cd1db4b50dd41e6b2f3dd15fcab3b89
915862b474ab4f229d4311709b20bd58,2.712243,6d3c42356e3b459c919e3129ff192ac4
22ded3f607364f7b96960f862358777a,2.71135,de9328bdd1b34adda74a0363ff0a52b6
2341754cd2ac49f79a6f98d84b177e6f,2.7014363,11ec23965d2941d0817082107996ebbb
7c890f402f38475d942c1190be3ab2a8,2.6960247,77a8b27acb0e4600bb6ff974eabc269c
a10fa0e95314472f9c5d9f4695a8391c,2.6857724,74e7db4222ca4a20811199afafa346a7
3eb1fed1bfea482687c433b63ad56eda,2.6845047,efdf40eee13d409c9955e5b84e4408f6
06435a3004794b68b31f4c445a06fe71,2.683414,f615619defc4402b82845090c238e597
599db2cba5134f72b9cd514e41aa34ba,2.679706,e5692bd498004d32934fbaa05af2120d
f99339dff24a46dea0ac6862299d7024,2.6760352,1cbfb22f84454b1fb821b602e3ad11f8
e35fef892ba84f8cbeb63132b6f7f094,2.6750758,4a4eb12a639346b5a00557d54b51fe51
2a15a6ed7e29403295f571a40fbf5895,2.6749842,e492ff7fecf046a4948c5ba5631cdefe
574b37b5f1374cd3b422354879e9f582,2.6519966,6542f58c143446f280e88a6375ccf79a
dd72a1cbe29f432bb51ae6342e0382e6,2.6494074,2768d411cc374a018a898f9df0ca207d
a4c088804f1a458e849f356cef8bfa22,2.6425035,e336d113184c4ebdbad7aa2b6ec64640
ed7174d9684e4c1ab43b255543d62f86,2.6375604,b25fe3b79f714d38b3fc53e39fd84d36
eccc933299ba48deadc3fbeb6ca6ffea,2.6353185,37337ebec05640b890e4b9612776c32b
6c8cdd6141244ba1b62fee70292cc68a,2.6333296,b4150337314e40fb9e3ebb24514504a3
3ce3c6c49a2b43c3b683ec91e9657341,2.6176536,d0a840820172465f83c8480d571e7b71
898b757291e64b7b982221e0a86dea5d,2.6160605,e5692bd498004d32934fbaa05af2120d
91a077bae982429595e548a2859976ab,2.6156278,7ab29c5e2f05481d8a69cc479a764ee8
d1fafb5d71ba42229f870ebc99263d20,2.6120467,836ec4ef8df644328ac07b7803709323
c60349b6f8454e529aa85264c412eb2c,2.5519688,77ac5eb4b3054ca68e2b0dcbd5473fd1
f6a57bd21bcc4009bdd07b1d8b86afa6,2.5507448,630edd9b8f754b5dbd36cfbbd03ccb51
0499bd7b39be4304b273f17a516f2eaa,2.5495527,80921378de2b4cd3a14d449688d8b079
06dc42ee4aa4438a91f2d88754ad84cb,2.5436633,650afb6a1d054e59904a1b796552eb04
6f6fd5b2a152493e8afcb221b1b198bd,2.5433264,cc21026ff0d541909df56c5618d28518
1ab3ed9b9a4d45cc81fcf7e200bdee0f,2.533185,ff715b4f228443e3b067c801250f3402
35129a42bebe41de95138c15b348926d,2.5297909,7ac9c94011924c09b47f9640211885a2
e8ee807a789d465c99039c42dbdb3203,2.517922,5a8cc5ff28fb4359afc7e9fcbf3bce55
117ba0c13f714eadbb3a6a9d0f6f3702,2.509843,9e304a9bbc7b4c22af8025fc93757357
2e7dec015d344fb58ce0988844becd9b,2.502187,f5a6222612ef406b8f02aef87e08c476
8afe31852af94133a8a0e21f4b27e5d1,2.4883199,37337ebec05640b890e4b9612776c32b
29d39b14f72c45cebe5afd433c98dd23,2.4825833,b2be859ca8f24cda86821d5383edbc18
ca143ca992a648ca9b004f3be8a53a61,2.4701877,4696c8192576454f8684954bc771aa23
24a298b1f7cd4f74bdd60b6e1adaac53,2.4679794,d0a840820172465f83c8480d571e7b71
a3a8679097e74509b7525e86a5457662,2.4506686,b4150337314e40fb9e3ebb24514504a3
b9a2d4a31cc74336b4c66e880ac51f1e,2.4482453,fe6ace599de44aa19b1773dad3658fee
b982c8da93db48ddbd69de9c207f2187,2.4442806,ff218cc7835d4b5ba0de22792319050a
bc1026f31e374c13a6d40e36a58b4b4c,2.4418,4430d47e30904eab969c1baebca184c0
ad13a71eb5594e529ad80ed59082fe17,2.4384065,9303b9f7f4984b2dac8aeba8c8da8ef6
551ec133b10e448a939d6f857cf1dc17,2.4342325,0ebc441d25664c91adad96b570270f07
8ef2aba44c3c4a85a7499fcc0cf28ff5,2.4234905,e52a528036014db0a7bd54b99a310fe8
bfc3042d6d684128b937f9d9878d4eaf,2.4222686,f036aaf4ab714c598a0b6da4ca604136
936da7c6ee60477dab2d4d91e51a0931,2.4132044,526ab7eda50e4a239d03ad505832d61d
a703ddf11df347d6a8ca6f572ef505f2,2.4085574,e45844e0215f4a1596a7f9ac41367c46
886b1cde3d0e4f1db12bcb160b6f357a,2.398837,0302e7dde9074dddbbbdf85e9be57901
8dc57aa25917490abcf294b3f73bedd6,2.3813999,ad289d5052264f9c8bd0aaf9faace92e
299011ed1f504bc0ac2d31f2876162d4,2.3634133,4b748d6624144214b3d8a80b37aabde6
840de6fde47e4e64916bdd5277bcd173,2.3626666,8f761e1117754656ac86a3a25f241cd7
75c4589bd9604a0ea1651453f58495b2,2.3583267,ecdae9f36c6a437ea72739febbf1c89c
a2257482b09e449f8dc0e6a32423b610,2.3579004,faaac88748714ce8a99413b952a1dac8
6c106f8a15e949a69472df18c370d213,2.3572502,75b0bd2240a54f6fb45bf95ca43ab5e6
72679574292b4dcba4cd8bf82996bc5f,2.353094,64f1d63a671d441d9663a783f632f794
0f3dc35d3b4a40e79c0af54b9b3d1f66,2.3427773,fb709e29755b44988bb252c87a2ce2f3
e09735216b1f4e3f9fd7eb54f6aa2b1a,2.338426,b7ef0a61de0e4adf9688b2c525c9ad09
6fdbbc8445214d81aef5fc22b3f4e9bc,2.3279011,c26f5e7dcc8149f18f3d719bba9ae717
9f0c4fc689014714bc3604b21f1a694c,2.3267837,6aaae524573f477f8fdef0b83787cbee
de06cda8b2974e1faea48a81f0d71342,2.3223953,6b9b2c8f0a874bb8b6691aca6bc49565
d8fd098382264e93a362843242d58e0a,2.3116236,8f761e1117754656ac86a3a25f241cd7
62550b8ddf604cfba4e092fbead3bc1f,2.3111494,34b71675a1ae442395b6eb1f3eda23df
2246c7640ba74a0d8caef1ca9f9d44dc,2.3104248,564a84b1b830407e811bcfc7fd086a6f
d7b01643eac140139ea2680d74080bb7,2.3072028,c9e2e76e631c4d0a8013d90892350e06
7149705cc0f243f3877d976946fcba4e,2.3056872,cd60a0fcac24465a880af7d8f921dd68
ec1ea84e09b54849a539177f929c65cd,2.2999904,1216ce1ef31e4643bb1222538c206342
539c9a4dd3ac4de18415aae9107a2600,2.296199,11ec23965d2941d0817082107996ebbb
67cdfba89fae4e3896b9aebb4f52dae5,2.2929726,cc21026ff0d541909df56c5618d28518
b4e94218abf54b0787b1a6e1191836d3,2.291475,e456afdf95e643dd926249fec4d68753
ad251b857ef3422398c3c3aa91f9c632,2.2791536,c26f5e7dcc8149f18f3d719bba9ae717
8887992f6e314e5bb22217a98a5dc1d2,2.2791238,46bfd7af0ed6491fa621350963d11e35
3127238ca74643c3bd2e042605dc5e25,2.2665093,983940e0b12e4186a281c36de657406e
410190593a7f4b7e8ed63596f20c37e8,2.2656915,e5692bd498004d32934fbaa05af2120d
a30d8464e03848a8b72421c107f22fd5,2.265606,d9fbe02f04a4469dac855f69ea6ad02a
3b54cc7ced814b6cbc6dea86f09aa770,2.2654967,ed9b10a2879742628fce003076ef9024
703c375bffc346788123e8e9d957db42,2.256522,bade01bd83ec4b6786fd8c867ca7a090
c69f7426bfca4d959cc756572440109e,2.2560158,3b13d134762445cebcdbb02b484db77b
b116fe66d95d4c04beea8a4e5f347684,2.2557359,dc58564d0c8540bea4f3e2e3696deae8
e244d77b242a4a54a7bdcb784245c01c,2.2540379,ad2109663af04c549385cd2ab9b3283b
b9927fff8eac41ac99d787e84af9c3da,2.2512891,95fbc6ed8bfd43c1a6bcf676e26e7f8a
4cfe5514dcd64af29dbb1012e6e35f81,2.2486053,bab3bdc133384798b558f8fb6466a7fa
c8505b52f0aa4beb8144837de094973d,2.238895,2425086d8eaf44d2a9519f0e4e6b289a
4a6e09d6abf04c768a24fc91a2f17181,2.23269,23066f7964874fd39639dbf2cb2766df
184facf4be454b60a5fe9a953d771690,2.229692,6b9b2c8f0a874bb8b6691aca6bc49565
dc31ba78cf194fa59ae6ae94413ba0c0,2.2283905,23066f7964874fd39639dbf2cb2766df
af1aeb26d52b41fea9c9af10f45c7bc3,2.2281556,7cd1db4b50dd41e6b2f3dd15fcab3b89
f8dc989408ab412199e89745baedbb50,2.2238476,8f285540a9394706bd6ec6cda46c5058
d52b00145e914e48aa1e81cc1b399901,2.2153585,cc21026ff0d541909df56c5618d28518
5f5c72816fcd4fcc8f58aa66c02daac3,2.2147284,eaca056cec224a30aaaed30c39f644c2
8ec020ab1bfe43a58c104ac0eaa95bf7,2.214183,0ebc441d25664c91adad96b570270f07
ddb7ffce794746d1bcc1cbc3747fcac4,2.1990557,11ec23965d2941d0817082107996ebbb
eca4d38f7ac74e9981fa9bb9495edf84,2.1990228,0472051dc57d43f8b9dd08df475fc4a3
146864f4715c4e438e2c3294df06d9b8,2.198444,691acac4a54d450697afb2c2dc4fca09
18256c30bb5447d2bc0c5b2c56f67811,2.196572,bab3bdc133384798b558f8fb6466a7fa
d060627e97d244e99da1e44ccf7d4a91,2.1922436,5a26ae7959494fef99542e9b2004fd11
54189dfe90d2466b990b9dd0c5484606,2.1826937,89e43b092c844b5886a93091a22c894a
96a40dc922f94bc78c39fadb8ecbd263,2.1777048,b7ef0a61de0e4adf9688b2c525c9ad09
30bedeca60dd40b78dc5e6d52d6af8a8,2.171463,acee70abee2841c9b67b95e9ed079647
bb53d0593f034d19b5b20210035e1058,2.1686742,f11f1682b5924181b047d757d3e20964
6730fca5ad3b4afc8715dc16caa1a2b5,2.1684682,d4cd0b56b6f54e08aec8ebfdb6122c5c
63c3f37ef5c1455db7914313f0e0be1c,2.1639223,64fa5ce839ef406b9bc8a1b2f05094c7
7919001f5a3f4b7ca384f7a6ade1783e,2.1634207,7cd1db4b50dd41e6b2f3dd15fcab3b89
20256e6cd14e4624979db79d84582573,2.1630988,fe6ace599de44aa19b1773dad3658fee
a0720ed891c94750a6be596258ee3d43,2.1462653,678725f8b914453fbc1029b7c1bc0879
6823a93202f146b282eb66b620ae592b,2.1462042,6b9b2c8f0a874bb8b6691aca6bc49565
f7d9f745835a44c4a947a141f080ed24,2.135416,c0cb721b56f240dabf7f464e453ef72e
b9a77513e24d477887a0d0582ca7ed7a,2.133349,8aadcf7251724cc6858dc0db44abebe3
0111c90ac0ad4280b5cbf6b56c2d2150,2.1261375,e7d6747e8c8b4ebcb665e232240daf17
e2b879e36e484b0992165829229529ec,2.1231256,27eee82d7fb94b9b8b60bd3101187496
0f23167585384e62970cf34d4092c7a7,2.1213157,e52a528036014db0a7bd54b99a310fe8
7b1d70a80254489e9de91807e6e223dc,2.119134,5a73e0a5c757410eb0928feed7b151c8
a22926b3ca894e6c80de0e172a46f36a,2.1182332,9170e0bb8fe44b309f83293808d871fe
8d93adac5fe7477a99015ec9ef32330a,2.1181638,dc58564d0c8540bea4f3e2e3696deae8
bb5b0894b81e4a8daf1feb3b422e35a8,2.1123095,eb513691b7a04d31ab1bc50bf343447b
c8e075e8f30e4586ac075d59d5be938d,2.0983348,fb709e29755b44988bb252c87a2ce2f3
4f6887bfd8d64e9c96cb60b2fc428027,2.0981157,526ab7eda50e4a239d03ad505832d61d
b44be1c1621b40e1a7c06c02b225c470,2.0868812,17cc6768c9d14388b7455fea0060b62c
b0f8d38771464874a4c57aa453d842ab,2.0830796,4aa3556b2aed469584c573868193a07a
0de5d39510de4443a35bdbb6b6b2c2fd,2.078967,7ce06191f1114b4c8a00609f6867761f
96bc1d7521944aa9bd60c810ef28080a,2.0746021,b050e9e1ef5946c297a34dda98d8f476
43584afca09c4071adba01dad786c329,2.0744112,e492ff7fecf046a4948c5ba5631cdefe
b717169ea8804058961095ae61a7b5fd,2.0631626,64fa5ce839ef406b9bc8a1b2f05094c7
9542d0008f7d40028d37ffe95d4e270c,2.058497,a0fe3cd34e474c3b90662ce8ef1fcac6
1e239dcb58ac4c869ed3fc6c4c4a06bb,2.0574675,f0695d7e59d64941b510a3d12f801d59
afb3f7ad74ad422c8162326a9647de92,2.0566728,73e7e41e8db447c09cb2363d76556c64
abf8b91082294675ba25ab35c659daa7,2.0492449,09fc9f38fbbb4bfaa1c979ac9cc43f0b
dd207a6be6fb481c941ff42092bbb3da,2.0431585,34b71675a1ae442395b6eb1f3eda23df
45d15e5e49574f79bb6a3116fc761b83,2.0426304,369fe18b94f54c98b554fd22b4a3b50b
5854ad482e74460797366e8eb405b2e7,2.0407753,b7ef0a61de0e4adf9688b2c525c9ad09
8e80b474643e48ac86e6d8e4a23c507d,2.031686,77ac5eb4b3054ca68e2b0dcbd5473fd1
dc439e2feee54ac8a73f06f7ea3d8334,2.0173814,8f285540a9394706bd6ec6cda46c5058
69ac3d3d408a45fda23c327ed1f2678f,2.0130115,1d47a696eae94bd29f215a4787b27d8a
cfa58c9270cf4b82a9a79385be571a83,2.0084903,6542f58c143446f280e88a6375ccf79a
d7d1062b83d0482889557ef5578d6c18,2.0030923,836ec4ef8df644328ac07b7803709323
1ca503912b5b4d3c84d0c34c0ec3f38a,2.0014658,4d708e5878784386a42c2f436d2d60f0
c853cbd19ac0421eac6817429b6f8804,1.9991578,526ab7eda50e4a239d03ad505832d61d
2c5bf4d606bc4435af0045f6c269d043,1.9984742,7ab29c5e2f05481d8a69cc479a764ee8
503e10935d8945e8b7552e9f83309667,1.9957446,efdf40eee13d409c9955e5b84e4408f6
3fa1b0de6d4c416189e62ee40264edd1,1.9949794,e27d9425c912446e947fe53c4a757375
6fb94e9ac58f4d9694f15b78affe4f02,1.9913868,34b71675a1ae442395b6eb1f3eda23df
aa7a7a6a0bfe40619e55e8f0b07f04fe,1.9912038,1216ce1ef31e4643bb1222538c206342
c46143f6691f4af38d4779e21a33f827,1.9907159,01690d9b08164fcabd5bf0819754f71f
b49ff629d01a47a284c14dc1d21a0d1a,1.9903803,a585d23fe43f459ba86ac15645af77ff
49f4672f4be94535a516b1013cea2b54,1.9864527,c9e2e76e631c4d0a8013d90892350e06
1debf605469f435a817fe50539698246,1.9860767,34b71675a1ae442395b6eb1f3eda23df
d7c4bf8f05fb4648a8778e884052db2c,1.9820342,09fc9f38fbbb4bfaa1c979ac9cc43f0b
d70588024f024cdda9e71020d4ec2183,1.9722203,c8b9a0ac7c214a449c434aabdf6ef770
fd45ab2e058b4b5fb374e54e60aceb48,1.9702878,b050e9e1ef5946c297a34dda98d8f476
fdfc870c19de4b5e99b1b3cdb4acfa39,1.9659256,a585d23fe43f459ba86ac15645af77ff
b2bfb37b3dd54bf0b7653b3c280b2b08,1.9659226,c8b9a0ac7c214a449c434aabdf6ef770
87afeec5f3cd4d9d8f6d5a0c7f48260f,1.9606382,bd2f91a9415049d980e453f94327e0ce
429c0e9f5199454590fcd1e2560a42a7,1.960274,1af4472b38cc4304841b2f1720075c9d
0d995ee72a0b43739f37e5962dd6c907,1.9481844,0302e7dde9074dddbbbdf85e9be57901
469ca74fcdf244ba896fd018680b3201,1.9465908,4ad7e2502210436f9ca5735fdf7e50c3
ede38dce85584305a3733d42a3d38246,1.9459177,19c9ac7b84df472c85ed6cf5a05fbbc6
55cd7fb3f7fa410b973c972dc5f4b757,1.9457976,c88be17376104f999b914a91aebf7220
eb00bd2670c84bb588d8454baa453007,1.9268634,a0fe3cd34e474c3b90662ce8ef1fcac6
c20164d6b8844f428057133e0ab47347,1.923683,78b600dd53854b018f87267d268b7b1a
d2ed407fe4db4fa69c57cfa4bd7d002b,1.9229164,8f761e1117754656ac86a3a25f241cd7
1008087cab8f407eb2cd44e6c79658c7,1.9171821,d576e334105247369362b05a375e88cd
91467c6be29e4dd4bf681cc05803d081,1.9078877,c88be17376104f999b914a91aebf7220
cb44ae0776e3419e8b0aab12b82dc8e2,1.9056844,23066f7964874fd39639dbf2cb2766df
ae806a1c4d304ce388ffbf648f241d20,1.9043213,a585d23fe43f459ba86ac15645af77ff
fa54265caebc408591476e98de422b10,1.9026845,31b69f9501c4415e929b6af28c83f6a6
10edc8c73a904e63bc4317abfd0d7213,1.8873379,66b0c8a58f444ea0aec34d9403b88a49
9e1261d3e89b47a78e1590fa544c3df0,1.8829845,02cf82700b4f4773af3a14ad8eaa5270
5a1096197b8648d882cdd33875519404,1.8825645,ecdae9f36c6a437ea72739febbf1c89c
7fc16d6f92a847c29cf3367644e4e835,1.8755308,b8ca3b6144cd48208caae952e096e7ae
1ef6177541694b09a66cc37c32dd92d8,1.8716977,691acac4a54d450697afb2c2dc4fca09
21aae632c1bf454196e14809b781c9e2,1.8674284,6b9b2c8f0a874bb8b6691aca6bc49565
bf4e8bc83a74425e8657c603c0004113,1.8663968,b25fe3b79f714d38b3fc53e39fd84d36
acf1a040f09440e7b67e2b901b3b1583,1.8560815,cd56b9a044c24df8a7156f661cb3d9cf
7e1f279ed0b04e478b3bd9dbc9e6a6c0,1.8535258,6a122ce1702646db918266228d48bd08
385af4460b5a436baece6ce3fa1cd423,1.8516114,6a122ce1702646db918266228d48bd08
37c0ed56957944cd874df80d82afca79,1.8482515,6aaae524573f477f8fdef0b83787cbee
9d9b4852b8034985805080eb49678bc3,1.8474382,a1d8cb16dafd4126922f985021e93631
90d603d31e104c02a43e18ee6dfe41d8,1.8450754,e492ff7fecf046a4948c5ba5631cdefe
93804e9078864c70b27336ff52724af8,1.8445048,92d5da561f5a41bf929f3555a74cd653
321ad870fb8943ddb55d46439d2912e0,1.8279595,1fde4c9a01f84c349461083b6d0ba9ed
432fd48d8c1946838e62f7912527deae,1.8268862,7c1e02f3ab614e539ac901e5cd3c92d8
7fef3b2e0481482fb860ca2b3db02567,1.8268075,9b22c5cdbff44bdabd48dba008e6a3b2
1fed8f37e5d44fa599aedccef449767a,1.8225149,bab3bdc133384798b558f8fb6466a7fa
4aa10500630647f891ae1bf725a8f169,1.8196005,700f381f40ce4b039ce0df8b49fb199b
d279eb260acc48558e34415c5c588926,1.8150616,7cd1db4b50dd41e6b2f3dd15fcab3b89
63d32d729061451cbc920b4066c15339,1.8122811,6c74bedaa406493a99988c5b8a47b704
f7b6d1525412435fbc5af750fb1d4dfb,1.803739,1cbfb22f84454b1fb821b602e3ad11f8
4271098208074e6ea1a9497085061483,1.8001328,6542f58c143446f280e88a6375ccf79a
54cad1d39001470bae1e14fe0e58f061,1.799089,cc21026ff0d541909df56c5618d28518
a1cb97ab677f48d0b81dedd497512989,1.7982801,a926df6d7fcf4b17b68dae6f41fbce66
1ba49dc7eaca42cc9df60f6a9a04f11a,1.7977045,983940e0b12e4186a281c36de657406e
2ef6a38c8e514fb1b98b9cac832fdd14,1.7963115,8aadcf7251724cc6858dc0db44abebe3
1fa5b671cd0d4cb39567f651ef001e97,1.7919469,7cd1db4b50dd41e6b2f3dd15fcab3b89
94aeafd28e6749c09c57cbaecef9df80,1.7888889,6c8a24653ef04f559b88e0f27c0df63a
7cb1eb87f58f48c88b0b1f3205d9a6e5,1.7887372,d27cfea4da8f445fb4e3c55e53c6482c
dcd4e8a77e0c47f4bfeaedc8b8dfc397,1.7865763,bade01bd83ec4b6786fd8c867ca7a090
fcde1e3b91aa485688682e6fdc3c24e8,1.7848592,1d47a696eae94bd29f215a4787b27d8a
c762fdf4bb4d4f4992cdcd83ef4f2222,1.7770681,fd51f3eef1a64d9a93652be481bde32e
794358e3d9a94bc48a240617b29ec0af,1.7722871,3be388c9ab614bceb086c19f70df23c2
7eab4332b2af45cd8ba6c4050d814b39,1.7685442,ad289d5052264f9c8bd0aaf9faace92e
74b25851047d4c08840debaa0bcd9e2e,1.7678156,80948e17b5694599919e1502bfcc08f3
23dfaadbd50c422b9ff80be549a47391,1.7594433,cc21026ff0d541909df56c5618d28518
29fdc29e4b23460088e7060422eb8582,1.7468792,f5a6222612ef406b8f02aef87e08c476
c0f3c55551da4b9fa0600e0d1b9181bb,1.7353413,0472051dc57d43f8b9dd08df475fc4a3
dace4a83a81f42048efb60a217370134,1.7270209,cb85047b65f8468aa02744c28c075dbd
56c2b163d79149048fcdf4e0f9d5598b,1.7262356,64fa5ce839ef406b9bc8a1b2f05094c7
c674a30eca94429c91ef5e7bfd2d9f24,1.7260021,c322b788813745e0aa7b592b4345d379
03338969d6c44f879a13c672864f6001,1.7238404,f615619defc4402b82845090c238e597
1197a3e216ea459dbc822d775b701062,1.7222999,e02ad4f63c8444b79a7a56fb23a4e0f1
390ed716ee69427f85d1d9d4da45fd20,1.7203872,526ab7eda50e4a239d03ad505832d61d
99370de3bbb74c12a92ca24b995d92b1,1.7104605,4430d47e30904eab969c1baebca184c0
2937b0fa761c4d3294bf68f522d9ab25,1.7101531,74e7db4222ca4a20811199afafa346a7
b0f8acbb976643b7b4c8736a8d7305ef,1.7041882,0ebc441d25664c91adad96b570270f07
71466cbf526f4ad890c742b6e4fe7449,1.7020198,6542f58c143446f280e88a6375ccf79a
2c2bd31efb4543d08c60180fb6fa21a2,1.6985978,1d47a696eae94bd29f215a4787b27d8a
51ece51608b24f22b0e8d026f5e403b3,1.6944957,983940e0b12e4186a281c36de657406e
53ad9b6f270d43beaa19337b588c1e60,1.6869137,1543a2f94aa74008914301874d98f0f5
7216fa39e2414501a8f87ddb54a3133b,1.6849598,fb709e29755b44988bb252c87a2ce2f3
b4bfd87056ca4927b56965f9b8341f74,1.6831621,74e7db4222ca4a20811199afafa346a7
78058b8902c5442880e64005e19e3f06,1.6785433,678725f8b914453fbc1029b7c1bc0879
07ecb7f8a5f642e98200ac37c34425a5,1.6784855,0472051dc57d43f8b9dd08df475fc4a3
4cf68d2768954335a7f7c61a045babf9,1.6714513,e7d6747e8c8b4ebcb665e232240daf17
17f9d21a0f2849cd89f1718c3052e82f,1.6693975,d79afb377f5349a69830b2b4c7cfefcb
82ab65484b6d475d88c52a748a8072b7,1.6684071,e9f055a212cd4e5e8601228c37713f35
5d2dcf398cf24f1fa650c7f0c8035ffa,1.6439681,d27cfea4da8f445fb4e3c55e53c6482c
be7a669164c1423c8ebd0ba23ce48329,1.6438748,e52a528036014db0a7bd54b99a310fe8
9ebe890cdbad44f1936503311aa8efac,1.6435673,d79afb377f5349a69830b2b4c7cfefcb
a2c99cf18b24478a838bc5837a75721f,1.6431992,d4cd0b56b6f54e08aec8ebfdb6122c5c
a9a64390a549402a87d7334ff62aa560,1.6403807,73e7e41e8db447c09cb2363d76556c64
52acdc11a8df4558867635630b69348c,1.6399121,74e7db4222ca4a20811199afafa346a7
5491a19984a643bca536cb015e65adbe,1.6385014,92229a391d0b418f87b32c86c42a292c
84350503e37143fc8548ffcbd24070b0,1.6322795,c26f5e7dcc8149f18f3d719bba9ae717
d51b249d11a44ae699cd4e2854b00d4a,1.6214414,4a4eb12a639346b5a00557d54b51fe51
45f6671f9fb64495bc585555e3b8e55c,1.6143622,257aed6ca7a44f1cb5c664beb1be527b
a987046439f446848e7b3520dcece6d6,1.6135561,4ad7e2502210436f9ca5735fdf7e50c3
08b353e1649c42d6b37c9f7179dabf6e,1.6133806,d27cfea4da8f445fb4e3c55e53c6482c
c8edf9162b024bcbbab1b1a81987a40b,1.6111284,1cbfb22f84454b1fb821b602e3ad11f8
f6577f16e3764b67b1b06fc24d9379bb,1.6098616,e96aa0967ab94368b381354e03dc40ad
a5d13a0d598241769730951b2e94e7ba,1.609619,23066f7964874fd39639dbf2cb2766df
b2486195994b46178a02231ec766d3ea,1.6077623,b050e9e1ef5946c297a34dda98d8f476
b575522bfda54d4d83e55ab89262a216,1.6043744,6a122ce1702646db918266228d48bd08
3555001842e549e3b0aa8f30dcd11e0e,1.601615,cd60a0fcac24465a880af7d8f921dd68
d8b0fd7f373b467f8a214ebf710b5469,1.5885874,89e43b092c844b5886a93091a22c894a
7dc9553f77c842f1848c9fe066681b67,1.5873232,bf59502a233e4b5eaff9cfa3a992c387
567cb2c4e6b4417c89be6420cffff826,1.584822,4aa3556b2aed469584c573868193a07a
5eb93e49e2204dc9b7b5147e35d7cf84,1.5842607,7c1e02f3ab614e539ac901e5cd3c92d8
8f8c730f26cb483da414fce61eb1b47b,1.5793612,a926df6d7fcf4b17b68dae6f41fbce66
fed199237941466bbcb3b0333580ee3f,1.5718912,77ac5eb4b3054ca68e2b0dcbd5473fd1
b2f096bfd95f437395470a39b9b6ada7,1.5697719,f5a6222612ef406b8f02aef87e08c476
e4c05db0326140dd9c48a8179a3fb6ba,1.5669768,02cf82700b4f4773af3a14ad8eaa5270
5f47f156e8204f808cef8696d1f8920a,1.5638841,5a68e05acea4434ba08e17e1fff00057
1f14295a03ac4251b24ccf3a74772f55,1.5626967,257aed6ca7a44f1cb5c664beb1be527b
3dd7bbe2cb1845608dc71b36bc82667a,1.560668,dc58564d0c8540bea4f3e2e3696deae8
a286b690dbf845d9b5651b98f76845a7,1.5506047,5a68e05acea4434ba08e17e1fff00057
4862c9b0d8ae46eb8831a66a01eeb02f,1.5470328,b050e9e1ef5946c297a34dda98d8f476
620d85d5d0b947dfb2f0574a0d4dfe72,1.5468906,8db9e204b8b841df8fd94eff0888cdf7
f6023dfadf94495fba9f43c8230ce2a3,1.5442649,a4cad92644614f78bded3ca6d6023473
64310259af8e430b8a9577093b411ada,1.5415039,6a122ce1702646db918266228d48bd08
e578d2ca90a241bcb241e65a62648a66,1.5401752,f5a6222612ef406b8f02aef87e08c476
8b5c517e199245b2b9ffe9601e9c5fd8,1.537819,92229a391d0b418f87b32c86c42a292c
8058d1c206ab4268a15994fd69f5d5d0,1.5329769,1c97c72e076f40fcadb22b17e71beed1
f230b42debc04e9ab59684ae05e721fd,1.5308431,9014beae94cf4f648e1663c8d5ec6803
bd9ad9e73d3d47e6bc36d0072d5d99bf,1.5270168,3be388c9ab614bceb086c19f70df23c2
38003415b2fe4903b7183cdd279c09f9,1.5246663,678725f8b914453fbc1029b7c1bc0879
bf4c4007f57a4055bcb4d820c06d7ca8,1.520142,d74f6e7abeb84eedb9923dadb62f45f0
062dc7df9c4f430f87502fe7eadd5d7e,1.5163876,89597084b19c4902b073a2c6c6622456
65120ac6b44e42f1831bb02005863657,1.5124669,fd51f3eef1a64d9a93652be481bde32e
daec8c9bb81142a98349b34affefed91,1.5107347,630edd9b8f754b5dbd36cfbbd03ccb51
d2d96f2a42674dfbab3101abbce904dd,1.5039611,a0fe3cd34e474c3b90662ce8ef1fcac6
5d204449172f48b1b51ca2ed9308b6d6,1.5001593,11ec23965d2941d0817082107996ebbb
fa4aad3a76ce4c019895b7d73d8b496d,1.4993751,e5692bd498004d32934fbaa05af2120d
c11c77b1b50e475e8b0a0df774292211,1.4951994,3257035cc77946d98bdc09e2fdd5cdae
f6440ad65bcb48fc8d7fb11f5accc309,1.4912795,e7d6747e8c8b4ebcb665e232240daf17
312939eb59d541dfa7df51991a32d5f6,1.4899023,f615619defc4402b82845090c238e597
d02c0b31ac9a428fb46248742eb502fa,1.4898545,e7d6747e8c8b4ebcb665e232240daf17
850ffbbf78224a1b910a45c2ad3ab6cd,1.4894714,19c9ac7b84df472c85ed6cf5a05fbbc6
c5693611e9044ffea24fede04ab1d9a5,1.4863827,6d3c42356e3b459c919e3129ff192ac4
7dba9b481a53475cb2f9bb524154fa97,1.4765991,75b0bd2240a54f6fb45bf95ca43ab5e6
e248745a536e4547b843917beb8bc3ea,1.4727062,cc21026ff0d541909df56c5618d28518
c8cf5bb63c7849c79141e48f0b609996,1.4706695,85e7ea30890b456084b8e85c299c8649
86339034705d41e685883013d2ef7d6a,1.4675018,9303b9f7f4984b2dac8aeba8c8da8ef6
90f24532a2864b7aabfcb8e5d5dbce72,1.4619045,46ba0b979a664c7cb0c315c4cde6ac86
06bf7c8951c64f95bec0eb20b232e5bd,1.461128,e039a00eae414ebbb2205b011ac127cf
b50583d5d6494691a33b4cc22373d8b5,1.4578422,e02ad4f63c8444b79a7a56fb23a4e0f1
9f4712695bb64f01a331632d4e83e318,1.4574044,cb85047b65f8468aa02744c28c075dbd
36b74b7a585a45e796fd8ff39bc60f3b,1.4501379,e5692bd498004d32934fbaa05af2120d
09234512603c4025b0b0b863e285fb5e,1.4475887,21b1ded02d7b42618592187e287835a3
74ee886c358c466b93e307e28af9d52e,1.4473279,7cd1db4b50dd41e6b2f3dd15fcab3b89
2d641fad427d4884b7624102a50d5edb,1.4368417,5a68e05acea4434ba08e17e1fff00057
8888abcca90946828a172b03f4e16fad,1.4345379,cd60a0fcac24465a880af7d8f921dd68
c8bddc0d410d4f759537fd2e4bff533f,1.4299414,1af4472b38cc4304841b2f1720075c9d
b4a8d87a40804af0ba2290010e25deb5,1.4291117,21b1ded02d7b42618592187e287835a3
1c5703785c574a4a86152b8e8ceaaab1,1.4272897,4ad7e2502210436f9ca5735fdf7e50c3
a34c38121a3948f8949f49df67186c78,1.4220533,92229a391d0b418f87b32c86c42a292c
693fab3513204d1594f6d18136b865e3,1.4192975,1fde4c9a01f84c349461083b6d0ba9ed
c0860e1ee41347ae81ca7fee69119dc2,1.4185476,3257035cc77946d98bdc09e2fdd5cdae
9126864790e8431db0440435469417cd,1.4179803,7ac9c94011924c09b47f9640211885a2
903552e550a14d61b7dafdda426e7596,1.4081043,7c1e02f3ab614e539ac901e5cd3c92d8
924127ab124d40edaac3616675e82655,1.4063299,bd35571850644321b86ce4fae286ce7d
5b578482d6cc41b9a12382c724e9e19d,1.4049499,d981f2c67f764e0c84af125b563958e9
4a5a47f40e9b42f5af28b197d3e59ef7,1.4029816,3be388c9ab614bceb086c19f70df23c2
ad016f4559a0419297dfc6da2a37349e,1.3994956,526ab7eda50e4a239d03ad505832d61d
a57effbc5a3a4d369b53ac72791e1b82,1.3967893,7a2491a27f3c438a8549988f7a79e26e
81c6d98619c8406bb519ea26c477b3b7,1.3960531,d9fbe02f04a4469dac855f69ea6ad02a
43286efab53f465da28a9d31716d392a,1.3946012,09fc9f38fbbb4bfaa1c979ac9cc43f0b
649971e6871c4d3596bbe61f84b0e117,1.3924032,1216ce1ef31e4643bb1222538c206342
0aabe8051b1e48dc8df2680281f96731,1.391235,89e43b092c844b5886a93091a22c894a
06cec2d499d345bc9c033032d765acb3,1.3899443,779d7c2bad1940c8a861451964e1ce01
9f143dcef5ee44dd89610738332533b6,1.3872832,6a33c207c8b648f680dbd0e65639ef04
0cee0f740cfa4b118595c4e921220588,1.385781,92d5da561f5a41bf929f3555a74cd653
af5d2c39e4a54d8295b3a933c8bc7b43,1.375206,bab3bdc133384798b558f8fb6466a7fa
5cf8596279eb4fd1a30ceda96102ef99,1.3750633,80921378de2b4cd3a14d449688d8b079
a1ea6d619e4045668556cef7645bb76b,1.3747952,9ff95d23c3284d31ba5e398afa520649
b4d2f62738d84adba1b5809481bab602,1.367842,fe6ace599de44aa19b1773dad3658fee
9304c56db5b34e709d22e558122d8338,1.36413,b8ca3b6144cd48208caae952e096e7ae
d1fb54ad5cd34d8abd5ca9ee40b54dbd,1.3570676,b7ef0a61de0e4adf9688b2c525c9ad09
046c13f855904119983f73a0bdc77a34,1.3557097,9014beae94cf4f648e1663c8d5ec6803
484bed1b612b48f3a0b37b91bf626f39,1.3534489,057164cf4aab45ebbefef3409359cfb1
cfbebb0b8d25424bad46127adbe59343,1.3503177,3257035cc77946d98bdc09e2fdd5cdae
e0be49d601a84ae1afc8a7ca92f58087,1.3476051,7c1e02f3ab614e539ac901e5cd3c92d8
7e7b92ee644e42a3adc00967aa9f4cf8,1.3464601,965598a17b624a0f9bb1cd58595458a6
3d4e582564564c72b47184e7b5c0717d,1.3391441,5971501b0e8b4ef5b203c3985d7f5e88
9dd0c24c21ab4b5586c29d90237b3840,1.3381107,3b13d134762445cebcdbb02b484db77b
f3f6ec5a1f4a455297eaeeb1145a0d7d,1.3379699,6b9b2c8f0a874bb8b6691aca6bc49565
68ea9efe09ec467b955f3960508e08de,1.3248703,23066f7964874fd39639dbf2cb2766df
7522f624f59c4d74a8703781e00414c0,1.3221766,5a8cc5ff28fb4359afc7e9fcbf3bce55
19e32ddf92c24f32a65a82f858c5c148,1.3204515,0ebc441d25664c91adad96b570270f07
d7f295b3018e494d84b29f498ac03fa5,1.3120636,46bfd7af0ed6491fa621350963d11e35
7ee89cd6d6774885a024ad9e8abfda35,1.305655,3257035cc77946d98bdc09e2fdd5cdae
242f18b8efb7402a9e394515b5294eb5,1.2934834,d79afb377f5349a69830b2b4c7cfefcb
a904fb4b818843aebcf6c526facb5089,1.2934825,8a77dc665d8b4d95a0b1113522f7e9c3
1db04d4304ab44b5a063f18b9037c0da,1.2893633,02cf82700b4f4773af3a14ad8eaa5270
b74ab07a7c004219aee7bd6d643ebfb1,1.289073,64f1d63a671d441d9663a783f632f794
d8ea4ac9525840edbbf19a36ad957e31,1.2861321,d4cd0b56b6f54e08aec8ebfdb6122c5c
bfa67f429e414493a7306f4ad2e21550,1.2854441,1f8c0f02984e4139bf8043e57497fdb2
7118df93df274839b3c1c622ac4b53f0,1.2848395,f11f1682b5924181b047d757d3e20964
9f68e2380d2a40eda419370717d328b2,1.277597,ad289d5052264f9c8bd0aaf9faace92e
fcd3d852367e464bab386817f4536abb,1.2774035,9e304a9bbc7b4c22af8025fc93757357
9e85ec108ce944f69e9225fd35831464,1.2721148,156f393f7ca046299e09d05464afa056
1d2a027561834f03b680a90079cc8e25,1.266342,4696c8192576454f8684954bc771aa23
0d47fb068dda441b9e8f8f7bf704d553,1.2631407,d4cd0b56b6f54e08aec8ebfdb6122c5c
37a17e9368a0458aad652a8b0602892a,1.2563148,630edd9b8f754b5dbd36cfbbd03ccb51
94e15698eca449a99528bcd1d437335a,1.2553566,00f45d57fd3c448d8cfdf3185ebae894
f3ea230754ba41d192cd37ed751d1318,1.2546276,8f761e1117754656ac86a3a25f241cd7
74f89cf2b75547168060f6c31aa572f9,1.2502041,156f393f7ca046299e09d05464afa056
f93d08dd757f4cb9a593f27024c614ff,1.249456,4aa3556b2aed469584c573868193a07a
6bfef081f7a9453399f6d98d6cd01f60,1.2490487,1f8c0f02984e4139bf8043e57497fdb2
74f1eb9bb1ba4fe5a565558b1ebc7a72,1.2447217,1b4e143cfc1648a5b877d7445446366a
f09f284b59c6475baacb67116020c617,1.242744,9ff95d23c3284d31ba5e398afa520649
7243a107cca54629976980cef4591fb0,1.2359807,1b4e143cfc1648a5b877d7445446366a
aea33ab76ea843ddb17f1196fa2875f1,1.2312273,f9fae977af2c4f35b29400f31267e170
e746e83fb0634ed3b81c10391e2d74e8,1.2228141,ff218cc7835d4b5ba0de22792319050a
180f987f287248c487b83fbddc87ee09,1.218963,17cc6768c9d14388b7455fea0060b62c
f83685b1d7eb4bb2912f5e7358584feb,1.2164234,691a538d2372403fad2b919b48ff5f85
f185dd7af4814c9e83eb8e679837ee60,1.2163935,4430d47e30904eab969c1baebca184c0
b894792524d841b3b24c566aa9c41b8d,1.2156245,cd56b9a044c24df8a7156f661cb3d9cf
999fb1ffa3824b0691a5dcd65625f30f,1.2121757,2a9658410614443d8a27ef174f61d6e8
00989f2d41344337a67e440d6506b9cf,1.2072774,73e7e41e8db447c09cb2363d76556c64
58150298bebd4a7a81085018c220ca49,1.2065899,ad289d5052264f9c8bd0aaf9faace92e
7f38510693a9428bbcd86009bb013321,1.2056884,6c8a24653ef04f559b88e0f27c0df63a
aba310b256004f63a3f3225cc1b813dc,1.2031819,4ad7e2502210436f9ca5735fdf7e50c3
1f487d592adc46f1ba935a923c34a9c6,1.1985664,7a4c413f5c844796bd5ffed2b65f0336
ef7e074ee0664115b08c5b98bc09f83e,1.1974306,efdf40eee13d409c9955e5b84e4408f6
d30d31b8272b4fd0ad8156bc69d4ddf5,1.1910077,d42996c2b67443fd9b73bba7641d4f77
d0f798b90ad04da3a8a192e16d0b1743,1.1882867,b2be859ca8f24cda86821d5383edbc18
9c74b02f802b41bab45bd626251e1d88,1.1880988,4b748d6624144214b3d8a80b37aabde6
cf4d7289a12b4ebcb7b17e8b76d82342,1.1871436,ad2109663af04c549385cd2ab9b3283b
3f284acc005e4f23a2bdf5b45700c4cc,1.184602,f9fae977af2c4f35b29400f31267e170
91e6133ed3e2412cbd4f9450388c7eb6,1.1831486,17cc6768c9d14388b7455fea0060b62c
7f23a0de3d6649fbaa67cb1b2dae2289,1.1827197,ff715b4f228443e3b067c801250f3402
6237fc7134d449b9bc4158d9a707cca1,1.1815144,e9f055a212cd4e5e8601228c37713f35
97c22deac29b43b8a2911e08c2aba299,1.1760118,0f9cc12519eb4872af7be7fe49e19f59
4c0fd754fe344b9ba99a09a70be831df,1.1710212,f9fae977af2c4f35b29400f31267e170
e3ead164dcbf45f98cbf23bb77a3d989,1.1664944,64fa5ce839ef406b9bc8a1b2f05094c7
25bf72b6554d4ce0850dbd0879a47ec7,1.1547343,01690d9b08164fcabd5bf0819754f71f
e95715a92c0a4c8292d8599a0c1a7dec,1.1530572,1543a2f94aa74008914301874d98f0f5
a3c58d5d2da942aab6283a42db2a14f7,1.1498455,37337ebec05640b890e4b9612776c32b
0623d83a061f449f86d03b34bcacd314,1.1439295,e456afdf95e643dd926249fec4d68753
8c5aff69d92e4556bbd5cfdb17a74109,1.1413244,5a73e0a5c757410eb0928feed7b151c8
bacf4a682b8743f48776deb535f64eef,1.1311238,00f45d57fd3c448d8cfdf3185ebae894
d3b5dd91af4f4e17a5b26bd5058f3dd5,1.1310167,c26f5e7dcc8149f18f3d719bba9ae717
67807253c7c94312952c818472d4888b,1.1301793,6c8a24653ef04f559b88e0f27c0df63a
9ddc0583ec0e4cc0bbaa79c812c97afa,1.1294092,73e7e41e8db447c09cb2363d76556c64
93945027f4fc4a43aedd7dc6affd5621,1.1259761,d74f6e7abeb84eedb9923dadb62f45f0
37cf2461e5cb4c8fa0b0751436bfa69c,1.1233846,92229a391d0b418f87b32c86c42a292c
583a781c0b984086a93f2f1c7c5f98b9,1.1209788,f0695d7e59d64941b510a3d12f801d59
4762d831f5884e25bb3eb6e73fd283fe,1.1166253,d79afb377f5349a69830b2b4c7cfefcb
d1c94e11ba214e61b63f00da3fb00a09,1.1153165,ad289d5052264f9c8bd0aaf9faace92e
ccf605a5ad9c406f9876e141954e5e80,1.1107749,903360099fb644b6b88c6edac88eecb2
6e6870a557a147a9acc900ab380040fb,1.1104784,e25b9d9944cb4d7197efb8ffc4ff57a1
1aaf2fb4fc244f5ea6b9eb65d1183c03,1.1071024,7a4c413f5c844796bd5ffed2b65f0336
01bdc1af846a44eeb5a789e393d1d7fb,1.1025994,5971501b0e8b4ef5b203c3985d7f5e88
42b1aada557b48a0989c6a1c05378299,1.0999469,17cc6768c9d14388b7455fea0060b62c
c2732f3b888345afb3c5116a10cd9896,1.0989429,e27d9425c912446e947fe53c4a757375
fd66e1095a8d4ed89af26eb4018a0c00,1.0871851,3b13d134762445cebcdbb02b484db77b
c3758e6612fe4a54ae862d91d26d805f,1.0846816,d331012ecf0c40888e0ac290184f0883
16b26a25f49f4efa85d21e2a4302e506,1.0841371,19c9ac7b84df472c85ed6cf5a05fbbc6
fbbfaaf2bc764120a3356650c7d62219,1.0734645,2768d411cc374a018a898f9df0ca207d
bd2048721a484ac4925726f9a0df7499,1.0707419,e52a528036014db0a7bd54b99a310fe8
4b82d1239c3f47488e057d0f3898204e,1.0676442,95fbc6ed8bfd43c1a6bcf676e26e7f8a
0785e71626c6454dadadc8359e1f696a,1.0591098,640f3bd184b7425fb22cc7773b8b2244
6f5ef9875cc848bbac020144e710e378,1.0474305,75b0bd2240a54f6fb45bf95ca43ab5e6
f8839308f8e84df6a185506e6f3f1674,1.0426663,e5692bd498004d32934fbaa05af2120d
8756c0e4eee54ca69baec75ff9c6f44c,1.0419239,17cc6768c9d14388b7455fea0060b62c
d74e7c71176e4554969cb9fdf7d1986c,1.041593,34b71675a1ae442395b6eb1f3eda23df
acb93c3b67cb4fc8bf222a8468b2b6ed,1.0400052,64f1d63a671d441d9663a783f632f794
53487bcf5c684dd2ba470bf89947f7d2,1.0339841,5971501b0e8b4ef5b203c3985d7f5e88
d13abb2f14514eafa77e5ef77ae45be2,1.0330294,6c74bedaa406493a99988c5b8a47b704
1139d27eff6f4adcbf602ee48c269d3a,1.0238347,0ebc441d25664c91adad96b570270f07
ea055ef8a6de4cdb8761ddd4dc3bf3af,1.0181041,965598a17b624a0f9bb1cd58595458a6
a3641dd6dafd40d5b8f8077b9dc3e850,1.0174106,99142f1c07cd4782814f8c970eaaa40a
1f8a0f1ab6d94f46a1c669d409295676,1.0154444,d331012ecf0c40888e0ac290184f0883
0478a4dd439f4218a9194cd283b15aca,1.0135841,ed9b10a2879742628fce003076ef9024
d37d23786d3f4e90977fbe2a3e5be556,1.0116954,85e7ea30890b456084b8e85c299c8649
b781fac256574439bea7cc655923fd3a,1.0113003,f11f1682b5924181b047d757d3e20964
2b87269c561444308fce933186cf6042,1.0027701,0ebc441d25664c91adad96b570270f07
d826d2d9a30147d59c909ec8484bf8b6,1.0005841,ed9b10a2879742628fce003076ef9024
da88d4d5eaad4690bbe94a2165985050,0.9892901,01e805bb5a1845a7addf86fe9bc8d814
fc982cca5c594093a33406ccd0a2b83c,0.989238,89597084b19c4902b073a2c6c6622456
ed60600cbe5240f29132b4cda76d4960,0.9867844,faaac88748714ce8a99413b952a1dac8
266d75addc654d52968c8c67300f73bb,0.9850382,e5692bd498004d32934fbaa05af2120d
ddd74ab8b91e4e3fa6509838de7e33d4,0.9802063,e25b9d9944cb4d7197efb8ffc4ff57a1
8baed775825049a7a98ba659c3139582,0.97581136,6c8a24653ef04f559b88e0f27c0df63a
e96f7d9a6eb04d7e9b3a01744c7f210e,0.97367847,836ec4ef8df644328ac07b7803709323
a0f623aff0d34804a39f4b55a08898ca,0.9706011,903360099fb644b6b88c6edac88eecb2
739e45c484874024a94fec4cf8b13fba,0.9698587,c9628610053945f4a7998ae48cd70da3
362c00f2982342a8a518f57f7ec9a60e,0.9620541,2768d411cc374a018a898f9df0ca207d
3d87a00da06642ab94224dffed6c2ef5,0.9613428,c9e2e76e631c4d0a8013d90892350e06
061948a87df34fb3b077070194c1119c,0.9516118,1f8c0f02984e4139bf8043e57497fdb2
1d2cd0bb5b1c471ca10d1eea0ef9b729,0.9454851,c26f5e7dcc8149f18f3d719bba9ae717
ac23b811505944319414d3f59b4b90ef,0.94189715,01690d9b08164fcabd5bf0819754f71f
8868c5482f844182914477066c6e3287,0.9234957,b7ef0a61de0e4adf9688b2c525c9ad09
734db9fe91ae4ef4aa4f3798343785f4,0.91866994,eb513691b7a04d31ab1bc50bf343447b
0b7bef4f00bf42b0ac6d5e824b04daa3,0.91674733,903360099fb644b6b88c6edac88eecb2
d076d72caa2d4bff9470fe2409888904,0.90320146,88dc23909eb4415aa39b96cc3a4c2926
38f1d87fba9e41ce91c3db2733f683f5,0.90253955,a0fe3cd34e474c3b90662ce8ef1fcac6
1f4946d6701f4d75b1b71b16833299d1,0.90248364,3be388c9ab614bceb086c19f70df23c2
ba86837d26e64a5095e50f614cebc183,0.90164125,92d5da561f5a41bf929f3555a74cd653
7e29ec4675ab4e1cb521e69e6de49dfd,0.89161557,e45844e0215f4a1596a7f9ac41367c46
bc4671732d9843eaabd57d23d84f259d,0.89118516,bd35571850644321b86ce4fae286ce7d
9923a917ad644091bbc508d3ced20f75,0.88986945,369fe18b94f54c98b554fd22b4a3b50b
c5487b5f9cec423b8ea3117173949a1c,0.88984066,0472051dc57d43f8b9dd08df475fc4a3
b6406f4769234ae7828d1f1011448739,0.8872665,b25fe3b79f714d38b3fc53e39fd84d36
9a941b16ff4840eda21ad2f9e0c81f3f,0.8872384,9b22c5cdbff44bdabd48dba008e6a3b2
659ae42d80174d04b5c0e2295c83e1cf,0.88597524,e7d6747e8c8b4ebcb665e232240daf17
9894b55999bc4793bee78babf6df12bd,0.88248026,09fc9f38fbbb4bfaa1c979ac9cc43f0b
493a9c5f51a84accb411c3f643d0fba3,0.8800177,21b1ded02d7b42618592187e287835a3
b2e0675fdf93468a8fe7f4992e5ac02e,0.87775934,a1d8cb16dafd4126922f985021e93631
3b01fad04aad4fba95d40be77808d716,0.8763722,cd60a0fcac24465a880af7d8f921dd68
d7c1791491584b2984bbcdbc178299f1,0.87407374,691a538d2372403fad2b919b48ff5f85
f825d91f98ed4b9fbffdd2f5bcea698a,0.87059677,d79afb377f5349a69830b2b4c7cfefcb
54d65ec837ed478986a344f4bba2e423,0.8662626,64fa5ce839ef406b9bc8a1b2f05094c7
12274ca89ccf49bdb0903f80560e3d7f,0.8650886,c9628610053945f4a7998ae48cd70da3
277c71d0965642b2b592f9a48534fee7,0.8552595,c8c201e25c0047a2ba9d9e8541ac0939
a073ad7e6cff44bca20e23485bde2461,0.8515732,e52a528036014db0a7bd54b99a310fe8
4443770debc447b1b3f8c9dbb46160cd,0.8487185,e456afdf95e643dd926249fec4d68753
6ad7781d238a4ed28cba7dda16397459,0.8483615,1c97c72e076f40fcadb22b17e71beed1
b95ad51d19ee4ea28d5d02064e368c84,0.84739447,691a538d2372403fad2b919b48ff5f85
373a81f37e674bf381ab2c67de8df0dc,0.84493834,19c9ac7b84df472c85ed6cf5a05fbbc6
b5712ebb3754407989fd548033fcc3d3,0.84295815,e492ff7fecf046a4948c5ba5631cdefe
daaf43ca009348bfa676ca06cddcdf61,0.84197354,a1d8cb16dafd4126922f985021e93631
6001044952554a14b842ed1f26cda571,0.84141177,4696c8192576454f8684954bc771aa23
882f017418bb44afad1448d9640bd967,0.8378296,7ce06191f1114b4c8a00609f6867761f
2a4b8f6f2f1948e587b2de1effffc8c6,0.8348018,23066f7964874fd39639dbf2cb2766df
1930e2b037404eb3b7a991849e81320f,0.8340988,21b1ded02d7b42618592187e287835a3
3df0fa25822f457496cd93c2402bd292,0.8325875,aa2d7a3a535243189492d4ce8e79c049
22a3289b29c9411cb2777c5cd4b454ab,0.82954496,ecdae9f36c6a437ea72739febbf1c89c
70d4373544a8407086d520841c1eb504,0.82878906,7c1e02f3ab614e539ac901e5cd3c92d8
f7c0f796a492492095abeb8469b68eeb,0.82811266,9ff95d23c3284d31ba5e398afa520649
18eaa3f481614cfc945c16f2cbb757fe,0.82807505,6542f58c143446f280e88a6375ccf79a
5302778a501c4de9bbc6c6fc6f7cd8b1,0.8235576,92d5da561f5a41bf929f3555a74cd653
040e8b18e27848cb8d0850a0dcb7a77b,0.81646144,e039a00eae414ebbb2205b011ac127cf
569c47730fc949f7a3971473e07d0f6a,0.8147173,678725f8b914453fbc1029b7c1bc0879
9c33f1dbb3ce4d8f9a3262e5fbb55cda,0.8142749,779d7c2bad1940c8a861451964e1ce01
7b51de0f71b142e7ba4820c5972d711f,0.80995476,b050e9e1ef5946c297a34dda98d8f476
a7fe5588b97f435caa29a3b507cd51f1,0.8083114,0ebc441d25664c91adad96b570270f07
cde31d7f76684d62b17e619c0f1e98d1,0.7995163,b8ca3b6144cd48208caae952e096e7ae
ced8e3adb0484f249ac865052953d5b6,0.787394,58db4c3a26c84fa68d81235d078208bc
e45e383a0b9844e2b5ea7eaea5eb9fea,0.78614116,156f393f7ca046299e09d05464afa056
1742e7fa8f8a48728fe37d75ce11b9c4,0.7859955,1d47a696eae94bd29f215a4787b27d8a
553209cfbadf463eb60df32bfa7da770,0.78330576,65664fb3aad341fab563409d91dddd2d
ff0622832e0e48519d375778af4f60c3,0.781793,7ab29c5e2f05481d8a69cc479a764ee8
1ca6f54416f4410eb8e23dab9dbf012f,0.78136295,a6a551a308b9442f947ea0608ae2c3fb
16b6598102224ec59ae691c80c17f913,0.78029716,e9f055a212cd4e5e8601228c37713f35
0414265ccf0d4dd59c98749d24924fe4,0.77828526,d27cfea4da8f445fb4e3c55e53c6482c
4eef43c568d642d0b7a75932102cd2f8,0.7722444,8aadcf7251724cc6858dc0db44abebe3
278a6d1334d949ac865e60b6199bf59d,0.7672334,a926df6d7fcf4b17b68dae6f41fbce66
5be3fd711b704af39312fd1561b95353,0.76630783,9170e0bb8fe44b309f83293808d871fe
38d3a8b3543b4548ab16eca74b1ed293,0.76175445,46bfd7af0ed6491fa621350963d11e35
1946e52260f34a0695c378112d6020fa,0.75776464,1af4472b38cc4304841b2f1720075c9d
00aac7746e164d80a6a257d31925297c,0.7523483,1b4e143cfc1648a5b877d7445446366a
7779e19852544c0a86ee54cbf58acb3c,0.7512221,e5692bd498004d32934fbaa05af2120d
13efb9d3d8904edb87940273047233f6,0.74799424,eaca056cec224a30aaaed30c39f644c2
c6b7ad3591e84b359837e00aac91e82c,0.7429229,6a122ce1702646db918266228d48bd08
4866602fe3094c6789fdc1956c616d93,0.7395354,b25fe3b79f714d38b3fc53e39fd84d36
3b065dc23322478a8128f0322c8d0678,0.73898625,8db9e204b8b841df8fd94eff0888cdf7
963dcd06789246059d5a6ecdb28e6321,0.7385083,77ac5eb4b3054ca68e2b0dcbd5473fd1
2f2c1d07f46c48cc9afd407c79405b1a,0.73529524,7c1e02f3ab614e539ac901e5cd3c92d8
45e4e8abcc7d41019873e9cefcf22239,0.73509616,01690d9b08164fcabd5bf0819754f71f
27074d8daee940d0ad71d8c9e50c854d,0.7346522,d74f6e7abeb84eedb9923dadb62f45f0
59faf734dccd49c39c471b705bbf90a2,0.73380244,cb85047b65f8468aa02744c28c075dbd
067c039494914485ad6e06b72bbb8e13,0.7320202,58db4c3a26c84fa68d81235d078208bc
50eff679bc384b72918eba1cd77a5597,0.7318181,46bfd7af0ed6491fa621350963d11e35
94c480de369e4fcab0aee54d6543f90b,0.7295034,630edd9b8f754b5dbd36cfbbd03ccb51
7f8ae3801f3441f696f05e6cdd70c2fb,0.72088665,156f393f7ca046299e09d05464afa056
0cb422afc9b5409dbdc542e32e32d01e,0.72079754,965598a17b624a0f9bb1cd58595458a6
183908f894694011b40f78d80cbeb742,0.7206647,f5a6222612ef406b8f02aef87e08c476
f40346321e624c7caf2e7586b7254203,0.7191262,2425086d8eaf44d2a9519f0e4e6b289a
65985829f37342a3b2560fd757d02169,0.7152007,19c9ac7b84df472c85ed6cf5a05fbbc6
11cd11ee574a460989af01777e154c33,0.7128415,156f393f7ca046299e09d05464afa056
a7c05ece6ffc42e9a9efdc286789bba2,0.70937973,bd35571850644321b86ce4fae286ce7d
d02300771c8742a688cdc05ccd13d2a0,0.7074245,6c8a24653ef04f559b88e0f27c0df63a
4aeb82ff294e4be9be97a1aee9698fef,0.70401806,e456afdf95e643dd926249fec4d68753
2c379dfb72da44e9988beb15638fc7db,0.7027104,6a33c207c8b648f680dbd0e65639ef04
76313e4034d24a788d6f02923f14c045,0.6911685,d79afb377f5349a69830b2b4c7cfefcb
a3d947b7e3e3451bb473b1b5e22cca51,0.6902397,ad2b6fb945714e6792c17bd49a1066e0
0186efa87e364652a49460c2436f11da,0.68695825,ec281224f8ee419ebde676f291672aea
f5abb68eab244fe38e79be186719a8d8,0.6853715,369fe18b94f54c98b554fd22b4a3b50b
545abc5f61374dd596a546e619a12ae8,0.6805302,5a73e0a5c757410eb0928feed7b151c8
cdb476218b73426a840ec0a8868020bd,0.679431,d9fbe02f04a4469dac855f69ea6ad02a
6f19ee43f25e4a01adfde430ceb68864,0.6755418,9303b9f7f4984b2dac8aeba8c8da8ef6
e9f85a6880484c3a82685b170d052a51,0.67445475,d0a840820172465f83c8480d571e7b71
7e808bd74e2447d79f7d266c88de6410,0.67362404,95fbc6ed8bfd43c1a6bcf676e26e7f8a
4710bc4b3f9547e4a1b836e957787a46,0.67347157,a1d8cb16dafd4126922f985021e93631
018f42d116aa4bcdb1ab9e05bfc01b63,0.67041415,640f3bd184b7425fb22cc7773b8b2244
26b721f1caa14c70b7aa9e5a8898e76a,0.6669621,34b71675a1ae442395b6eb1f3eda23df
8f2691e2160d4c95b5b1ec99938ea931,0.666358,23066f7964874fd39639dbf2cb2766df
dade1ac92c08448e93e20a96c20f9d0a,0.66580606,f036aaf4ab714c598a0b6da4ca604136
55f81e8022ee42b893d99d17d99a3f32,0.6590086,0302e7dde9074dddbbbdf85e9be57901
dfd4d092c16c4fbca7e9aac5e15806c4,0.656854,1cbfb22f84454b1fb821b602e3ad11f8
88de1634c729442aa72060868b167abd,0.6547694,82b01998353e4141a7613fdc96d7b600
1aa2b5e2dcdf4c4c954c4af1b2112143,0.65137273,e02ad4f63c8444b79a7a56fb23a4e0f1
256d2577d4f940778857e3ae7fa8e965,0.648969,58f53c379f7a4868a2ba6d91a06247d2
1d6f4b84093244e6915c8d2b03d11912,0.6482607,bade01bd83ec4b6786fd8c867ca7a090
4a5ee7ff69a445f48974483a915d4d84,0.6480779,1543a2f94aa74008914301874d98f0f5
25bc48c919b24aac818d3ddc47d461c3,0.64516425,19c9ac7b84df472c85ed6cf5a05fbbc6
08ce7eedbe124ee79566c776303ee9e5,0.6442861,c26f5e7dcc8149f18f3d719bba9ae717
13260f69234944ae8feb384dae6510ab,0.6415546,eaca056cec224a30aaaed30c39f644c2
957566f2fe9f4406aa561e32617baa00,0.63100713,4aa3556b2aed469584c573868193a07a
c40beffa8f0d4679bafb1eac1d38bd5b,0.6307019,75b0bd2240a54f6fb45bf95ca43ab5e6
bf3d001275754cb9b2c48df805901d9d,0.6304208,f615619defc4402b82845090c238e597
fa4b1640bbdb4f0bad2435be75a94586,0.62996334,dc58564d0c8540bea4f3e2e3696deae8
81506e59f5b54c66a3459e47c2bad700,0.62893534,d6fe6f8380464e21a27fd69de27f1f57
caba51ea4cb243dc87741ad2c31130b1,0.62842536,ed9b10a2879742628fce003076ef9024
49929ef41ac3470388566de204f75fff,0.61946034,e25b9d9944cb4d7197efb8ffc4ff57a1
0440c322e82547b787d5f173806bb341,0.6125839,e039a00eae414ebbb2205b011ac127cf
862ca039da124a9d80603938ab13c289,0.6107611,8a77dc665d8b4d95a0b1113522f7e9c3
7d72deccbd444c5bb9b43e3a6c75f5a5,0.6100051,e52a528036014db0a7bd54b99a310fe8
5b2c1e575e8a46daaedcab661b62235f,0.60990417,34b71675a1ae442395b6eb1f3eda23df
43de32fcef1548dbb9d856b138ecf429,0.6087606,7a4c413f5c844796bd5ffed2b65f0336
6bc08caeb482448c85c44c89c5fee7b8,0.6063691,4aa3556b2aed469584c573868193a07a
7771343be99843f58171d62a3f040005,0.60615915,e52a528036014db0a7bd54b99a310fe8
77061464d801457a80b33cbbe0f017f6,0.60363644,d4cd0b56b6f54e08aec8ebfdb6122c5c
88769fc17b0e4f3a9736d45e131659d9,0.6028164,ad289d5052264f9c8bd0aaf9faace92e
299ada2bc5ef4534ad5e0b1b7d10e457,0.6026607,e02ad4f63c8444b79a7a56fb23a4e0f1
d404db290f094f2f9dc6ffe54216308f,0.6009875,564a84b1b830407e811bcfc7fd086a6f
071079b5a0494fe2b01b0dc5399d8089,0.59456265,eb513691b7a04d31ab1bc50bf343447b
4d2df900c0ef4261878a1ee108ac520d,0.59165776,ec281224f8ee419ebde676f291672aea
adcb28bfb3334cf0938efac96e34354d,0.59094495,c88be17376104f999b914a91aebf7220
34bf626d6a87427281f80c0938fe0278,0.58782905,7ce06191f1114b4c8a00609f6867761f
c2ed9246a86b4c0f93db5a4cdfa7f06c,0.58646953,d443e0c5017d48d1b3f86bf4da959ed5
c8d0d1f2df5c4b2a8eecdd2acc610a85,0.5860634,e25b9d9944cb4d7197efb8ffc4ff57a1
82e2ae3e0d3c4ccab9093974f974e854,0.5836052,a6a551a308b9442f947ea0608ae2c3fb
8db2bf7ef1ed4e16b8f31fc7a9ad0e9e,0.58293724,fe6ace599de44aa19b1773dad3658fee
d61fa8f9c09d4aef95f64f941a957c96,0.5809289,640f3bd184b7425fb22cc7773b8b2244
b0eebd77fb114ff388e46e4f3d284b4d,0.5742185,e25b9d9944cb4d7197efb8ffc4ff57a1
50be6a3978ef4b168a8256cb53fa7afb,0.57197285,1f8c0f02984e4139bf8043e57497fdb2
5884d501d2f749cbbca461d81b8a74bb,0.5705364,f615619defc4402b82845090c238e597
bec8ca61a6524d90b610482e2f304259,0.5680479,ed9b10a2879742628fce003076ef9024
1f125654980e402e84e676e3b1c1db15,0.56609005,73e7e41e8db447c09cb2363d76556c64
3ce8d2e955bf406c8830f97658207859,0.5631831,8f761e1117754656ac86a3a25f241cd7
d18685a2ca8c4ab48ac9d9b824ce3bc7,0.5596146,983940e0b12e4186a281c36de657406e
11ba79f894d048f9b56685491d4f3282,0.55784667,640f3bd184b7425fb22cc7773b8b2244
7f50b6b5321c44e191bc82be785455b3,0.55693644,7ce06191f1114b4c8a00609f6867761f
3e85ec80c479459598052f2abc51cc73,0.5567762,c9e2e76e631c4d0a8013d90892350e06
5a7c0160ff224dc08e280c9d93a87c66,0.5524006,1c97c72e076f40fcadb22b17e71beed1
ba50600bf9f046bf97bbe28dc09a3ff4,0.5495487,92229a391d0b418f87b32c86c42a292c
6e4efb567c284833b93c09713f4af1df,0.54442036,0472051dc57d43f8b9dd08df475fc4a3
1139ff813de54ba583f9d19e3a2b6ac6,0.5439861,a585d23fe43f459ba86ac15645af77ff
d3e12207d56644628943a01c0cdd93ed,0.5436622,1216ce1ef31e4643bb1222538c206342
b8355f6877f04cf583abef8dbf343f61,0.54043067,a6a551a308b9442f947ea0608ae2c3fb
984975b63ccd4be48b7aa852bed6fc65,0.539454,c26f5e7dcc8149f18f3d719bba9ae717
57cb6a69463a4f248087b39af146fdc7,0.53718054,0f9cc12519eb4872af7be7fe49e19f59
bb58d88db2894bbe8d84b210cc4f26ab,0.52918845,99142f1c07cd4782814f8c970eaaa40a
28cae44de1fa4e56a10eb13b57a78668,0.5257287,c0cb721b56f240dabf7f464e453ef72e
28d967465fcb488eaab515b23282c0d7,0.5251128,fe6ace599de44aa19b1773dad3658fee
14169e1048564c4689c2584a790d6696,0.52378345,1af4472b38cc4304841b2f1720075c9d
a2adf2cbae1441e3a30cb0ce1658be8f,0.5235387,c26f5e7dcc8149f18f3d719bba9ae717
3d76459228604351a61361bb4e50f836,0.5221385,faaac88748714ce8a99413b952a1dac8
52f16fa757624404b9d43dfe2885697b,0.5200303,09fc9f38fbbb4bfaa1c979ac9cc43f0b
26463e5a5b3b4b8abdc0a436268a93cb,0.51369214,77ac5eb4b3054ca68e2b0dcbd5473fd1
37f240104b2040c4a8bedd933b90684e,0.5132458,d4cd0b56b6f54e08aec8ebfdb6122c5c
054f93d33d7e494d8ddd2e57a8e4dd62,0.4979891,46bfd7af0ed6491fa621350963d11e35
0b887e10733b4259bd5c30a1c724ff50,0.4961056,fb695c097d5845c282f6b30c241e8cf2
3a53b02d11d74f9b84a71811f607d433,0.49317223,8f285540a9394706bd6ec6cda46c5058
e5968b40a7054871b2ae79f18399b30f,0.491272,6c74bedaa406493a99988c5b8a47b704
b90d91a297514acd88d2d9aef7a483da,0.49053273,7a2491a27f3c438a8549988f7a79e26e
246cbab9fb49461fab4520132d4fa1af,0.49006918,a585d23fe43f459ba86ac15645af77ff
0c6306c2d9c64af7a28d5fd434ba9b19,0.48265478,6b9b2c8f0a874bb8b6691aca6bc49565
ac2d96b937b24483be886056bc0c2b67,0.4812314,23066f7964874fd39639dbf2cb2766df
eb1fe6fcc1154bfcbe523b6401451927,0.48092264,1af4472b38cc4304841b2f1720075c9d
17ef3923d27b4a0d99dbc74302d79924,0.48064244,e25b9d9944cb4d7197efb8ffc4ff57a1
95eb2760eddb42a799eed009f1907025,0.47913885,0ebc441d25664c91adad96b570270f07
4fb63b6f9f8a48dc921c53a21d354a0e,0.47795135,73e7e41e8db447c09cb2363d76556c64
7901d858c6e44dea8acd99a79e378956,0.4758942,fcc9863b07fc4bd5a01fab5b9160eafb
aaff66d83c1441cba7531bde3e46f124,0.47418362,1216ce1ef31e4643bb1222538c206342
6f2088d6c7bc418f90e6328cd345c77a,0.46998012,00f45d57fd3c448d8cfdf3185ebae894
17b5e130e0444402bcedf9400cf07aca,0.46882448,e456afdf95e643dd926249fec4d68753
5d81d489a98d444a83664fe0db47fccb,0.46457052,00f45d57fd3c448d8cfdf3185ebae894
239190927a44453bb33c24a550d70b96,0.46153647,c26f5e7dcc8149f18f3d719bba9ae717
390b32b86ff0424dbb5e9e0d988dd09c,0.4587207,9303b9f7f4984b2dac8aeba8c8da8ef6
4c2fc2033f15495485965dbc18d3191d,0.4536975,e336d113184c4ebdbad7aa2b6ec64640
3cabf7db885244c3aef797eb94b75b3c,0.45330727,17cc6768c9d14388b7455fea0060b62c
50b607a9b5e540148f9155693795e5d8,0.439534,3257035cc77946d98bdc09e2fdd5cdae
6cf7328bcc2c487e8e43953245e0f4af,0.43770665,0302e7dde9074dddbbbdf85e9be57901
662a6fe9ae1b47f5b598c9d0ff7ad784,0.43357056,640f3bd184b7425fb22cc7773b8b2244
0b0ee45e830245ffa3ce101af6a1a750,0.43162814,855b3971c4a147cfb9a7c281fa6b915e
132d0c20f3274e85bec13d5c38962750,0.4184578,8a77dc665d8b4d95a0b1113522f7e9c3
dff829b336b64da68408d78fc0580c38,0.41045368,e45844e0215f4a1596a7f9ac41367c46
ca9d736b288240819d620ec83c0b3f3d,0.410356,8f761e1117754656ac86a3a25f241cd7
b48f5f444c3140b38a8e756e57fd042c,0.40549988,9b22c5cdbff44bdabd48dba008e6a3b2
7dda222413534a90ab8e3d686a1ba461,0.40524176,d27cfea4da8f445fb4e3c55e53c6482c
ba6e6bd633084e56bb1f91c62afff197,0.40337145,77ac5eb4b3054ca68e2b0dcbd5473fd1
472240e1b5e84fdc9e2c3dc8c4ad8435,0.3997627,e96aa0967ab94368b381354e03dc40ad
6f0406b6deea4302b4e44ece4eba9ef9,0.3943394,eb513691b7a04d31ab1bc50bf343447b
d0c34b42e0ea475cbec6f473103ce609,0.38808575,e039a00eae414ebbb2205b011ac127cf
0f8a4be0f3094bce84e582a214feabb7,0.38537604,aa2d7a3a535243189492d4ce8e79c049
f560f83f452a48fc84973544fe676991,0.38307464,257aed6ca7a44f1cb5c664beb1be527b
fa6d529498794d1f98deb51ebbb48d55,0.3825197,89597084b19c4902b073a2c6c6622456
3c6017018cff435f8a15557ec2740321,0.3806638,85e7ea30890b456084b8e85c299c8649
356335bb29d4424ab31c89c6931246f5,0.3803866,965598a17b624a0f9bb1cd58595458a6
e1373920ccf54979ab678e62eb165c60,0.37967533,b2be859ca8f24cda86821d5383edbc18
01651322a4034bdba60434218dfeb79f,0.37936974,d6fe6f8380464e21a27fd69de27f1f57
8105d0f3a03d43f0ba0794fe967c3c61,0.37670994,64f1d63a671d441d9663a783f632f794
82a059da201341cea6290c541e65ce5d,0.37575126,75b0bd2240a54f6fb45bf95ca43ab5e6
192ea3bc5bf1479bb3255c41ff2fa9e8,0.37202984,bd2f91a9415049d980e453f94327e0ce
de522abd79fd437a9ba590c4aa3aa7a1,0.3616347,a1d8cb16dafd4126922f985021e93631
de34f2e7e9ae4380a242b0f09f1716e6,0.35022855,6aaae524573f477f8fdef0b83787cbee
c661bf4a97394c40af06ff80bbec3a75,0.34706497,a25b08e008114c9ca0266ce3e55d82bb
07e594806c6c4bdf8d98e2995979eae1,0.34616354,0472051dc57d43f8b9dd08df475fc4a3
8315c41aab974f618fe59e445d7e6543,0.34017932,b2be859ca8f24cda86821d5383edbc18
ef4b6d47c51c4527a80e52519f3c872b,0.3312334,691a538d2372403fad2b919b48ff5f85
9abbecd3581246798ab524e018f95ab7,0.3306002,31b69f9501c4415e929b6af28c83f6a6
aede09058c264aa399a460be910cf10e,0.33007753,02cf82700b4f4773af3a14ad8eaa5270
982360bc10ca4c3ba78467718112babd,0.32988417,c26f5e7dcc8149f18f3d719bba9ae717
064ec184b18e48e18255745eb01a80f5,0.32330993,640f3bd184b7425fb22cc7773b8b2244
1acb0cb3f1f54789891682122e4013b4,0.32038635,7cd1db4b50dd41e6b2f3dd15fcab3b89
977e35ba2148438f8189a592de1705c0,0.3201785,e7d6747e8c8b4ebcb665e232240daf17
57be916f4b9f449e85faa3e690b60115,0.31886524,678725f8b914453fbc1029b7c1bc0879
4d8700f8f8b3476899b9e140d2b572ea,0.3123982,e492ff7fecf046a4948c5ba5631cdefe
61e6eab2c60042858ee62e5d01968ba8,0.3119064,e039a00eae414ebbb2205b011ac127cf
b904ff33d535410cb0791f1e1227e8c2,0.309588,c88be17376104f999b914a91aebf7220
7e14c6fa40384f39be08ef7ac6b7deba,0.30596337,4b748d6624144214b3d8a80b37aabde6
9c541c2079a0420298c16b25b87beee7,0.30315328,d42996c2b67443fd9b73bba7641d4f77
7e4f7e1030bd4e0d9be72f6761ea3def,0.3015254,77a8b27acb0e4600bb6ff974eabc269c
7e41c6ad9fe846239eb8cdf3a0a3569e,0.2994123,9303b9f7f4984b2dac8aeba8c8da8ef6
eedf84d8949845939452e2cf59d2cc6a,0.29740512,a0fe3cd34e474c3b90662ce8ef1fcac6
d5f31f9998f5477abd572904835fad50,0.29698148,9170e0bb8fe44b309f83293808d871fe
9385f152b6204244bd58c6107f500381,0.29549706,9303b9f7f4984b2dac8aeba8c8da8ef6
ff710f3510b24d89a54afab54c23edc6,0.29468566,691acac4a54d450697afb2c2dc4fca09
e3fce4db03644ebaa6d2618e06092fe7,0.2932766,1cbfb22f84454b1fb821b602e3ad11f8
99a4beb62cd744e5842541fd8cc9f61d,0.2867941,678725f8b914453fbc1029b7c1bc0879
f1ccf2ee3c3d4cddb27a2e081d844de5,0.28661317,564a84b1b830407e811bcfc7fd086a6f
e95f49fcbcd542bf8815319116a39edd,0.2833928,0302e7dde9074dddbbbdf85e9be57901
c81dd22a150c47b8b83d8439c0024f01,0.28314143,a585d23fe43f459ba86ac15645af77ff
0428fe3094fc415e8fa4599480d6b434,0.2820682,17cc6768c9d14388b7455fea0060b62c
398dcfd9b9434e5aae4fbf7f5752d33e,0.28168735,ff715b4f228443e3b067c801250f3402
c63b9549ac384d1092aa0770e0290785,0.27674168,92d5da561f5a41bf929f3555a74cd653
c3b713beca8b4136b4807dc4071fe795,0.27414444,d331012ecf0c40888e0ac290184f0883
cbd8f182af0646f2a5d514de46872f05,0.270608,a25b08e008114c9ca0266ce3e55d82bb
33babb0b73f84a8a87d9c75c03bfbc99,0.2678881,1216ce1ef31e4643bb1222538c206342
dd671b4f80574f9b903f650ec7d65be2,0.26732516,0472051dc57d43f8b9dd08df475fc4a3
2952ebe55f624860922615014214deb1,0.2608267,88dc23909eb4415aa39b96cc3a4c2926
47bdbd87490b4698bcd3b038c2baf6d4,0.25795174,4d708e5878784386a42c2f436d2d60f0
bb1d29d38bf146d882c0237285e635b6,0.25737867,a4cad92644614f78bded3ca6d6023473
b19ea3eefb454edd861821b7164f50e0,0.25670576,ad2b6fb945714e6792c17bd49a1066e0
9b8afef332b0478a954974c9be4b010f,0.254498,2a9658410614443d8a27ef174f61d6e8
edf32c81fa8c41f4ba76d882cc8f88c7,0.24949007,fd51f3eef1a64d9a93652be481bde32e
910f58d10cac4e1896efd603e3b6247c,0.24744642,ad2b6fb945714e6792c17bd49a1066e0
1dce77fb1e9e419d8977644f0d18fd1e,0.24475355,f0695d7e59d64941b510a3d12f801d59
5f9f73f06c024e65a85b3c9298c426cd,0.24389926,d4cd0b56b6f54e08aec8ebfdb6122c5c
b5db665a6be74d6d917e217bae5f59b7,0.24366455,21b1ded02d7b42618592187e287835a3
2d78b8e319a04caba78f81308c489ad0,0.24314678,5a26ae7959494fef99542e9b2004fd11
c299003ba5bb48b3bd7eab31321b539b,0.24234273,f615619defc4402b82845090c238e597
7de183d0b5f24efebfc15ae35f4b0fc3,0.24176443,73e7e41e8db447c09cb2363d76556c64
dd86feab056c4c7daa68ee078e171302,0.24105355,8db9e204b8b841df8fd94eff0888cdf7
9d12b38606754a8ca46a62c27872e893,0.23867075,4ad7e2502210436f9ca5735fdf7e50c3
acc8825aa2cb4d06bd3574a6b36e6a40,0.23599128,c0cb721b56f240dabf7f464e453ef72e
fa644cc0807d4d278be005d3e2f849b3,0.23504499,5a26ae7959494fef99542e9b2004fd11
589df17e77094a82933b4003a252ae26,0.2309709,e02ad4f63c8444b79a7a56fb23a4e0f1
f2210503df2e4ed297faefd9a1152e2c,0.2280204,8f761e1117754656ac86a3a25f241cd7
df8769c84f5b4a8f9811c4537faa576f,0.22576223,73e7e41e8db447c09cb2363d76556c64
c3a842974e16433d9488c7df87df853b,0.22567664,92229a391d0b418f87b32c86c42a292c
2b1ae0f0956e475c80e1ba5ca01abe84,0.22550341,b4150337314e40fb9e3ebb24514504a3
f9a7d6299ae54cb8bc2e6ba1b878f8cf,0.22323944,e27d9425c912446e947fe53c4a757375
6e651760ac2e4377abd5ff9ac4b8c9f0,0.22136825,d9fbe02f04a4469dac855f69ea6ad02a
1e61632437f042c89075c565adee2ded,0.22055209,dc58564d0c8540bea4f3e2e3696deae8
e98cad653d89476483782ae1a239135b,0.22046086,5a8cc5ff28fb4359afc7e9fcbf3bce55
45f269eb7e1044bfbd012ba2df2be6ad,0.21421295,4a4eb12a639346b5a00557d54b51fe51
9d3679e8828845c6be8f7376e953d216,0.21379668,82b01998353e4141a7613fdc96d7b600
d480f925a4b94f518e72ad64b3ed439a,0.21369003,9303b9f7f4984b2dac8aeba8c8da8ef6
41fab89a8af342e5835f50c62da3910a,0.20599246,1af4472b38cc4304841b2f1720075c9d
44b833375c854450a60b5f4819e94466,0.20395611,d0a840820172465f83c8480d571e7b71
ac601d55d74246afa29a020b8029c7af,0.20164317,c0cb721b56f240dabf7f464e453ef72e
1e5b95e7ca1a462588131ff25c545f32,0.19809851,80921378de2b4cd3a14d449688d8b079
844cc162c90c4ad0bf5be9750450f4f7,0.19588162,89e43b092c844b5886a93091a22c894a
a66dab00c6184b79866a0fe90c090db0,0.19391546,65664fb3aad341fab563409d91dddd2d
c44ae4a053bf47e5b9b2ee3ef8ae2b5b,0.19143684,ff715b4f228443e3b067c801250f3402
baa0f8290544453cb52c2a41cc0eee30,0.18906063,d79afb377f5349a69830b2b4c7cfefcb
9644dd0795c64946bd689d24d80536a4,0.18610829,a6a551a308b9442f947ea0608ae2c3fb
fb7510f9799745e8bb2d730dafe50aa4,0.18420924,e25b9d9944cb4d7197efb8ffc4ff57a1
a7c72b26df5e476a8a8efd1d597ead90,0.18188946,9ff95d23c3284d31ba5e398afa520649
aa580e725d534bcc967dbef0c65b141d,0.17282693,88dc23909eb4415aa39b96cc3a4c2926
f913fbb165604ca09fa3b9c547ab4d04,0.1702486,5a73e0a5c757410eb0928feed7b151c8
61353a38c7e14c49ad888ed8da7d282b,0.16716525,ed9b10a2879742628fce003076ef9024
ab4c8222cf584ba3982f14500c005291,0.16547899,a6a551a308b9442f947ea0608ae2c3fb
7e7b0eca4a964ddbba6f2fe892340895,0.16317783,c9628610053945f4a7998ae48cd70da3
4ef4c104173e4986b5ea7a85d28d9330,0.1621015,983940e0b12e4186a281c36de657406e
1dfeecb0d6cc4fd68f8fe7bddc5573f7,0.16180548,a926df6d7fcf4b17b68dae6f41fbce66
590ea703d6da42979db4f6cf3ec882f4,0.16108581,1c97c72e076f40fcadb22b17e71beed1
3bc9e7189bd1419081f54d35e956639e,0.1608787,b8ca3b6144cd48208caae952e096e7ae
6bf15791f42e4323bf626650477d9beb,0.1598325,8db9e204b8b841df8fd94eff0888cdf7
c71fc9273bb64cf78fcb3160724b40be,0.1596902,34b71675a1ae442395b6eb1f3eda23df
22dbea142f4c45988a0efcb3c3633249,0.15723859,d42996c2b67443fd9b73bba7641d4f77
1f314e6f401c4bcb95f97316f5aceb0a,0.15497509,2425086d8eaf44d2a9519f0e4e6b289a
a3b9cd8b03da4791964406ffeee48526,0.15245229,6542f58c143446f280e88a6375ccf79a
cbb7beb8042e48aa868c13a6e2ee8a6c,0.1414736,27eee82d7fb94b9b8b60bd3101187496
d64dd5997016472488972a82c8d2148f,0.13925593,b25fe3b79f714d38b3fc53e39fd84d36
1068628f10b7400aa4e87b04d24fd803,0.13721907,3257035cc77946d98bdc09e2fdd5cdae
396e243238ef431aa015a783dd23ef83,0.1371615,f5a6222612ef406b8f02aef87e08c476
78c3087265224b479cfa12716bcf1599,0.13473767,27eee82d7fb94b9b8b60bd3101187496
54371d2d71dc41b99b9d79ae757b5dbf,0.13467848,4a4eb12a639346b5a00557d54b51fe51
8779ed6ba8014232ae6caf2ff9ef4317,0.13294421,156f393f7ca046299e09d05464afa056
f2fe001a9caf435a9e440ed89e6b806e,0.12906134,f0695d7e59d64941b510a3d12f801d59
70aba94871d94cf5b2d7e950982cbb8f,0.12707381,e45844e0215f4a1596a7f9ac41367c46
387e43ce9c334938bbfe0ae8c0419ead,0.12604152,bade01bd83ec4b6786fd8c867ca7a090
744af08539fd44678fb92fe2cd3adfbd,0.12080735,acee70abee2841c9b67b95e9ed079647
052e254bff244d2f88c0d2566ddc13db,0.11880231,e52a528036014db0a7bd54b99a310fe8
e08d644c0950461e843595f14ded4387,0.11835262,5a68e05acea4434ba08e17e1fff00057
06dafb47baf148b9ab12caa5200a4d2c,0.11810705,58f53c379f7a4868a2ba6d91a06247d2
707f6646366145df8e5402888ac28325,0.11178833,779d7c2bad1940c8a861451964e1ce01
46a274267ab54ead8270c0e79ff16753,0.11152761,5a26ae7959494fef99542e9b2004fd11
11bb2992a06243158ef845965bbb79ec,0.10798167,efdf40eee13d409c9955e5b84e4408f6
21b8e136ec834f4cb7c6232d8a8ebb52,0.106304936,e7d6747e8c8b4ebcb665e232240daf17
292a36cd38ba43bf86a043e2de9d7bef,0.104636416,eaca056cec224a30aaaed30c39f644c2
51ce7c9230f540a78ecf1c757e16a6a3,0.103903174,7c1e02f3ab614e539ac901e5cd3c92d8
0b35c0eab3ef4062bc3e184951a22fa9,0.10363659,80921378de2b4cd3a14d449688d8b079
96ad923a06f54d79a74431cd06b8adea,0.10183186,fb709e29755b44988bb252c87a2ce2f3
b4aed3fb5b3f491b99ace5c051b75eab,0.10066837,7ac9c94011924c09b47f9640211885a2
4805a294e65b4d4db75948e86d3fdee4,0.09768304,acee70abee2841c9b67b95e9ed079647
56cfe84755904ae98f74d085dd2fcb7c,0.097213,6d3c42356e3b459c919e3129ff192ac4
47471f2f4db14e01850ce3fd0e3b7aff,0.09718048,c9e2e76e631c4d0a8013d90892350e06
00b97e3bd70241758022cdd5d10450a9,0.09486878,fcc9863b07fc4bd5a01fab5b9160eafb
195aaede1fda491bbf8495b564c9d001,0.09407002,f9fae977af2c4f35b29400f31267e170
d8abdab9cd7145c19d33fe76e47d0c1e,0.08797275,31b69f9501c4415e929b6af28c83f6a6
e9ffeaac65414a5fb9df90c528ca02f2,0.08708687,e5692bd498004d32934fbaa05af2120d
179de20d4413414c92aa7828d5950f5d,0.083692,5a26ae7959494fef99542e9b2004fd11
77e2cfc79eee4e1b91f93386b436bd31,0.07888743,5a8cc5ff28fb4359afc7e9fcbf3bce55
3741fd305b324ab4a29b14442af8f8ab,0.0753493,d576e334105247369362b05a375e88cd
4e828f821c014d5d99850f710aff0f21,0.0741237,f5a6222612ef406b8f02aef87e08c476
d0fb524183bb44a9a854de124a8becb5,0.071573555,640f3bd184b7425fb22cc7773b8b2244
413423a32eba46c2b7def04c66e6f9f2,0.07081151,19c9ac7b84df472c85ed6cf5a05fbbc6
b26293f2e7f54384a164fb685236aa8f,0.06697351,58f53c379f7a4868a2ba6d91a06247d2
7b5adbd82a584ff6b6e23b89956dd6f2,0.065469444,bd35571850644321b86ce4fae286ce7d
71f93aa94339483884743fd218725216,0.064029455,9b22c5cdbff44bdabd48dba008e6a3b2
47605d3a13c9403597c879e6825e3f45,0.063163176,77a8b27acb0e4600bb6ff974eabc269c
da548115b6564ca69d846f3ea8615b6e,0.062360357,e96aa0967ab94368b381354e03dc40ad
57c53927cc0942b7a012edd211993b5f,0.05661419,27eee82d7fb94b9b8b60bd3101187496
e0bbcc95980e4aee9f0b5f6976c5eaff,0.04535009,f5a6222612ef406b8f02aef87e08c476
75a44d8541fc4f6db502671300b2ea97,0.040392846,fd51f3eef1a64d9a93652be481bde32e
3f4f551ba9d74d6e8622c1da8b00180e,0.038130708,c322b788813745e0aa7b592b4345d379
518dcd746ac344f692cc34db6c714430,0.03746052,4ad7e2502210436f9ca5735fdf7e50c3
587c1d4811034d7d8e3ccdb4af7ddbe1,0.036183745,e25b9d9944cb4d7197efb8ffc4ff57a1
a082e18320bf47fe8c3c9506d626862a,0.03477808,b4150337314e40fb9e3ebb24514504a3
c3ff9a50b4c1477c812af51fd7ce9489,0.028465897,630edd9b8f754b5dbd36cfbbd03ccb51
662c1dace3274fb79254a1e59f299ccc,0.027512342,7a4c413f5c844796bd5ffed2b65f0336
6fe5e86e29684922a7b66985a0abbe4d,0.019695818,c8b9a0ac7c214a449c434aabdf6ef770
0ff31fb63a044ecba52ee62968e78be6,0.018960595,65664fb3aad341fab563409d91dddd2d
a16486024d12452a9c7a4d88c7fc5efa,0.017142639,6c74bedaa406493a99988c5b8a47b704
31d3239dbec34e65a0e239ffec9138ea,0.012705311,257aed6ca7a44f1cb5c664beb1be527b
c873b341cab549d6be3c38ca79441d7f,0.002269894,b25fe3b79f714d38b3fc53e39fd84d36
8085782f7d76421b8468fb1e61d4fd61,0.0020156205,369fe18b94f54c98b554fd22b4a3b50b
