25dc04ff2b704b6f9229ad7cb91efc99,8.463094,2425086d8eaf44d2a9519f0e4e6b289a
b6564d12e54b4e09a41d57e66159df56,8.44345,a6a551a308b9442f947ea0608ae2c3fb
fe866322e3f94718be3a75be3975a37a,8.405302,9b22c5cdbff44bdabd48dba008e6a3b2
27074d8daee940d0ad71d8c9e50c854d,8.4040575,d74f6e7abeb84eedb9923dadb62f45f0
2ef6a38c8e514fb1b98b9cac832fdd14,8.194759,8aadcf7251724cc6858dc0db44abebe3
d098bf81d2e34d868f274370a0a39716,7.9926405,fb695c097d5845c282f6b30c241e8cf2
83959d6f09044431b64a06cc335f08eb,7.9804597,9014beae94cf4f648e1663c8d5ec6803
6b5d194c37f14e5d89385ae747199cc1,7.915028,700f381f40ce4b039ce0df8b49fb199b
d783d92ce7464edd930cf3e6a5a3ec9e,7.848466,5a26ae7959494fef99542e9b2004fd11
c67274e9cb5b41b18336fa05f437c470,7.737264,9ff95d23c3284d31ba5e398afa520649
c294e4564fbd465e948be4cb38ab0f2d,7.5049696,d42996c2b67443fd9b73bba7641d4f77
a3641dd6dafd40d5b8f8077b9dc3e850,7.180611,99142f1c07cd4782814f8c970eaaa40a
9a941b16ff4840eda21ad2f9e0c81f3f,7.0454817,9b22c5cdbff44bdabd48dba008e6a3b2
5ea4394d43e44b219a8390a0b54d2982,6.989411,46ba0b979a664c7cb0c315c4cde6ac86
c873b341cab549d6be3c38ca79441d7f,6.9793587,b25fe3b79f714d38b3fc53e39fd84d36
06cec2d499d345bc9c033032d765acb3,6.9612417,779d7c2bad1940c8a861451964e1ce01
69705e3d3da0436881b25f42d2a6f102,6.9288363,4d708e5878784386a42c2f436d2d60f0
78c3087265224b479cfa12716bcf1599,6.8330164,27eee82d7fb94b9b8b60bd3101187496
206c38136fda4bdb97f8087fab551d1a,6.795167,e27d9425c912446e947fe53c4a757375
ce7e02187e74451f8fe2511db0fed0fb,6.745458,779d7c2bad1940c8a861451964e1ce01
8505b6622aed4fb0aeece7e02c0fa748,6.6817245,4aa3556b2aed469584c573868193a07a
662c1dace3274fb79254a1e59f299ccc,6.675104,7a4c413f5c844796bd5ffed2b65f0336
7bd320ff5d6f4bfc906470499b8ae3b6,6.542267,80921378de2b4cd3a14d449688d8b079
d1fafb5d71ba42229f870ebc99263d20,6.526636,836ec4ef8df644328ac07b7803709323
3391f84c6c544d63a18f7c2e8431fbe4,6.428535,bd2f91a9415049d980e453f94327e0ce
3127238ca74643c3bd2e042605dc5e25,6.40166,983940e0b12e4186a281c36de657406e
5cf8596279eb4fd1a30ceda96102ef99,6.379919,80921378de2b4cd3a14d449688d8b079
899b54b766454749af73a7b5ba6ddfc9,6.3271923,eaca056cec224a30aaaed30c39f644c2
3d62fd7345e249eca395731c94b53eba,6.1599026,d42996c2b67443fd9b73bba7641d4f77
865e99466009410e82a3a9daa7d34d29,6.152315,dc58564d0c8540bea4f3e2e3696deae8
d7f295b3018e494d84b29f498ac03fa5,6.0698795,46bfd7af0ed6491fa621350963d11e35
67cdfba89fae4e3896b9aebb4f52dae5,6.002265,cc21026ff0d541909df56c5618d28518
8756c0e4eee54ca69baec75ff9c6f44c,5.9335237,17cc6768c9d14388b7455fea0060b62c
78fff51240e14352b1fae67b59be4cc2,5.873493,58f53c379f7a4868a2ba6d91a06247d2
c0f5519b1d3842a68611736d9c0e5c9e,5.872139,01690d9b08164fcabd5bf0819754f71f
650d5c180a444d6f9e8b7d0e2bac56f2,5.8580723,9e304a9bbc7b4c22af8025fc93757357
e30792faab17454587f51314a00ae69b,5.8466115,d74f6e7abeb84eedb9923dadb62f45f0
f856e536fb204df3b9d9dcffebf3085f,5.8170867,88dc23909eb4415aa39b96cc3a4c2926
7b77d3c7e5fe4d2abc10ed7f00ad4e1f,5.810456,ec281224f8ee419ebde676f291672aea
41d559a45180411298adc4fbea7618ca,5.7850485,de9328bdd1b34adda74a0363ff0a52b6
34bf626d6a87427281f80c0938fe0278,5.6902,7ce06191f1114b4c8a00609f6867761f
4a5ee7ff69a445f48974483a915d4d84,5.644126,1543a2f94aa74008914301874d98f0f5
565907298304458f80b2f4504ee3473f,5.6125445,82b01998353e4141a7613fdc96d7b600
f4398da2a74044829b4f7bd0808aec82,5.582239,6c8a24653ef04f559b88e0f27c0df63a
3741fd305b324ab4a29b14442af8f8ab,5.54136,d576e334105247369362b05a375e88cd
ffe5e5fc7adf437bba769a5d9fff5c27,5.538359,19c9ac7b84df472c85ed6cf5a05fbbc6
faed47ec537c4a70b2396638df56d71d,5.5155077,17cc6768c9d14388b7455fea0060b62c
efd4bc5be92d4f7abb7c4bd8c19423a2,5.513381,74e7db4222ca4a20811199afafa346a7
7986e60543204582ac542d56eef7cda9,5.4813304,9303b9f7f4984b2dac8aeba8c8da8ef6
e42fa7d6b7134c18be1ea6c41a504057,5.466946,650afb6a1d054e59904a1b796552eb04
bb5b0894b81e4a8daf1feb3b422e35a8,5.4617734,eb513691b7a04d31ab1bc50bf343447b
e63f3979515d466faa902d724344014e,5.4030657,b050e9e1ef5946c297a34dda98d8f476
301e127ffa514901b5840fd47f9f7e18,5.3731723,cc21026ff0d541909df56c5618d28518
d6db57dd12dd48adae78eb66e24cd991,5.3693295,cb85047b65f8468aa02744c28c075dbd
1d79bd154afd47138f529dd6f1d52902,5.367438,c8b9a0ac7c214a449c434aabdf6ef770
e8731d4569304e1aae79558458ad6797,5.3619456,01690d9b08164fcabd5bf0819754f71f
a1cb97ab677f48d0b81dedd497512989,5.3615036,a926df6d7fcf4b17b68dae6f41fbce66
7dda222413534a90ab8e3d686a1ba461,5.346789,d27cfea4da8f445fb4e3c55e53c6482c
ae806a1c4d304ce388ffbf648f241d20,5.342322,a585d23fe43f459ba86ac15645af77ff
27a9489cf5724d47bbcc508684389f2a,5.322045,3257035cc77946d98bdc09e2fdd5cdae
f23847f4eab34d3ba19bf1dccbc32306,5.3208733,66b0c8a58f444ea0aec34d9403b88a49
064ec184b18e48e18255745eb01a80f5,5.3183165,640f3bd184b7425fb22cc7773b8b2244
fa3faa7dd3774c2681f4c5b7527b1e78,5.310871,965598a17b624a0f9bb1cd58595458a6
e707e5790c554edeb5ab0f070fb36720,5.2822895,7c1e02f3ab614e539ac901e5cd3c92d8
545abc5f61374dd596a546e619a12ae8,5.278496,5a73e0a5c757410eb0928feed7b151c8
9280a530ada64a8f829e0ec528712cbe,5.253912,65664fb3aad341fab563409d91dddd2d
6b56add8c1e8488e9e85c4085e0cadc9,5.25183,d443e0c5017d48d1b3f86bf4da959ed5
2d641fad427d4884b7624102a50d5edb,5.223261,5a68e05acea4434ba08e17e1fff00057
6d9fe29b75544ce6b2e1c3329771cd32,5.2120795,64fa5ce839ef406b9bc8a1b2f05094c7
3cabf7db885244c3aef797eb94b75b3c,5.2036963,17cc6768c9d14388b7455fea0060b62c
8a53841d512741f5ac2d49f75a83780a,5.190697,bab3bdc133384798b558f8fb6466a7fa
1e9c95ee032147a2aa469f8482bf5f9c,5.177548,678725f8b914453fbc1029b7c1bc0879
a5d7fc13c59d4aef8d24e5d15dfc363d,5.1490808,4d708e5878784386a42c2f436d2d60f0
b98768914d8d4eaebb4632fefbad06aa,5.0805283,89e43b092c844b5886a93091a22c894a
4d211e99c4d0455980e9ab87c212c2d5,5.0774474,2a9658410614443d8a27ef174f61d6e8
748b2df793c94a6fa92094994cbc50c7,5.0731187,89e43b092c844b5886a93091a22c894a
7510f4f5df754961a921d50523718ff7,5.069151,1af4472b38cc4304841b2f1720075c9d
7de183d0b5f24efebfc15ae35f4b0fc3,5.0534506,73e7e41e8db447c09cb2363d76556c64
d51b249d11a44ae699cd4e2854b00d4a,5.0418644,4a4eb12a639346b5a00557d54b51fe51
4aeb82ff294e4be9be97a1aee9698fef,5.04142,e456afdf95e643dd926249fec4d68753
b0428ae75a7d474bbf2e2f440fab50e9,5.040475,e492ff7fecf046a4948c5ba5631cdefe
739e45c484874024a94fec4cf8b13fba,5.024233,c9628610053945f4a7998ae48cd70da3
6cfe829d301f463ba1bc66d1c8087b0c,5.00836,e25b9d9944cb4d7197efb8ffc4ff57a1
98a56450793d4447a21350dcb38b80eb,5.0066895,efdf40eee13d409c9955e5b84e4408f6
a7065654ab41446abde84554b4442a5b,5.002215,7cd1db4b50dd41e6b2f3dd15fcab3b89
4c35694f60f94daa9e2cb35e66d8031f,4.9975147,f11f1682b5924181b047d757d3e20964
6f2088d6c7bc418f90e6328cd345c77a,4.986911,00f45d57fd3c448d8cfdf3185ebae894
b92da6fa48d248779bf06eaba1e7a2a9,4.9744163,f615619defc4402b82845090c238e597
9d11c4d6d3fd48a6886629be4969f055,4.965359,a0fe3cd34e474c3b90662ce8ef1fcac6
3a53b02d11d74f9b84a71811f607d433,4.947478,8f285540a9394706bd6ec6cda46c5058
50b607a9b5e540148f9155693795e5d8,4.947387,3257035cc77946d98bdc09e2fdd5cdae
be7a669164c1423c8ebd0ba23ce48329,4.9405947,e52a528036014db0a7bd54b99a310fe8
6f0406b6deea4302b4e44ece4eba9ef9,4.9217763,eb513691b7a04d31ab1bc50bf343447b
63d32d729061451cbc920b4066c15339,4.920949,6c74bedaa406493a99988c5b8a47b704
d2ed407fe4db4fa69c57cfa4bd7d002b,4.891162,8f761e1117754656ac86a3a25f241cd7
a5b36f9c26ec44639e19ecba64ad7063,4.8879123,8a77dc665d8b4d95a0b1113522f7e9c3
13260f69234944ae8feb384dae6510ab,4.8543224,eaca056cec224a30aaaed30c39f644c2
b25c125f6fd14177920e7f609ea6f819,4.853021,66b0c8a58f444ea0aec34d9403b88a49
1f4946d6701f4d75b1b71b16833299d1,4.8522725,3be388c9ab614bceb086c19f70df23c2
9d12b38606754a8ca46a62c27872e893,4.848095,4ad7e2502210436f9ca5735fdf7e50c3
8b1eb206468046df8b8c19637b250996,4.8273177,89e43b092c844b5886a93091a22c894a
52b9939de81d456e831c97f43e912728,4.822282,d0a840820172465f83c8480d571e7b71
47bdbd87490b4698bcd3b038c2baf6d4,4.7520466,4d708e5878784386a42c2f436d2d60f0
f9a7d6299ae54cb8bc2e6ba1b878f8cf,4.7423615,e27d9425c912446e947fe53c4a757375
411837e42b564c399e9444d5403a3734,4.7404003,e52a528036014db0a7bd54b99a310fe8
803051539d144fdeb70807a70a667f4a,4.7344985,11ec23965d2941d0817082107996ebbb
af733079cdf649cd95e030d070b603da,4.7256536,903360099fb644b6b88c6edac88eecb2
31d3239dbec34e65a0e239ffec9138ea,4.7129836,257aed6ca7a44f1cb5c664beb1be527b
61353a38c7e14c49ad888ed8da7d282b,4.6979685,ed9b10a2879742628fce003076ef9024
f66bd53c07c7410ca1da94b1c1f96480,4.6936917,a0fe3cd34e474c3b90662ce8ef1fcac6
2ae3d79e1c8641a9892ed31117156c0e,4.672738,bd2f91a9415049d980e453f94327e0ce
68ea9efe09ec467b955f3960508e08de,4.672111,23066f7964874fd39639dbf2cb2766df
6237fc7134d449b9bc4158d9a707cca1,4.663915,e9f055a212cd4e5e8601228c37713f35
9ae0dc25880a4b1ca67998ae29c63cd9,4.6505756,eaca056cec224a30aaaed30c39f644c2
0af83a2558ad459cb3b54e5c9da02975,4.647569,4696c8192576454f8684954bc771aa23
299ada2bc5ef4534ad5e0b1b7d10e457,4.6436033,e02ad4f63c8444b79a7a56fb23a4e0f1
669388a30d174fa48b59092d2b8770cc,4.63811,a25b08e008114c9ca0266ce3e55d82bb
7e808bd74e2447d79f7d266c88de6410,4.626958,95fbc6ed8bfd43c1a6bcf676e26e7f8a
2e9806470e994a85904d3521b5fddaa6,4.6210117,5a26ae7959494fef99542e9b2004fd11
12b45c8ab28a4361a016608db99cc91a,4.6094446,01e805bb5a1845a7addf86fe9bc8d814
b68aafdc6e7b4188a9506c869f83ae96,4.551963,6a33c207c8b648f680dbd0e65639ef04
6a9e4d855e3944719a49f41d3f30b8d6,4.535865,faaac88748714ce8a99413b952a1dac8
128de5daa04242e7b0c9eca5277071bd,4.5158134,85e7ea30890b456084b8e85c299c8649
c36813b8ca3e42de94bfb013ddb507ed,4.484449,1543a2f94aa74008914301874d98f0f5
5a1096197b8648d882cdd33875519404,4.4830413,ecdae9f36c6a437ea72739febbf1c89c
4dbe9a58e3cb490eab62a2bab47d13eb,4.465607,e27d9425c912446e947fe53c4a757375
2a4b8f6f2f1948e587b2de1effffc8c6,4.460175,23066f7964874fd39639dbf2cb2766df
c2732f3b888345afb3c5116a10cd9896,4.437329,e27d9425c912446e947fe53c4a757375
8dfd5233498c4be2b88b2b71cf67ed64,4.434232,11ec23965d2941d0817082107996ebbb
9aca4f5f45944250973b5a08c3fa9547,4.4036007,58db4c3a26c84fa68d81235d078208bc
bc216861a2124a6b9cd42cda34629f7a,4.3915615,257aed6ca7a44f1cb5c664beb1be527b
f1015462e69f41ea9a9c663ae07f13fd,4.368238,ad2109663af04c549385cd2ab9b3283b
5c85caaeb0fe44b19a63bae94eb3c1b2,4.3513966,c8c201e25c0047a2ba9d9e8541ac0939
4aa10500630647f891ae1bf725a8f169,4.2970953,700f381f40ce4b039ce0df8b49fb199b
4483d9ae441d4fe1889099eb3acf1676,4.2871795,c8c201e25c0047a2ba9d9e8541ac0939
fa4aad3a76ce4c019895b7d73d8b496d,4.2830367,e5692bd498004d32934fbaa05af2120d
559208bd6fe2488081a623b7a9d92f31,4.282427,77ac5eb4b3054ca68e2b0dcbd5473fd1
8ece6e92c7c541a2b5f597b12b7e0f92,4.2753086,82b01998353e4141a7613fdc96d7b600
a18a19c2ef80495ea076e2ecc882c7e7,4.2721257,80948e17b5694599919e1502bfcc08f3
64e8bc2bd44d4328bac29a1ed2e655bd,4.2541795,8aadcf7251724cc6858dc0db44abebe3
17d4b37e6cf045b691ff88ff7ec2d5fa,4.250191,85e7ea30890b456084b8e85c299c8649
6ad7781d238a4ed28cba7dda16397459,4.2496295,1c97c72e076f40fcadb22b17e71beed1
b5db665a6be74d6d917e217bae5f59b7,4.245428,21b1ded02d7b42618592187e287835a3
d52a218e156e461f8d5f05a8a136988b,4.233433,89597084b19c4902b073a2c6c6622456
96a40dc922f94bc78c39fadb8ecbd263,4.229867,b7ef0a61de0e4adf9688b2c525c9ad09
503e869546cf415ab60324f38dc8f73f,4.219114,eaca056cec224a30aaaed30c39f644c2
63c3f37ef5c1455db7914313f0e0be1c,4.2147484,64fa5ce839ef406b9bc8a1b2f05094c7
cde31d7f76684d62b17e619c0f1e98d1,4.212828,b8ca3b6144cd48208caae952e096e7ae
484bed1b612b48f3a0b37b91bf626f39,4.2068496,057164cf4aab45ebbefef3409359cfb1
ced8e3adb0484f249ac865052953d5b6,4.2033257,58db4c3a26c84fa68d81235d078208bc
4975299790f047d9b4dfba901c33ee4b,4.2032003,bd2f91a9415049d980e453f94327e0ce
6fe5e86e29684922a7b66985a0abbe4d,4.182839,c8b9a0ac7c214a449c434aabdf6ef770
c5693611e9044ffea24fede04ab1d9a5,4.1695385,6d3c42356e3b459c919e3129ff192ac4
1c017d16176a48e9a899ed772d5ff4d9,4.147727,1543a2f94aa74008914301874d98f0f5
360cbc8189604ca7bed1d03379488753,4.1448665,eaca056cec224a30aaaed30c39f644c2
0d4e1854d2f24a18acc550c6afc2fda2,4.141942,0f9cc12519eb4872af7be7fe49e19f59
a3d947b7e3e3451bb473b1b5e22cca51,4.129962,ad2b6fb945714e6792c17bd49a1066e0
6abbc2ba6e8241f5b7132c7bb338f92e,4.116919,37337ebec05640b890e4b9612776c32b
b707dfaa86a540dd9c3fa75fed4a43af,4.1121645,b8ca3b6144cd48208caae952e096e7ae
9d2b582dd0f84326a537a91a57caab4c,4.110965,d79afb377f5349a69830b2b4c7cfefcb
3bfce2ad291d4b7780e0e8b06d4283c7,4.1107264,6aba5a04ef8742a39d3a61644a5f0729
987dc1b016fe4664902db31211a59bd9,4.101815,efdf40eee13d409c9955e5b84e4408f6
91a077bae982429595e548a2859976ab,4.091283,7ab29c5e2f05481d8a69cc479a764ee8
f09f284b59c6475baacb67116020c617,4.0793133,9ff95d23c3284d31ba5e398afa520649
f33800b2fc5d43febcbee5156e729a2c,4.0491624,ff218cc7835d4b5ba0de22792319050a
451c5024a60b4f45afcd2f388601c16b,4.043354,640f3bd184b7425fb22cc7773b8b2244
ab6c85b8074c4edcb7f8d568b142ef98,4.0193715,1543a2f94aa74008914301874d98f0f5
780760acebdc4860bb31c7a7150c19dc,4.018948,f5a6222612ef406b8f02aef87e08c476
117ba0c13f714eadbb3a6a9d0f6f3702,4.012754,9e304a9bbc7b4c22af8025fc93757357
e3168a661d6e43b39980289c06b51f8b,4.003166,aa2d7a3a535243189492d4ce8e79c049
9f0c4fc689014714bc3604b21f1a694c,3.9942417,6aaae524573f477f8fdef0b83787cbee
5f5d6306678c4a0cbeb65f8580c9cdbb,3.9932275,89597084b19c4902b073a2c6c6622456
1bcadb1e071c4e6d82323f31e960901e,3.9794014,836ec4ef8df644328ac07b7803709323
08b353e1649c42d6b37c9f7179dabf6e,3.978072,d27cfea4da8f445fb4e3c55e53c6482c
662a6fe9ae1b47f5b598c9d0ff7ad784,3.967547,640f3bd184b7425fb22cc7773b8b2244
4a79ee95c2f94e6fb182632a2357e449,3.9664001,a0fe3cd34e474c3b90662ce8ef1fcac6
e938fc1d26e5456ba78f78d9f8514816,3.9515922,b25fe3b79f714d38b3fc53e39fd84d36
fdc1732f54e34300bc77d7b4c38ec31b,3.9485006,77a8b27acb0e4600bb6ff974eabc269c
8159d92e267d438e9012e936aa5fb15d,3.9477537,95fbc6ed8bfd43c1a6bcf676e26e7f8a
01175ef138e24ed7b74c8c8ec2ad8abf,3.937947,fb709e29755b44988bb252c87a2ce2f3
acedb352e247418e9c82dcd73b857c82,3.93657,eaca056cec224a30aaaed30c39f644c2
d52b00145e914e48aa1e81cc1b399901,3.916478,cc21026ff0d541909df56c5618d28518
f913fbb165604ca09fa3b9c547ab4d04,3.9054,5a73e0a5c757410eb0928feed7b151c8
42c545ddf97e457a8ae47f8f1229bec7,3.9046843,80921378de2b4cd3a14d449688d8b079
a5acc7bcf83741208d3d3d0cc9696fcb,3.9011395,b7ef0a61de0e4adf9688b2c525c9ad09
28cae44de1fa4e56a10eb13b57a78668,3.900073,c0cb721b56f240dabf7f464e453ef72e
3407ed3eb6d4426bb50ced20b862de96,3.8946064,8f285540a9394706bd6ec6cda46c5058
0b887e10733b4259bd5c30a1c724ff50,3.881453,fb695c097d5845c282f6b30c241e8cf2
4c8ffe2f47284e42af52b98aeea87fb4,3.8743129,89e43b092c844b5886a93091a22c894a
6f5aba39f47a4d7b87f4b50122d8b660,3.8666296,7a4c413f5c844796bd5ffed2b65f0336
56c2b163d79149048fcdf4e0f9d5598b,3.844853,64fa5ce839ef406b9bc8a1b2f05094c7
d8b0fd7f373b467f8a214ebf710b5469,3.8311882,89e43b092c844b5886a93091a22c894a
856daadbd4c24836a85731844393b1f4,3.8284607,9e304a9bbc7b4c22af8025fc93757357
ec1ea84e09b54849a539177f929c65cd,3.8240805,1216ce1ef31e4643bb1222538c206342
baa0f8290544453cb52c2a41cc0eee30,3.8182368,d79afb377f5349a69830b2b4c7cfefcb
567cb2c4e6b4417c89be6420cffff826,3.8169944,4aa3556b2aed469584c573868193a07a
850ffbbf78224a1b910a45c2ad3ab6cd,3.8150887,19c9ac7b84df472c85ed6cf5a05fbbc6
3464f002cd954218836b9014bcd0c620,3.813271,5a26ae7959494fef99542e9b2004fd11
bfd8d22a1f9a42a28b2a78c5e4323725,3.801382,f615619defc4402b82845090c238e597
8e57d7771c084620b4bc95981a394b34,3.8011904,4aa3556b2aed469584c573868193a07a
cf7564fd313c4802adfcab226cb71a73,3.789765,965598a17b624a0f9bb1cd58595458a6
d9b3a26c8de14ab4ad2a779d31b4f01a,3.7851758,a585d23fe43f459ba86ac15645af77ff
61e6eab2c60042858ee62e5d01968ba8,3.7728853,e039a00eae414ebbb2205b011ac127cf
600602c8b38d4fe293a8b89ca3c4b7a6,3.7663424,d0a840820172465f83c8480d571e7b71
9b5cafae0dc14e9ba24b5c6db5381eae,3.765291,23066f7964874fd39639dbf2cb2766df
003d3f2fc0d74fc58746a9d38d310d8a,3.7493322,6b9b2c8f0a874bb8b6691aca6bc49565
32b7043aedf94f65af81490dfccc8b7a,3.7407603,7ac9c94011924c09b47f9640211885a2
1f4dd46f7d93406e9b1fd33e5a2a4158,3.7353392,a1d8cb16dafd4126922f985021e93631
a904fb4b818843aebcf6c526facb5089,3.7324152,8a77dc665d8b4d95a0b1113522f7e9c3
9c74b02f802b41bab45bd626251e1d88,3.7249012,4b748d6624144214b3d8a80b37aabde6
960fbf15535f437db3b7e4614367c633,3.720869,e96aa0967ab94368b381354e03dc40ad
e08d644c0950461e843595f14ded4387,3.7156332,5a68e05acea4434ba08e17e1fff00057
c81fde53a5804d74983247fb14718050,3.6995578,bade01bd83ec4b6786fd8c867ca7a090
757730e7c0414b47ba2a3a52768cdb3e,3.6890602,630edd9b8f754b5dbd36cfbbd03ccb51
b2b15ac784564b17b414221232730701,3.6784768,4696c8192576454f8684954bc771aa23
34a4ab8c365d469e9f634993d0a5b61a,3.6759267,fcc9863b07fc4bd5a01fab5b9160eafb
b717169ea8804058961095ae61a7b5fd,3.6700058,64fa5ce839ef406b9bc8a1b2f05094c7
faafc7c371d240a29c764c0074231e6a,3.6585686,779d7c2bad1940c8a861451964e1ce01
5209a952bb1a4ac991ae51e8a3e9abdc,3.657275,1cbfb22f84454b1fb821b602e3ad11f8
9267609a976547b19a2cc08683835f4e,3.6398065,257aed6ca7a44f1cb5c664beb1be527b
9c541c2079a0420298c16b25b87beee7,3.6330957,d42996c2b67443fd9b73bba7641d4f77
ff2339e06523437eb464f18a90d5f80d,3.6318645,ff715b4f228443e3b067c801250f3402
dbf2f20d05034e77a9be456ee8d44377,3.6286733,564a84b1b830407e811bcfc7fd086a6f
64e6b4c018f14601949aa629c1de4014,3.6220472,779d7c2bad1940c8a861451964e1ce01
c9d40d7967754291b6d16c34879f008c,3.613892,73e7e41e8db447c09cb2363d76556c64
f1f565a6c118448aaf377cc5c5ec0abe,3.6086273,1d47a696eae94bd29f215a4787b27d8a
be220fecc0fe4c75a466c1f760eed397,3.5964627,3be388c9ab614bceb086c19f70df23c2
373a81f37e674bf381ab2c67de8df0dc,3.5743752,19c9ac7b84df472c85ed6cf5a05fbbc6
84e237a5da704cc28748ceb897b709a3,3.5654163,11ec23965d2941d0817082107996ebbb
b1574b190fd242e9a0cf3b489caa91e4,3.5631511,75b0bd2240a54f6fb45bf95ca43ab5e6
22fbef34478f40bbbd083e12595903b4,3.5559187,de9328bdd1b34adda74a0363ff0a52b6
8afe31852af94133a8a0e21f4b27e5d1,3.553214,37337ebec05640b890e4b9612776c32b
e064b22a3b0a424498be0599ec51b26d,3.5377812,1b4e143cfc1648a5b877d7445446366a
93ff73f78f7c4aac9aa13de5f64205cd,3.5367782,00f45d57fd3c448d8cfdf3185ebae894
da88d4d5eaad4690bbe94a2165985050,3.5319743,01e805bb5a1845a7addf86fe9bc8d814
00bc1d895118471ea04c2ee6a3ef3f22,3.5154119,156f393f7ca046299e09d05464afa056
acf1a040f09440e7b67e2b901b3b1583,3.5086913,cd56b9a044c24df8a7156f661cb3d9cf
f7968b9dc2674ffd888bfbc7a86342d6,3.5021467,1543a2f94aa74008914301874d98f0f5
deaec801f6344b9d9ffe289794354038,3.5003855,acee70abee2841c9b67b95e9ed079647
9bc0b7a878a34cdd97666a27e60314a1,3.4974368,7cd1db4b50dd41e6b2f3dd15fcab3b89
fa644cc0807d4d278be005d3e2f849b3,3.4898994,5a26ae7959494fef99542e9b2004fd11
3dd7bbe2cb1845608dc71b36bc82667a,3.4896944,dc58564d0c8540bea4f3e2e3696deae8
0681f461c4ad4ee699a843df5ab30607,3.4717433,dc58564d0c8540bea4f3e2e3696deae8
790595e600c949459cfe2629a30f5371,3.4664857,4430d47e30904eab969c1baebca184c0
29d39b14f72c45cebe5afd433c98dd23,3.4587307,b2be859ca8f24cda86821d5383edbc18
27b747520a594968b11704d54233d20e,3.4366682,e7d6747e8c8b4ebcb665e232240daf17
da3ca57a5b8943839227341c423ae8f2,3.431881,e02ad4f63c8444b79a7a56fb23a4e0f1
77e2cfc79eee4e1b91f93386b436bd31,3.3954463,5a8cc5ff28fb4359afc7e9fcbf3bce55
09a86f7239984e8faf484dba2109244d,3.3927026,4a4eb12a639346b5a00557d54b51fe51
5c24677a92364f97aada250f8acd8f3e,3.381752,c8b9a0ac7c214a449c434aabdf6ef770
57be916f4b9f449e85faa3e690b60115,3.3773046,678725f8b914453fbc1029b7c1bc0879
f54fb64fd5a04f3ba5c065305856b3f5,3.367947,d6fe6f8380464e21a27fd69de27f1f57
1f125654980e402e84e676e3b1c1db15,3.3609838,73e7e41e8db447c09cb2363d76556c64
64ecc00623a647a7854cf8236452c556,3.3595228,e039a00eae414ebbb2205b011ac127cf
42ce4e0d59764cd5a98455e34790c44c,3.3592017,a6a551a308b9442f947ea0608ae2c3fb
dbb7cd57e11848d399a156605f0f11c4,3.3422687,17cc6768c9d14388b7455fea0060b62c
16b26a25f49f4efa85d21e2a4302e506,3.3402038,19c9ac7b84df472c85ed6cf5a05fbbc6
8f46f1c9e7dc4f0184c02d6fef8f3708,3.3253193,b4150337314e40fb9e3ebb24514504a3
16242654caa64a669f249360ac629e5a,3.3103573,3be388c9ab614bceb086c19f70df23c2
aea33ab76ea843ddb17f1196fa2875f1,3.3028114,f9fae977af2c4f35b29400f31267e170
1c4b7fec0bd14f4d832d26dd643c4045,3.3020172,92229a391d0b418f87b32c86c42a292c
8f8c730f26cb483da414fce61eb1b47b,3.30151,a926df6d7fcf4b17b68dae6f41fbce66
2fa8c386148647ccaeee6adf877a7ac6,3.2811732,8aadcf7251724cc6858dc0db44abebe3
8c55cc4f7bc44ef7b9210ff7b7595435,3.2796493,75b0bd2240a54f6fb45bf95ca43ab5e6
425fbf4deffd4fa183bfa210c296d087,3.2746475,d42996c2b67443fd9b73bba7641d4f77
9d91a50f84cd42d999f13adae10c4a0c,3.2700555,bab3bdc133384798b558f8fb6466a7fa
192ea3bc5bf1479bb3255c41ff2fa9e8,3.2656682,bd2f91a9415049d980e453f94327e0ce
211c5c1ee1d042d391296b95c6c95c66,3.2537653,cc21026ff0d541909df56c5618d28518
38d3a8b3543b4548ab16eca74b1ed293,3.2475042,46bfd7af0ed6491fa621350963d11e35
d8c0f66ffaf94373b23b46444c5acb4f,3.2457776,156f393f7ca046299e09d05464afa056
56db49f870bb49eaac223bc725d79f26,3.240223,17cc6768c9d14388b7455fea0060b62c
911ee4e9eb0d4ed1add57e7a79dd71d6,3.2354784,eb513691b7a04d31ab1bc50bf343447b
2fd2926eef6c41939266c5d6a5803999,3.2338672,eaca056cec224a30aaaed30c39f644c2
de89bc23ccf04f3387bf242e269f4ea3,3.2285144,c322b788813745e0aa7b592b4345d379
6c846ec45b5646b6b0d1dfce66fb8328,3.2252183,1cbfb22f84454b1fb821b602e3ad11f8
fcd022d73a35405ab8a38d11dd06ff4e,3.2168665,c88be17376104f999b914a91aebf7220
f6a57bd21bcc4009bdd07b1d8b86afa6,3.1987786,630edd9b8f754b5dbd36cfbbd03ccb51
c7ddfc6b54294c34a4722f8eaa9b55b7,3.1970048,156f393f7ca046299e09d05464afa056
5f67168bea6646a69c49dec78942dfae,3.1821604,fd51f3eef1a64d9a93652be481bde32e
dade1ac92c08448e93e20a96c20f9d0a,3.1616719,f036aaf4ab714c598a0b6da4ca604136
55f19079097043d4b29cd2c08fb960c5,3.1580212,58db4c3a26c84fa68d81235d078208bc
a89278348142457886434482fa366f57,3.1498191,e25b9d9944cb4d7197efb8ffc4ff57a1
06b4425d4dcb4aaaafb52063bd3af473,3.145179,a6a551a308b9442f947ea0608ae2c3fb
2c379dfb72da44e9988beb15638fc7db,3.1324582,6a33c207c8b648f680dbd0e65639ef04
6d86d0062e7c4ab1a1c263fe7418697f,3.1318724,e336d113184c4ebdbad7aa2b6ec64640
a95afea2e8ff4cedb3e0f1aedf6efb9f,3.1222084,e02ad4f63c8444b79a7a56fb23a4e0f1
6e50350fd3c745e6be8f38c45f9b9148,3.1124465,fe6ace599de44aa19b1773dad3658fee
503e10935d8945e8b7552e9f83309667,3.0909264,efdf40eee13d409c9955e5b84e4408f6
d37d23786d3f4e90977fbe2a3e5be556,3.0820758,85e7ea30890b456084b8e85c299c8649
7727fce048c74dfba9b871f0a6bb4504,3.07604,e27d9425c912446e947fe53c4a757375
1d6f4b84093244e6915c8d2b03d11912,3.0642884,bade01bd83ec4b6786fd8c867ca7a090
c8d0d1f2df5c4b2a8eecdd2acc610a85,3.0621026,e25b9d9944cb4d7197efb8ffc4ff57a1
af33a412aeb947a8b8c53cfc9e78a69d,3.051545,983940e0b12e4186a281c36de657406e
5854ad482e74460797366e8eb405b2e7,3.0359485,b7ef0a61de0e4adf9688b2c525c9ad09
37cf2461e5cb4c8fa0b0751436bfa69c,3.0313535,92229a391d0b418f87b32c86c42a292c
7f2876c8100e4b68a311343853ebb177,3.027228,19c9ac7b84df472c85ed6cf5a05fbbc6
d2a4c950a6244d788c3d60d371b154f6,3.0255198,fd51f3eef1a64d9a93652be481bde32e
d0dad3a420c744c3b2aaaa1604121d1f,3.021977,e96aa0967ab94368b381354e03dc40ad
0f94bc21c14143a9aa839de2e99bdecd,3.0128298,7ce06191f1114b4c8a00609f6867761f
5d32b941bc394464a6da8d1c78aeb3ef,3.0097237,11ec23965d2941d0817082107996ebbb
d0f798b90ad04da3a8a192e16d0b1743,3.00022,b2be859ca8f24cda86821d5383edbc18
42755c05cebb4531bf9b3f3297150fe1,2.9971015,e039a00eae414ebbb2205b011ac127cf
432fd48d8c1946838e62f7912527deae,2.9935715,7c1e02f3ab614e539ac901e5cd3c92d8
7149705cc0f243f3877d976946fcba4e,2.9917355,cd60a0fcac24465a880af7d8f921dd68
7cb7428e7e774e2ca33b6d9a12926311,2.9806786,23066f7964874fd39639dbf2cb2766df
4b39ba0bb2e54f72bf6cc4c7832b3841,2.977038,fb709e29755b44988bb252c87a2ce2f3
eeb6b27942084fa6a8e663ec3a3dad56,2.9706552,a0fe3cd34e474c3b90662ce8ef1fcac6
87773e87aa4246ecb99c535106be1412,2.9680214,acee70abee2841c9b67b95e9ed079647
7eab4332b2af45cd8ba6c4050d814b39,2.9627478,ad289d5052264f9c8bd0aaf9faace92e
e750dd4744fd4421bd2387f0ec80c5aa,2.9586773,f5a6222612ef406b8f02aef87e08c476
72679574292b4dcba4cd8bf82996bc5f,2.9497392,64f1d63a671d441d9663a783f632f794
256d2577d4f940778857e3ae7fa8e965,2.9493587,58f53c379f7a4868a2ba6d91a06247d2
d335f8b8c90c47229c445bda59c63cab,2.943593,d981f2c67f764e0c84af125b563958e9
e3fce4db03644ebaa6d2618e06092fe7,2.9398315,1cbfb22f84454b1fb821b602e3ad11f8
0ff31fb63a044ecba52ee62968e78be6,2.937116,65664fb3aad341fab563409d91dddd2d
7d4bb63bd91a4617a40be8165b7fc9a6,2.936122,7ac9c94011924c09b47f9640211885a2
78058b8902c5442880e64005e19e3f06,2.934808,678725f8b914453fbc1029b7c1bc0879
c67c378aa42248cfab4b61e502027a8c,2.9327042,9e304a9bbc7b4c22af8025fc93757357
ed7174d9684e4c1ab43b255543d62f86,2.923595,b25fe3b79f714d38b3fc53e39fd84d36
86c05c3d7552474dbf8eb503035b96b4,2.9212778,80921378de2b4cd3a14d449688d8b079
12b4b13d49b64b55ae65fe00960c4711,2.9178545,6a33c207c8b648f680dbd0e65639ef04
d8fd098382264e93a362843242d58e0a,2.9167275,8f761e1117754656ac86a3a25f241cd7
e10cdddb573548c0bd3d9eb0cef37f37,2.916556,d0a840820172465f83c8480d571e7b71
136549c15f3f468ab2ced44ab70b0539,2.9110808,d74f6e7abeb84eedb9923dadb62f45f0
173d05df5b374e3ea0eeb958b8854299,2.9065573,27eee82d7fb94b9b8b60bd3101187496
b19ea3eefb454edd861821b7164f50e0,2.905757,ad2b6fb945714e6792c17bd49a1066e0
3c6017018cff435f8a15557ec2740321,2.9050918,85e7ea30890b456084b8e85c299c8649
3037c91a3e5a4499827cbdaec427c82f,2.9043682,17cc6768c9d14388b7455fea0060b62c
91e6133ed3e2412cbd4f9450388c7eb6,2.898005,17cc6768c9d14388b7455fea0060b62c
649971e6871c4d3596bbe61f84b0e117,2.8971326,1216ce1ef31e4643bb1222538c206342
299011ed1f504bc0ac2d31f2876162d4,2.8893676,4b748d6624144214b3d8a80b37aabde6
0cb422afc9b5409dbdc542e32e32d01e,2.8850203,965598a17b624a0f9bb1cd58595458a6
6283b7ae96e24cb789de54f62817a522,2.8765032,e25b9d9944cb4d7197efb8ffc4ff57a1
1d2cd0bb5b1c471ca10d1eea0ef9b729,2.8656533,c26f5e7dcc8149f18f3d719bba9ae717
8278ffeb4f7e4854a015f434887473a4,2.8613038,700f381f40ce4b039ce0df8b49fb199b
cf020a2f14884c16bc73b159ead104b8,2.8577008,5a73e0a5c757410eb0928feed7b151c8
4cdd959af2f14b51bed3c4107c2f0405,2.8561788,80921378de2b4cd3a14d449688d8b079
04cde55231e04394a675268411aee01c,2.854967,1af4472b38cc4304841b2f1720075c9d
45fc0cc071f44aa5a4f55b6521959f82,2.8514829,7a4c413f5c844796bd5ffed2b65f0336
5d81d489a98d444a83664fe0db47fccb,2.8502874,00f45d57fd3c448d8cfdf3185ebae894
58e273c754c742a5a7557cc56e24814f,2.8399382,b7ef0a61de0e4adf9688b2c525c9ad09
b344c4448c13473197e3c11682c4096e,2.8358853,3257035cc77946d98bdc09e2fdd5cdae
a5f7a2fd13b64df595ec85f5354fecde,2.8331072,3257035cc77946d98bdc09e2fdd5cdae
7fef3b2e0481482fb860ca2b3db02567,2.8144205,9b22c5cdbff44bdabd48dba008e6a3b2
ab90f505d58d4d94afa71bd0811469b1,2.797152,80948e17b5694599919e1502bfcc08f3
7e14c6fa40384f39be08ef7ac6b7deba,2.7969728,4b748d6624144214b3d8a80b37aabde6
f8839308f8e84df6a185506e6f3f1674,2.7914526,e5692bd498004d32934fbaa05af2120d
7d741d7645a848d086367003b1d9a767,2.7779202,d27cfea4da8f445fb4e3c55e53c6482c
390b32b86ff0424dbb5e9e0d988dd09c,2.7735422,9303b9f7f4984b2dac8aeba8c8da8ef6
5dd11b299b1e4c9fa5e4d0683b4d02ad,2.7617817,cd56b9a044c24df8a7156f661cb3d9cf
d51de57d4ced4566bed6fef2db5c099f,2.7553504,d42996c2b67443fd9b73bba7641d4f77
a545f38de45e4870b398a90fe9c5cbbd,2.7534168,257aed6ca7a44f1cb5c664beb1be527b
1f487d592adc46f1ba935a923c34a9c6,2.7483368,7a4c413f5c844796bd5ffed2b65f0336
49b80615188d4680a95923cff4718e3d,2.7481952,8f761e1117754656ac86a3a25f241cd7
1e5b95e7ca1a462588131ff25c545f32,2.7451725,80921378de2b4cd3a14d449688d8b079
874d46cd1753457ab2d3b62ad0f3d867,2.7372491,75b0bd2240a54f6fb45bf95ca43ab5e6
83be35bfce854dc48152629a9841375d,2.7367318,c88be17376104f999b914a91aebf7220
4805a294e65b4d4db75948e86d3fdee4,2.7297668,acee70abee2841c9b67b95e9ed079647
9ebe890cdbad44f1936503311aa8efac,2.7270465,d79afb377f5349a69830b2b4c7cfefcb
37f240104b2040c4a8bedd933b90684e,2.7224884,d4cd0b56b6f54e08aec8ebfdb6122c5c
7138411c54ee4ddc9519ced57941eb3e,2.703383,78b600dd53854b018f87267d268b7b1a
7b5adbd82a584ff6b6e23b89956dd6f2,2.6976824,bd35571850644321b86ce4fae286ce7d
8522edbe627049f0b00eabbb776399d3,2.6905718,aa2d7a3a535243189492d4ce8e79c049
cb30b65c95af402290d013cc19a01632,2.6861076,0ebc441d25664c91adad96b570270f07
ba6e6bd633084e56bb1f91c62afff197,2.6854548,77ac5eb4b3054ca68e2b0dcbd5473fd1
0b7bef4f00bf42b0ac6d5e824b04daa3,2.680539,903360099fb644b6b88c6edac88eecb2
3d76459228604351a61361bb4e50f836,2.6786525,faaac88748714ce8a99413b952a1dac8
b38ef262d489438c979703e3e503f1b7,2.6736405,b050e9e1ef5946c297a34dda98d8f476
914e224085a24a7c87db637c208baac5,2.6683815,6c74bedaa406493a99988c5b8a47b704
d3d566cecb79472ab65c2a57bc6d7b6f,2.6523771,7ce06191f1114b4c8a00609f6867761f
6bfc7764438f4a6caffc2e8225f5545a,2.6523073,d331012ecf0c40888e0ac290184f0883
656745a4e33546768385d4e040d0fb52,2.6489444,01690d9b08164fcabd5bf0819754f71f
b0cc005e94e04a1da113c12dded0a882,2.6426678,691a538d2372403fad2b919b48ff5f85
7e7b0eca4a964ddbba6f2fe892340895,2.6346712,c9628610053945f4a7998ae48cd70da3
fcaf0031ba12457ca8cd515c95fea22b,2.6335752,bade01bd83ec4b6786fd8c867ca7a090
0ca1af4b4360463da2290c0231e7c2bc,2.6310034,acee70abee2841c9b67b95e9ed079647
2f01109a00d94d2ba4736fbea4522c20,2.628677,78b600dd53854b018f87267d268b7b1a
06b6d2be43a64627b49fcfeafcec63dc,2.616241,6b9b2c8f0a874bb8b6691aca6bc49565
b57d527c5d13406cadfa1a4f809cc040,2.6114507,64f1d63a671d441d9663a783f632f794
7a18d92954ca495a937856ac7ea4d263,2.5937963,564a84b1b830407e811bcfc7fd086a6f
1c0be8da9cdf4be8973e0cd18f5f8ebe,2.5936801,779d7c2bad1940c8a861451964e1ce01
63b43033779f4fd5ba6309fb8f1fb41e,2.5831664,7ce06191f1114b4c8a00609f6867761f
a57effbc5a3a4d369b53ac72791e1b82,2.5828342,7a2491a27f3c438a8549988f7a79e26e
d404db290f094f2f9dc6ffe54216308f,2.578783,564a84b1b830407e811bcfc7fd086a6f
7f50b6b5321c44e191bc82be785455b3,2.5709324,7ce06191f1114b4c8a00609f6867761f
b2bd065cdfc748af858a6b41f0be933c,2.5704572,31b69f9501c4415e929b6af28c83f6a6
d480f925a4b94f518e72ad64b3ed439a,2.569989,9303b9f7f4984b2dac8aeba8c8da8ef6
4b6eb18ba8244091a7dab36a9dd58d87,2.564169,f5a6222612ef406b8f02aef87e08c476
5ad95d0217fa4cccb9c2c7428bffd1f7,2.5531428,8aadcf7251724cc6858dc0db44abebe3
cea01bc4a1554d61a6b1a564073b4fc6,2.5368595,564a84b1b830407e811bcfc7fd086a6f
ca143ca992a648ca9b004f3be8a53a61,2.5335631,4696c8192576454f8684954bc771aa23
8f66f54b48f64293bbb1f369f41ee3c2,2.5293882,6c8a24653ef04f559b88e0f27c0df63a
22a3289b29c9411cb2777c5cd4b454ab,2.5291588,ecdae9f36c6a437ea72739febbf1c89c
aaba5fcdec244fc79439dd67ba8a495d,2.5245972,e02ad4f63c8444b79a7a56fb23a4e0f1
9ed80bde74cc4e15aaa675186748bdbb,2.5099661,58db4c3a26c84fa68d81235d078208bc
9993c4c8576c4a6cbb5cd12592fe9e72,2.5071743,11ec23965d2941d0817082107996ebbb
523ac70af19e4d6988870738be0827dc,2.5029008,1fde4c9a01f84c349461083b6d0ba9ed
d02c0b31ac9a428fb46248742eb502fa,2.4943876,e7d6747e8c8b4ebcb665e232240daf17
7901d858c6e44dea8acd99a79e378956,2.4939601,fcc9863b07fc4bd5a01fab5b9160eafb
5ccfffd900a1434dae33727030983cc8,2.479805,75b0bd2240a54f6fb45bf95ca43ab5e6
239190927a44453bb33c24a550d70b96,2.4778626,c26f5e7dcc8149f18f3d719bba9ae717
d9826bec6e1c4be6a7152f89b950fee2,2.473623,c3412c53e9ec4b6a9a1aa95cf7f0f1e4
4bb46186bb5347c793ef12b4397ebcd6,2.470006,6a33c207c8b648f680dbd0e65639ef04
daec8c9bb81142a98349b34affefed91,2.468913,630edd9b8f754b5dbd36cfbbd03ccb51
183908f894694011b40f78d80cbeb742,2.465324,f5a6222612ef406b8f02aef87e08c476
ddb77e0838c941d9acdd2f02496195e2,2.4595854,e9f055a212cd4e5e8601228c37713f35
89b0d50305744a53bf5c6cabc6f94b08,2.443656,d27cfea4da8f445fb4e3c55e53c6482c
734db9fe91ae4ef4aa4f3798343785f4,2.4424691,eb513691b7a04d31ab1bc50bf343447b
ee4ccba3df1844ce82f9731a2c019234,2.424961,a25b08e008114c9ca0266ce3e55d82bb
bd9ad9e73d3d47e6bc36d0072d5d99bf,2.4111443,3be388c9ab614bceb086c19f70df23c2
e578d2ca90a241bcb241e65a62648a66,2.394902,f5a6222612ef406b8f02aef87e08c476
fbffec6a21df44de80e049b741243c36,2.3918107,8f285540a9394706bd6ec6cda46c5058
86339034705d41e685883013d2ef7d6a,2.3915772,9303b9f7f4984b2dac8aeba8c8da8ef6
b5712ebb3754407989fd548033fcc3d3,2.3900166,e492ff7fecf046a4948c5ba5631cdefe
387cfff049b44a62ad0215e9bcd6f912,2.3863192,ecdae9f36c6a437ea72739febbf1c89c
d3b5dd91af4f4e17a5b26bd5058f3dd5,2.3841267,c26f5e7dcc8149f18f3d719bba9ae717
173d2968abb140d2bd3ad182500686c2,2.3817868,d443e0c5017d48d1b3f86bf4da959ed5
a2e363e09aed44868c4e51d9cce19eb3,2.3773391,c0cb721b56f240dabf7f464e453ef72e
edb1a0a557354729b75b63862940d133,2.3761754,01e805bb5a1845a7addf86fe9bc8d814
041c8b8571254958916a2b21a2e98516,2.3754244,3257035cc77946d98bdc09e2fdd5cdae
c0e006372bab471897981e28cf25f546,2.3748446,d4cd0b56b6f54e08aec8ebfdb6122c5c
b0535812250c45b497a6bad12645aca1,2.370091,2a9658410614443d8a27ef174f61d6e8
179de20d4413414c92aa7828d5950f5d,2.368203,5a26ae7959494fef99542e9b2004fd11
af93b48dee3a4f0a924c31d87144d7fc,2.3570163,b7ef0a61de0e4adf9688b2c525c9ad09
18200ac0950d44d7af9f61b8b1f6467c,2.3538451,ec281224f8ee419ebde676f291672aea
04fa52d782e34f0698238fc47401ee94,2.348224,965598a17b624a0f9bb1cd58595458a6
4ec7a9ba5579479e8eb75b6a39172728,2.3423355,5831f5e280be4c02a09ce4588b56d7f3
06dc42ee4aa4438a91f2d88754ad84cb,2.3418088,650afb6a1d054e59904a1b796552eb04
587c1d4811034d7d8e3ccdb4af7ddbe1,2.340388,e25b9d9944cb4d7197efb8ffc4ff57a1
b36e14c403c746758111d5c51809e382,2.3312607,b2be859ca8f24cda86821d5383edbc18
a0720ed891c94750a6be596258ee3d43,2.328627,678725f8b914453fbc1029b7c1bc0879
b457016349004dba8b94241ddf2b6964,2.326586,640f3bd184b7425fb22cc7773b8b2244
d7af13217f9446bc8d46c21e5d91114a,2.3259337,836ec4ef8df644328ac07b7803709323
1c72a6a5b70a4bf08702aba29a63ead5,2.322977,650afb6a1d054e59904a1b796552eb04
8a58d56cfe3a46549a16ce3a0f3daf0e,2.3200765,bd35571850644321b86ce4fae286ce7d
7975ca7b6008414e8bab9d135c53eb59,2.3190417,a926df6d7fcf4b17b68dae6f41fbce66
6ef03128028e416e929a82f5c819206b,2.3105297,21b1ded02d7b42618592187e287835a3
b9500ef3747d4220b748183372d8c2cf,2.310145,f9fae977af2c4f35b29400f31267e170
28ff28dc16ac43ad9110f26f13aa339e,2.3027282,c9628610053945f4a7998ae48cd70da3
b256661e96a042c28b299514e4e6e4cf,2.2954326,5831f5e280be4c02a09ce4588b56d7f3
1ca76b297f0e46b1ab22a8cd94230582,2.2926884,27eee82d7fb94b9b8b60bd3101187496
cb03a3e350c3487d9d636625b49d09a0,2.291908,855b3971c4a147cfb9a7c281fa6b915e
0f8a4be0f3094bce84e582a214feabb7,2.2662363,aa2d7a3a535243189492d4ce8e79c049
51bb2642caaa4fdfa82051cea135a8ba,2.2630014,b4150337314e40fb9e3ebb24514504a3
e96f7d9a6eb04d7e9b3a01744c7f210e,2.262149,836ec4ef8df644328ac07b7803709323
5f47f156e8204f808cef8696d1f8920a,2.2493217,5a68e05acea4434ba08e17e1fff00057
00306589ab9241cfb569f6b85c0e2843,2.245516,7ce06191f1114b4c8a00609f6867761f
78df036c4e104457afcdf7598e9ce958,2.2451887,f615619defc4402b82845090c238e597
1a3959ec40e24329b5c36ae3d8bd148b,2.2439115,d443e0c5017d48d1b3f86bf4da959ed5
65fdb46393a34ac699da17059ebaa6cc,2.241292,f9fae977af2c4f35b29400f31267e170
0785e71626c6454dadadc8359e1f696a,2.2372265,640f3bd184b7425fb22cc7773b8b2244
b49ff629d01a47a284c14dc1d21a0d1a,2.2274992,a585d23fe43f459ba86ac15645af77ff
56cfe84755904ae98f74d085dd2fcb7c,2.2224066,6d3c42356e3b459c919e3129ff192ac4
b7e671bfae63423bab3fb47c46a0b0b9,2.2216477,8a77dc665d8b4d95a0b1113522f7e9c3
9aa12e538d0c4d89ab849afde0b92d65,2.217815,c88be17376104f999b914a91aebf7220
64f28ab73b654d0399810c11e2dc615f,2.2125075,7ce06191f1114b4c8a00609f6867761f
acc8825aa2cb4d06bd3574a6b36e6a40,2.208046,c0cb721b56f240dabf7f464e453ef72e
b074150ff8a24cc9b889876ee8b52d9d,2.2071586,a926df6d7fcf4b17b68dae6f41fbce66
f854f94037cd4d678dad33c5ee4d0dae,2.2052932,5a68e05acea4434ba08e17e1fff00057
0499bd7b39be4304b273f17a516f2eaa,2.1968443,80921378de2b4cd3a14d449688d8b079
10f74d10373f4f128add836b046afcdc,2.1966968,d9fbe02f04a4469dac855f69ea6ad02a
b260e27f99814dfc9434f7e4b50702ac,2.1844754,057164cf4aab45ebbefef3409359cfb1
ae8dce8e4fd84a42916e2a2ea4ab7c38,2.178865,fb709e29755b44988bb252c87a2ce2f3
8ffbcfeb411843b2bd6e513ae284b232,2.176536,00f45d57fd3c448d8cfdf3185ebae894
53ad9b6f270d43beaa19337b588c1e60,2.1641052,1543a2f94aa74008914301874d98f0f5
275a7144962641e1a6b32428d2e025ec,2.1639938,fe6ace599de44aa19b1773dad3658fee
0c553973fbe042a7af2110e0a2fcdddd,2.1599197,bd35571850644321b86ce4fae286ce7d
b89cf65d34284353a3c517db67021cc0,2.1525395,691acac4a54d450697afb2c2dc4fca09
a9a64390a549402a87d7334ff62aa560,2.147555,73e7e41e8db447c09cb2363d76556c64
d940c859c01449d2acaaa7b3fdf1fbe9,2.134098,01690d9b08164fcabd5bf0819754f71f
4762d831f5884e25bb3eb6e73fd283fe,2.1334097,d79afb377f5349a69830b2b4c7cfefcb
45e4e8abcc7d41019873e9cefcf22239,2.122685,01690d9b08164fcabd5bf0819754f71f
413423a32eba46c2b7def04c66e6f9f2,2.1206787,19c9ac7b84df472c85ed6cf5a05fbbc6
999fb1ffa3824b0691a5dcd65625f30f,2.1202383,2a9658410614443d8a27ef174f61d6e8
1cab9ba05da64cb6a34b521f9b039303,2.1122854,1d47a696eae94bd29f215a4787b27d8a
de7e2ebef31a43768b57de371f2631aa,2.1028302,057164cf4aab45ebbefef3409359cfb1
6f19ee43f25e4a01adfde430ceb68864,2.0847907,9303b9f7f4984b2dac8aeba8c8da8ef6
ef4b6d47c51c4527a80e52519f3c872b,2.0795875,691a538d2372403fad2b919b48ff5f85
2eec5eb123e343b89370139c57a3ef13,2.077891,19c9ac7b84df472c85ed6cf5a05fbbc6
f2b48599b4e942a098c9a2fb280c2525,2.0710757,7ac9c94011924c09b47f9640211885a2
82a059da201341cea6290c541e65ce5d,2.0659268,75b0bd2240a54f6fb45bf95ca43ab5e6
1f51f549ad514b1c98445416e5acfe66,2.0628102,5831f5e280be4c02a09ce4588b56d7f3
0affea27dfd242bda2130ad14ef28bb9,2.058498,903360099fb644b6b88c6edac88eecb2
7dcdd31673a44edaa5df70306899ce60,2.0536938,de9328bdd1b34adda74a0363ff0a52b6
b4d2f62738d84adba1b5809481bab602,2.052803,fe6ace599de44aa19b1773dad3658fee
eccc933299ba48deadc3fbeb6ca6ffea,2.0498805,37337ebec05640b890e4b9612776c32b
7771343be99843f58171d62a3f040005,2.0495827,e52a528036014db0a7bd54b99a310fe8
44ed303d7bde4629ae56239936f499ec,2.037454,1af4472b38cc4304841b2f1720075c9d
0ff2646f55f04a5a93328204b6fa099c,2.0373778,31b69f9501c4415e929b6af28c83f6a6
55c82489e50948b39c0f1bfe5fbf408e,2.0373626,89597084b19c4902b073a2c6c6622456
a7c72b26df5e476a8a8efd1d597ead90,2.0369666,9ff95d23c3284d31ba5e398afa520649
9da0bc8ceec24ce7bac851ca1fc67b5f,2.0333462,d6fe6f8380464e21a27fd69de27f1f57
15af8d3a801645799a0656e8ff3c729f,2.0286677,691acac4a54d450697afb2c2dc4fca09
580c0c6a3cd6416cb6654f177ff2498a,2.0280035,9b22c5cdbff44bdabd48dba008e6a3b2
c69f7426bfca4d959cc756572440109e,2.026209,3b13d134762445cebcdbb02b484db77b
6fa6aa705e9a479b9435e2367955056b,2.0260901,d6fe6f8380464e21a27fd69de27f1f57
ea60559c1a414dafbe5652b8b1ef5ffa,2.022103,e02ad4f63c8444b79a7a56fb23a4e0f1
b48f5f444c3140b38a8e756e57fd042c,2.0139723,9b22c5cdbff44bdabd48dba008e6a3b2
1252c75b04024238b04ae25eb65cf090,1.9966625,6a122ce1702646db918266228d48bd08
620d85d5d0b947dfb2f0574a0d4dfe72,1.9897525,8db9e204b8b841df8fd94eff0888cdf7
96427260d7a740dc8e8abb4b879ac84d,1.9760617,4d708e5878784386a42c2f436d2d60f0
383851cf303e47bf803a3a00b6481efe,1.9614577,fcc9863b07fc4bd5a01fab5b9160eafb
3f44a924107f4ecabdb619dac62a5931,1.9598885,5a68e05acea4434ba08e17e1fff00057
2c2bd31efb4543d08c60180fb6fa21a2,1.9537798,1d47a696eae94bd29f215a4787b27d8a
671397532db64b2a86a8e790655fde58,1.9209222,80948e17b5694599919e1502bfcc08f3
901288a03fde4b628e2efc51f9ec6f0e,1.9163586,257aed6ca7a44f1cb5c664beb1be527b
b7734f7f37a349c491b96e42059f61dd,1.9121437,bab3bdc133384798b558f8fb6466a7fa
b904ff33d535410cb0791f1e1227e8c2,1.9063324,c88be17376104f999b914a91aebf7220
4eef43c568d642d0b7a75932102cd2f8,1.9018846,8aadcf7251724cc6858dc0db44abebe3
6fa96236f4904758aed745bb8a495f66,1.886098,e9f055a212cd4e5e8601228c37713f35
e90176ac18954403abf1a65c40838e23,1.8692892,bf59502a233e4b5eaff9cfa3a992c387
ade56895f4dd427b8c4477aa940dc716,1.8630892,e52a528036014db0a7bd54b99a310fe8
88769fc17b0e4f3a9736d45e131659d9,1.8551449,ad289d5052264f9c8bd0aaf9faace92e
974a8661873f458193c891d3ef4dd208,1.8531747,691acac4a54d450697afb2c2dc4fca09
062dc7df9c4f430f87502fe7eadd5d7e,1.850893,89597084b19c4902b073a2c6c6622456
3710bf2a11584bf098b45d14f2308ef2,1.8252537,ed9b10a2879742628fce003076ef9024
40ef7a281c80494686e90001c1421dee,1.8243966,ff715b4f228443e3b067c801250f3402
ac2d96b937b24483be886056bc0c2b67,1.8233379,23066f7964874fd39639dbf2cb2766df
54cad1d39001470bae1e14fe0e58f061,1.8158593,cc21026ff0d541909df56c5618d28518
f185dd7af4814c9e83eb8e679837ee60,1.8107958,4430d47e30904eab969c1baebca184c0
506892256fe04ccdae8ffa97993fb582,1.7971566,691acac4a54d450697afb2c2dc4fca09
c0f3c55551da4b9fa0600e0d1b9181bb,1.7952441,0472051dc57d43f8b9dd08df475fc4a3
70d4373544a8407086d520841c1eb504,1.7936404,7c1e02f3ab614e539ac901e5cd3c92d8
8868c5482f844182914477066c6e3287,1.7734987,b7ef0a61de0e4adf9688b2c525c9ad09
e349c885e3cf4b12898ea2f38cccf188,1.7671752,f615619defc4402b82845090c238e597
b9e0a43c19a04981af4a6dbf15166196,1.7612456,aa2d7a3a535243189492d4ce8e79c049
dc439e2feee54ac8a73f06f7ea3d8334,1.7587231,8f285540a9394706bd6ec6cda46c5058
7ee89cd6d6774885a024ad9e8abfda35,1.7563472,3257035cc77946d98bdc09e2fdd5cdae
8baed775825049a7a98ba659c3139582,1.7504989,6c8a24653ef04f559b88e0f27c0df63a
bcb1b70968a74d41b4f3b9dc27129974,1.7468684,b050e9e1ef5946c297a34dda98d8f476
42058ac0b3ff4d34b26f6d53d69b27be,1.7296534,9b22c5cdbff44bdabd48dba008e6a3b2
8c5aff69d92e4556bbd5cfdb17a74109,1.7285919,5a73e0a5c757410eb0928feed7b151c8
e95f49fcbcd542bf8815319116a39edd,1.7102771,0302e7dde9074dddbbbdf85e9be57901
3e3a44c2636246edb0f9c1d8f041d873,1.7021956,650afb6a1d054e59904a1b796552eb04
dcaf50ce32524dee92c4fe00de88a3ab,1.7017106,a585d23fe43f459ba86ac15645af77ff
11cd11ee574a460989af01777e154c33,1.6959039,156f393f7ca046299e09d05464afa056
3723741c22a347c7a622bec61ab94d3f,1.6950995,64f1d63a671d441d9663a783f632f794
98b5731fc463498f9da6bf4beeaadc1c,1.6903197,8a77dc665d8b4d95a0b1113522f7e9c3
429c0e9f5199454590fcd1e2560a42a7,1.6884117,1af4472b38cc4304841b2f1720075c9d
061948a87df34fb3b077070194c1119c,1.6881247,1f8c0f02984e4139bf8043e57497fdb2
844cc162c90c4ad0bf5be9750450f4f7,1.686578,89e43b092c844b5886a93091a22c894a
963dcd06789246059d5a6ecdb28e6321,1.6854951,77ac5eb4b3054ca68e2b0dcbd5473fd1
75a44d8541fc4f6db502671300b2ea97,1.6808419,fd51f3eef1a64d9a93652be481bde32e
1ea12b451b3d408baf7902165bd34a14,1.6776102,65664fb3aad341fab563409d91dddd2d
3b01fad04aad4fba95d40be77808d716,1.6739409,cd60a0fcac24465a880af7d8f921dd68
7f1f5ddc758b4e929452c112c70911ba,1.6679907,7a4c413f5c844796bd5ffed2b65f0336
984301327f964e12a088fd8ee2361fdc,1.6671813,ecdae9f36c6a437ea72739febbf1c89c
de6f18bac6e4441f8dd17e252f1d993a,1.6603265,0ebc441d25664c91adad96b570270f07
bd2048721a484ac4925726f9a0df7499,1.6596375,e52a528036014db0a7bd54b99a310fe8
9146bc8522804996b5984ed63944edb7,1.6533558,01690d9b08164fcabd5bf0819754f71f
4593972edeb84fe49e5ad1058e0d8d35,1.6441401,bf59502a233e4b5eaff9cfa3a992c387
99a4beb62cd744e5842541fd8cc9f61d,1.6430489,678725f8b914453fbc1029b7c1bc0879
e263f6646da54395823572d53a7be6e9,1.6422393,58db4c3a26c84fa68d81235d078208bc
a16486024d12452a9c7a4d88c7fc5efa,1.6402997,6c74bedaa406493a99988c5b8a47b704
21b8e136ec834f4cb7c6232d8a8ebb52,1.6385916,e7d6747e8c8b4ebcb665e232240daf17
0efa7128e7d54bb098c98a8d23fa4d55,1.6273855,aa2d7a3a535243189492d4ce8e79c049
5c6c691ff9a94d5e954977de26cd9cad,1.6270397,fb695c097d5845c282f6b30c241e8cf2
1089b153884e4aca90dce90c11539615,1.625317,b050e9e1ef5946c297a34dda98d8f476
e1373920ccf54979ab678e62eb165c60,1.6250504,b2be859ca8f24cda86821d5383edbc18
78ba6aa176c7496d85a6fdee9dad62f1,1.6248103,fe6ace599de44aa19b1773dad3658fee
1fa5b671cd0d4cb39567f651ef001e97,1.6222117,7cd1db4b50dd41e6b2f3dd15fcab3b89
90f24532a2864b7aabfcb8e5d5dbce72,1.6210418,46ba0b979a664c7cb0c315c4cde6ac86
4440ec412a204073bc44b4890ee24ee9,1.6209726,d443e0c5017d48d1b3f86bf4da959ed5
5466e5423228429ca4afb7578e83a4f3,1.6207662,fe6ace599de44aa19b1773dad3658fee
6339e9726a4b4ebaaf1b22a56c33b779,1.616446,564a84b1b830407e811bcfc7fd086a6f
4cf647a905be45e5b1b81a0559d834d9,1.6138589,fcc9863b07fc4bd5a01fab5b9160eafb
9b0790e53e7c487885af42388d8f681a,1.6135821,1543a2f94aa74008914301874d98f0f5
1742e7fa8f8a48728fe37d75ce11b9c4,1.6084876,1d47a696eae94bd29f215a4787b27d8a
6ede534375a14c609d02c3f94a41907e,1.6055197,de9328bdd1b34adda74a0363ff0a52b6
71f93aa94339483884743fd218725216,1.5950166,9b22c5cdbff44bdabd48dba008e6a3b2
7dba9b481a53475cb2f9bb524154fa97,1.5921345,75b0bd2240a54f6fb45bf95ca43ab5e6
211bbe2f818640a39e55304483f7aee1,1.58362,691a538d2372403fad2b919b48ff5f85
d0c34b42e0ea475cbec6f473103ce609,1.5762908,e039a00eae414ebbb2205b011ac127cf
803ab31024764a56a2ac0cda5c79c69c,1.5676131,11ec23965d2941d0817082107996ebbb
b4aed3fb5b3f491b99ace5c051b75eab,1.565269,7ac9c94011924c09b47f9640211885a2
f68b3be7e23c4f86addba549e41b9077,1.5598309,9b22c5cdbff44bdabd48dba008e6a3b2
132d0c20f3274e85bec13d5c38962750,1.5555881,8a77dc665d8b4d95a0b1113522f7e9c3
0c2f43def73f4f3a89a64828f97dde43,1.555135,a6a551a308b9442f947ea0608ae2c3fb
50eff679bc384b72918eba1cd77a5597,1.5544002,46bfd7af0ed6491fa621350963d11e35
37a17e9368a0458aad652a8b0602892a,1.5517206,630edd9b8f754b5dbd36cfbbd03ccb51
4838bbbf3ac543ebb0bef130f0f28d48,1.5508648,d6fe6f8380464e21a27fd69de27f1f57
f023a1ec2a5e4947a0c66be38c5f67b2,1.522525,7ac9c94011924c09b47f9640211885a2
d067ca627837456bb0e6cc40a06d224f,1.5218955,64f1d63a671d441d9663a783f632f794
34e6f332d53646d38eb22993afc64a02,1.5181838,02cf82700b4f4773af3a14ad8eaa5270
a2257482b09e449f8dc0e6a32423b610,1.5170288,faaac88748714ce8a99413b952a1dac8
f825d91f98ed4b9fbffdd2f5bcea698a,1.5162187,d79afb377f5349a69830b2b4c7cfefcb
fcde1e3b91aa485688682e6fdc3c24e8,1.5146978,1d47a696eae94bd29f215a4787b27d8a
1197a3e216ea459dbc822d775b701062,1.5137684,e02ad4f63c8444b79a7a56fb23a4e0f1
9e1261d3e89b47a78e1590fa544c3df0,1.5118837,02cf82700b4f4773af3a14ad8eaa5270
24e177e9075a4c7ebd2cf154bcbf7b78,1.5056907,c9628610053945f4a7998ae48cd70da3
af18a5f9a5aa45a191a99b4792b127c5,1.5034232,78b600dd53854b018f87267d268b7b1a
f46543478e9f4f0bbb721b47a528562f,1.499786,f036aaf4ab714c598a0b6da4ca604136
b4bfd87056ca4927b56965f9b8341f74,1.4948341,74e7db4222ca4a20811199afafa346a7
61e1612d7fad463ea1c28d21bdc98513,1.4941456,82b01998353e4141a7613fdc96d7b600
4207cafc0d1f4d50b76a0fe4b67edc09,1.4933366,9ff95d23c3284d31ba5e398afa520649
fccd86bf84054e46a65b37bb8808da7c,1.492921,e492ff7fecf046a4948c5ba5631cdefe
a72d6ed397c64fa7ad1aeb46a417fa4e,1.4894782,8a77dc665d8b4d95a0b1113522f7e9c3
a0f623aff0d34804a39f4b55a08898ca,1.4882419,903360099fb644b6b88c6edac88eecb2
41fab89a8af342e5835f50c62da3910a,1.4858806,1af4472b38cc4304841b2f1720075c9d
619fb307d36a42b8818b2918edc88ade,1.4720731,aa2d7a3a535243189492d4ce8e79c049
b24046864bc341499137c0e4a5d92315,1.4674641,82b01998353e4141a7613fdc96d7b600
2092a0007cd74f32bd9954b25b49cf21,1.4663467,5971501b0e8b4ef5b203c3985d7f5e88
3a48941fe58c4afdb3ca7520eb9bd36e,1.4661375,a4cad92644614f78bded3ca6d6023473
187dd510c41a49f4af9d4c4371e98953,1.4654974,b4150337314e40fb9e3ebb24514504a3
7118df93df274839b3c1c622ac4b53f0,1.4477739,f11f1682b5924181b047d757d3e20964
91a9ce617c5b458284f2fab317b423cd,1.4431978,1216ce1ef31e4643bb1222538c206342
65add58592564636a49ae7417f79e9ca,1.440265,b8ca3b6144cd48208caae952e096e7ae
bfd311fb1c224274b98d99f84e3cf150,1.439089,d42996c2b67443fd9b73bba7641d4f77
fa350c4d307c4225b43fde340c1e9c40,1.4362528,acee70abee2841c9b67b95e9ed079647
c3758e6612fe4a54ae862d91d26d805f,1.4352164,d331012ecf0c40888e0ac290184f0883
7e1df8a5aabd4ab88cff299bb27c308d,1.4338603,0472051dc57d43f8b9dd08df475fc4a3
d49f6a76fe334b5ebf72758df0f42d07,1.4332187,c26f5e7dcc8149f18f3d719bba9ae717
63e06c0c69054bdd8c2690539549d9cf,1.4304179,37337ebec05640b890e4b9612776c32b
374f3a07f645432ca97d2116e61d6fc6,1.4297419,0472051dc57d43f8b9dd08df475fc4a3
727185eb6c4b40c7826be433f5a5d627,1.4279146,23066f7964874fd39639dbf2cb2766df
4b984f558f9e4236b12f8875520bdebf,1.417043,e25b9d9944cb4d7197efb8ffc4ff57a1
c6b7ad3591e84b359837e00aac91e82c,1.4082452,6a122ce1702646db918266228d48bd08
d3e12207d56644628943a01c0cdd93ed,1.4072437,1216ce1ef31e4643bb1222538c206342
f74645ebd6e74b0a8ca70c4a1a983295,1.4058743,46bfd7af0ed6491fa621350963d11e35
5df9b0803cc442b68e59b21fe5955092,1.4038312,e25b9d9944cb4d7197efb8ffc4ff57a1
e7484e33c0004b31996c7062d82f4819,1.4037806,678725f8b914453fbc1029b7c1bc0879
d1cbea7387cd4d1bab69dbd0238bd135,1.3958331,6a33c207c8b648f680dbd0e65639ef04
932fad47da6c474ebd763a0249ad22cd,1.3957632,f9fae977af2c4f35b29400f31267e170
00a23ea3107f484f84ca76a6fb313ceb,1.391588,e9f055a212cd4e5e8601228c37713f35
a1e176f474f04640aedebc0ece81583e,1.3820722,965598a17b624a0f9bb1cd58595458a6
4c2fc2033f15495485965dbc18d3191d,1.377927,e336d113184c4ebdbad7aa2b6ec64640
e163e00abbda4bc5adec2f85871b7c88,1.3692324,5a73e0a5c757410eb0928feed7b151c8
0a0ac8e04384494aa6efad6605bee67c,1.3616592,cd56b9a044c24df8a7156f661cb3d9cf
be9ab7f3be354f5c90bd15df7006776d,1.35793,02cf82700b4f4773af3a14ad8eaa5270
54371d2d71dc41b99b9d79ae757b5dbf,1.3534901,4a4eb12a639346b5a00557d54b51fe51
2c5c1b245a194f81a943ef372c580853,1.351146,01690d9b08164fcabd5bf0819754f71f
7798dea58b5a4389aca581f8efc4b17d,1.3508751,c322b788813745e0aa7b592b4345d379
9f3b0cd053d04311acf31077db03f489,1.3507762,cb85047b65f8468aa02744c28c075dbd
4866602fe3094c6789fdc1956c616d93,1.3495511,b25fe3b79f714d38b3fc53e39fd84d36
ddfb9bf3e876482b994c7955230bcda9,1.3461083,5a8cc5ff28fb4359afc7e9fcbf3bce55
a4e40c85d10248bd9a34d6c44e22b010,1.345906,c9628610053945f4a7998ae48cd70da3
6f6fd5b2a152493e8afcb221b1b198bd,1.3405831,cc21026ff0d541909df56c5618d28518
46d21d8ab5eb41a080233ba04192b3f6,1.340039,d576e334105247369362b05a375e88cd
d4b67d4bedeb47018a353598e2262d9e,1.3390372,c3412c53e9ec4b6a9a1aa95cf7f0f1e4
3787d8d226fe43acab22bb2c72e2b1dd,1.3181304,cb85047b65f8468aa02744c28c075dbd
e6f19de2daa24324b2c88100702126ac,1.3120167,691acac4a54d450697afb2c2dc4fca09
a4c088804f1a458e849f356cef8bfa22,1.3081839,e336d113184c4ebdbad7aa2b6ec64640
cbd8f182af0646f2a5d514de46872f05,1.3044348,a25b08e008114c9ca0266ce3e55d82bb
89d4dbe124c14550a38f6790a02abf01,1.3037432,1fde4c9a01f84c349461083b6d0ba9ed
14169e1048564c4689c2584a790d6696,1.2955036,1af4472b38cc4304841b2f1720075c9d
c189a309da7a472e88194571c3354d34,1.2950141,6b9b2c8f0a874bb8b6691aca6bc49565
d7cad8025bcb4868a7196c152770ab3d,1.2904799,fd51f3eef1a64d9a93652be481bde32e
5f9f73f06c024e65a85b3c9298c426cd,1.2877111,d4cd0b56b6f54e08aec8ebfdb6122c5c
278a6d1334d949ac865e60b6199bf59d,1.286483,a926df6d7fcf4b17b68dae6f41fbce66
3111ca7c585243e4aff0fad54c82a69b,1.2828034,836ec4ef8df644328ac07b7803709323
83d43c7c640c4996a271c9ec70bd0746,1.278644,0302e7dde9074dddbbbdf85e9be57901
c853cbd19ac0421eac6817429b6f8804,1.2783482,526ab7eda50e4a239d03ad505832d61d
334dd9387233405cb0ba67a8ddd52c53,1.2741888,bab3bdc133384798b558f8fb6466a7fa
84e4c1bdea914f529a194f767629d1b7,1.271316,2a9658410614443d8a27ef174f61d6e8
574b37b5f1374cd3b422354879e9f582,1.257165,6542f58c143446f280e88a6375ccf79a
1080188fcae241b4a5c7649114dafd64,1.2563035,5971501b0e8b4ef5b203c3985d7f5e88
7e1f279ed0b04e478b3bd9dbc9e6a6c0,1.2513938,6a122ce1702646db918266228d48bd08
5b2c1e575e8a46daaedcab661b62235f,1.2348845,34b71675a1ae442395b6eb1f3eda23df
75bd7834bfba42a0824a1918cd04b829,1.2322253,c8b9a0ac7c214a449c434aabdf6ef770
01bdc1af846a44eeb5a789e393d1d7fb,1.2295508,5971501b0e8b4ef5b203c3985d7f5e88
cb44ae0776e3419e8b0aab12b82dc8e2,1.2219422,23066f7964874fd39639dbf2cb2766df
33babb0b73f84a8a87d9c75c03bfbc99,1.2198069,1216ce1ef31e4643bb1222538c206342
0a6d5cd06af2452ca1b3a4657d9e0767,1.2159442,d331012ecf0c40888e0ac290184f0883
6cf7328bcc2c487e8e43953245e0f4af,1.2131033,0302e7dde9074dddbbbdf85e9be57901
4e828f821c014d5d99850f710aff0f21,1.2124629,f5a6222612ef406b8f02aef87e08c476
1930e2b037404eb3b7a991849e81320f,1.2104913,21b1ded02d7b42618592187e287835a3
ca9d736b288240819d620ec83c0b3f3d,1.2097774,8f761e1117754656ac86a3a25f241cd7
2af53201cad64c32bedf284dd06c1cea,1.2078092,f11f1682b5924181b047d757d3e20964
57c53927cc0942b7a012edd211993b5f,1.2071891,27eee82d7fb94b9b8b60bd3101187496
3e85ec80c479459598052f2abc51cc73,1.2037907,c9e2e76e631c4d0a8013d90892350e06
6bc08caeb482448c85c44c89c5fee7b8,1.1975281,4aa3556b2aed469584c573868193a07a
9f4712695bb64f01a331632d4e83e318,1.1906481,cb85047b65f8468aa02744c28c075dbd
014b077427a84137a08055cd6ba1057f,1.1874747,fd51f3eef1a64d9a93652be481bde32e
839527c5eff74e27a3dd2e5a9336cc57,1.1859733,c9628610053945f4a7998ae48cd70da3
38b738aa374d42a1b20afa63ccfcfd62,1.1842892,01e805bb5a1845a7addf86fe9bc8d814
5721ca5ad6544bb8b6995ab82d1f5fac,1.1835916,80948e17b5694599919e1502bfcc08f3
c60349b6f8454e529aa85264c412eb2c,1.1805341,77ac5eb4b3054ca68e2b0dcbd5473fd1
b615a0420b8b49d8a7153658ccbdd788,1.1716651,aa2d7a3a535243189492d4ce8e79c049
14251437e9d7466c9909622c9fe454a4,1.1437881,257aed6ca7a44f1cb5c664beb1be527b
493a9c5f51a84accb411c3f643d0fba3,1.1436551,21b1ded02d7b42618592187e287835a3
d87ab9d9a67547ccada7b9ea3d22154e,1.1385258,bade01bd83ec4b6786fd8c867ca7a090
d26040150be642cfa0310e083cc0d204,1.1362252,bf59502a233e4b5eaff9cfa3a992c387
f4a11d6e649f44be960bbfc9a5aab7c9,1.1307889,b25fe3b79f714d38b3fc53e39fd84d36
e8ee807a789d465c99039c42dbdb3203,1.125173,5a8cc5ff28fb4359afc7e9fcbf3bce55
7c9553e399964910b2eb9f1c94c913b1,1.1238996,7a4c413f5c844796bd5ffed2b65f0336
6fb6a2666474414e950f94d5b467b229,1.1150591,bab3bdc133384798b558f8fb6466a7fa
512d51a776a240e1b495922587e2bbba,1.1095488,a926df6d7fcf4b17b68dae6f41fbce66
539c9a4dd3ac4de18415aae9107a2600,1.1085694,11ec23965d2941d0817082107996ebbb
a02994faca0a4c088e226d856518737f,1.1077143,630edd9b8f754b5dbd36cfbbd03ccb51
e1c498af40d54c85bcea4f0ce236b966,1.1066359,d9fbe02f04a4469dac855f69ea6ad02a
35129a42bebe41de95138c15b348926d,1.1063309,7ac9c94011924c09b47f9640211885a2
6cc7c613b8ca402b81fb2976f7a8d07e,1.1001626,e7d6747e8c8b4ebcb665e232240daf17
a3a8679097e74509b7525e86a5457662,1.0974202,b4150337314e40fb9e3ebb24514504a3
d6b4f4ad86b24c25967551b42462c386,1.0961342,d443e0c5017d48d1b3f86bf4da959ed5
67807253c7c94312952c818472d4888b,1.0883996,6c8a24653ef04f559b88e0f27c0df63a
2613b590d7c94de09bd3bc1e4aeebb1d,1.0862542,fb709e29755b44988bb252c87a2ce2f3
e99926e33dcd4f4082308eff2e38da35,1.0859535,88dc23909eb4415aa39b96cc3a4c2926
edf32c81fa8c41f4ba76d882cc8f88c7,1.0806621,fd51f3eef1a64d9a93652be481bde32e
9e2872646e314b1f97e9cb135dccd315,1.0779251,92d5da561f5a41bf929f3555a74cd653
37c0ed56957944cd874df80d82afca79,1.0772779,6aaae524573f477f8fdef0b83787cbee
8c4f8ffe681a4951928e1444bf4947d6,1.071485,fcc9863b07fc4bd5a01fab5b9160eafb
dd86feab056c4c7daa68ee078e171302,1.0682441,8db9e204b8b841df8fd94eff0888cdf7
8b5c517e199245b2b9ffe9601e9c5fd8,1.0663388,92229a391d0b418f87b32c86c42a292c
a202212d6ad9404fbc16c60a7fc73ddc,1.0604055,fb695c097d5845c282f6b30c241e8cf2
edae612794a548eea7fe0edde2cd8271,1.0560763,c3412c53e9ec4b6a9a1aa95cf7f0f1e4
f8a46af09cee4fd4a9c2ffe00e109f28,1.0554992,6aaae524573f477f8fdef0b83787cbee
b9927fff8eac41ac99d787e84af9c3da,1.0540855,95fbc6ed8bfd43c1a6bcf676e26e7f8a
e212caf6ce0045358ab77835c78ae98a,1.0520802,7ce06191f1114b4c8a00609f6867761f
fbf3e9aa77924f2397522f3e54f91d54,1.0496042,836ec4ef8df644328ac07b7803709323
01651322a4034bdba60434218dfeb79f,1.0447364,d6fe6f8380464e21a27fd69de27f1f57
0f3dc35d3b4a40e79c0af54b9b3d1f66,1.0440254,fb709e29755b44988bb252c87a2ce2f3
0d281c2568314e5eac84aab63872e81c,1.0432293,4430d47e30904eab969c1baebca184c0
4eae669b05f642a98f2ee1b828c4807d,1.0428189,fb709e29755b44988bb252c87a2ce2f3
1dfeecb0d6cc4fd68f8fe7bddc5573f7,1.0425961,a926df6d7fcf4b17b68dae6f41fbce66
497126af5d624b7894a1cca2b3b0e57b,1.0421126,d443e0c5017d48d1b3f86bf4da959ed5
8fbf0e065e2147b39508d482b6af3901,1.0388274,855b3971c4a147cfb9a7c281fa6b915e
a40e1b69ce604c8198c2de59ad0c8b93,1.0363126,7c1e02f3ab614e539ac901e5cd3c92d8
9abbecd3581246798ab524e018f95ab7,1.0296578,31b69f9501c4415e929b6af28c83f6a6
729eb469bdc343e6b5c2628e9be83fd1,1.0233434,903360099fb644b6b88c6edac88eecb2
c8aebab05e9d4c7e8a5e4875c217263d,1.0217701,e7d6747e8c8b4ebcb665e232240daf17
57a0a47943824bb28d5faf9fe31ee787,1.020741,9e304a9bbc7b4c22af8025fc93757357
52f16fa757624404b9d43dfe2885697b,1.0176567,09fc9f38fbbb4bfaa1c979ac9cc43f0b
ef3589381bb34e74bf3f0f4479614d70,0.9979842,1b4e143cfc1648a5b877d7445446366a
b593c0100abe40c4a0204ad40b73080c,0.996943,ec281224f8ee419ebde676f291672aea
bee104c3212c473da29f1f4518f4fd7a,0.9859565,4430d47e30904eab969c1baebca184c0
7119bcd6ffec46a3b428819c202e431e,0.98205423,257aed6ca7a44f1cb5c664beb1be527b
477b5f953efb42e6a18e9428c69b0fa6,0.9809198,ad2b6fb945714e6792c17bd49a1066e0
112c929868df4d8fa0428f2c3cf17e3d,0.9681541,ad289d5052264f9c8bd0aaf9faace92e
15d3499d1d4a4168b863a75b7e0b7e8f,0.9679154,e456afdf95e643dd926249fec4d68753
6bf15791f42e4323bf626650477d9beb,0.9650712,8db9e204b8b841df8fd94eff0888cdf7
58f93c38cc65487492ae04fd498f436b,0.9638924,fb709e29755b44988bb252c87a2ce2f3
613c069f276a48f2b4d203e4b49d44cb,0.9553721,fd51f3eef1a64d9a93652be481bde32e
936da7c6ee60477dab2d4d91e51a0931,0.9550709,526ab7eda50e4a239d03ad505832d61d
a56141d36b5f4520aef20a35398d8265,0.95186144,9303b9f7f4984b2dac8aeba8c8da8ef6
c50c1d8eb4024bf080812d01310eb133,0.9410908,c8c201e25c0047a2ba9d9e8541ac0939
ee6aeba966504751952213ca4d85796e,0.94014406,3b13d134762445cebcdbb02b484db77b
38003415b2fe4903b7183cdd279c09f9,0.92748153,678725f8b914453fbc1029b7c1bc0879
d56e8f69077e42b1aca7c99f6675c5af,0.9238956,1c97c72e076f40fcadb22b17e71beed1
a90f7233ac774c298df91a6eeab11626,0.9136267,d42996c2b67443fd9b73bba7641d4f77
16a030831ce1413fa733f24b6ff28501,0.9126605,a585d23fe43f459ba86ac15645af77ff
4a1eda64c5a74dc59c1ca7cc15a429dc,0.91011333,7ce06191f1114b4c8a00609f6867761f
66c69be4b87942098f652198c91df0bd,0.90528375,77ac5eb4b3054ca68e2b0dcbd5473fd1
882ef5ef88af445e9dede3d98a7dd8e3,0.9038155,9b22c5cdbff44bdabd48dba008e6a3b2
4cf01329838243b998a06d2ffab76517,0.878545,99142f1c07cd4782814f8c970eaaa40a
69fc5af906524d06b5c47a8c984a7199,0.87675196,e27d9425c912446e947fe53c4a757375
3827fc528c674ba6b4b692725d257a11,0.870869,1cbfb22f84454b1fb821b602e3ad11f8
2ae6d89874964a38a8d1dadc9efeded3,0.8619616,89e43b092c844b5886a93091a22c894a
700d97396d164429817cb71d0e1b313f,0.8573047,f9fae977af2c4f35b29400f31267e170
8315c41aab974f618fe59e445d7e6543,0.8555196,b2be859ca8f24cda86821d5383edbc18
3cfa920b06e64cb8a5dba56671ab5d59,0.8541002,3b13d134762445cebcdbb02b484db77b
86f3189426a749d5aa5851a9514f7a36,0.8528835,ff715b4f228443e3b067c801250f3402
7f23a0de3d6649fbaa67cb1b2dae2289,0.8500595,ff715b4f228443e3b067c801250f3402
3fc67f7f85a74c5b9c118cbf60e96ca1,0.8482642,983940e0b12e4186a281c36de657406e
c8bddc0d410d4f759537fd2e4bff533f,0.8480406,1af4472b38cc4304841b2f1720075c9d
56fc3ec2992a4a609298efd89a7d3f59,0.8427487,e492ff7fecf046a4948c5ba5631cdefe
a3c58d5d2da942aab6283a42db2a14f7,0.83822596,37337ebec05640b890e4b9612776c32b
252a2a3078134eb8876626820c9ca8aa,0.8375776,1fde4c9a01f84c349461083b6d0ba9ed
07ecb7f8a5f642e98200ac37c34425a5,0.83566684,0472051dc57d43f8b9dd08df475fc4a3
9c4b40908472420e923be2dce2979c0e,0.83484876,01e805bb5a1845a7addf86fe9bc8d814
146864f4715c4e438e2c3294df06d9b8,0.8173974,691acac4a54d450697afb2c2dc4fca09
8819510944174ce28e7b0d3e9d8c9fe3,0.80758524,691acac4a54d450697afb2c2dc4fca09
8058d1c206ab4268a15994fd69f5d5d0,0.8042283,1c97c72e076f40fcadb22b17e71beed1
73bf5efa54504a0186bd7a13def281d6,0.80236125,bab3bdc133384798b558f8fb6466a7fa
0d2bb28b114e4f4c8c688a13f967b79b,0.7937986,a4cad92644614f78bded3ca6d6023473
d142f9dac4904fd9a93e4b68197a4fa9,0.7907554,ecdae9f36c6a437ea72739febbf1c89c
fc06ca8216b146f1811dbd89c4518c42,0.79063016,6a122ce1702646db918266228d48bd08
18eaa3f481614cfc945c16f2cbb757fe,0.79025835,6542f58c143446f280e88a6375ccf79a
67a610b0590e4dc98c6ad2de2c47446b,0.7896334,64fa5ce839ef406b9bc8a1b2f05094c7
f5a036940f0b4b219a4903d8efd2cac0,0.78948283,5831f5e280be4c02a09ce4588b56d7f3
0ff74b4b29e044ffb307f3598dbbd1b7,0.77936643,e52a528036014db0a7bd54b99a310fe8
da098162d0924c6eaf6699ca87326527,0.7771268,ad2b6fb945714e6792c17bd49a1066e0
c6754ce8bf4346258c03509140eece37,0.77669305,65664fb3aad341fab563409d91dddd2d
249dee8be73c4f019ebfc02f74d02ad8,0.765954,640f3bd184b7425fb22cc7773b8b2244
f36820bbc65b4c6486f479be532b159c,0.76523054,cd56b9a044c24df8a7156f661cb3d9cf
e95715a92c0a4c8292d8599a0c1a7dec,0.7619337,1543a2f94aa74008914301874d98f0f5
6728135560274c459d26043145918a59,0.7617034,ed9b10a2879742628fce003076ef9024
f1f00603ac934540b2a80ef9cdc88647,0.75296,7cd1db4b50dd41e6b2f3dd15fcab3b89
e8d0fd5309724c1cbb4da8f5c55ac9f4,0.7523734,4696c8192576454f8684954bc771aa23
d060627e97d244e99da1e44ccf7d4a91,0.7446754,5a26ae7959494fef99542e9b2004fd11
315bc88bb0aa4c8d8eb55bb22f811730,0.7436335,0302e7dde9074dddbbbdf85e9be57901
e152a0f89fe0446f998c519058feabc5,0.7300751,a0fe3cd34e474c3b90662ce8ef1fcac6
ef7e074ee0664115b08c5b98bc09f83e,0.7243564,efdf40eee13d409c9955e5b84e4408f6
eed22afb847c47abb46b07ec48d1b679,0.721918,c26f5e7dcc8149f18f3d719bba9ae717
20c77ed7406f451bac8e8bcd18b5187b,0.71870005,9e304a9bbc7b4c22af8025fc93757357
335322101aa0491c89fbabfb87c21ad8,0.71760756,9ff95d23c3284d31ba5e398afa520649
0f1bdf98cdc7472282cb0375b87b3ba4,0.71187735,6aaae524573f477f8fdef0b83787cbee
a7e8389d66b049749ff42ecf8384fc99,0.710773,ed9b10a2879742628fce003076ef9024
a30d8464e03848a8b72421c107f22fd5,0.7096667,d9fbe02f04a4469dac855f69ea6ad02a
55e30898427a472799115a2e014580a6,0.70931816,d74f6e7abeb84eedb9923dadb62f45f0
77061464d801457a80b33cbbe0f017f6,0.7086612,d4cd0b56b6f54e08aec8ebfdb6122c5c
8779ed6ba8014232ae6caf2ff9ef4317,0.7048435,156f393f7ca046299e09d05464afa056
9c5692d8cfcc49f5ae1d1eb4577cee70,0.6924129,acee70abee2841c9b67b95e9ed079647
00bddd864f6b4c06bdae75aa6a690693,0.6902869,ad2109663af04c549385cd2ab9b3283b
984975b63ccd4be48b7aa852bed6fc65,0.6852834,c26f5e7dcc8149f18f3d719bba9ae717
d02300771c8742a688cdc05ccd13d2a0,0.6819539,6c8a24653ef04f559b88e0f27c0df63a
7dc9553f77c842f1848c9fe066681b67,0.67964464,bf59502a233e4b5eaff9cfa3a992c387
266024fef71d4c25a73f93db3af86fa7,0.6756798,46bfd7af0ed6491fa621350963d11e35
fc20e7b4bfc243ef82918b7c93591747,0.6742544,a4cad92644614f78bded3ca6d6023473
589df17e77094a82933b4003a252ae26,0.6731046,e02ad4f63c8444b79a7a56fb23a4e0f1
b9135422e0ba43e19be118d0eaae294f,0.6666393,d981f2c67f764e0c84af125b563958e9
f2d238ecc2d34c4583220abec4d75ba2,0.6642768,057164cf4aab45ebbefef3409359cfb1
f119f6dc27c64e5c8485b001368d839e,0.6564627,7cd1db4b50dd41e6b2f3dd15fcab3b89
33d76c41516a4e5aa8c5b3b16cc6c6f7,0.6557896,e7d6747e8c8b4ebcb665e232240daf17
c674a30eca94429c91ef5e7bfd2d9f24,0.6543504,c322b788813745e0aa7b592b4345d379
d13abb2f14514eafa77e5ef77ae45be2,0.6322653,6c74bedaa406493a99988c5b8a47b704
54189dfe90d2466b990b9dd0c5484606,0.622463,89e43b092c844b5886a93091a22c894a
f6023dfadf94495fba9f43c8230ce2a3,0.6011033,a4cad92644614f78bded3ca6d6023473
e20a7ed561e1414ba269129124fa8186,0.5824542,f5a6222612ef406b8f02aef87e08c476
2e7dec015d344fb58ce0988844becd9b,0.580913,f5a6222612ef406b8f02aef87e08c476
71466cbf526f4ad890c742b6e4fe7449,0.57263446,6542f58c143446f280e88a6375ccf79a
3b065dc23322478a8128f0322c8d0678,0.5722531,8db9e204b8b841df8fd94eff0888cdf7
1e008659e5994366815fe158a9f9a26c,0.57149935,9e304a9bbc7b4c22af8025fc93757357
52acdc11a8df4558867635630b69348c,0.5613153,74e7db4222ca4a20811199afafa346a7
074732e2729c421abe906cc4077f1eae,0.5601837,369fe18b94f54c98b554fd22b4a3b50b
8d0f508b17b140db934bc95a70c06411,0.5561046,78b600dd53854b018f87267d268b7b1a
5d2dcf398cf24f1fa650c7f0c8035ffa,0.5475773,d27cfea4da8f445fb4e3c55e53c6482c
4a6e09d6abf04c768a24fc91a2f17181,0.5464293,23066f7964874fd39639dbf2cb2766df
10edc8c73a904e63bc4317abfd0d7213,0.5433313,66b0c8a58f444ea0aec34d9403b88a49
869ede3e68734644b841477bdcecf1e7,0.5312447,1b4e143cfc1648a5b877d7445446366a
57cb6a69463a4f248087b39af146fdc7,0.5231913,0f9cc12519eb4872af7be7fe49e19f59
ae244311f36c42c19709ec36d518171c,0.5185575,0472051dc57d43f8b9dd08df475fc4a3
4a2be481c29745e6be4e4b6a6d39ff64,0.5161426,6a122ce1702646db918266228d48bd08
7e211c9e52254e199e0deca74afcc524,0.5157647,bd2f91a9415049d980e453f94327e0ce
11bb2992a06243158ef845965bbb79ec,0.5117161,efdf40eee13d409c9955e5b84e4408f6
2ecb2538a079498991304b0864fbe039,0.51166993,e456afdf95e643dd926249fec4d68753
ba0c12af5b1c4fe6ae766bf417e6498c,0.50620043,1af4472b38cc4304841b2f1720075c9d
4185600f230d4b21b2e32c2d85caa90f,0.50513864,75b0bd2240a54f6fb45bf95ca43ab5e6
dace4a83a81f42048efb60a217370134,0.50110406,cb85047b65f8468aa02744c28c075dbd
96ad923a06f54d79a74431cd06b8adea,0.5009563,fb709e29755b44988bb252c87a2ce2f3
12274ca89ccf49bdb0903f80560e3d7f,0.49437326,c9628610053945f4a7998ae48cd70da3
a476d6cbc62045dc948a30c9c18327a2,0.48977816,691acac4a54d450697afb2c2dc4fca09
c71fc9273bb64cf78fcb3160724b40be,0.48632085,34b71675a1ae442395b6eb1f3eda23df
9ddc0583ec0e4cc0bbaa79c812c97afa,0.48153585,73e7e41e8db447c09cb2363d76556c64
b513c98d376b4102a9119d959aa7ebfd,0.480614,d6fe6f8380464e21a27fd69de27f1f57
247daf33fb4d4fa993fd572025cb5166,0.4795127,d331012ecf0c40888e0ac290184f0883
96c624bf03614499b399bfbb431f5b98,0.47813043,6c74bedaa406493a99988c5b8a47b704
ede38dce85584305a3733d42a3d38246,0.47750854,19c9ac7b84df472c85ed6cf5a05fbbc6
b3d0e1f27a4c4d9dbda5877bde3bf232,0.4745353,9e304a9bbc7b4c22af8025fc93757357
1f14295a03ac4251b24ccf3a74772f55,0.47336352,257aed6ca7a44f1cb5c664beb1be527b
4f6887bfd8d64e9c96cb60b2fc428027,0.46354187,526ab7eda50e4a239d03ad505832d61d
66f2b56505bb4a009232e327041bcff4,0.46340048,5a26ae7959494fef99542e9b2004fd11
b44be1c1621b40e1a7c06c02b225c470,0.46187404,17cc6768c9d14388b7455fea0060b62c
4c0fd754fe344b9ba99a09a70be831df,0.46080166,f9fae977af2c4f35b29400f31267e170
3d87a00da06642ab94224dffed6c2ef5,0.4543431,c9e2e76e631c4d0a8013d90892350e06
a9b2741eb1ab4c8bab6bec840430968c,0.4528792,02cf82700b4f4773af3a14ad8eaa5270
53487bcf5c684dd2ba470bf89947f7d2,0.45090172,5971501b0e8b4ef5b203c3985d7f5e88
d5720a4e3cd34c23ac605c840bcd69ae,0.43813804,cd56b9a044c24df8a7156f661cb3d9cf
1068628f10b7400aa4e87b04d24fd803,0.4338892,3257035cc77946d98bdc09e2fdd5cdae
3df0fa25822f457496cd93c2402bd292,0.43284988,aa2d7a3a535243189492d4ce8e79c049
6c8cdd6141244ba1b62fee70292cc68a,0.42956635,b4150337314e40fb9e3ebb24514504a3
8ec020ab1bfe43a58c104ac0eaa95bf7,0.42876714,0ebc441d25664c91adad96b570270f07
93879e26ebe547db997c77791c3d7fc1,0.42723522,21b1ded02d7b42618592187e287835a3
924c235415de407b8fe453ecc8aa95be,0.42609632,ec281224f8ee419ebde676f291672aea
62550b8ddf604cfba4e092fbead3bc1f,0.42596453,34b71675a1ae442395b6eb1f3eda23df
13c651889f50420d9c7adaeac0c211d8,0.42243248,d42996c2b67443fd9b73bba7641d4f77
b894792524d841b3b24c566aa9c41b8d,0.41619974,cd56b9a044c24df8a7156f661cb3d9cf
bf4e8bc83a74425e8657c603c0004113,0.41563237,b25fe3b79f714d38b3fc53e39fd84d36
ca6f0e18c75849428e7dbe14c1403841,0.38313168,c26f5e7dcc8149f18f3d719bba9ae717
5a37cdd19ab741ca8f65dbc2e207ac65,0.3812085,650afb6a1d054e59904a1b796552eb04
ef0d69bfdc4e49acb1978167c6edf80e,0.37684917,19c9ac7b84df472c85ed6cf5a05fbbc6
96a715a174b74274ad9ad1ca752169f8,0.37620813,6c8a24653ef04f559b88e0f27c0df63a
96a221031ce64e98ba5fcdb2fb45c9f2,0.3740858,7ce06191f1114b4c8a00609f6867761f
1c3bb67f3f4d455b86905cf93be96fe2,0.37365457,85e7ea30890b456084b8e85c299c8649
790d3e003e2545f9822873e830615360,0.37231898,ad289d5052264f9c8bd0aaf9faace92e
43de32fcef1548dbb9d856b138ecf429,0.3705957,7a4c413f5c844796bd5ffed2b65f0336
410190593a7f4b7e8ed63596f20c37e8,0.36998358,e5692bd498004d32934fbaa05af2120d
cd1d8e8c5cbe4d4cb0b1fbaf84bec386,0.3653633,650afb6a1d054e59904a1b796552eb04
32b499158c154bc2991b5799962d9b5a,0.36360466,2425086d8eaf44d2a9519f0e4e6b289a
d31e037b260346c3baa01f229c4aab45,0.36344185,c26f5e7dcc8149f18f3d719bba9ae717
4cf68d2768954335a7f7c61a045babf9,0.35565615,e7d6747e8c8b4ebcb665e232240daf17
b627c84048a742d292cc9adc0f36f58d,0.35333514,5a68e05acea4434ba08e17e1fff00057
3f284acc005e4f23a2bdf5b45700c4cc,0.3517636,f9fae977af2c4f35b29400f31267e170
70eae43486ba469e9dcabff502a498ba,0.35102937,11ec23965d2941d0817082107996ebbb
c8cf5bb63c7849c79141e48f0b609996,0.34418544,85e7ea30890b456084b8e85c299c8649
87afeec5f3cd4d9d8f6d5a0c7f48260f,0.3386702,bd2f91a9415049d980e453f94327e0ce
a34c38121a3948f8949f49df67186c78,0.33454907,92229a391d0b418f87b32c86c42a292c
f6440ad65bcb48fc8d7fb11f5accc309,0.33041173,e7d6747e8c8b4ebcb665e232240daf17
f3ea230754ba41d192cd37ed751d1318,0.3217389,8f761e1117754656ac86a3a25f241cd7
fed199237941466bbcb3b0333580ee3f,0.31759247,77ac5eb4b3054ca68e2b0dcbd5473fd1
6ef20b2327be456ebe9d47d6c015c659,0.31678677,77a8b27acb0e4600bb6ff974eabc269c
42b1aada557b48a0989c6a1c05378299,0.3159908,17cc6768c9d14388b7455fea0060b62c
c4e88a88103749f08d034998e76b6a35,0.31362674,a0fe3cd34e474c3b90662ce8ef1fcac6
012773cf6c104fd8a7ded7f346c0a261,0.30863464,d981f2c67f764e0c84af125b563958e9
7320e14823a54b30b0a3fa3f42a01ffd,0.30638856,1f8c0f02984e4139bf8043e57497fdb2
ee1a685984d741a18ad44faaa3fc553f,0.30452013,ecdae9f36c6a437ea72739febbf1c89c
e248745a536e4547b843917beb8bc3ea,0.30273324,cc21026ff0d541909df56c5618d28518
46a274267ab54ead8270c0e79ff16753,0.30139548,5a26ae7959494fef99542e9b2004fd11
5b21a17866f54dfa8e63c58219851a21,0.29922462,d981f2c67f764e0c84af125b563958e9
b5ac47314a344318be396fd6fdef8239,0.2989313,6aba5a04ef8742a39d3a61644a5f0729
13964a2d472649b59d5126c24da8d4b1,0.29810297,23066f7964874fd39639dbf2cb2766df
1413507f5f8f46109e5caee2e853eae9,0.295704,700f381f40ce4b039ce0df8b49fb199b
3cb97459e3f74194b27d06def0becea3,0.29490525,c322b788813745e0aa7b592b4345d379
a5d2be317fc24e528df576140c0a3849,0.29350576,1543a2f94aa74008914301874d98f0f5
bacf4a682b8743f48776deb535f64eef,0.29267907,00f45d57fd3c448d8cfdf3185ebae894
2f0bcda66cd34231b3a3822dd57f7f2c,0.29205823,65664fb3aad341fab563409d91dddd2d
a7fe5588b97f435caa29a3b507cd51f1,0.2901069,0ebc441d25664c91adad96b570270f07
1139ff813de54ba583f9d19e3a2b6ac6,0.28676668,a585d23fe43f459ba86ac15645af77ff
0aabe8051b1e48dc8df2680281f96731,0.28288546,89e43b092c844b5886a93091a22c894a
1debf605469f435a817fe50539698246,0.27981114,34b71675a1ae442395b6eb1f3eda23df
c0278f41c00f4876a3c2c551dc74e70b,0.2789383,d0a840820172465f83c8480d571e7b71
1b136bc276a84642874e1a5427cac81f,0.27292812,e7d6747e8c8b4ebcb665e232240daf17
b26293f2e7f54384a164fb685236aa8f,0.27141738,58f53c379f7a4868a2ba6d91a06247d2
85fe4ea28be0476fb41585de18435d94,0.2711253,8a77dc665d8b4d95a0b1113522f7e9c3
6e4efb567c284833b93c09713f4af1df,0.26915395,0472051dc57d43f8b9dd08df475fc4a3
054f93d33d7e494d8ddd2e57a8e4dd62,0.26692382,46bfd7af0ed6491fa621350963d11e35
fba706d6c465422cb8a6944bb92f5b97,0.26141208,d0a840820172465f83c8480d571e7b71
58150298bebd4a7a81085018c220ca49,0.24698552,ad289d5052264f9c8bd0aaf9faace92e
aaff66d83c1441cba7531bde3e46f124,0.246431,1216ce1ef31e4643bb1222538c206342
0c3b7a4e78f94de7ab1a415503097c9c,0.24521686,ecdae9f36c6a437ea72739febbf1c89c
09234512603c4025b0b0b863e285fb5e,0.23347561,21b1ded02d7b42618592187e287835a3
7d72deccbd444c5bb9b43e3a6c75f5a5,0.23118985,e52a528036014db0a7bd54b99a310fe8
13bc78da1120442190653a8273c4f2af,0.23084867,19c9ac7b84df472c85ed6cf5a05fbbc6
b2e0675fdf93468a8fe7f4992e5ac02e,0.22566384,a1d8cb16dafd4126922f985021e93631
8085782f7d76421b8468fb1e61d4fd61,0.22524732,369fe18b94f54c98b554fd22b4a3b50b
ec947b46f577485bacac003c668ee2b8,0.22103333,d74f6e7abeb84eedb9923dadb62f45f0
8f2e335cd3c54f569c74283b0078f908,0.21545255,f036aaf4ab714c598a0b6da4ca604136
0d0b25a05a4148d2b15c4f2ac11010e6,0.21471265,b050e9e1ef5946c297a34dda98d8f476
fd45ab2e058b4b5fb374e54e60aceb48,0.21020603,b050e9e1ef5946c297a34dda98d8f476
73816ea484544387b7c1014e6b97b187,0.21006024,0f9cc12519eb4872af7be7fe49e19f59
6c106f8a15e949a69472df18c370d213,0.20849985,75b0bd2240a54f6fb45bf95ca43ab5e6
f3c6b6b18ad14537b64fde19aca70992,0.20630255,bd35571850644321b86ce4fae286ce7d
c5487b5f9cec423b8ea3117173949a1c,0.1992172,0472051dc57d43f8b9dd08df475fc4a3
56f20fa9e0904380b48d10ec3d81950e,0.19651663,ff715b4f228443e3b067c801250f3402
c40beffa8f0d4679bafb1eac1d38bd5b,0.18286948,75b0bd2240a54f6fb45bf95ca43ab5e6
2a8517391a58458c8b4054fc225e976d,0.1825813,bd2f91a9415049d980e453f94327e0ce
dcd792ee5ed44c18908c70bc295d64d1,0.17993963,6a122ce1702646db918266228d48bd08
58556ab04cfc4acf9ea2865485923949,0.1736139,630edd9b8f754b5dbd36cfbbd03ccb51
3b038bed6122476bba5c73f7188efdcb,0.16911787,1d47a696eae94bd29f215a4787b27d8a
a5188ae3f8ef46e7848bf70945078768,0.16265918,21b1ded02d7b42618592187e287835a3
41e25db024634f619358f3093d8df1e8,0.15977871,3257035cc77946d98bdc09e2fdd5cdae
a48cffbae43148f292d3a78837fbd4ca,0.15849176,efdf40eee13d409c9955e5b84e4408f6
1b6f4307fa4e42cda9018c5085947b48,0.15260309,66b0c8a58f444ea0aec34d9403b88a49
43d1998f5950428d94f74e0f6227fc3b,0.15106267,92d5da561f5a41bf929f3555a74cd653
0001880401724f72b4b0f8fafabbd872,0.15098602,4a4eb12a639346b5a00557d54b51fe51
98d13339052248b0b3c45e976da3acf5,0.14678043,3257035cc77946d98bdc09e2fdd5cdae
1d9521ba2b624c7aab43f311872c1d09,0.14370263,983940e0b12e4186a281c36de657406e
9644dd0795c64946bd689d24d80536a4,0.13544083,a6a551a308b9442f947ea0608ae2c3fb
5f5c72816fcd4fcc8f58aa66c02daac3,0.13507748,eaca056cec224a30aaaed30c39f644c2
705398996d6440bd986d3dfa47bb583a,0.12940514,3be388c9ab614bceb086c19f70df23c2
2662ae81f6a6414cae732c72ef71a9a1,0.124142766,efdf40eee13d409c9955e5b84e4408f6
0f7f319e6bfb4438a4746cfecb70a08e,0.12322068,855b3971c4a147cfb9a7c281fa6b915e
8a96af0f20f74b209326dd750c56a2f3,0.12300092,0ebc441d25664c91adad96b570270f07
982360bc10ca4c3ba78467718112babd,0.11905946,c26f5e7dcc8149f18f3d719bba9ae717
ff15583dc30644238b32a7302a039764,0.11378133,b2be859ca8f24cda86821d5383edbc18
35280441301148638fc4b59eb169c802,0.11354321,aa2d7a3a535243189492d4ce8e79c049
75bceb302d644b309181d454dbd2b59f,0.11293729,678725f8b914453fbc1029b7c1bc0879
7342516c90ad4776bc0f64a3358d530c,0.11091882,02cf82700b4f4773af3a14ad8eaa5270
06706b7f76a3492e8e814546d9bcefab,0.096885905,d981f2c67f764e0c84af125b563958e9
af70750bd219415e93fc6c35e802091d,0.09312546,903360099fb644b6b88c6edac88eecb2
3321422a798047078d258d49e7912855,0.08641642,6d3c42356e3b459c919e3129ff192ac4
6eeb265798ed440e9feda4d09e043bf5,0.08564165,156f393f7ca046299e09d05464afa056
a073ad7e6cff44bca20e23485bde2461,0.08551589,e52a528036014db0a7bd54b99a310fe8
091380ee73214c408bde7f510f136c4f,0.08380157,c8c201e25c0047a2ba9d9e8541ac0939
4d2df900c0ef4261878a1ee108ac520d,0.07574185,ec281224f8ee419ebde676f291672aea
3088711035bc4a06b3595ae315f54fb2,0.062358797,c9e2e76e631c4d0a8013d90892350e06
167939f1c55740a5bd8d235691475fc4,0.062228918,11ec23965d2941d0817082107996ebbb
7257f3d3f31a4d5ab6a872e4e5886111,0.058457375,e52a528036014db0a7bd54b99a310fe8
3c400856520e456ebb8a1f9660e45cad,0.052134126,3b13d134762445cebcdbb02b484db77b
7216fa39e2414501a8f87ddb54a3133b,0.042661548,fb709e29755b44988bb252c87a2ce2f3
a1940599db974ded9752d1567b236c42,0.042202055,c8c201e25c0047a2ba9d9e8541ac0939
44e0859420c4441d8b2eab856c4e010a,0.040162683,f0695d7e59d64941b510a3d12f801d59
b982c8da93db48ddbd69de9c207f2187,0.035799444,ff218cc7835d4b5ba0de22792319050a
91467c6be29e4dd4bf681cc05803d081,0.033343524,c88be17376104f999b914a91aebf7220
dd9a8e0a766b4f6e81c6ace1403cd374,0.031565964,c0cb721b56f240dabf7f464e453ef72e
410b8957bc6b4370ac432ae7bddc2cd8,0.031085968,b050e9e1ef5946c297a34dda98d8f476
fa6d529498794d1f98deb51ebbb48d55,0.01830171,89597084b19c4902b073a2c6c6622456
b1d8d95b89ff4347aa88a86b33c0e524,0.012586296,c322b788813745e0aa7b592b4345d379
e4c05db0326140dd9c48a8179a3fb6ba,0.012543201,02cf82700b4f4773af3a14ad8eaa5270
c44ae4a053bf47e5b9b2ee3ef8ae2b5b,0.012519598,ff715b4f228443e3b067c801250f3402
385af4460b5a436baece6ce3fa1cd423,0.0110400915,6a122ce1702646db918266228d48bd08
f99339dff24a46dea0ac6862299d7024,0.010811606,1cbfb22f84454b1fb821b602e3ad11f8
55f81e8022ee42b893d99d17d99a3f32,0.008042812,0302e7dde9074dddbbbdf85e9be57901
8195fb97514a48a7a6eddc58be5d8f37,0.0050851107,691acac4a54d450697afb2c2dc4fca09
95efaf80178b4a519dbf8769d415c000,0.0049428344,e492ff7fecf046a4948c5ba5631cdefe
