6ede534375a14c609d02c3f94a41907e,7.3411527,de9328bdd1b34adda74a0363ff0a52b6
f09f284b59c6475baacb67116020c617,7.2081313,9ff95d23c3284d31ba5e398afa520649
ba0c12af5b1c4fe6ae766bf417e6498c,6.453802,1af4472b38cc4304841b2f1720075c9d
e09735216b1f4e3f9fd7eb54f6aa2b1a,5.841042,b7ef0a61de0e4adf9688b2c525c9ad09
9d9b4852b8034985805080eb49678bc3,5.7500577,a1d8cb16dafd4126922f985021e93631
3e3a44c2636246edb0f9c1d8f041d873,5.641151,650afb6a1d054e59904a1b796552eb04
a16486024d12452a9c7a4d88c7fc5efa,5.636041,6c74bedaa406493a99988c5b8a47b704
3427373bf8314ae5a87677132dc4874f,5.618012,8a77dc665d8b4d95a0b1113522f7e9c3
63cf218e957a465696c4482a9d4b226b,5.577282,aa2d7a3a535243189492d4ce8e79c049
bf264d2d70b7477da4cae8ac6203a5a9,5.5440736,cc21026ff0d541909df56c5618d28518
1139ff813de54ba583f9d19e3a2b6ac6,5.439001,a585d23fe43f459ba86ac15645af77ff
b615a0420b8b49d8a7153658ccbdd788,5.403293,aa2d7a3a535243189492d4ce8e79c049
523ac70af19e4d6988870738be0827dc,5.188935,1fde4c9a01f84c349461083b6d0ba9ed
ddb7ffce794746d1bcc1cbc3747fcac4,5.1791778,11ec23965d2941d0817082107996ebbb
6fa96236f4904758aed745bb8a495f66,5.169637,e9f055a212cd4e5e8601228c37713f35
523ae070f70149be975ea27f84bdb39c,5.1458964,75b0bd2240a54f6fb45bf95ca43ab5e6
bb53d0593f034d19b5b20210035e1058,5.0011163,f11f1682b5924181b047d757d3e20964
3037c91a3e5a4499827cbdaec427c82f,4.9418125,17cc6768c9d14388b7455fea0060b62c
91a9ce617c5b458284f2fab317b423cd,4.917522,1216ce1ef31e4643bb1222538c206342
4838bbbf3ac543ebb0bef130f0f28d48,4.887489,d6fe6f8380464e21a27fd69de27f1f57
167939f1c55740a5bd8d235691475fc4,4.8365626,11ec23965d2941d0817082107996ebbb
3cbe7ad4fbe64e83876d9c85f91a8237,4.8281937,d4cd0b56b6f54e08aec8ebfdb6122c5c
a4057a1aa4e948e5abc7ddcad9479b24,4.8190904,e9f055a212cd4e5e8601228c37713f35
b116fe66d95d4c04beea8a4e5f347684,4.7962465,dc58564d0c8540bea4f3e2e3696deae8
f3c47f8050814b93a91d14f2add36403,4.782896,efdf40eee13d409c9955e5b84e4408f6
9abbecd3581246798ab524e018f95ab7,4.6806693,31b69f9501c4415e929b6af28c83f6a6
d30d31b8272b4fd0ad8156bc69d4ddf5,4.662513,d42996c2b67443fd9b73bba7641d4f77
48aa588059cd4883bab6da96a75c16b9,4.6360745,aa2d7a3a535243189492d4ce8e79c049
d896778ef12545f5b79fbe84a1c9ee58,4.574418,80948e17b5694599919e1502bfcc08f3
f41620f1a5c84928b422bcd3fb97c109,4.5335546,09fc9f38fbbb4bfaa1c979ac9cc43f0b
68017cd7896a412db28e47c90096b888,4.453792,d9fbe02f04a4469dac855f69ea6ad02a
3a824fd4eb9c426291f1b6fadad0d90e,4.4532566,fe6ace599de44aa19b1773dad3658fee
90f24532a2864b7aabfcb8e5d5dbce72,4.4174395,46ba0b979a664c7cb0c315c4cde6ac86
a286b690dbf845d9b5651b98f76845a7,4.399212,5a68e05acea4434ba08e17e1fff00057
54189dfe90d2466b990b9dd0c5484606,4.388356,89e43b092c844b5886a93091a22c894a
58150298bebd4a7a81085018c220ca49,4.3419576,ad289d5052264f9c8bd0aaf9faace92e
d2eed3a46ce744eab6ced2424b2593b2,4.3263545,d331012ecf0c40888e0ac290184f0883
55cd7fb3f7fa410b973c972dc5f4b757,4.2854624,c88be17376104f999b914a91aebf7220
5ab1cd14b5304690a8f45e2bb5a92dc4,4.2655344,19c9ac7b84df472c85ed6cf5a05fbbc6
ccf605a5ad9c406f9876e141954e5e80,4.2232666,903360099fb644b6b88c6edac88eecb2
5c85caaeb0fe44b19a63bae94eb3c1b2,4.1700797,c8c201e25c0047a2ba9d9e8541ac0939
3321422a798047078d258d49e7912855,4.1595993,6d3c42356e3b459c919e3129ff192ac4
2f2c1d07f46c48cc9afd407c79405b1a,4.1546726,7c1e02f3ab614e539ac901e5cd3c92d8
37c0ed56957944cd874df80d82afca79,4.1531444,6aaae524573f477f8fdef0b83787cbee
a95afea2e8ff4cedb3e0f1aedf6efb9f,4.151683,e02ad4f63c8444b79a7a56fb23a4e0f1
e1373920ccf54979ab678e62eb165c60,4.113767,b2be859ca8f24cda86821d5383edbc18
e9f85a6880484c3a82685b170d052a51,4.1061068,d0a840820172465f83c8480d571e7b71
e89166577a8e4c1d9c4025a06e1d5a24,4.0983973,a0fe3cd34e474c3b90662ce8ef1fcac6
1ee540e56f46476f8d452e04f0490075,4.0237594,2768d411cc374a018a898f9df0ca207d
4a5a47f40e9b42f5af28b197d3e59ef7,4.0199957,3be388c9ab614bceb086c19f70df23c2
7f50b6b5321c44e191bc82be785455b3,4.0146236,7ce06191f1114b4c8a00609f6867761f
3710bf2a11584bf098b45d14f2308ef2,4.0014405,ed9b10a2879742628fce003076ef9024
f792d5fbc00c47c59ce1791351c39504,3.9665778,1fde4c9a01f84c349461083b6d0ba9ed
606a301239a6472ea371152fa2029fb6,3.962168,75b0bd2240a54f6fb45bf95ca43ab5e6
b344c4448c13473197e3c11682c4096e,3.9317675,3257035cc77946d98bdc09e2fdd5cdae
4762d831f5884e25bb3eb6e73fd283fe,3.926702,d79afb377f5349a69830b2b4c7cfefcb
187dd510c41a49f4af9d4c4371e98953,3.9157233,b4150337314e40fb9e3ebb24514504a3
9f893eb3a0eb4ad399f1eb64251cb4fa,3.9065557,d74f6e7abeb84eedb9923dadb62f45f0
963dcd06789246059d5a6ecdb28e6321,3.9049528,77ac5eb4b3054ca68e2b0dcbd5473fd1
c3ff9a50b4c1477c812af51fd7ce9489,3.8975925,630edd9b8f754b5dbd36cfbbd03ccb51
d31e037b260346c3baa01f229c4aab45,3.8958855,c26f5e7dcc8149f18f3d719bba9ae717
840de6fde47e4e64916bdd5277bcd173,3.8784115,8f761e1117754656ac86a3a25f241cd7
7e29ec4675ab4e1cb521e69e6de49dfd,3.8700793,e45844e0215f4a1596a7f9ac41367c46
f119f6dc27c64e5c8485b001368d839e,3.8556316,7cd1db4b50dd41e6b2f3dd15fcab3b89
f74645ebd6e74b0a8ca70c4a1a983295,3.8370187,46bfd7af0ed6491fa621350963d11e35
5854ad482e74460797366e8eb405b2e7,3.817714,b7ef0a61de0e4adf9688b2c525c9ad09
3cb97459e3f74194b27d06def0becea3,3.8152883,c322b788813745e0aa7b592b4345d379
e5b86e97430f434591a4da778f69dcf9,3.806003,855b3971c4a147cfb9a7c281fa6b915e
01f344e8e895424eaa3251d134512cf7,3.803541,f036aaf4ab714c598a0b6da4ca604136
7e7a88a994dc4039b1e34409009b8f84,3.7899718,e27d9425c912446e947fe53c4a757375
052e254bff244d2f88c0d2566ddc13db,3.7689764,e52a528036014db0a7bd54b99a310fe8
3295b23d76ab4661b9a92952160eb966,3.7577515,1c97c72e076f40fcadb22b17e71beed1
ad251b857ef3422398c3c3aa91f9c632,3.7464383,c26f5e7dcc8149f18f3d719bba9ae717
7d741d7645a848d086367003b1d9a767,3.734959,d27cfea4da8f445fb4e3c55e53c6482c
413423a32eba46c2b7def04c66e6f9f2,3.719249,19c9ac7b84df472c85ed6cf5a05fbbc6
7798dea58b5a4389aca581f8efc4b17d,3.7083864,c322b788813745e0aa7b592b4345d379
587a668f01694a1e847a97f47debb81c,3.6976898,37337ebec05640b890e4b9612776c32b
8585971b042846729be0531195bb8d5c,3.6511354,3b13d134762445cebcdbb02b484db77b
d1fafb5d71ba42229f870ebc99263d20,3.6258981,836ec4ef8df644328ac07b7803709323
d2b5f8ef9a8a42058f879a4e41d8d02c,3.5994697,b050e9e1ef5946c297a34dda98d8f476
69669e9f88dc43b68dda6126c27675ca,3.588879,e039a00eae414ebbb2205b011ac127cf
94e15698eca449a99528bcd1d437335a,3.5840883,00f45d57fd3c448d8cfdf3185ebae894
d18685a2ca8c4ab48ac9d9b824ce3bc7,3.5803366,983940e0b12e4186a281c36de657406e
d480f925a4b94f518e72ad64b3ed439a,3.5705945,9303b9f7f4984b2dac8aeba8c8da8ef6
d8abdab9cd7145c19d33fe76e47d0c1e,3.5705426,31b69f9501c4415e929b6af28c83f6a6
046c13f855904119983f73a0bdc77a34,3.568403,9014beae94cf4f648e1663c8d5ec6803
9c33f1dbb3ce4d8f9a3262e5fbb55cda,3.5624688,779d7c2bad1940c8a861451964e1ce01
f505e4ddc7604ec896a2bc461f2bb86f,3.5451872,d0a840820172465f83c8480d571e7b71
d7c1791491584b2984bbcdbc178299f1,3.5408297,691a538d2372403fad2b919b48ff5f85
44ed303d7bde4629ae56239936f499ec,3.5114787,1af4472b38cc4304841b2f1720075c9d
974a8661873f458193c891d3ef4dd208,3.504534,691acac4a54d450697afb2c2dc4fca09
c4e88a88103749f08d034998e76b6a35,3.4836316,a0fe3cd34e474c3b90662ce8ef1fcac6
f230b42debc04e9ab59684ae05e721fd,3.4745364,9014beae94cf4f648e1663c8d5ec6803
a290060554d143b285db3be94eac099f,3.4686306,a1d8cb16dafd4126922f985021e93631
75c4589bd9604a0ea1651453f58495b2,3.4592054,ecdae9f36c6a437ea72739febbf1c89c
1ca6f54416f4410eb8e23dab9dbf012f,3.4201663,a6a551a308b9442f947ea0608ae2c3fb
9123b9ef4c9d4fde932408d0244495f7,3.4145966,6d3c42356e3b459c919e3129ff192ac4
545abc5f61374dd596a546e619a12ae8,3.4051752,5a73e0a5c757410eb0928feed7b151c8
9e85ec108ce944f69e9225fd35831464,3.3908837,156f393f7ca046299e09d05464afa056
e824774b41174da8a1c495885b348626,3.3888397,e492ff7fecf046a4948c5ba5631cdefe
739e45c484874024a94fec4cf8b13fba,3.380149,c9628610053945f4a7998ae48cd70da3
e1e6878707524a03864e9b83fb89345d,3.377223,74e7db4222ca4a20811199afafa346a7
3b54cc7ced814b6cbc6dea86f09aa770,3.370525,ed9b10a2879742628fce003076ef9024
977e35ba2148438f8189a592de1705c0,3.3618674,e7d6747e8c8b4ebcb665e232240daf17
37a0d209e50848efb76d08c3f22eb3bd,3.35343,d576e334105247369362b05a375e88cd
42dc4d44bc374b80baf0a8ac2c90c250,3.3505332,1216ce1ef31e4643bb1222538c206342
56f20fa9e0904380b48d10ec3d81950e,3.3370366,ff715b4f228443e3b067c801250f3402
38f66bccfc8b47afb357b8caa5a3f286,3.324098,691a538d2372403fad2b919b48ff5f85
a89278348142457886434482fa366f57,3.3193398,e25b9d9944cb4d7197efb8ffc4ff57a1
93879e26ebe547db997c77791c3d7fc1,3.3044543,21b1ded02d7b42618592187e287835a3
c36813b8ca3e42de94bfb013ddb507ed,3.3015544,1543a2f94aa74008914301874d98f0f5
3bcea4af010844979851dffe0c194e96,3.3005197,0ebc441d25664c91adad96b570270f07
d3e12207d56644628943a01c0cdd93ed,3.297172,1216ce1ef31e4643bb1222538c206342
132d0c20f3274e85bec13d5c38962750,3.2821617,8a77dc665d8b4d95a0b1113522f7e9c3
e8731d4569304e1aae79558458ad6797,3.2802575,01690d9b08164fcabd5bf0819754f71f
c189555deda047629ebb90350290dab8,3.2779317,1f8c0f02984e4139bf8043e57497fdb2
30bedeca60dd40b78dc5e6d52d6af8a8,3.2757492,acee70abee2841c9b67b95e9ed079647
04fa52d782e34f0698238fc47401ee94,3.2702093,965598a17b624a0f9bb1cd58595458a6
8195fb97514a48a7a6eddc58be5d8f37,3.2668364,691acac4a54d450697afb2c2dc4fca09
45fc0cc071f44aa5a4f55b6521959f82,3.2591999,7a4c413f5c844796bd5ffed2b65f0336
34e6f332d53646d38eb22993afc64a02,3.255266,02cf82700b4f4773af3a14ad8eaa5270
b2486195994b46178a02231ec766d3ea,3.253827,b050e9e1ef5946c297a34dda98d8f476
179de20d4413414c92aa7828d5950f5d,3.252399,5a26ae7959494fef99542e9b2004fd11
9dd0c24c21ab4b5586c29d90237b3840,3.2459438,3b13d134762445cebcdbb02b484db77b
0eda051895d044f3a592d1d0098e8f01,3.2424107,2a9658410614443d8a27ef174f61d6e8
05de4f46aac741bd81e6bb9133542716,3.2282066,bd2f91a9415049d980e453f94327e0ce
22c7e1d0cbfb4391813376493a8023d7,3.225075,92d5da561f5a41bf929f3555a74cd653
2eec5eb123e343b89370139c57a3ef13,3.2215497,19c9ac7b84df472c85ed6cf5a05fbbc6
e244d77b242a4a54a7bdcb784245c01c,3.2214282,ad2109663af04c549385cd2ab9b3283b
36b74b7a585a45e796fd8ff39bc60f3b,3.215687,e5692bd498004d32934fbaa05af2120d
0b35c0eab3ef4062bc3e184951a22fa9,3.2131104,80921378de2b4cd3a14d449688d8b079
c61e43ceb2744ddda2e531aa77f3c6b2,3.213088,c322b788813745e0aa7b592b4345d379
4c2fc2033f15495485965dbc18d3191d,3.2040236,e336d113184c4ebdbad7aa2b6ec64640
b0cc005e94e04a1da113c12dded0a882,3.2032394,691a538d2372403fad2b919b48ff5f85
187f475424d1406a8ea7e10ccd1f13ee,3.2031476,85e7ea30890b456084b8e85c299c8649
2cd2c87b068749a492cdd369cb60ef9a,3.1873465,fb695c097d5845c282f6b30c241e8cf2
7d4cb32e892a463b96ac09595cffccf8,3.1748376,0f9cc12519eb4872af7be7fe49e19f59
a476d6cbc62045dc948a30c9c18327a2,3.1708379,691acac4a54d450697afb2c2dc4fca09
65b7a423fc92497086fe55ce3a85dd55,3.1697395,99142f1c07cd4782814f8c970eaaa40a
e6f19de2daa24324b2c88100702126ac,3.1644802,691acac4a54d450697afb2c2dc4fca09
e2543c3614294b10b21429f6a412dd3d,3.1608279,ff715b4f228443e3b067c801250f3402
73bf5efa54504a0186bd7a13def281d6,3.146882,bab3bdc133384798b558f8fb6466a7fa
b256661e96a042c28b299514e4e6e4cf,3.1460185,5831f5e280be4c02a09ce4588b56d7f3
7c890f402f38475d942c1190be3ab2a8,3.127449,77a8b27acb0e4600bb6ff974eabc269c
99a4beb62cd744e5842541fd8cc9f61d,3.116211,678725f8b914453fbc1029b7c1bc0879
2c2bd31efb4543d08c60180fb6fa21a2,3.112878,1d47a696eae94bd29f215a4787b27d8a
d6b4f4ad86b24c25967551b42462c386,3.109529,d443e0c5017d48d1b3f86bf4da959ed5
861d015f426f45d6bd869c91fb7aed57,3.1090157,eaca056cec224a30aaaed30c39f644c2
00aac7746e164d80a6a257d31925297c,3.1023824,1b4e143cfc1648a5b877d7445446366a
f99339dff24a46dea0ac6862299d7024,3.096538,1cbfb22f84454b1fb821b602e3ad11f8
b7ebc3098f284cdc8a70c21862a74b00,3.0935326,73e7e41e8db447c09cb2363d76556c64
936da7c6ee60477dab2d4d91e51a0931,3.0905385,526ab7eda50e4a239d03ad505832d61d
e3ead164dcbf45f98cbf23bb77a3d989,3.0883052,64fa5ce839ef406b9bc8a1b2f05094c7
81c6d98619c8406bb519ea26c477b3b7,3.072612,d9fbe02f04a4469dac855f69ea6ad02a
503e869546cf415ab60324f38dc8f73f,3.0697577,eaca056cec224a30aaaed30c39f644c2
6fdbbc8445214d81aef5fc22b3f4e9bc,3.0677862,c26f5e7dcc8149f18f3d719bba9ae717
b90d91a297514acd88d2d9aef7a483da,3.0525298,7a2491a27f3c438a8549988f7a79e26e
8e454bf7a3e945bfa6efeac4dcd2ce92,3.0421531,c8b9a0ac7c214a449c434aabdf6ef770
60cfb02a92884acf8cbc7ea1abaf7046,3.0327456,e492ff7fecf046a4948c5ba5631cdefe
5f5d6306678c4a0cbeb65f8580c9cdbb,3.019296,89597084b19c4902b073a2c6c6622456
06b6d2be43a64627b49fcfeafcec63dc,3.0079355,6b9b2c8f0a874bb8b6691aca6bc49565
701ea34d0faf4b558956b1af3863b503,3.0041924,acee70abee2841c9b67b95e9ed079647
a57effbc5a3a4d369b53ac72791e1b82,3.0013669,7a2491a27f3c438a8549988f7a79e26e
0727ac84c4494b248aa13d6c8ffe7225,2.9979382,4d708e5878784386a42c2f436d2d60f0
e327090a663242caa64ea6482dabfd29,2.9865625,5a8cc5ff28fb4359afc7e9fcbf3bce55
b894792524d841b3b24c566aa9c41b8d,2.9862804,cd56b9a044c24df8a7156f661cb3d9cf
cb30b65c95af402290d013cc19a01632,2.9731975,0ebc441d25664c91adad96b570270f07
5721ca5ad6544bb8b6995ab82d1f5fac,2.9582903,80948e17b5694599919e1502bfcc08f3
646d3b40f16d41d0952ee2bf74fff6b3,2.956477,eb513691b7a04d31ab1bc50bf343447b
29fdc29e4b23460088e7060422eb8582,2.9465284,f5a6222612ef406b8f02aef87e08c476
2f01109a00d94d2ba4736fbea4522c20,2.9429135,78b600dd53854b018f87267d268b7b1a
5880fbce1031460b8097717c0e258b33,2.9362407,e336d113184c4ebdbad7aa2b6ec64640
dd72a1cbe29f432bb51ae6342e0382e6,2.93607,2768d411cc374a018a898f9df0ca207d
9ecd5b6acb6a4d10899c3464d4929105,2.9305975,8f285540a9394706bd6ec6cda46c5058
7409ac4ac3c944aca7a9965f2568766e,2.9166098,5971501b0e8b4ef5b203c3985d7f5e88
c6654e244a00404a84d2f9314a7c6bd6,2.912293,6aaae524573f477f8fdef0b83787cbee
3407ed3eb6d4426bb50ced20b862de96,2.9076893,8f285540a9394706bd6ec6cda46c5058
e30792faab17454587f51314a00ae69b,2.9069057,d74f6e7abeb84eedb9923dadb62f45f0
8a96af0f20f74b209326dd750c56a2f3,2.9030151,0ebc441d25664c91adad96b570270f07
2582ce6fc7d14ce6bd50980959cd305c,2.8867896,cd60a0fcac24465a880af7d8f921dd68
fe0ece34523c4475bdaa3075a2cade4b,2.8596673,5831f5e280be4c02a09ce4588b56d7f3
4866602fe3094c6789fdc1956c616d93,2.8584716,b25fe3b79f714d38b3fc53e39fd84d36
c67c378aa42248cfab4b61e502027a8c,2.8494756,9e304a9bbc7b4c22af8025fc93757357
8de833e138ae4924a0cc47129cde2cb9,2.8428705,1216ce1ef31e4643bb1222538c206342
9542d0008f7d40028d37ffe95d4e270c,2.8412323,a0fe3cd34e474c3b90662ce8ef1fcac6
00b97e3bd70241758022cdd5d10450a9,2.8405652,fcc9863b07fc4bd5a01fab5b9160eafb
0785e71626c6454dadadc8359e1f696a,2.8401072,640f3bd184b7425fb22cc7773b8b2244
43d1998f5950428d94f74e0f6227fc3b,2.8383245,92d5da561f5a41bf929f3555a74cd653
b615eb75fd0545b397a63d7c6a86c4eb,2.831362,ad2109663af04c549385cd2ab9b3283b
bfa67f429e414493a7306f4ad2e21550,2.8305666,1f8c0f02984e4139bf8043e57497fdb2
53a334f932ed437db303f19b0f6ea7b4,2.8241365,99142f1c07cd4782814f8c970eaaa40a
b5c4664ba26443dba0dde05295158123,2.8181715,564a84b1b830407e811bcfc7fd086a6f
744af08539fd44678fb92fe2cd3adfbd,2.817515,acee70abee2841c9b67b95e9ed079647
7ee89cd6d6774885a024ad9e8abfda35,2.808136,3257035cc77946d98bdc09e2fdd5cdae
cbd8f182af0646f2a5d514de46872f05,2.7979734,a25b08e008114c9ca0266ce3e55d82bb
b44be1c1621b40e1a7c06c02b225c470,2.7979457,17cc6768c9d14388b7455fea0060b62c
a3a8679097e74509b7525e86a5457662,2.795074,b4150337314e40fb9e3ebb24514504a3
7d4bb63bd91a4617a40be8165b7fc9a6,2.7848098,7ac9c94011924c09b47f9640211885a2
f4e34063359742b7916fe2635de1aba0,2.7783544,e45844e0215f4a1596a7f9ac41367c46
96bc1d7521944aa9bd60c810ef28080a,2.7732952,b050e9e1ef5946c297a34dda98d8f476
9ed80bde74cc4e15aaa675186748bdbb,2.772942,58db4c3a26c84fa68d81235d078208bc
13c651889f50420d9c7adaeac0c211d8,2.7706847,d42996c2b67443fd9b73bba7641d4f77
4e828f821c014d5d99850f710aff0f21,2.7646027,f5a6222612ef406b8f02aef87e08c476
f40346321e624c7caf2e7586b7254203,2.7535086,2425086d8eaf44d2a9519f0e4e6b289a
86f3189426a749d5aa5851a9514f7a36,2.7529693,ff715b4f228443e3b067c801250f3402
ade56895f4dd427b8c4477aa940dc716,2.7437325,e52a528036014db0a7bd54b99a310fe8
dfd4d092c16c4fbca7e9aac5e15806c4,2.742255,1cbfb22f84454b1fb821b602e3ad11f8
9e428df718b04a159edebe604bf4ab3f,2.732778,c8b9a0ac7c214a449c434aabdf6ef770
47605d3a13c9403597c879e6825e3f45,2.7319965,77a8b27acb0e4600bb6ff974eabc269c
d163c4863d9640b8b9610decb9ae92ff,2.729068,bade01bd83ec4b6786fd8c867ca7a090
4ce3fea9e2ab48ac805aa7b46f2cfe73,2.7238805,2425086d8eaf44d2a9519f0e4e6b289a
091380ee73214c408bde7f510f136c4f,2.7099493,c8c201e25c0047a2ba9d9e8541ac0939
ee1746342f304912aca6d1956f95bc68,2.7037392,eb513691b7a04d31ab1bc50bf343447b
d826d2d9a30147d59c909ec8484bf8b6,2.6971214,ed9b10a2879742628fce003076ef9024
a9a64390a549402a87d7334ff62aa560,2.6913044,73e7e41e8db447c09cb2363d76556c64
924c235415de407b8fe453ecc8aa95be,2.6870694,ec281224f8ee419ebde676f291672aea
9b5cafae0dc14e9ba24b5c6db5381eae,2.681989,23066f7964874fd39639dbf2cb2766df
d7b01643eac140139ea2680d74080bb7,2.6611087,c9e2e76e631c4d0a8013d90892350e06
19a8e983eaac433fb6e4dccab0c03fcc,2.6589913,d576e334105247369362b05a375e88cd
2fd5284523f24eb1bae1d9e857c61d4a,2.6556532,ff218cc7835d4b5ba0de22792319050a
be07f7c09f5c40da9ebdc231520afe90,2.6422648,cc21026ff0d541909df56c5618d28518
7968aaf915264497a603da45beabd178,2.632907,5a26ae7959494fef99542e9b2004fd11
84e4c1bdea914f529a194f767629d1b7,2.630287,2a9658410614443d8a27ef174f61d6e8
7cb1eb87f58f48c88b0b1f3205d9a6e5,2.62734,d27cfea4da8f445fb4e3c55e53c6482c
bd9ad9e73d3d47e6bc36d0072d5d99bf,2.6251187,3be388c9ab614bceb086c19f70df23c2
83959d6f09044431b64a06cc335f08eb,2.6060443,9014beae94cf4f648e1663c8d5ec6803
6bfc7764438f4a6caffc2e8225f5545a,2.5975258,d331012ecf0c40888e0ac290184f0883
8d93adac5fe7477a99015ec9ef32330a,2.5857208,dc58564d0c8540bea4f3e2e3696deae8
9126864790e8431db0440435469417cd,2.5720484,7ac9c94011924c09b47f9640211885a2
0a18772678f04aad97501db427e8f725,2.5704005,d9fbe02f04a4469dac855f69ea6ad02a
b43316e2218e4fb390daa362fc8eadef,2.5635421,c322b788813745e0aa7b592b4345d379
d2d96f2a42674dfbab3101abbce904dd,2.5500562,a0fe3cd34e474c3b90662ce8ef1fcac6
ee6a2cd2075841c6816e41a54637aa9b,2.5487185,ad289d5052264f9c8bd0aaf9faace92e
292a36cd38ba43bf86a043e2de9d7bef,2.5483975,eaca056cec224a30aaaed30c39f644c2
b89cf65d34284353a3c517db67021cc0,2.544825,691acac4a54d450697afb2c2dc4fca09
24f0ffec89c94e20bd898e051adcbf79,2.5446763,d27cfea4da8f445fb4e3c55e53c6482c
398dcfd9b9434e5aae4fbf7f5752d33e,2.5370536,ff715b4f228443e3b067c801250f3402
35280441301148638fc4b59eb169c802,2.53096,aa2d7a3a535243189492d4ce8e79c049
c8d0d1f2df5c4b2a8eecdd2acc610a85,2.5288174,e25b9d9944cb4d7197efb8ffc4ff57a1
cadfda09774f4983a79a1c20a77a7b6e,2.5246007,678725f8b914453fbc1029b7c1bc0879
d2bf482573ea4097b41b6bc649bece51,2.524249,01690d9b08164fcabd5bf0819754f71f
15f76b93b94f4dfaa2c8b03a95b771e2,2.5172815,99142f1c07cd4782814f8c970eaaa40a
8779ed6ba8014232ae6caf2ff9ef4317,2.5139377,156f393f7ca046299e09d05464afa056
ef33ab499b054efb968d7cca5bef4a31,2.5130227,c0cb721b56f240dabf7f464e453ef72e
1f14295a03ac4251b24ccf3a74772f55,2.4824233,257aed6ca7a44f1cb5c664beb1be527b
b9a77513e24d477887a0d0582ca7ed7a,2.4726121,8aadcf7251724cc6858dc0db44abebe3
c75f0da05246416084af6447931742bb,2.4719968,650afb6a1d054e59904a1b796552eb04
15af8d3a801645799a0656e8ff3c729f,2.4645767,691acac4a54d450697afb2c2dc4fca09
8e80b474643e48ac86e6d8e4a23c507d,2.4630919,77ac5eb4b3054ca68e2b0dcbd5473fd1
2d641fad427d4884b7624102a50d5edb,2.4534974,5a68e05acea4434ba08e17e1fff00057
e18c0d2a5ea54d0dae0481083fc0db46,2.451608,3257035cc77946d98bdc09e2fdd5cdae
8105d0f3a03d43f0ba0794fe967c3c61,2.4487205,64f1d63a671d441d9663a783f632f794
79ac90f7c3254209afc09b44172a29d3,2.442574,c8c201e25c0047a2ba9d9e8541ac0939
3ce3c6c49a2b43c3b683ec91e9657341,2.4403503,d0a840820172465f83c8480d571e7b71
c0db9a38259c4b429eb66ba537ac8730,2.4382439,19c9ac7b84df472c85ed6cf5a05fbbc6
b707dfaa86a540dd9c3fa75fed4a43af,2.4354897,b8ca3b6144cd48208caae952e096e7ae
69fc5af906524d06b5c47a8c984a7199,2.4313653,e27d9425c912446e947fe53c4a757375
c8505b52f0aa4beb8144837de094973d,2.4311502,2425086d8eaf44d2a9519f0e4e6b289a
acedb352e247418e9c82dcd73b857c82,2.4299226,eaca056cec224a30aaaed30c39f644c2
d3b55aa1a6b041cbadb5fc0139fd8cac,2.4290767,e456afdf95e643dd926249fec4d68753
c0701f4c6a8e41a8a7df573b4abbe04f,2.4272702,b4150337314e40fb9e3ebb24514504a3
f1f565a6c118448aaf377cc5c5ec0abe,2.4260018,1d47a696eae94bd29f215a4787b27d8a
c7cad58f831849a6a4f0f9cbccb2f458,2.4251049,fe6ace599de44aa19b1773dad3658fee
35129a42bebe41de95138c15b348926d,2.424996,7ac9c94011924c09b47f9640211885a2
e9ffeaac65414a5fb9df90c528ca02f2,2.4163172,e5692bd498004d32934fbaa05af2120d
c2ed9246a86b4c0f93db5a4cdfa7f06c,2.415188,d443e0c5017d48d1b3f86bf4da959ed5
0c2f43def73f4f3a89a64828f97dde43,2.4096837,a6a551a308b9442f947ea0608ae2c3fb
3e730fdc177b48f293b58b68d7b54313,2.404389,aa2d7a3a535243189492d4ce8e79c049
8db2bf7ef1ed4e16b8f31fc7a9ad0e9e,2.4009519,fe6ace599de44aa19b1773dad3658fee
24e177e9075a4c7ebd2cf154bcbf7b78,2.3940024,c9628610053945f4a7998ae48cd70da3
1197a3e216ea459dbc822d775b701062,2.392444,e02ad4f63c8444b79a7a56fb23a4e0f1
59faf734dccd49c39c471b705bbf90a2,2.388909,cb85047b65f8468aa02744c28c075dbd
96a715a174b74274ad9ad1ca752169f8,2.386085,6c8a24653ef04f559b88e0f27c0df63a
59f932ea796043fdba3c19bd87389e96,2.3847132,58f53c379f7a4868a2ba6d91a06247d2
55472eb25f9841c2b39b9bcef06d7bf8,2.384327,dc58564d0c8540bea4f3e2e3696deae8
fbf3e9aa77924f2397522f3e54f91d54,2.3780153,836ec4ef8df644328ac07b7803709323
a1940599db974ded9752d1567b236c42,2.3715942,c8c201e25c0047a2ba9d9e8541ac0939
d076d72caa2d4bff9470fe2409888904,2.3702605,88dc23909eb4415aa39b96cc3a4c2926
a5b36f9c26ec44639e19ecba64ad7063,2.3636024,8a77dc665d8b4d95a0b1113522f7e9c3
f023a1ec2a5e4947a0c66be38c5f67b2,2.3604202,7ac9c94011924c09b47f9640211885a2
0a6d5cd06af2452ca1b3a4657d9e0767,2.3475358,d331012ecf0c40888e0ac290184f0883
e30148a8fe434f3eafce6f2cce757060,2.3474035,9170e0bb8fe44b309f83293808d871fe
7e4f7e1030bd4e0d9be72f6761ea3def,2.3458135,77a8b27acb0e4600bb6ff974eabc269c
41d559a45180411298adc4fbea7618ca,2.3427205,de9328bdd1b34adda74a0363ff0a52b6
8f2e335cd3c54f569c74283b0078f908,2.3349779,f036aaf4ab714c598a0b6da4ca604136
57cb6a69463a4f248087b39af146fdc7,2.3312306,0f9cc12519eb4872af7be7fe49e19f59
bee104c3212c473da29f1f4518f4fd7a,2.3194757,4430d47e30904eab969c1baebca184c0
3bfce2ad291d4b7780e0e8b06d4283c7,2.3171923,6aba5a04ef8742a39d3a61644a5f0729
54cad1d39001470bae1e14fe0e58f061,2.3149579,cc21026ff0d541909df56c5618d28518
93ff73f78f7c4aac9aa13de5f64205cd,2.3135302,00f45d57fd3c448d8cfdf3185ebae894
24156e9d41404d568c7e22931d2631a3,2.313501,d79afb377f5349a69830b2b4c7cfefcb
6bc08caeb482448c85c44c89c5fee7b8,2.3127875,4aa3556b2aed469584c573868193a07a
e95f49fcbcd542bf8815319116a39edd,2.3105586,0302e7dde9074dddbbbdf85e9be57901
3df0fa25822f457496cd93c2402bd292,2.3036385,aa2d7a3a535243189492d4ce8e79c049
daec8c9bb81142a98349b34affefed91,2.2992976,630edd9b8f754b5dbd36cfbbd03ccb51
6bf15791f42e4323bf626650477d9beb,2.2989912,8db9e204b8b841df8fd94eff0888cdf7
0affea27dfd242bda2130ad14ef28bb9,2.2961013,903360099fb644b6b88c6edac88eecb2
174e16d27164468ea679a619b853b1a6,2.2658553,e96aa0967ab94368b381354e03dc40ad
01651322a4034bdba60434218dfeb79f,2.256966,d6fe6f8380464e21a27fd69de27f1f57
ba4441ee87f14d4ab951a01cf5035eb9,2.2475584,7ce06191f1114b4c8a00609f6867761f
e980c76243164587a41b4adacf1c6b50,2.2461038,58db4c3a26c84fa68d81235d078208bc
7438e386a6a9468fad05b2507d9194e8,2.244287,fd51f3eef1a64d9a93652be481bde32e
76e51865ac6e4b1c83433a9fee78d5cf,2.2430918,a1d8cb16dafd4126922f985021e93631
fa6d529498794d1f98deb51ebbb48d55,2.2429256,89597084b19c4902b073a2c6c6622456
6f2088d6c7bc418f90e6328cd345c77a,2.2301445,00f45d57fd3c448d8cfdf3185ebae894
8058721caad34d58a7ddae70e71c3f9e,2.2269251,c9e2e76e631c4d0a8013d90892350e06
ec6e7c2e584c4bd09dc91d1729c2c90a,2.2239354,89597084b19c4902b073a2c6c6622456
ee3555240e534ffc880818cf7f848c8b,2.2215974,b8ca3b6144cd48208caae952e096e7ae
a879a1da30c4407aa84b5fea90b60f32,2.218883,6c74bedaa406493a99988c5b8a47b704
c46143f6691f4af38d4779e21a33f827,2.2167552,01690d9b08164fcabd5bf0819754f71f
f913fbb165604ca09fa3b9c547ab4d04,2.2152839,5a73e0a5c757410eb0928feed7b151c8
2c5bf4d606bc4435af0045f6c269d043,2.2065356,7ab29c5e2f05481d8a69cc479a764ee8
41e25db024634f619358f3093d8df1e8,2.2036328,3257035cc77946d98bdc09e2fdd5cdae
9d2b582dd0f84326a537a91a57caab4c,2.1926117,d79afb377f5349a69830b2b4c7cfefcb
8fd8f14d327f4037a26fa4bfed84f993,2.191697,6b9b2c8f0a874bb8b6691aca6bc49565
266d75addc654d52968c8c67300f73bb,2.190651,e5692bd498004d32934fbaa05af2120d
c0f5519b1d3842a68611736d9c0e5c9e,2.189197,01690d9b08164fcabd5bf0819754f71f
bec8ca61a6524d90b610482e2f304259,2.186813,ed9b10a2879742628fce003076ef9024
44e0859420c4441d8b2eab856c4e010a,2.1816635,f0695d7e59d64941b510a3d12f801d59
5a3e95d6f7e84750a9b090dbfef91f61,2.1790636,bd2f91a9415049d980e453f94327e0ce
574b37b5f1374cd3b422354879e9f582,2.170813,6542f58c143446f280e88a6375ccf79a
fcd13888ea3d4c2cba9cdbf3a7d2bbdd,2.169174,b2be859ca8f24cda86821d5383edbc18
38d3a8b3543b4548ab16eca74b1ed293,2.1657965,46bfd7af0ed6491fa621350963d11e35
0c6306c2d9c64af7a28d5fd434ba9b19,2.1652367,6b9b2c8f0a874bb8b6691aca6bc49565
b50583d5d6494691a33b4cc22373d8b5,2.162162,e02ad4f63c8444b79a7a56fb23a4e0f1
10edc8c73a904e63bc4317abfd0d7213,2.1591384,66b0c8a58f444ea0aec34d9403b88a49
e20a7ed561e1414ba269129124fa8186,2.157964,f5a6222612ef406b8f02aef87e08c476
20a91015a52d4a81bb29c195b01ed6e7,2.1529796,46ba0b979a664c7cb0c315c4cde6ac86
d87ab9d9a67547ccada7b9ea3d22154e,2.1446023,bade01bd83ec4b6786fd8c867ca7a090
06dc42ee4aa4438a91f2d88754ad84cb,2.1395462,650afb6a1d054e59904a1b796552eb04
583a781c0b984086a93f2f1c7c5f98b9,2.134954,f0695d7e59d64941b510a3d12f801d59
95d68b07aaac48c4a61e5fd5175885da,2.1335583,bf59502a233e4b5eaff9cfa3a992c387
1fa5b671cd0d4cb39567f651ef001e97,2.1166162,7cd1db4b50dd41e6b2f3dd15fcab3b89
48a75cdc09f54f0e802424e74e850008,2.114411,6d3c42356e3b459c919e3129ff192ac4
9923a917ad644091bbc508d3ced20f75,2.1095836,369fe18b94f54c98b554fd22b4a3b50b
f7c0f796a492492095abeb8469b68eeb,2.1054456,9ff95d23c3284d31ba5e398afa520649
9bc0b7a878a34cdd97666a27e60314a1,2.1010742,7cd1db4b50dd41e6b2f3dd15fcab3b89
5d880a342d1a4ff987be8c9023fe6275,2.0995095,c0cb721b56f240dabf7f464e453ef72e
55f19079097043d4b29cd2c08fb960c5,2.0887609,58db4c3a26c84fa68d81235d078208bc
dace4a83a81f42048efb60a217370134,2.0869908,cb85047b65f8468aa02744c28c075dbd
f185dd7af4814c9e83eb8e679837ee60,2.08553,4430d47e30904eab969c1baebca184c0
f7968b9dc2674ffd888bfbc7a86342d6,2.0704396,1543a2f94aa74008914301874d98f0f5
a703ddf11df347d6a8ca6f572ef505f2,2.0653079,e45844e0215f4a1596a7f9ac41367c46
db9abde406b849d59dadd9330fa873dd,2.0609841,d0a840820172465f83c8480d571e7b71
493a9c5f51a84accb411c3f643d0fba3,2.060432,21b1ded02d7b42618592187e287835a3
1e008659e5994366815fe158a9f9a26c,2.047772,9e304a9bbc7b4c22af8025fc93757357
5d204449172f48b1b51ca2ed9308b6d6,2.0465617,11ec23965d2941d0817082107996ebbb
06435a3004794b68b31f4c445a06fe71,2.0454216,f615619defc4402b82845090c238e597
51ce7c9230f540a78ecf1c757e16a6a3,2.0358787,7c1e02f3ab614e539ac901e5cd3c92d8
726d313084b349baaffae4f209998766,2.0319479,b050e9e1ef5946c297a34dda98d8f476
e42fa7d6b7134c18be1ea6c41a504057,2.0316298,650afb6a1d054e59904a1b796552eb04
5c6c691ff9a94d5e954977de26cd9cad,2.0283782,fb695c097d5845c282f6b30c241e8cf2
6ef20b2327be456ebe9d47d6c015c659,2.0275016,77a8b27acb0e4600bb6ff974eabc269c
1e61632437f042c89075c565adee2ded,2.0231447,dc58564d0c8540bea4f3e2e3696deae8
590ea703d6da42979db4f6cf3ec882f4,2.0218928,1c97c72e076f40fcadb22b17e71beed1
ee1a685984d741a18ad44faaa3fc553f,2.0098054,ecdae9f36c6a437ea72739febbf1c89c
4eef43c568d642d0b7a75932102cd2f8,2.0015419,8aadcf7251724cc6858dc0db44abebe3
9385f152b6204244bd58c6107f500381,2.0012515,9303b9f7f4984b2dac8aeba8c8da8ef6
96c624bf03614499b399bfbb431f5b98,1.9996866,6c74bedaa406493a99988c5b8a47b704
4483d9ae441d4fe1889099eb3acf1676,1.9962714,c8c201e25c0047a2ba9d9e8541ac0939
3464f002cd954218836b9014bcd0c620,1.9942856,5a26ae7959494fef99542e9b2004fd11
142160eab552419292c34bfa817ab146,1.9934484,0ebc441d25664c91adad96b570270f07
8afe31852af94133a8a0e21f4b27e5d1,1.9897934,37337ebec05640b890e4b9612776c32b
51bb2642caaa4fdfa82051cea135a8ba,1.9766985,b4150337314e40fb9e3ebb24514504a3
136549c15f3f468ab2ced44ab70b0539,1.9700168,d74f6e7abeb84eedb9923dadb62f45f0
0b185da1334244d1b2c7ba6695d75f1c,1.9650917,bade01bd83ec4b6786fd8c867ca7a090
77061464d801457a80b33cbbe0f017f6,1.9608562,d4cd0b56b6f54e08aec8ebfdb6122c5c
2de4480d7e534fbb8564efefe43623d1,1.9574872,37337ebec05640b890e4b9612776c32b
5df786def0874c84a4a9878f379009d0,1.955031,92d5da561f5a41bf929f3555a74cd653
91467c6be29e4dd4bf681cc05803d081,1.9528258,c88be17376104f999b914a91aebf7220
25f901ba444c47eab6b03184191a3151,1.9459482,4b748d6624144214b3d8a80b37aabde6
7f2876c8100e4b68a311343853ebb177,1.9447844,19c9ac7b84df472c85ed6cf5a05fbbc6
cfe22b04c2604c1fb386b852e558744b,1.9445235,ff218cc7835d4b5ba0de22792319050a
1d9521ba2b624c7aab43f311872c1d09,1.9389808,983940e0b12e4186a281c36de657406e
287f16e644254fb4ab92c40cf4fd41e5,1.9356102,fb695c097d5845c282f6b30c241e8cf2
9c4b40908472420e923be2dce2979c0e,1.9300916,01e805bb5a1845a7addf86fe9bc8d814
70c5d0168ece4f13b8553e469845fce5,1.9298192,c0cb721b56f240dabf7f464e453ef72e
bbd851331a6a4da4b22326af57c9ea32,1.9263366,faaac88748714ce8a99413b952a1dac8
1950440f5ca34d0bb2c737f896ec3b16,1.9261063,c322b788813745e0aa7b592b4345d379
74b25851047d4c08840debaa0bcd9e2e,1.9240309,80948e17b5694599919e1502bfcc08f3
7a63c379c6ed4b2faa1b9e863eb35d54,1.9156108,cc21026ff0d541909df56c5618d28518
b2f096bfd95f437395470a39b9b6ada7,1.9113885,f5a6222612ef406b8f02aef87e08c476
2d6d2f2089614469bda4b6e9b2b33678,1.9102178,bade01bd83ec4b6786fd8c867ca7a090
05074ae1d6a64faf8736a89264404087,1.9100142,e492ff7fecf046a4948c5ba5631cdefe
01213179f19e4a5d97590bdc85be49aa,1.9097176,1cbfb22f84454b1fb821b602e3ad11f8
ae806a1c4d304ce388ffbf648f241d20,1.9045837,a585d23fe43f459ba86ac15645af77ff
010b4030f3e24d059d9e4d37cbd1963a,1.9031318,66b0c8a58f444ea0aec34d9403b88a49
3ff3a9f9ebdf41968cac02ff122f56eb,1.8937608,c88be17376104f999b914a91aebf7220
1b6f4307fa4e42cda9018c5085947b48,1.8905704,66b0c8a58f444ea0aec34d9403b88a49
dea0770945c6460c8082a2fa1e710ccc,1.8902751,74e7db4222ca4a20811199afafa346a7
34bd7137776446a3b70fb89720492e73,1.8893209,58f53c379f7a4868a2ba6d91a06247d2
c674a30eca94429c91ef5e7bfd2d9f24,1.8892083,c322b788813745e0aa7b592b4345d379
9e2872646e314b1f97e9cb135dccd315,1.8889271,92d5da561f5a41bf929f3555a74cd653
0f3dc35d3b4a40e79c0af54b9b3d1f66,1.8879443,fb709e29755b44988bb252c87a2ce2f3
bd346d134e9046b592df35bc13397ab2,1.8871722,0ebc441d25664c91adad96b570270f07
bd2048721a484ac4925726f9a0df7499,1.8818681,e52a528036014db0a7bd54b99a310fe8
5c24677a92364f97aada250f8acd8f3e,1.8817976,c8b9a0ac7c214a449c434aabdf6ef770
9c5692d8cfcc49f5ae1d1eb4577cee70,1.8638394,acee70abee2841c9b67b95e9ed079647
f83685b1d7eb4bb2912f5e7358584feb,1.8601553,691a538d2372403fad2b919b48ff5f85
a7065654ab41446abde84554b4442a5b,1.8601408,7cd1db4b50dd41e6b2f3dd15fcab3b89
ba7add48a45e4ff8947f8a846082bf48,1.8573822,4d708e5878784386a42c2f436d2d60f0
dd671b4f80574f9b903f650ec7d65be2,1.8565549,0472051dc57d43f8b9dd08df475fc4a3
727185eb6c4b40c7826be433f5a5d627,1.8546509,23066f7964874fd39639dbf2cb2766df
58556ab04cfc4acf9ea2865485923949,1.851925,630edd9b8f754b5dbd36cfbbd03ccb51
51ece51608b24f22b0e8d026f5e403b3,1.851706,983940e0b12e4186a281c36de657406e
a7c05ece6ffc42e9a9efdc286789bba2,1.8515456,bd35571850644321b86ce4fae286ce7d
9c299c4c6746403990eba7f18b97be71,1.8496448,9303b9f7f4984b2dac8aeba8c8da8ef6
f1f00603ac934540b2a80ef9cdc88647,1.8489975,7cd1db4b50dd41e6b2f3dd15fcab3b89
46f0f2692fe44c88963712d6f65f6dbb,1.8450072,678725f8b914453fbc1029b7c1bc0879
70eae43486ba469e9dcabff502a498ba,1.8436577,11ec23965d2941d0817082107996ebbb
5d32b941bc394464a6da8d1c78aeb3ef,1.8400563,11ec23965d2941d0817082107996ebbb
b0428ae75a7d474bbf2e2f440fab50e9,1.8386692,e492ff7fecf046a4948c5ba5631cdefe
46a274267ab54ead8270c0e79ff16753,1.8384414,5a26ae7959494fef99542e9b2004fd11
45d15e5e49574f79bb6a3116fc761b83,1.8377616,369fe18b94f54c98b554fd22b4a3b50b
cbb7beb8042e48aa868c13a6e2ee8a6c,1.8364708,27eee82d7fb94b9b8b60bd3101187496
21b8e136ec834f4cb7c6232d8a8ebb52,1.8329694,e7d6747e8c8b4ebcb665e232240daf17
bf3d001275754cb9b2c48df805901d9d,1.8293227,f615619defc4402b82845090c238e597
4cf647a905be45e5b1b81a0559d834d9,1.8247352,fcc9863b07fc4bd5a01fab5b9160eafb
78c726c0af744ce0b72aeb59512d26d8,1.8245958,e52a528036014db0a7bd54b99a310fe8
cde31d7f76684d62b17e619c0f1e98d1,1.8209983,b8ca3b6144cd48208caae952e096e7ae
4f6887bfd8d64e9c96cb60b2fc428027,1.8191613,526ab7eda50e4a239d03ad505832d61d
a8117ce7b13549fc829e0bf1a9330dc9,1.8123747,fe6ace599de44aa19b1773dad3658fee
96a221031ce64e98ba5fcdb2fb45c9f2,1.8123362,7ce06191f1114b4c8a00609f6867761f
a2adf2cbae1441e3a30cb0ce1658be8f,1.8117597,c26f5e7dcc8149f18f3d719bba9ae717
e90176ac18954403abf1a65c40838e23,1.8066814,bf59502a233e4b5eaff9cfa3a992c387
f66b6efba0464f1a939d4ae426b9f217,1.8062259,fd51f3eef1a64d9a93652be481bde32e
51e58e676c6d4b22ac3950bcd82a8417,1.8048648,fcc9863b07fc4bd5a01fab5b9160eafb
7e1f279ed0b04e478b3bd9dbc9e6a6c0,1.800515,6a122ce1702646db918266228d48bd08
84350503e37143fc8548ffcbd24070b0,1.7977803,c26f5e7dcc8149f18f3d719bba9ae717
a2efdf5f804f446e917399345898167f,1.7976967,80948e17b5694599919e1502bfcc08f3
fa4aad3a76ce4c019895b7d73d8b496d,1.7966615,e5692bd498004d32934fbaa05af2120d
bc4671732d9843eaabd57d23d84f259d,1.7963047,bd35571850644321b86ce4fae286ce7d
0b887e10733b4259bd5c30a1c724ff50,1.794935,fb695c097d5845c282f6b30c241e8cf2
e8d0fd5309724c1cbb4da8f5c55ac9f4,1.7927686,4696c8192576454f8684954bc771aa23
b0f8acbb976643b7b4c8736a8d7305ef,1.7802031,0ebc441d25664c91adad96b570270f07
b4aee6c48c214408b310c9c345695420,1.7702388,5a73e0a5c757410eb0928feed7b151c8
7eab4332b2af45cd8ba6c4050d814b39,1.7696569,ad289d5052264f9c8bd0aaf9faace92e
9ebe890cdbad44f1936503311aa8efac,1.7662634,d79afb377f5349a69830b2b4c7cfefcb
49b80615188d4680a95923cff4718e3d,1.764392,8f761e1117754656ac86a3a25f241cd7
ed60600cbe5240f29132b4cda76d4960,1.7630802,faaac88748714ce8a99413b952a1dac8
c7d1e88369c14b5bbfe40bbbe31311ae,1.7589761,cd60a0fcac24465a880af7d8f921dd68
3febcf126f0f4f8585113e1917eed33e,1.7458937,1fde4c9a01f84c349461083b6d0ba9ed
4aeb82ff294e4be9be97a1aee9698fef,1.7421067,e456afdf95e643dd926249fec4d68753
2ca1d4b5568b484d92ce254f17374b6f,1.74174,d79afb377f5349a69830b2b4c7cfefcb
cf4d7289a12b4ebcb7b17e8b76d82342,1.7387656,ad2109663af04c549385cd2ab9b3283b
17bcb53a4aac4e2d81bba1fca7bcc69f,1.7355585,fcc9863b07fc4bd5a01fab5b9160eafb
242f18b8efb7402a9e394515b5294eb5,1.7341555,d79afb377f5349a69830b2b4c7cfefcb
07e594806c6c4bdf8d98e2995979eae1,1.7304903,0472051dc57d43f8b9dd08df475fc4a3
dc439e2feee54ac8a73f06f7ea3d8334,1.7241185,8f285540a9394706bd6ec6cda46c5058
69f55093e5564ec098780c2feb474e04,1.7209915,ad2109663af04c549385cd2ab9b3283b
fb7510f9799745e8bb2d730dafe50aa4,1.7163463,e25b9d9944cb4d7197efb8ffc4ff57a1
76313e4034d24a788d6f02923f14c045,1.7134507,d79afb377f5349a69830b2b4c7cfefcb
b95ad51d19ee4ea28d5d02064e368c84,1.7115101,691a538d2372403fad2b919b48ff5f85
587c1d4811034d7d8e3ccdb4af7ddbe1,1.7107884,e25b9d9944cb4d7197efb8ffc4ff57a1
95cfdf88f92e45f9b81a755fb1718759,1.7051424,58db4c3a26c84fa68d81235d078208bc
9894b55999bc4793bee78babf6df12bd,1.6975682,09fc9f38fbbb4bfaa1c979ac9cc43f0b
ef0d69bfdc4e49acb1978167c6edf80e,1.6947769,19c9ac7b84df472c85ed6cf5a05fbbc6
cde999f7973048f5bdccda367d1eef4c,1.687584,37337ebec05640b890e4b9612776c32b
1930e2b037404eb3b7a991849e81320f,1.6824999,21b1ded02d7b42618592187e287835a3
9b0790e53e7c487885af42388d8f681a,1.6801666,1543a2f94aa74008914301874d98f0f5
f9858ec6cc4e424aacd697295e8cabbb,1.6775597,ff715b4f228443e3b067c801250f3402
1c3bb67f3f4d455b86905cf93be96fe2,1.6747453,85e7ea30890b456084b8e85c299c8649
75a44d8541fc4f6db502671300b2ea97,1.674674,fd51f3eef1a64d9a93652be481bde32e
f2d238ecc2d34c4583220abec4d75ba2,1.6611718,057164cf4aab45ebbefef3409359cfb1
b26293f2e7f54384a164fb685236aa8f,1.6587425,58f53c379f7a4868a2ba6d91a06247d2
dd893f1f0cc94ae188e1501db4638010,1.649988,b4150337314e40fb9e3ebb24514504a3
e98cad653d89476483782ae1a239135b,1.6497431,5a8cc5ff28fb4359afc7e9fcbf3bce55
e45e383a0b9844e2b5ea7eaea5eb9fea,1.6473922,156f393f7ca046299e09d05464afa056
c8aebab05e9d4c7e8a5e4875c217263d,1.6437966,e7d6747e8c8b4ebcb665e232240daf17
192ea3bc5bf1479bb3255c41ff2fa9e8,1.6435153,bd2f91a9415049d980e453f94327e0ce
22fbef34478f40bbbd083e12595903b4,1.6381421,de9328bdd1b34adda74a0363ff0a52b6
b0cf2cbd50e3496996a7e649063dc127,1.6351069,8f761e1117754656ac86a3a25f241cd7
4440ec412a204073bc44b4890ee24ee9,1.6258767,d443e0c5017d48d1b3f86bf4da959ed5
99370de3bbb74c12a92ca24b995d92b1,1.6194267,4430d47e30904eab969c1baebca184c0
9b18e72d85384d73bf3bc666ebd18aa9,1.6191598,f036aaf4ab714c598a0b6da4ca604136
a4c088804f1a458e849f356cef8bfa22,1.6188322,e336d113184c4ebdbad7aa2b6ec64640
839527c5eff74e27a3dd2e5a9336cc57,1.6152111,c9628610053945f4a7998ae48cd70da3
1e239dcb58ac4c869ed3fc6c4c4a06bb,1.6115955,f0695d7e59d64941b510a3d12f801d59
3d62fd7345e249eca395731c94b53eba,1.6089044,d42996c2b67443fd9b73bba7641d4f77
5a37cdd19ab741ca8f65dbc2e207ac65,1.5965425,650afb6a1d054e59904a1b796552eb04
1e91957d9e7b4a2d9a469c627d2b37c0,1.5917453,cb85047b65f8468aa02744c28c075dbd
a7696e4b2a7b4a87a64c7bf5ced3a129,1.5855391,efdf40eee13d409c9955e5b84e4408f6
eaab6a29e5cf470dad7b0b66bdfa71f6,1.5854602,1216ce1ef31e4643bb1222538c206342
f2fe001a9caf435a9e440ed89e6b806e,1.5782244,f0695d7e59d64941b510a3d12f801d59
7779e19852544c0a86ee54cbf58acb3c,1.5743681,e5692bd498004d32934fbaa05af2120d
3df61db7681f47ecbe9f92df83b36e59,1.568948,bd35571850644321b86ce4fae286ce7d
7b5adbd82a584ff6b6e23b89956dd6f2,1.5672781,bd35571850644321b86ce4fae286ce7d
aaff66d83c1441cba7531bde3e46f124,1.5634224,1216ce1ef31e4643bb1222538c206342
c5c5b71dc4ff4e8cb11769f0b2cd9907,1.5576665,1fde4c9a01f84c349461083b6d0ba9ed
7e7b92ee644e42a3adc00967aa9f4cf8,1.5544516,965598a17b624a0f9bb1cd58595458a6
0beb47a537e14562b509e395d77dc749,1.5539869,526ab7eda50e4a239d03ad505832d61d
57c53927cc0942b7a012edd211993b5f,1.5536172,27eee82d7fb94b9b8b60bd3101187496
f31d22a46dc54bd7b4dbd9366f0304d5,1.5505416,2a9658410614443d8a27ef174f61d6e8
aa8510751ea1474a90449f0bf668c26a,1.5490313,691acac4a54d450697afb2c2dc4fca09
acc8825aa2cb4d06bd3574a6b36e6a40,1.5483853,c0cb721b56f240dabf7f464e453ef72e
722ce5c8bc4f4e07b309329bddf66d7e,1.5481163,80921378de2b4cd3a14d449688d8b079
66f2b56505bb4a009232e327041bcff4,1.5467367,5a26ae7959494fef99542e9b2004fd11
1ca503912b5b4d3c84d0c34c0ec3f38a,1.5465376,4d708e5878784386a42c2f436d2d60f0
9f68e2380d2a40eda419370717d328b2,1.5430309,ad289d5052264f9c8bd0aaf9faace92e
7b5270f3124740838e60c375f3003665,1.5421749,691acac4a54d450697afb2c2dc4fca09
0478a4dd439f4218a9194cd283b15aca,1.5401193,ed9b10a2879742628fce003076ef9024
a34c38121a3948f8949f49df67186c78,1.5382462,92229a391d0b418f87b32c86c42a292c
266024fef71d4c25a73f93db3af86fa7,1.5373161,46bfd7af0ed6491fa621350963d11e35
29add4c6302d4386b285a8fe68153479,1.5150348,c8b9a0ac7c214a449c434aabdf6ef770
83d43c7c640c4996a271c9ec70bd0746,1.5146288,0302e7dde9074dddbbbdf85e9be57901
2662ae81f6a6414cae732c72ef71a9a1,1.5094227,efdf40eee13d409c9955e5b84e4408f6
45134c6dd42d4814b2fba3d713c1b3a5,1.5056913,1cbfb22f84454b1fb821b602e3ad11f8
dff829b336b64da68408d78fc0580c38,1.5028646,e45844e0215f4a1596a7f9ac41367c46
ae8dce8e4fd84a42916e2a2ea4ab7c38,1.4987013,fb709e29755b44988bb252c87a2ce2f3
b627c84048a742d292cc9adc0f36f58d,1.4887639,5a68e05acea4434ba08e17e1fff00057
9aa12e538d0c4d89ab849afde0b92d65,1.4857693,c88be17376104f999b914a91aebf7220
6f6fd5b2a152493e8afcb221b1b198bd,1.4856659,cc21026ff0d541909df56c5618d28518
987dc1b016fe4664902db31211a59bd9,1.4852428,efdf40eee13d409c9955e5b84e4408f6
faf7544dd7fb43c5b63a56c55bcaafb6,1.4760176,4ad7e2502210436f9ca5735fdf7e50c3
65120ac6b44e42f1831bb02005863657,1.4759144,fd51f3eef1a64d9a93652be481bde32e
275a7144962641e1a6b32428d2e025ec,1.4749104,fe6ace599de44aa19b1773dad3658fee
cc8f496b43d143478be84fd74f0dfc07,1.4748014,7ac9c94011924c09b47f9640211885a2
12b4b13d49b64b55ae65fe00960c4711,1.4728011,6a33c207c8b648f680dbd0e65639ef04
88de1634c729442aa72060868b167abd,1.469794,82b01998353e4141a7613fdc96d7b600
4805a294e65b4d4db75948e86d3fdee4,1.469034,acee70abee2841c9b67b95e9ed079647
659ae42d80174d04b5c0e2295c83e1cf,1.4673733,e7d6747e8c8b4ebcb665e232240daf17
d61fa8f9c09d4aef95f64f941a957c96,1.4669514,640f3bd184b7425fb22cc7773b8b2244
c189a309da7a472e88194571c3354d34,1.4644568,6b9b2c8f0a874bb8b6691aca6bc49565
126cac1063d947f1b6b54ce7d54f2c68,1.4557034,e96aa0967ab94368b381354e03dc40ad
eb5fe491e3474e81865751ec9f52b3ce,1.4529341,1af4472b38cc4304841b2f1720075c9d
f4e9b9fb265843768046ac7985c89f7a,1.4511893,a4cad92644614f78bded3ca6d6023473
cb44ae0776e3419e8b0aab12b82dc8e2,1.450633,23066f7964874fd39639dbf2cb2766df
f17e080b2680401da91c350fa7e9cfa1,1.4474086,fb695c097d5845c282f6b30c241e8cf2
f93d08dd757f4cb9a593f27024c614ff,1.4450074,4aa3556b2aed469584c573868193a07a
2fa8c386148647ccaeee6adf877a7ac6,1.4367433,8aadcf7251724cc6858dc0db44abebe3
d41cd804abf94f759a1f7e6da3cc6758,1.4333515,e456afdf95e643dd926249fec4d68753
1cfa0ddd81a04ee1bcbf754e6c92c5d8,1.4320867,f5a6222612ef406b8f02aef87e08c476
d060627e97d244e99da1e44ccf7d4a91,1.4308325,5a26ae7959494fef99542e9b2004fd11
e7477d785b474565a0c4aea10f9060f1,1.4298017,64f1d63a671d441d9663a783f632f794
780760acebdc4860bb31c7a7150c19dc,1.4250228,f5a6222612ef406b8f02aef87e08c476
da365c80b3ac47ccb8a01a48820437a2,1.4162105,37337ebec05640b890e4b9612776c32b
00306589ab9241cfb569f6b85c0e2843,1.4157816,7ce06191f1114b4c8a00609f6867761f
4d2df900c0ef4261878a1ee108ac520d,1.4132168,ec281224f8ee419ebde676f291672aea
d1c94e11ba214e61b63f00da3fb00a09,1.4127076,ad289d5052264f9c8bd0aaf9faace92e
49f4672f4be94535a516b1013cea2b54,1.411713,c9e2e76e631c4d0a8013d90892350e06
4a2be481c29745e6be4e4b6a6d39ff64,1.4114157,6a122ce1702646db918266228d48bd08
d7d1062b83d0482889557ef5578d6c18,1.4113361,836ec4ef8df644328ac07b7803709323
4bd7c89c496144089a9b340c20c1a8bf,1.4042146,ad2b6fb945714e6792c17bd49a1066e0
bfd311fb1c224274b98d99f84e3cf150,1.4020989,d42996c2b67443fd9b73bba7641d4f77
7138411c54ee4ddc9519ced57941eb3e,1.4009963,78b600dd53854b018f87267d268b7b1a
b3d1c6603e6a4f05bfe265607ea252ba,1.4003854,e02ad4f63c8444b79a7a56fb23a4e0f1
96ad923a06f54d79a74431cd06b8adea,1.399685,fb709e29755b44988bb252c87a2ce2f3
aac7a2be32044f6b908b9548ab324ed4,1.398511,a6a551a308b9442f947ea0608ae2c3fb
569c47730fc949f7a3971473e07d0f6a,1.3838309,678725f8b914453fbc1029b7c1bc0879
efd4bc5be92d4f7abb7c4bd8c19423a2,1.380943,74e7db4222ca4a20811199afafa346a7
86c05c3d7552474dbf8eb503035b96b4,1.3761929,80921378de2b4cd3a14d449688d8b079
184facf4be454b60a5fe9a953d771690,1.3746592,6b9b2c8f0a874bb8b6691aca6bc49565
932fad47da6c474ebd763a0249ad22cd,1.3693714,f9fae977af2c4f35b29400f31267e170
f7937418662b418b90963799279bc248,1.369158,09fc9f38fbbb4bfaa1c979ac9cc43f0b
f5abb68eab244fe38e79be186719a8d8,1.3670108,369fe18b94f54c98b554fd22b4a3b50b
ec892733179f48d7b907594ba63d8431,1.357271,d79afb377f5349a69830b2b4c7cfefcb
5c189d9231904498a16870be4936df4a,1.3527288,cc21026ff0d541909df56c5618d28518
5491a19984a643bca536cb015e65adbe,1.3506035,92229a391d0b418f87b32c86c42a292c
c50c1d8eb4024bf080812d01310eb133,1.3434134,c8c201e25c0047a2ba9d9e8541ac0939
982360bc10ca4c3ba78467718112babd,1.3423907,c26f5e7dcc8149f18f3d719bba9ae717
c762fdf4bb4d4f4992cdcd83ef4f2222,1.3413057,fd51f3eef1a64d9a93652be481bde32e
2c689d06459b496798e7fc1e4ce8b03e,1.3396342,6c8a24653ef04f559b88e0f27c0df63a
ba6e6bd633084e56bb1f91c62afff197,1.3388926,77ac5eb4b3054ca68e2b0dcbd5473fd1
7fc16d6f92a847c29cf3367644e4e835,1.3363994,b8ca3b6144cd48208caae952e096e7ae
cb70763b642a49e48c7e66689f180efb,1.3283945,0ebc441d25664c91adad96b570270f07
bc3dcde96af9406186e1b5eb3b8af798,1.3264254,4696c8192576454f8684954bc771aa23
6fb94e9ac58f4d9694f15b78affe4f02,1.3212476,34b71675a1ae442395b6eb1f3eda23df
27a9489cf5724d47bbcc508684389f2a,1.3198932,3257035cc77946d98bdc09e2fdd5cdae
e3168a661d6e43b39980289c06b51f8b,1.3153514,aa2d7a3a535243189492d4ce8e79c049
bb1d29d38bf146d882c0237285e635b6,1.314346,a4cad92644614f78bded3ca6d6023473
6febefdfecdd4d6dbe493b2dab3579b0,1.3119329,156f393f7ca046299e09d05464afa056
387cfff049b44a62ad0215e9bcd6f912,1.309926,ecdae9f36c6a437ea72739febbf1c89c
b453e70a75224981b0a892bee09f9b9d,1.3041477,c9628610053945f4a7998ae48cd70da3
4a5ee7ff69a445f48974483a915d4d84,1.3016359,1543a2f94aa74008914301874d98f0f5
c44ae4a053bf47e5b9b2ee3ef8ae2b5b,1.2991498,ff715b4f228443e3b067c801250f3402
253d404216244e3e8c298eef54b7424a,1.2962756,d74f6e7abeb84eedb9923dadb62f45f0
794358e3d9a94bc48a240617b29ec0af,1.2942358,3be388c9ab614bceb086c19f70df23c2
a202212d6ad9404fbc16c60a7fc73ddc,1.292249,fb695c097d5845c282f6b30c241e8cf2
fdaaf6e004b04cb18e798331b9d9ebc6,1.2808614,99142f1c07cd4782814f8c970eaaa40a
42096f8107c945a1a2cb7d0c4ba65a75,1.2757946,faaac88748714ce8a99413b952a1dac8
32b7043aedf94f65af81490dfccc8b7a,1.2732427,7ac9c94011924c09b47f9640211885a2
c0e4b6d0b4ac4f978868636d7675e345,1.2722611,e456afdf95e643dd926249fec4d68753
211bbe2f818640a39e55304483f7aee1,1.2697113,691a538d2372403fad2b919b48ff5f85
07d706541ba64a5a860673ea0aff78bb,1.2574786,3b13d134762445cebcdbb02b484db77b
65fdb46393a34ac699da17059ebaa6cc,1.2564058,f9fae977af2c4f35b29400f31267e170
af33a412aeb947a8b8c53cfc9e78a69d,1.2557751,983940e0b12e4186a281c36de657406e
b4606932b1e94119b460652c11647413,1.2514893,1d47a696eae94bd29f215a4787b27d8a
a1a22d5f63af4418a3f33283a6013d2d,1.2507998,8f285540a9394706bd6ec6cda46c5058
e95715a92c0a4c8292d8599a0c1a7dec,1.250592,1543a2f94aa74008914301874d98f0f5
6de8d8e544ee4bc3b84a9aa3f56f4d30,1.2470227,64fa5ce839ef406b9bc8a1b2f05094c7
38407a6caf584c85afd497d9bcadcef7,1.2416372,75b0bd2240a54f6fb45bf95ca43ab5e6
d7f295b3018e494d84b29f498ac03fa5,1.2268931,46bfd7af0ed6491fa621350963d11e35
2c477c4f58dc4ca1975569a1f34923fc,1.2225177,77ac5eb4b3054ca68e2b0dcbd5473fd1
e449398fb3714ef39cfae0e60e4b3fd1,1.2146277,34b71675a1ae442395b6eb1f3eda23df
6f19ee43f25e4a01adfde430ceb68864,1.2129239,9303b9f7f4984b2dac8aeba8c8da8ef6
08b73196f2c24757b7a87419ad378a36,1.2091287,8aadcf7251724cc6858dc0db44abebe3
e18211bb1b9a4eb5b5679481523d0c23,1.2068622,d981f2c67f764e0c84af125b563958e9
0effebf3021a4263bb46281f2fb33987,1.2021569,dc58564d0c8540bea4f3e2e3696deae8
1c4b7fec0bd14f4d832d26dd643c4045,1.2017592,92229a391d0b418f87b32c86c42a292c
f6440ad65bcb48fc8d7fb11f5accc309,1.2014351,e7d6747e8c8b4ebcb665e232240daf17
a082e18320bf47fe8c3c9506d626862a,1.1974556,b4150337314e40fb9e3ebb24514504a3
7cb075d8031f47dfb9a6b37840756bcf,1.1971409,b25fe3b79f714d38b3fc53e39fd84d36
d49f6a76fe334b5ebf72758df0f42d07,1.18937,c26f5e7dcc8149f18f3d719bba9ae717
93945027f4fc4a43aedd7dc6affd5621,1.189135,d74f6e7abeb84eedb9923dadb62f45f0
362c00f2982342a8a518f57f7ec9a60e,1.1883175,2768d411cc374a018a898f9df0ca207d
a5e2a560340b491299c037bccbbf6d9f,1.187839,3be388c9ab614bceb086c19f70df23c2
8887992f6e314e5bb22217a98a5dc1d2,1.1874964,46bfd7af0ed6491fa621350963d11e35
334dd9387233405cb0ba67a8ddd52c53,1.1851077,bab3bdc133384798b558f8fb6466a7fa
0499bd7b39be4304b273f17a516f2eaa,1.17747,80921378de2b4cd3a14d449688d8b079
183908f894694011b40f78d80cbeb742,1.1768397,f5a6222612ef406b8f02aef87e08c476
e0d2814553f94dafaa11cc4de14b94db,1.1763157,bf59502a233e4b5eaff9cfa3a992c387
8522edbe627049f0b00eabbb776399d3,1.1756325,aa2d7a3a535243189492d4ce8e79c049
432fd48d8c1946838e62f7912527deae,1.1738678,7c1e02f3ab614e539ac901e5cd3c92d8
0b7bef4f00bf42b0ac6d5e824b04daa3,1.1738344,903360099fb644b6b88c6edac88eecb2
abf8b91082294675ba25ab35c659daa7,1.1738309,09fc9f38fbbb4bfaa1c979ac9cc43f0b
3e5dd993b40a449fa94dcff02439d160,1.1631669,9ff95d23c3284d31ba5e398afa520649
fc0ddf22d761445da507bfd2d2d08d33,1.157031,efdf40eee13d409c9955e5b84e4408f6
2b50f012261b4b2ba6b92ef109d17277,1.1542816,b25fe3b79f714d38b3fc53e39fd84d36
0111c90ac0ad4280b5cbf6b56c2d2150,1.1529136,e7d6747e8c8b4ebcb665e232240daf17
13efb9d3d8904edb87940273047233f6,1.150524,eaca056cec224a30aaaed30c39f644c2
28ff28dc16ac43ad9110f26f13aa339e,1.1503576,c9628610053945f4a7998ae48cd70da3
b7076c9ed4f545c48deaab51abdc4a6b,1.1477305,ff218cc7835d4b5ba0de22792319050a
18256c30bb5447d2bc0c5b2c56f67811,1.1469096,bab3bdc133384798b558f8fb6466a7fa
d7cad8025bcb4868a7196c152770ab3d,1.1452745,fd51f3eef1a64d9a93652be481bde32e
f5a783856a7f4d3ba8c3f2c29428c454,1.1440054,5a26ae7959494fef99542e9b2004fd11
546369a62bd740beadc07cd40b6e758e,1.1386746,a926df6d7fcf4b17b68dae6f41fbce66
4cdd959af2f14b51bed3c4107c2f0405,1.1377666,80921378de2b4cd3a14d449688d8b079
9fa9673a6edb4e15b5f57d97a0b16037,1.1354206,4aa3556b2aed469584c573868193a07a
7257f3d3f31a4d5ab6a872e4e5886111,1.1282573,e52a528036014db0a7bd54b99a310fe8
6c8cdd6141244ba1b62fee70292cc68a,1.1279706,b4150337314e40fb9e3ebb24514504a3
26b721f1caa14c70b7aa9e5a8898e76a,1.1246005,34b71675a1ae442395b6eb1f3eda23df
30c2e203d4e74967b5166f3da78fbe36,1.1205814,f615619defc4402b82845090c238e597
d64dd5997016472488972a82c8d2148f,1.1204133,b25fe3b79f714d38b3fc53e39fd84d36
146864f4715c4e438e2c3294df06d9b8,1.1201932,691acac4a54d450697afb2c2dc4fca09
206c38136fda4bdb97f8087fab551d1a,1.1188666,e27d9425c912446e947fe53c4a757375
408a26bfd8bd41529e7fa7db94cdae03,1.1130351,d4cd0b56b6f54e08aec8ebfdb6122c5c
7347c822edd443ed856998a70357afd0,1.110726,8a77dc665d8b4d95a0b1113522f7e9c3
00989f2d41344337a67e440d6506b9cf,1.107342,73e7e41e8db447c09cb2363d76556c64
d37d23786d3f4e90977fbe2a3e5be556,1.1051979,85e7ea30890b456084b8e85c299c8649
cdb476218b73426a840ec0a8868020bd,1.1010174,d9fbe02f04a4469dac855f69ea6ad02a
7dba9b481a53475cb2f9bb524154fa97,1.1007298,75b0bd2240a54f6fb45bf95ca43ab5e6
4c35694f60f94daa9e2cb35e66d8031f,1.0990293,f11f1682b5924181b047d757d3e20964
371437b76fbc4eeaa709683744e7ee08,1.098293,e45844e0215f4a1596a7f9ac41367c46
fb4a9db6c94f4a49a12fa4071706242f,1.0940398,f0695d7e59d64941b510a3d12f801d59
d2e23fe1095249c4a12577fd6efe8a65,1.0911372,700f381f40ce4b039ce0df8b49fb199b
ea60559c1a414dafbe5652b8b1ef5ffa,1.089321,e02ad4f63c8444b79a7a56fb23a4e0f1
1c72a6a5b70a4bf08702aba29a63ead5,1.0870293,650afb6a1d054e59904a1b796552eb04
774622a7382646c4ad5ef139574052c1,1.0862094,9170e0bb8fe44b309f83293808d871fe
aef3a265256d49af8433aac1b85fe097,1.0850958,5831f5e280be4c02a09ce4588b56d7f3
c11c77b1b50e475e8b0a0df774292211,1.0822743,3257035cc77946d98bdc09e2fdd5cdae
b9e0a43c19a04981af4a6dbf15166196,1.0790614,aa2d7a3a535243189492d4ce8e79c049
9f3b0cd053d04311acf31077db03f489,1.0763162,cb85047b65f8468aa02744c28c075dbd
ba50600bf9f046bf97bbe28dc09a3ff4,1.070769,92229a391d0b418f87b32c86c42a292c
1139d27eff6f4adcbf602ee48c269d3a,1.059247,0ebc441d25664c91adad96b570270f07
4d211e99c4d0455980e9ab87c212c2d5,1.0538568,2a9658410614443d8a27ef174f61d6e8
b19ea3eefb454edd861821b7164f50e0,1.0412748,ad2b6fb945714e6792c17bd49a1066e0
d3d566cecb79472ab65c2a57bc6d7b6f,1.0370475,7ce06191f1114b4c8a00609f6867761f
66c69be4b87942098f652198c91df0bd,1.0337572,77ac5eb4b3054ca68e2b0dcbd5473fd1
47bdbd87490b4698bcd3b038c2baf6d4,1.0247805,4d708e5878784386a42c2f436d2d60f0
0681f461c4ad4ee699a843df5ab30607,1.0209442,dc58564d0c8540bea4f3e2e3696deae8
7f23a0de3d6649fbaa67cb1b2dae2289,1.0174506,ff715b4f228443e3b067c801250f3402
6a9e4d855e3944719a49f41d3f30b8d6,1.0157715,faaac88748714ce8a99413b952a1dac8
3723741c22a347c7a622bec61ab94d3f,1.0136606,64f1d63a671d441d9663a783f632f794
edb1a0a557354729b75b63862940d133,1.013037,01e805bb5a1845a7addf86fe9bc8d814
b6564d12e54b4e09a41d57e66159df56,1.0120586,a6a551a308b9442f947ea0608ae2c3fb
47471f2f4db14e01850ce3fd0e3b7aff,1.0076405,c9e2e76e631c4d0a8013d90892350e06
6983a79417f9490ca7534cc0b9e72978,1.0030107,4b748d6624144214b3d8a80b37aabde6
13964a2d472649b59d5126c24da8d4b1,0.9937855,23066f7964874fd39639dbf2cb2766df
95eb2760eddb42a799eed009f1907025,0.9870636,0ebc441d25664c91adad96b570270f07
ec947b46f577485bacac003c668ee2b8,0.9854546,d74f6e7abeb84eedb9923dadb62f45f0
3c6017018cff435f8a15557ec2740321,0.97726935,85e7ea30890b456084b8e85c299c8649
cceea5a23ce7472b9023735952df0ed8,0.9755912,6c74bedaa406493a99988c5b8a47b704
9f143dcef5ee44dd89610738332533b6,0.9683043,6a33c207c8b648f680dbd0e65639ef04
5bf9e6f5654045d28dd2225231386807,0.9655449,23066f7964874fd39639dbf2cb2766df
b68aafdc6e7b4188a9506c869f83ae96,0.96369517,6a33c207c8b648f680dbd0e65639ef04
3477cf6029bd4abb97d2bbcc6c11509b,0.9635043,1216ce1ef31e4643bb1222538c206342
7f01bceb5689442b8a024b4596c8a11e,0.9586772,34b71675a1ae442395b6eb1f3eda23df
a868fa08c4994234bd1947577c34c2f6,0.95748264,b050e9e1ef5946c297a34dda98d8f476
f1015462e69f41ea9a9c663ae07f13fd,0.9569346,ad2109663af04c549385cd2ab9b3283b
915d79767ad746c99ea804f4b5dbf60d,0.95389825,d981f2c67f764e0c84af125b563958e9
247daf33fb4d4fa993fd572025cb5166,0.95377696,d331012ecf0c40888e0ac290184f0883
1ab3ed9b9a4d45cc81fcf7e200bdee0f,0.9529114,ff715b4f228443e3b067c801250f3402
ac047081c69246efb1e1385bc77fb76c,0.95194644,88dc23909eb4415aa39b96cc3a4c2926
fdfc870c19de4b5e99b1b3cdb4acfa39,0.9417239,a585d23fe43f459ba86ac15645af77ff
b0535812250c45b497a6bad12645aca1,0.938963,2a9658410614443d8a27ef174f61d6e8
61e1612d7fad463ea1c28d21bdc98513,0.9388631,82b01998353e4141a7613fdc96d7b600
96bcfa53901a41dfa438964a0688e82d,0.9377871,88dc23909eb4415aa39b96cc3a4c2926
46d21d8ab5eb41a080233ba04192b3f6,0.9338978,d576e334105247369362b05a375e88cd
e578d2ca90a241bcb241e65a62648a66,0.93046194,f5a6222612ef406b8f02aef87e08c476
1ca76b297f0e46b1ab22a8cd94230582,0.92971206,27eee82d7fb94b9b8b60bd3101187496
e15d2b4a689545309a64bd4d54621cbb,0.9257975,89e43b092c844b5886a93091a22c894a
a66dab00c6184b79866a0fe90c090db0,0.9206154,65664fb3aad341fab563409d91dddd2d
b457016349004dba8b94241ddf2b6964,0.91901,640f3bd184b7425fb22cc7773b8b2244
67cdfba89fae4e3896b9aebb4f52dae5,0.9146551,cc21026ff0d541909df56c5618d28518
2fd2926eef6c41939266c5d6a5803999,0.9127749,eaca056cec224a30aaaed30c39f644c2
f36820bbc65b4c6486f479be532b159c,0.91167986,cd56b9a044c24df8a7156f661cb3d9cf
911ee4e9eb0d4ed1add57e7a79dd71d6,0.910689,eb513691b7a04d31ab1bc50bf343447b
0237bcef8eb845aaa48b53436a3ea75d,0.90704584,eb513691b7a04d31ab1bc50bf343447b
41f9870b0da34d88a3e68dd195a3e474,0.9033547,27eee82d7fb94b9b8b60bd3101187496
e2b879e36e484b0992165829229529ec,0.9032335,27eee82d7fb94b9b8b60bd3101187496
db0b5c45c2954d12b90e29ab07c75dcd,0.8955722,21b1ded02d7b42618592187e287835a3
1008087cab8f407eb2cd44e6c79658c7,0.895515,d576e334105247369362b05a375e88cd
4afd31c733874e938dea46b7c0843f2f,0.8951369,e52a528036014db0a7bd54b99a310fe8
df8769c84f5b4a8f9811c4537faa576f,0.8949886,73e7e41e8db447c09cb2363d76556c64
fd66e1095a8d4ed89af26eb4018a0c00,0.89139205,3b13d134762445cebcdbb02b484db77b
632d5d8462f7480ba8e1873292371b3e,0.89080775,6b9b2c8f0a874bb8b6691aca6bc49565
2b4fda504eff4531832d7897265ba39f,0.88826203,d79afb377f5349a69830b2b4c7cfefcb
ed7174d9684e4c1ab43b255543d62f86,0.8865726,b25fe3b79f714d38b3fc53e39fd84d36
14f6b3f3ee164c98b2aa0e93e06070d3,0.8859797,678725f8b914453fbc1029b7c1bc0879
9d3679e8828845c6be8f7376e953d216,0.885342,82b01998353e4141a7613fdc96d7b600
780486c1076b4c48a2e7b01053d328cf,0.8714005,46bfd7af0ed6491fa621350963d11e35
910f58d10cac4e1896efd603e3b6247c,0.87090033,ad2b6fb945714e6792c17bd49a1066e0
f8a46af09cee4fd4a9c2ffe00e109f28,0.87070435,6aaae524573f477f8fdef0b83787cbee
703c375bffc346788123e8e9d957db42,0.8701254,bade01bd83ec4b6786fd8c867ca7a090
1e579d7ae9414003b1ba23d9839d8031,0.86683524,faaac88748714ce8a99413b952a1dac8
c8cf5bb63c7849c79141e48f0b609996,0.8637173,85e7ea30890b456084b8e85c299c8649
003d3f2fc0d74fc58746a9d38d310d8a,0.862717,6b9b2c8f0a874bb8b6691aca6bc49565
071079b5a0494fe2b01b0dc5399d8089,0.86231565,eb513691b7a04d31ab1bc50bf343447b
1068628f10b7400aa4e87b04d24fd803,0.86203617,3257035cc77946d98bdc09e2fdd5cdae
fe866322e3f94718be3a75be3975a37a,0.86067545,9b22c5cdbff44bdabd48dba008e6a3b2
75bceb302d644b309181d454dbd2b59f,0.8470662,678725f8b914453fbc1029b7c1bc0879
65985829f37342a3b2560fd757d02169,0.846661,19c9ac7b84df472c85ed6cf5a05fbbc6
22a3289b29c9411cb2777c5cd4b454ab,0.8453652,ecdae9f36c6a437ea72739febbf1c89c
73816ea484544387b7c1014e6b97b187,0.83989954,0f9cc12519eb4872af7be7fe49e19f59
e1c498af40d54c85bcea4f0ce236b966,0.8398771,d9fbe02f04a4469dac855f69ea6ad02a
50d0942bfc7540f2b61af337707d303b,0.8394067,4430d47e30904eab969c1baebca184c0
6bfef081f7a9453399f6d98d6cd01f60,0.8384045,1f8c0f02984e4139bf8043e57497fdb2
705398996d6440bd986d3dfa47bb583a,0.83679146,3be388c9ab614bceb086c19f70df23c2
5209a952bb1a4ac991ae51e8a3e9abdc,0.83436066,1cbfb22f84454b1fb821b602e3ad11f8
82a059da201341cea6290c541e65ce5d,0.8333113,75b0bd2240a54f6fb45bf95ca43ab5e6
f4398da2a74044829b4f7bd0808aec82,0.82818776,6c8a24653ef04f559b88e0f27c0df63a
4207cafc0d1f4d50b76a0fe4b67edc09,0.8257617,9ff95d23c3284d31ba5e398afa520649
6c846ec45b5646b6b0d1dfce66fb8328,0.8182683,1cbfb22f84454b1fb821b602e3ad11f8
5dd11b299b1e4c9fa5e4d0683b4d02ad,0.8170326,cd56b9a044c24df8a7156f661cb3d9cf
bd11eda8c59c41a383c769c428ce6d6a,0.81444895,a1d8cb16dafd4126922f985021e93631
cd1d8e8c5cbe4d4cb0b1fbaf84bec386,0.8140523,650afb6a1d054e59904a1b796552eb04
53ad9b6f270d43beaa19337b588c1e60,0.8120269,1543a2f94aa74008914301874d98f0f5
dbb7cd57e11848d399a156605f0f11c4,0.81100404,17cc6768c9d14388b7455fea0060b62c
34a4ab8c365d469e9f634993d0a5b61a,0.80893314,fcc9863b07fc4bd5a01fab5b9160eafb
a5acc7bcf83741208d3d3d0cc9696fcb,0.80519545,b7ef0a61de0e4adf9688b2c525c9ad09
c27914b906234330b9a6677788aab658,0.8045732,89597084b19c4902b073a2c6c6622456
b8cb140987104f8db7456d8b3ad57ae7,0.80389935,e25b9d9944cb4d7197efb8ffc4ff57a1
d0f798b90ad04da3a8a192e16d0b1743,0.8003665,b2be859ca8f24cda86821d5383edbc18
7e1df8a5aabd4ab88cff299bb27c308d,0.7998557,0472051dc57d43f8b9dd08df475fc4a3
6ad7781d238a4ed28cba7dda16397459,0.79423296,1c97c72e076f40fcadb22b17e71beed1
5a1096197b8648d882cdd33875519404,0.7854671,ecdae9f36c6a437ea72739febbf1c89c
d404db290f094f2f9dc6ffe54216308f,0.7848274,564a84b1b830407e811bcfc7fd086a6f
cc88f1f679b3441cbdad8db36097e960,0.77546525,e25b9d9944cb4d7197efb8ffc4ff57a1
fc982cca5c594093a33406ccd0a2b83c,0.77284795,89597084b19c4902b073a2c6c6622456
b260e27f99814dfc9434f7e4b50702ac,0.761555,057164cf4aab45ebbefef3409359cfb1
6178ae89b15545f39f754e64a9283916,0.760059,8a77dc665d8b4d95a0b1113522f7e9c3
390ed716ee69427f85d1d9d4da45fd20,0.75910735,526ab7eda50e4a239d03ad505832d61d
e10cdddb573548c0bd3d9eb0cef37f37,0.7583845,d0a840820172465f83c8480d571e7b71
ddbc9d9a558041779711fd17e89ec33f,0.7573963,eaca056cec224a30aaaed30c39f644c2
9c3a88f966094359839f8ebc3263a6ae,0.75715995,ad289d5052264f9c8bd0aaf9faace92e
85d372a0f34b42109e467e07922756ae,0.7539008,82b01998353e4141a7613fdc96d7b600
e349c885e3cf4b12898ea2f38cccf188,0.75364757,f615619defc4402b82845090c238e597
32b499158c154bc2991b5799962d9b5a,0.7497576,2425086d8eaf44d2a9519f0e4e6b289a
68a1587934b74c2aac31a790843f3b56,0.74880356,e5692bd498004d32934fbaa05af2120d
9ddc0583ec0e4cc0bbaa79c812c97afa,0.74236864,73e7e41e8db447c09cb2363d76556c64
497126af5d624b7894a1cca2b3b0e57b,0.74180984,d443e0c5017d48d1b3f86bf4da959ed5
7e41c6ad9fe846239eb8cdf3a0a3569e,0.7403872,9303b9f7f4984b2dac8aeba8c8da8ef6
650d5c180a444d6f9e8b7d0e2bac56f2,0.73891914,9e304a9bbc7b4c22af8025fc93757357
37cf2461e5cb4c8fa0b0751436bfa69c,0.73129076,92229a391d0b418f87b32c86c42a292c
862ca039da124a9d80603938ab13c289,0.7288231,8a77dc665d8b4d95a0b1113522f7e9c3
77e2cfc79eee4e1b91f93386b436bd31,0.7279515,5a8cc5ff28fb4359afc7e9fcbf3bce55
067c039494914485ad6e06b72bbb8e13,0.7214711,58db4c3a26c84fa68d81235d078208bc
cfbebb0b8d25424bad46127adbe59343,0.7191928,3257035cc77946d98bdc09e2fdd5cdae
ea4bf9d0ec3d4bb9a4d910eb2ab70eb3,0.71891475,8f761e1117754656ac86a3a25f241cd7
9c0fbba28fa24de2a7d3b5fff53b8ef6,0.71888715,34b71675a1ae442395b6eb1f3eda23df
373a81f37e674bf381ab2c67de8df0dc,0.7148191,19c9ac7b84df472c85ed6cf5a05fbbc6
4dd9cf8a1b2348fd81e6ed73ea81c716,0.71382946,78b600dd53854b018f87267d268b7b1a
b513c98d376b4102a9119d959aa7ebfd,0.712424,d6fe6f8380464e21a27fd69de27f1f57
a5d7fc13c59d4aef8d24e5d15dfc363d,0.7071791,4d708e5878784386a42c2f436d2d60f0
07c0659266c446b4b413362a241214b2,0.7065373,e7d6747e8c8b4ebcb665e232240daf17
8ec020ab1bfe43a58c104ac0eaa95bf7,0.70171666,0ebc441d25664c91adad96b570270f07
05c94abeee1e4897a6b14e8c36542ab6,0.7005475,5a26ae7959494fef99542e9b2004fd11
0619f008d28446449bfab75441601f01,0.69676685,7a4c413f5c844796bd5ffed2b65f0336
7bccbe2abf334b329b400531be6a3be7,0.69577724,d443e0c5017d48d1b3f86bf4da959ed5
e2b08fa4040643048867ee258a43c077,0.68764746,678725f8b914453fbc1029b7c1bc0879
4862c9b0d8ae46eb8831a66a01eeb02f,0.6868439,b050e9e1ef5946c297a34dda98d8f476
064ec184b18e48e18255745eb01a80f5,0.68137515,640f3bd184b7425fb22cc7773b8b2244
6e11fad70c424277a969434bd2dbd8b9,0.67541695,09fc9f38fbbb4bfaa1c979ac9cc43f0b
c1c018ca07df447caa530adc78d76736,0.67318714,6a33c207c8b648f680dbd0e65639ef04
a0e3b8c54d2747bf93d30efbd15a8fb1,0.6730218,4a4eb12a639346b5a00557d54b51fe51
57be916f4b9f449e85faa3e690b60115,0.6714787,678725f8b914453fbc1029b7c1bc0879
afb3f7ad74ad422c8162326a9647de92,0.6702906,73e7e41e8db447c09cb2363d76556c64
dade1ac92c08448e93e20a96c20f9d0a,0.67011786,f036aaf4ab714c598a0b6da4ca604136
6cf7328bcc2c487e8e43953245e0f4af,0.66841066,0302e7dde9074dddbbbdf85e9be57901
3391f84c6c544d63a18f7c2e8431fbe4,0.6672155,bd2f91a9415049d980e453f94327e0ce
d0dad3a420c744c3b2aaaa1604121d1f,0.6666291,e96aa0967ab94368b381354e03dc40ad
c4060e0878a944af9730a8113eacafc9,0.6604072,37337ebec05640b890e4b9612776c32b
5466e5423228429ca4afb7578e83a4f3,0.65886796,fe6ace599de44aa19b1773dad3658fee
52b9939de81d456e831c97f43e912728,0.6520002,d0a840820172465f83c8480d571e7b71
2246c7640ba74a0d8caef1ca9f9d44dc,0.6492151,564a84b1b830407e811bcfc7fd086a6f
33babb0b73f84a8a87d9c75c03bfbc99,0.6480526,1216ce1ef31e4643bb1222538c206342
4b984f558f9e4236b12f8875520bdebf,0.63572824,e25b9d9944cb4d7197efb8ffc4ff57a1
b982c8da93db48ddbd69de9c207f2187,0.63072014,ff218cc7835d4b5ba0de22792319050a
de89bc23ccf04f3387bf242e269f4ea3,0.6293387,c322b788813745e0aa7b592b4345d379
9f4712695bb64f01a331632d4e83e318,0.6285346,cb85047b65f8468aa02744c28c075dbd
bb58d88db2894bbe8d84b210cc4f26ab,0.6246625,99142f1c07cd4782814f8c970eaaa40a
2ab29c6bc859481988c1133ecd494a65,0.62300396,1f8c0f02984e4139bf8043e57497fdb2
03338969d6c44f879a13c672864f6001,0.6096707,f615619defc4402b82845090c238e597
444cddd136524b8792db7fe1caeec69c,0.60663635,acee70abee2841c9b67b95e9ed079647
54371d2d71dc41b99b9d79ae757b5dbf,0.6044657,4a4eb12a639346b5a00557d54b51fe51
a2cd26a2e3b1415bb6c861ab0368b73f,0.6041615,89597084b19c4902b073a2c6c6622456
baa0f8290544453cb52c2a41cc0eee30,0.604116,d79afb377f5349a69830b2b4c7cfefcb
4b39ba0bb2e54f72bf6cc4c7832b3841,0.6004836,fb709e29755b44988bb252c87a2ce2f3
ddb77e0838c941d9acdd2f02496195e2,0.59256697,e9f055a212cd4e5e8601228c37713f35
eccc933299ba48deadc3fbeb6ca6ffea,0.5875831,37337ebec05640b890e4b9612776c32b
a7fe5588b97f435caa29a3b507cd51f1,0.5874751,0ebc441d25664c91adad96b570270f07
02dba61169914bf6bca380e6ebba2037,0.5868141,7ce06191f1114b4c8a00609f6867761f
ac23b811505944319414d3f59b4b90ef,0.5841667,01690d9b08164fcabd5bf0819754f71f
5a7c0160ff224dc08e280c9d93a87c66,0.5820024,1c97c72e076f40fcadb22b17e71beed1
748b2df793c94a6fa92094994cbc50c7,0.58169323,89e43b092c844b5886a93091a22c894a
6f5ef9875cc848bbac020144e710e378,0.57250506,75b0bd2240a54f6fb45bf95ca43ab5e6
17d4b37e6cf045b691ff88ff7ec2d5fa,0.5719314,85e7ea30890b456084b8e85c299c8649
7002381cfd40489ebf699ce239f95dd0,0.5638798,d0a840820172465f83c8480d571e7b71
c81dd22a150c47b8b83d8439c0024f01,0.5584761,a585d23fe43f459ba86ac15645af77ff
f825d91f98ed4b9fbffdd2f5bcea698a,0.55622584,d79afb377f5349a69830b2b4c7cfefcb
2c5e568a58a646b7b291350b7145e317,0.554838,88dc23909eb4415aa39b96cc3a4c2926
2e9806470e994a85904d3521b5fddaa6,0.5474248,5a26ae7959494fef99542e9b2004fd11
8888abcca90946828a172b03f4e16fad,0.54445946,cd60a0fcac24465a880af7d8f921dd68
b2a24b751645419cb6e060319b510e79,0.5419574,cd56b9a044c24df8a7156f661cb3d9cf
78806c5668cd4a01a34eaa549dbc4021,0.5351398,d79afb377f5349a69830b2b4c7cfefcb
f68b3be7e23c4f86addba549e41b9077,0.5311538,9b22c5cdbff44bdabd48dba008e6a3b2
a35d09d1bfff474a8029dcb3bbbd32dc,0.52931035,e5692bd498004d32934fbaa05af2120d
ad13a71eb5594e529ad80ed59082fe17,0.52814436,9303b9f7f4984b2dac8aeba8c8da8ef6
803ab31024764a56a2ac0cda5c79c69c,0.52543867,11ec23965d2941d0817082107996ebbb
b4bfd87056ca4927b56965f9b8341f74,0.5226809,74e7db4222ca4a20811199afafa346a7
553209cfbadf463eb60df32bfa7da770,0.5202848,65664fb3aad341fab563409d91dddd2d
a90f7233ac774c298df91a6eeab11626,0.52026236,d42996c2b67443fd9b73bba7641d4f77
42ce4e0d59764cd5a98455e34790c44c,0.51889336,a6a551a308b9442f947ea0608ae2c3fb
d56e8f69077e42b1aca7c99f6675c5af,0.51485,1c97c72e076f40fcadb22b17e71beed1
cf7564fd313c4802adfcab226cb71a73,0.51470363,965598a17b624a0f9bb1cd58595458a6
deaec801f6344b9d9ffe289794354038,0.5144152,acee70abee2841c9b67b95e9ed079647
dd86feab056c4c7daa68ee078e171302,0.51374465,8db9e204b8b841df8fd94eff0888cdf7
dd9a8e0a766b4f6e81c6ace1403cd374,0.508696,c0cb721b56f240dabf7f464e453ef72e
7243a107cca54629976980cef4591fb0,0.50746936,1b4e143cfc1648a5b877d7445446366a
451c5024a60b4f45afcd2f388601c16b,0.50550485,640f3bd184b7425fb22cc7773b8b2244
3787d8d226fe43acab22bb2c72e2b1dd,0.5022294,cb85047b65f8468aa02744c28c075dbd
dc31ba78cf194fa59ae6ae94413ba0c0,0.4992771,23066f7964874fd39639dbf2cb2766df
619fb307d36a42b8818b2918edc88ade,0.4985001,aa2d7a3a535243189492d4ce8e79c049
fa54265caebc408591476e98de422b10,0.49622804,31b69f9501c4415e929b6af28c83f6a6
47b8aa81feb6443088dc32ba9aaeca66,0.49387774,3257035cc77946d98bdc09e2fdd5cdae
e046c26587cb42afb43672bc7895ec22,0.48459196,9303b9f7f4984b2dac8aeba8c8da8ef6
d3910d69c924478ea90090b8b527e0b1,0.48455012,903360099fb644b6b88c6edac88eecb2
aaba5fcdec244fc79439dd67ba8a495d,0.48217353,e02ad4f63c8444b79a7a56fb23a4e0f1
ca5e7f899c944d258e0fe020c844ccb2,0.478193,e52a528036014db0a7bd54b99a310fe8
78ba6aa176c7496d85a6fdee9dad62f1,0.4751908,fe6ace599de44aa19b1773dad3658fee
20017566ccc94b8982c75f9f05a8eb20,0.47356606,ecdae9f36c6a437ea72739febbf1c89c
fba706d6c465422cb8a6944bb92f5b97,0.4735536,d0a840820172465f83c8480d571e7b71
0cb422afc9b5409dbdc542e32e32d01e,0.47283188,965598a17b624a0f9bb1cd58595458a6
6237fc7134d449b9bc4158d9a707cca1,0.47212857,e9f055a212cd4e5e8601228c37713f35
5884d501d2f749cbbca461d81b8a74bb,0.46699873,f615619defc4402b82845090c238e597
af017ad1aa9c48c490bae2aaba2f1029,0.46655697,ec281224f8ee419ebde676f291672aea
2ae3d79e1c8641a9892ed31117156c0e,0.46589825,bd2f91a9415049d980e453f94327e0ce
c91d4a1a75504beeb98888cfe719a863,0.46304643,1543a2f94aa74008914301874d98f0f5
8505b6622aed4fb0aeece7e02c0fa748,0.46288016,4aa3556b2aed469584c573868193a07a
dd0e1c93929b4f4d8ade4c3f39aa91e2,0.46253783,e02ad4f63c8444b79a7a56fb23a4e0f1
acb93c3b67cb4fc8bf222a8468b2b6ed,0.4616691,64f1d63a671d441d9663a783f632f794
b3cc119ea5494c5d93fbf4b7d29ec6e6,0.45987916,19c9ac7b84df472c85ed6cf5a05fbbc6
1caf9a18d1b74dd5b4b7841f5fa7c12f,0.45808274,37337ebec05640b890e4b9612776c32b
1cab9ba05da64cb6a34b521f9b039303,0.45741072,1d47a696eae94bd29f215a4787b27d8a
299ada2bc5ef4534ad5e0b1b7d10e457,0.4528584,e02ad4f63c8444b79a7a56fb23a4e0f1
7149705cc0f243f3877d976946fcba4e,0.4515275,cd60a0fcac24465a880af7d8f921dd68
9fbb54f6ca3747198e55e3f00ad81251,0.44263318,27eee82d7fb94b9b8b60bd3101187496
e212caf6ce0045358ab77835c78ae98a,0.44217107,7ce06191f1114b4c8a00609f6867761f
7fea4bf4a0c24e2f84ca2e69e88529fe,0.43713683,e25b9d9944cb4d7197efb8ffc4ff57a1
6475f4fbc11942b8814094002d1133b9,0.43613076,a6a551a308b9442f947ea0608ae2c3fb
e0fce1d752bc4668a62db48ad4b8de4a,0.43320185,80921378de2b4cd3a14d449688d8b079
474bd4189cb5456daf7a1df79784d4aa,0.43032017,e96aa0967ab94368b381354e03dc40ad
53487bcf5c684dd2ba470bf89947f7d2,0.42624205,5971501b0e8b4ef5b203c3985d7f5e88
a4f6bb74f2654c17b04bb3fe4c05fd91,0.42594084,d74f6e7abeb84eedb9923dadb62f45f0
302f7c4fe5f346b7b6f4c5850ccea290,0.42543295,d576e334105247369362b05a375e88cd
55af16e0058942008349107e8a2e1845,0.42250648,d4cd0b56b6f54e08aec8ebfdb6122c5c
2092a0007cd74f32bd9954b25b49cf21,0.4223249,5971501b0e8b4ef5b203c3985d7f5e88
074732e2729c421abe906cc4077f1eae,0.41995108,369fe18b94f54c98b554fd22b4a3b50b
0d281c2568314e5eac84aab63872e81c,0.41447544,4430d47e30904eab969c1baebca184c0
366c800d775a48eeb3c735cde3a881ab,0.41271228,6b9b2c8f0a874bb8b6691aca6bc49565
4ef4c104173e4986b5ea7a85d28d9330,0.41178468,983940e0b12e4186a281c36de657406e
539c9a4dd3ac4de18415aae9107a2600,0.4103255,11ec23965d2941d0817082107996ebbb
1db0071ef86044f094e7faa2720a4ca4,0.4095115,d331012ecf0c40888e0ac290184f0883
7c4376eae79f4bb992d0bbb206eaebc1,0.4000618,c322b788813745e0aa7b592b4345d379
f7b6d1525412435fbc5af750fb1d4dfb,0.39685327,1cbfb22f84454b1fb821b602e3ad11f8
ff15583dc30644238b32a7302a039764,0.391617,b2be859ca8f24cda86821d5383edbc18
a18a19c2ef80495ea076e2ecc882c7e7,0.38770023,80948e17b5694599919e1502bfcc08f3
64ecc00623a647a7854cf8236452c556,0.3816131,e039a00eae414ebbb2205b011ac127cf
1c017d16176a48e9a899ed772d5ff4d9,0.38088217,1543a2f94aa74008914301874d98f0f5
7118df93df274839b3c1c622ac4b53f0,0.3777474,f11f1682b5924181b047d757d3e20964
6b5d194c37f14e5d89385ae747199cc1,0.3729764,700f381f40ce4b039ce0df8b49fb199b
11bb2992a06243158ef845965bbb79ec,0.36794966,efdf40eee13d409c9955e5b84e4408f6
4810807024104aebb9028b6d53c9ed44,0.36718625,77ac5eb4b3054ca68e2b0dcbd5473fd1
d13abb2f14514eafa77e5ef77ae45be2,0.3660546,6c74bedaa406493a99988c5b8a47b704
9555747543024d518645fa84d0dbac94,0.36517143,369fe18b94f54c98b554fd22b4a3b50b
3d4e582564564c72b47184e7b5c0717d,0.36135596,5971501b0e8b4ef5b203c3985d7f5e88
4aa10500630647f891ae1bf725a8f169,0.3589437,700f381f40ce4b039ce0df8b49fb199b
d8c0f66ffaf94373b23b46444c5acb4f,0.3573493,156f393f7ca046299e09d05464afa056
ab85f0b004fe481ebacaefa2d94bb656,0.35576296,e52a528036014db0a7bd54b99a310fe8
65add58592564636a49ae7417f79e9ca,0.35060444,b8ca3b6144cd48208caae952e096e7ae
63e06c0c69054bdd8c2690539549d9cf,0.35027406,37337ebec05640b890e4b9612776c32b
654c2ffb9ccf4c1a9a3f865902e7b683,0.34439173,fe6ace599de44aa19b1773dad3658fee
d1a53e6e1d6b423e8bc3fb6a7986a87e,0.34335995,b2be859ca8f24cda86821d5383edbc18
2fe38ce318ec41e091618386a291f79b,0.337432,e96aa0967ab94368b381354e03dc40ad
b7734f7f37a349c491b96e42059f61dd,0.33564648,bab3bdc133384798b558f8fb6466a7fa
454132982ecd4d5e9e6ed9c9e33f3433,0.33316004,257aed6ca7a44f1cb5c664beb1be527b
b57d527c5d13406cadfa1a4f809cc040,0.33179486,64f1d63a671d441d9663a783f632f794
10f74d10373f4f128add836b046afcdc,0.3283366,d9fbe02f04a4469dac855f69ea6ad02a
6823a93202f146b282eb66b620ae592b,0.32666802,6b9b2c8f0a874bb8b6691aca6bc49565
b4e255878aac412187c87d835597242f,0.32476792,983940e0b12e4186a281c36de657406e
9aca4f5f45944250973b5a08c3fa9547,0.3233343,58db4c3a26c84fa68d81235d078208bc
7831dfb1e07e43dbac524b0df5c28053,0.32287708,d443e0c5017d48d1b3f86bf4da959ed5
b717169ea8804058961095ae61a7b5fd,0.3207854,64fa5ce839ef406b9bc8a1b2f05094c7
518dcd746ac344f692cc34db6c714430,0.31885833,4ad7e2502210436f9ca5735fdf7e50c3
844cc162c90c4ad0bf5be9750450f4f7,0.31672874,89e43b092c844b5886a93091a22c894a
55f81e8022ee42b893d99d17d99a3f32,0.31125134,0302e7dde9074dddbbbdf85e9be57901
f54fb64fd5a04f3ba5c065305856b3f5,0.30863458,d6fe6f8380464e21a27fd69de27f1f57
8f46f1c9e7dc4f0184c02d6fef8f3708,0.30603588,b4150337314e40fb9e3ebb24514504a3
d89a3137737e42bc94b53fd641bd17a4,0.30497545,2768d411cc374a018a898f9df0ca207d
c661bf4a97394c40af06ff80bbec3a75,0.30161476,a25b08e008114c9ca0266ce3e55d82bb
a95f568bf31846fd86a94ef5cc3a229e,0.3013496,ad289d5052264f9c8bd0aaf9faace92e
6f70eedb7ac1471a9d9cc5ba1a8f274b,0.300219,4ad7e2502210436f9ca5735fdf7e50c3
020f53a16c0047f9a592ac5126da2ccd,0.30020714,4696c8192576454f8684954bc771aa23
b112a5b1b2e44b49971304154011c418,0.29853463,1c97c72e076f40fcadb22b17e71beed1
0f1bdf98cdc7472282cb0375b87b3ba4,0.29757077,6aaae524573f477f8fdef0b83787cbee
278a6d1334d949ac865e60b6199bf59d,0.2920142,a926df6d7fcf4b17b68dae6f41fbce66
f2f267caea8b4b99a078a6d77af06916,0.29159975,7a4c413f5c844796bd5ffed2b65f0336
1f314e6f401c4bcb95f97316f5aceb0a,0.29090688,2425086d8eaf44d2a9519f0e4e6b289a
28d967465fcb488eaab515b23282c0d7,0.28474584,fe6ace599de44aa19b1773dad3658fee
1debf605469f435a817fe50539698246,0.2842084,34b71675a1ae442395b6eb1f3eda23df
f854f94037cd4d678dad33c5ee4d0dae,0.28051648,5a68e05acea4434ba08e17e1fff00057
96cfa510415b439da48aa661aff3500b,0.27987996,1d47a696eae94bd29f215a4787b27d8a
91c0f6c693104690921ae87324e06692,0.2795794,73e7e41e8db447c09cb2363d76556c64
c5487b5f9cec423b8ea3117173949a1c,0.27512676,0472051dc57d43f8b9dd08df475fc4a3
b32a35611f6b4eef9cfd102e5e72766a,0.27347752,b2be859ca8f24cda86821d5383edbc18
a2be1094a2d64ff78445a42b82c28a63,0.26893085,d74f6e7abeb84eedb9923dadb62f45f0
4a6e09d6abf04c768a24fc91a2f17181,0.26734108,23066f7964874fd39639dbf2cb2766df
dcd4e8a77e0c47f4bfeaedc8b8dfc397,0.26350212,bade01bd83ec4b6786fd8c867ca7a090
83be35bfce854dc48152629a9841375d,0.26016504,c88be17376104f999b914a91aebf7220
d167d4759915411bbe1bbe1051622883,0.2571464,4a4eb12a639346b5a00557d54b51fe51
5f67168bea6646a69c49dec78942dfae,0.24975969,fd51f3eef1a64d9a93652be481bde32e
8c178f61ba134a9a905810910eef239a,0.2446331,75b0bd2240a54f6fb45bf95ca43ab5e6
8b1f6fd1fabc4cb7abbd5a7a2ed0cac9,0.24367052,156f393f7ca046299e09d05464afa056
5b6f7847212340cfb461967cbfd411f6,0.24322896,0f9cc12519eb4872af7be7fe49e19f59
600602c8b38d4fe293a8b89ca3c4b7a6,0.23351529,d0a840820172465f83c8480d571e7b71
a56141d36b5f4520aef20a35398d8265,0.23299533,9303b9f7f4984b2dac8aeba8c8da8ef6
1e3ef31d6bdc469a89c1eaf71cbead2a,0.2320442,e5692bd498004d32934fbaa05af2120d
9644dd0795c64946bd689d24d80536a4,0.23033068,a6a551a308b9442f947ea0608ae2c3fb
7360c15d3abd4dd8a5af35cc13c48b1c,0.22336021,89597084b19c4902b073a2c6c6622456
8159d92e267d438e9012e936aa5fb15d,0.22283754,95fbc6ed8bfd43c1a6bcf676e26e7f8a
580c0c6a3cd6416cb6654f177ff2498a,0.21260977,9b22c5cdbff44bdabd48dba008e6a3b2
34dd2bcde19344c69a51099dd39f23de,0.2088428,5a68e05acea4434ba08e17e1fff00057
5eb93e49e2204dc9b7b5147e35d7cf84,0.20295237,7c1e02f3ab614e539ac901e5cd3c92d8
3127238ca74643c3bd2e042605dc5e25,0.20100918,983940e0b12e4186a281c36de657406e
277c71d0965642b2b592f9a48534fee7,0.19468233,c8c201e25c0047a2ba9d9e8541ac0939
ee4ccba3df1844ce82f9731a2c019234,0.1929884,a25b08e008114c9ca0266ce3e55d82bb
b386bdd20171436f9c420013263490da,0.1896986,78b600dd53854b018f87267d268b7b1a
71938515de5a4c74929e6fa8edb97420,0.18834221,c9e2e76e631c4d0a8013d90892350e06
559208bd6fe2488081a623b7a9d92f31,0.18195915,77ac5eb4b3054ca68e2b0dcbd5473fd1
7986e60543204582ac542d56eef7cda9,0.18012077,9303b9f7f4984b2dac8aeba8c8da8ef6
0186efa87e364652a49460c2436f11da,0.18003201,ec281224f8ee419ebde676f291672aea
fed199237941466bbcb3b0333580ee3f,0.17895982,77ac5eb4b3054ca68e2b0dcbd5473fd1
a48cffbae43148f292d3a78837fbd4ca,0.17855528,efdf40eee13d409c9955e5b84e4408f6
3e7d386674184d34bfa0757dab4b3681,0.17784083,700f381f40ce4b039ce0df8b49fb199b
d067ca627837456bb0e6cc40a06d224f,0.17440881,64f1d63a671d441d9663a783f632f794
f6a57bd21bcc4009bdd07b1d8b86afa6,0.17430647,630edd9b8f754b5dbd36cfbbd03ccb51
4b6eb18ba8244091a7dab36a9dd58d87,0.1696806,f5a6222612ef406b8f02aef87e08c476
919a7551269b4f86ad471c424ce96b2a,0.16924551,fcc9863b07fc4bd5a01fab5b9160eafb
d1fb54ad5cd34d8abd5ca9ee40b54dbd,0.16756363,b7ef0a61de0e4adf9688b2c525c9ad09
78fff51240e14352b1fae67b59be4cc2,0.16751038,58f53c379f7a4868a2ba6d91a06247d2
c0860e1ee41347ae81ca7fee69119dc2,0.16569996,3257035cc77946d98bdc09e2fdd5cdae
554e702a075743a499899b99b73eea46,0.16549847,66b0c8a58f444ea0aec34d9403b88a49
cfa58c9270cf4b82a9a79385be571a83,0.163744,6542f58c143446f280e88a6375ccf79a
7d72deccbd444c5bb9b43e3a6c75f5a5,0.15820724,e52a528036014db0a7bd54b99a310fe8
d723c3032ecb44e187744c460cd06e8b,0.14583516,00f45d57fd3c448d8cfdf3185ebae894
735faaf6b07348a2a4d4cc31c8fbc021,0.14162625,640f3bd184b7425fb22cc7773b8b2244
43e7ebaddea142908ddeece45bfd2049,0.14090085,bab3bdc133384798b558f8fb6466a7fa
882ef5ef88af445e9dede3d98a7dd8e3,0.13737781,9b22c5cdbff44bdabd48dba008e6a3b2
7faeecafea264aeba8271a5a540bee0b,0.13603136,1543a2f94aa74008914301874d98f0f5
a10fa0e95314472f9c5d9f4695a8391c,0.13565041,74e7db4222ca4a20811199afafa346a7
beaee44c26404f84a56c0c185b5bf1be,0.1321445,e96aa0967ab94368b381354e03dc40ad
6a3f2a9e86ed4054acf8db2265158d6b,0.12818168,2425086d8eaf44d2a9519f0e4e6b289a
8c5aff69d92e4556bbd5cfdb17a74109,0.12650865,5a73e0a5c757410eb0928feed7b151c8
91a077bae982429595e548a2859976ab,0.12570086,7ab29c5e2f05481d8a69cc479a764ee8
6730fca5ad3b4afc8715dc16caa1a2b5,0.12546751,d4cd0b56b6f54e08aec8ebfdb6122c5c
915862b474ab4f229d4311709b20bd58,0.119347885,6d3c42356e3b459c919e3129ff192ac4
43a78998b5f14d87bf9883d669a9ea6e,0.11015389,d42996c2b67443fd9b73bba7641d4f77
500d964011eb4cd19e61ff976d9d808f,0.10874594,46ba0b979a664c7cb0c315c4cde6ac86
25dc04ff2b704b6f9229ad7cb91efc99,0.10679434,2425086d8eaf44d2a9519f0e4e6b289a
c873b341cab549d6be3c38ca79441d7f,0.09898596,b25fe3b79f714d38b3fc53e39fd84d36
7f1f5ddc758b4e929452c112c70911ba,0.094658814,7a4c413f5c844796bd5ffed2b65f0336
411837e42b564c399e9444d5403a3734,0.09131725,e52a528036014db0a7bd54b99a310fe8
312939eb59d541dfa7df51991a32d5f6,0.09100868,f615619defc4402b82845090c238e597
68f3223d477e4e1cbe3830412674f8f4,0.08276704,ad2b6fb945714e6792c17bd49a1066e0
5f47f156e8204f808cef8696d1f8920a,0.07133039,5a68e05acea4434ba08e17e1fff00057
a545f38de45e4870b398a90fe9c5cbbd,0.06915151,257aed6ca7a44f1cb5c664beb1be527b
6fa6aa705e9a479b9435e2367955056b,0.068554,d6fe6f8380464e21a27fd69de27f1f57
72679574292b4dcba4cd8bf82996bc5f,0.0673876,64f1d63a671d441d9663a783f632f794
0e07a1ba34174816a6e96d6ffb215671,0.061240513,ad2b6fb945714e6792c17bd49a1066e0
91e6133ed3e2412cbd4f9450388c7eb6,0.06049407,17cc6768c9d14388b7455fea0060b62c
74ee886c358c466b93e307e28af9d52e,0.058774143,7cd1db4b50dd41e6b2f3dd15fcab3b89
9993c4c8576c4a6cbb5cd12592fe9e72,0.058121126,11ec23965d2941d0817082107996ebbb
f503f17338d443e6a873dd091898a5b6,0.055040833,855b3971c4a147cfb9a7c281fa6b915e
98b5731fc463498f9da6bf4beeaadc1c,0.05428029,8a77dc665d8b4d95a0b1113522f7e9c3
7a81a74f4b0e49839c3fbcfd7ad02560,0.04867514,fb709e29755b44988bb252c87a2ce2f3
7bdcbc60a1354e079289b50702cced90,0.046578825,5971501b0e8b4ef5b203c3985d7f5e88
da098162d0924c6eaf6699ca87326527,0.045126483,ad2b6fb945714e6792c17bd49a1066e0
c12ab02c4bac4b91877f10f42eb704dc,0.04417686,3b13d134762445cebcdbb02b484db77b
de522abd79fd437a9ba590c4aa3aa7a1,0.041312255,a1d8cb16dafd4126922f985021e93631
b001beeb0d384d448ff9383afc5ad45b,0.03680212,c0cb721b56f240dabf7f464e453ef72e
45e4e8abcc7d41019873e9cefcf22239,0.03643635,01690d9b08164fcabd5bf0819754f71f
8f2691e2160d4c95b5b1ec99938ea931,0.034317717,23066f7964874fd39639dbf2cb2766df
4e48af3f82274b30b4ec6ec1533e2840,0.032567058,58db4c3a26c84fa68d81235d078208bc
e163e00abbda4bc5adec2f85871b7c88,0.025918536,5a73e0a5c757410eb0928feed7b151c8
fcaf0031ba12457ca8cd515c95fea22b,0.024430722,bade01bd83ec4b6786fd8c867ca7a090
c299003ba5bb48b3bd7eab31321b539b,0.022314435,f615619defc4402b82845090c238e597
256d2577d4f940778857e3ae7fa8e965,0.019342143,58f53c379f7a4868a2ba6d91a06247d2
1aa2b5e2dcdf4c4c954c4af1b2112143,0.015713904,e02ad4f63c8444b79a7a56fb23a4e0f1
82e2ae3e0d3c4ccab9093974f974e854,0.012966603,a6a551a308b9442f947ea0608ae2c3fb
a4e40c85d10248bd9a34d6c44e22b010,0.010431085,c9628610053945f4a7998ae48cd70da3
9d91a50f84cd42d999f13adae10c4a0c,0.006852463,bab3bdc133384798b558f8fb6466a7fa
43286efab53f465da28a9d31716d392a,0.006793933,09fc9f38fbbb4bfaa1c979ac9cc43f0b
7522f624f59c4d74a8703781e00414c0,0.004846841,5a8cc5ff28fb4359afc7e9fcbf3bce55
17b5e130e0444402bcedf9400cf07aca,0.0035411008,e456afdf95e643dd926249fec4d68753
a888f13ac990426fb248349ced4a0bce,0.0035117865,c322b788813745e0aa7b592b4345d379
c6b7ad3591e84b359837e00aac91e82c,0.002205003,6a122ce1702646db918266228d48bd08
