cb03a3e350c3487d9d636625b49d09a0,6.226052,855b3971c4a147cfb9a7c281fa6b915e
b7a481f7374140f98117d92683d80c49,5.1091595,855b3971c4a147cfb9a7c281fa6b915e
9d9b4852b8034985805080eb49678bc3,4.958107,a1d8cb16dafd4126922f985021e93631
b89cf65d34284353a3c517db67021cc0,4.878653,691acac4a54d450697afb2c2dc4fca09
65add58592564636a49ae7417f79e9ca,4.766686,b8ca3b6144cd48208caae952e096e7ae
edb63218ad374e72804e964a5ea6949a,4.5923595,a6a551a308b9442f947ea0608ae2c3fb
77303cd1aba44c3abccb823ad3006b47,4.3929243,903360099fb644b6b88c6edac88eecb2
775b2092579349f6877cebb751ba7f11,4.2270827,9b22c5cdbff44bdabd48dba008e6a3b2
580c0c6a3cd6416cb6654f177ff2498a,4.102105,9b22c5cdbff44bdabd48dba008e6a3b2
40d03471812c4f0398b4551b5f116068,4.0972905,fb695c097d5845c282f6b30c241e8cf2
974a8661873f458193c891d3ef4dd208,4.085028,691acac4a54d450697afb2c2dc4fca09
7901d858c6e44dea8acd99a79e378956,4.040941,fcc9863b07fc4bd5a01fab5b9160eafb
e327090a663242caa64ea6482dabfd29,4.019057,5a8cc5ff28fb4359afc7e9fcbf3bce55
4207cafc0d1f4d50b76a0fe4b67edc09,3.9789252,9ff95d23c3284d31ba5e398afa520649
97c22deac29b43b8a2911e08c2aba299,3.9372444,0f9cc12519eb4872af7be7fe49e19f59
f8dc989408ab412199e89745baedbb50,3.9369926,8f285540a9394706bd6ec6cda46c5058
de89bc23ccf04f3387bf242e269f4ea3,3.9173236,c322b788813745e0aa7b592b4345d379
f2d238ecc2d34c4583220abec4d75ba2,3.8840032,057164cf4aab45ebbefef3409359cfb1
0c2f43def73f4f3a89a64828f97dde43,3.8716686,a6a551a308b9442f947ea0608ae2c3fb
e0d2814553f94dafaa11cc4de14b94db,3.8471947,bf59502a233e4b5eaff9cfa3a992c387
c67274e9cb5b41b18336fa05f437c470,3.8067598,9ff95d23c3284d31ba5e398afa520649
da3ca57a5b8943839227341c423ae8f2,3.7856426,e02ad4f63c8444b79a7a56fb23a4e0f1
deaec801f6344b9d9ffe289794354038,3.7320044,acee70abee2841c9b67b95e9ed079647
c3a842974e16433d9488c7df87df853b,3.718431,92229a391d0b418f87b32c86c42a292c
b1d8d95b89ff4347aa88a86b33c0e524,3.6280417,c322b788813745e0aa7b592b4345d379
51ce7c9230f540a78ecf1c757e16a6a3,3.6013367,7c1e02f3ab614e539ac901e5cd3c92d8
0ea4c68a804648959f67957d17d5a323,3.5815444,ff715b4f228443e3b067c801250f3402
1ca6f54416f4410eb8e23dab9dbf012f,3.5795054,a6a551a308b9442f947ea0608ae2c3fb
6776a4646460462797dc83573d630d14,3.532515,156f393f7ca046299e09d05464afa056
f41620f1a5c84928b422bcd3fb97c109,3.4299116,09fc9f38fbbb4bfaa1c979ac9cc43f0b
d70588024f024cdda9e71020d4ec2183,3.429071,c8b9a0ac7c214a449c434aabdf6ef770
55472eb25f9841c2b39b9bcef06d7bf8,3.3949714,dc58564d0c8540bea4f3e2e3696deae8
1089b153884e4aca90dce90c11539615,3.3883858,b050e9e1ef5946c297a34dda98d8f476
4cf647a905be45e5b1b81a0559d834d9,3.3581636,fcc9863b07fc4bd5a01fab5b9160eafb
b513c98d376b4102a9119d959aa7ebfd,3.3436587,d6fe6f8380464e21a27fd69de27f1f57
b38ef262d489438c979703e3e503f1b7,3.3259594,b050e9e1ef5946c297a34dda98d8f476
9304c56db5b34e709d22e558122d8338,3.3135998,b8ca3b6144cd48208caae952e096e7ae
168e875b6a7c4f0c83e74f55508fb7cd,3.2725294,d6fe6f8380464e21a27fd69de27f1f57
07c0659266c446b4b413362a241214b2,3.2622478,e7d6747e8c8b4ebcb665e232240daf17
8779ed6ba8014232ae6caf2ff9ef4317,3.2603984,156f393f7ca046299e09d05464afa056
d7f295b3018e494d84b29f498ac03fa5,3.2329063,46bfd7af0ed6491fa621350963d11e35
37c0ed56957944cd874df80d82afca79,3.2310123,6aaae524573f477f8fdef0b83787cbee
7dcdd31673a44edaa5df70306899ce60,3.2286472,de9328bdd1b34adda74a0363ff0a52b6
a2adf2cbae1441e3a30cb0ce1658be8f,3.2098176,c26f5e7dcc8149f18f3d719bba9ae717
d098bf81d2e34d868f274370a0a39716,3.1870768,fb695c097d5845c282f6b30c241e8cf2
46f0f2692fe44c88963712d6f65f6dbb,3.1760778,678725f8b914453fbc1029b7c1bc0879
e244d77b242a4a54a7bdcb784245c01c,3.175262,ad2109663af04c549385cd2ab9b3283b
1e9c95ee032147a2aa469f8482bf5f9c,3.1568184,678725f8b914453fbc1029b7c1bc0879
55f19079097043d4b29cd2c08fb960c5,3.1430655,58db4c3a26c84fa68d81235d078208bc
0623d83a061f449f86d03b34bcacd314,3.1353936,e456afdf95e643dd926249fec4d68753
167939f1c55740a5bd8d235691475fc4,3.1121159,11ec23965d2941d0817082107996ebbb
37a17e9368a0458aad652a8b0602892a,3.0949547,630edd9b8f754b5dbd36cfbbd03ccb51
3f284acc005e4f23a2bdf5b45700c4cc,3.055316,f9fae977af2c4f35b29400f31267e170
83d43c7c640c4996a271c9ec70bd0746,3.0552144,0302e7dde9074dddbbbdf85e9be57901
4ce3fea9e2ab48ac805aa7b46f2cfe73,3.0191038,2425086d8eaf44d2a9519f0e4e6b289a
03338969d6c44f879a13c672864f6001,3.0082335,f615619defc4402b82845090c238e597
d1cbea7387cd4d1bab69dbd0238bd135,3.005159,6a33c207c8b648f680dbd0e65639ef04
ac2d96b937b24483be886056bc0c2b67,2.9841151,23066f7964874fd39639dbf2cb2766df
13260f69234944ae8feb384dae6510ab,2.9730203,eaca056cec224a30aaaed30c39f644c2
703c375bffc346788123e8e9d957db42,2.9724486,bade01bd83ec4b6786fd8c867ca7a090
ddb7ffce794746d1bcc1cbc3747fcac4,2.9664614,11ec23965d2941d0817082107996ebbb
408a26bfd8bd41529e7fa7db94cdae03,2.9441583,d4cd0b56b6f54e08aec8ebfdb6122c5c
b894792524d841b3b24c566aa9c41b8d,2.9367933,cd56b9a044c24df8a7156f661cb3d9cf
edae612794a548eea7fe0edde2cd8271,2.9315903,c3412c53e9ec4b6a9a1aa95cf7f0f1e4
7b1d70a80254489e9de91807e6e223dc,2.9122202,5a73e0a5c757410eb0928feed7b151c8
d15af016ef394763b0f876df474531e4,2.9100423,057164cf4aab45ebbefef3409359cfb1
28ff28dc16ac43ad9110f26f13aa339e,2.905027,c9628610053945f4a7998ae48cd70da3
8c178f61ba134a9a905810910eef239a,2.9026785,75b0bd2240a54f6fb45bf95ca43ab5e6
78ba6aa176c7496d85a6fdee9dad62f1,2.8843749,fe6ace599de44aa19b1773dad3658fee
e1c498af40d54c85bcea4f0ce236b966,2.8782575,d9fbe02f04a4469dac855f69ea6ad02a
f856e536fb204df3b9d9dcffebf3085f,2.8775702,88dc23909eb4415aa39b96cc3a4c2926
9bc0b7a878a34cdd97666a27e60314a1,2.8692822,7cd1db4b50dd41e6b2f3dd15fcab3b89
dd671b4f80574f9b903f650ec7d65be2,2.853973,0472051dc57d43f8b9dd08df475fc4a3
aac7a2be32044f6b908b9548ab324ed4,2.8318677,a6a551a308b9442f947ea0608ae2c3fb
91af71c421dd4b9fa1252bd59cd4afd6,2.8082592,369fe18b94f54c98b554fd22b4a3b50b
620d85d5d0b947dfb2f0574a0d4dfe72,2.785592,8db9e204b8b841df8fd94eff0888cdf7
46328d405c424838a7c023c33af7ec2c,2.7841744,c88be17376104f999b914a91aebf7220
3ce3c6c49a2b43c3b683ec91e9657341,2.777053,d0a840820172465f83c8480d571e7b71
0619f008d28446449bfab75441601f01,2.7703447,7a4c413f5c844796bd5ffed2b65f0336
1dfeecb0d6cc4fd68f8fe7bddc5573f7,2.7608218,a926df6d7fcf4b17b68dae6f41fbce66
4bb46186bb5347c793ef12b4397ebcd6,2.758558,6a33c207c8b648f680dbd0e65639ef04
b6564d12e54b4e09a41d57e66159df56,2.7422137,a6a551a308b9442f947ea0608ae2c3fb
bb5b0894b81e4a8daf1feb3b422e35a8,2.7320554,eb513691b7a04d31ab1bc50bf343447b
1acb0cb3f1f54789891682122e4013b4,2.7125213,7cd1db4b50dd41e6b2f3dd15fcab3b89
d163c4863d9640b8b9610decb9ae92ff,2.6992006,bade01bd83ec4b6786fd8c867ca7a090
862ca039da124a9d80603938ab13c289,2.685123,8a77dc665d8b4d95a0b1113522f7e9c3
256d2577d4f940778857e3ae7fa8e965,2.6841402,58f53c379f7a4868a2ba6d91a06247d2
347c303d1b5c48f9a21e9432327258c8,2.6750464,27eee82d7fb94b9b8b60bd3101187496
7a63c379c6ed4b2faa1b9e863eb35d54,2.6609879,cc21026ff0d541909df56c5618d28518
beaee44c26404f84a56c0c185b5bf1be,2.6585107,e96aa0967ab94368b381354e03dc40ad
ba50600bf9f046bf97bbe28dc09a3ff4,2.658067,92229a391d0b418f87b32c86c42a292c
94aeafd28e6749c09c57cbaecef9df80,2.6385372,6c8a24653ef04f559b88e0f27c0df63a
b8cc82e2dd7b4ef9932f2377c1bf9e53,2.6304057,6a33c207c8b648f680dbd0e65639ef04
c762fdf4bb4d4f4992cdcd83ef4f2222,2.6177888,fd51f3eef1a64d9a93652be481bde32e
6e11fad70c424277a969434bd2dbd8b9,2.6037076,09fc9f38fbbb4bfaa1c979ac9cc43f0b
aba310b256004f63a3f3225cc1b813dc,2.6017845,4ad7e2502210436f9ca5735fdf7e50c3
d30d31b8272b4fd0ad8156bc69d4ddf5,2.5921452,d42996c2b67443fd9b73bba7641d4f77
a888f13ac990426fb248349ced4a0bce,2.5906854,c322b788813745e0aa7b592b4345d379
f1f00603ac934540b2a80ef9cdc88647,2.5876856,7cd1db4b50dd41e6b2f3dd15fcab3b89
1f8623bf930a4fcfbd914e784354ca2a,2.5813901,f615619defc4402b82845090c238e597
87afeec5f3cd4d9d8f6d5a0c7f48260f,2.5761058,bd2f91a9415049d980e453f94327e0ce
47471f2f4db14e01850ce3fd0e3b7aff,2.566641,c9e2e76e631c4d0a8013d90892350e06
7bccbe2abf334b329b400531be6a3be7,2.5586398,d443e0c5017d48d1b3f86bf4da959ed5
d87ab9d9a67547ccada7b9ea3d22154e,2.5441904,bade01bd83ec4b6786fd8c867ca7a090
74f1eb9bb1ba4fe5a565558b1ebc7a72,2.534444,1b4e143cfc1648a5b877d7445446366a
8888abcca90946828a172b03f4e16fad,2.5307453,cd60a0fcac24465a880af7d8f921dd68
9cda69694f9945cda4d98d01dfa6bc79,2.5279253,7cd1db4b50dd41e6b2f3dd15fcab3b89
42dc4d44bc374b80baf0a8ac2c90c250,2.5203164,1216ce1ef31e4643bb1222538c206342
1197a3e216ea459dbc822d775b701062,2.5098786,e02ad4f63c8444b79a7a56fb23a4e0f1
7727fce048c74dfba9b871f0a6bb4504,2.4999514,e27d9425c912446e947fe53c4a757375
c189a309da7a472e88194571c3354d34,2.4823163,6b9b2c8f0a874bb8b6691aca6bc49565
1a3959ec40e24329b5c36ae3d8bd148b,2.4822717,d443e0c5017d48d1b3f86bf4da959ed5
0ef75de01cd14e0faadcf05c8a85a916,2.470146,057164cf4aab45ebbefef3409359cfb1
869ede3e68734644b841477bdcecf1e7,2.4671142,1b4e143cfc1648a5b877d7445446366a
65654ba4d0d241cea5f12740d725d0ad,2.461186,77a8b27acb0e4600bb6ff974eabc269c
bee104c3212c473da29f1f4518f4fd7a,2.4601672,4430d47e30904eab969c1baebca184c0
539c9a4dd3ac4de18415aae9107a2600,2.4583616,11ec23965d2941d0817082107996ebbb
afb3f7ad74ad422c8162326a9647de92,2.4582093,73e7e41e8db447c09cb2363d76556c64
f6a57bd21bcc4009bdd07b1d8b86afa6,2.4535575,630edd9b8f754b5dbd36cfbbd03ccb51
93945027f4fc4a43aedd7dc6affd5621,2.4483643,d74f6e7abeb84eedb9923dadb62f45f0
960fbf15535f437db3b7e4614367c633,2.44357,e96aa0967ab94368b381354e03dc40ad
3e5dd993b40a449fa94dcff02439d160,2.4364626,9ff95d23c3284d31ba5e398afa520649
977e35ba2148438f8189a592de1705c0,2.4360468,e7d6747e8c8b4ebcb665e232240daf17
16a030831ce1413fa733f24b6ff28501,2.4178934,a585d23fe43f459ba86ac15645af77ff
0414265ccf0d4dd59c98749d24924fe4,2.4050725,d27cfea4da8f445fb4e3c55e53c6482c
0d47fb068dda441b9e8f8f7bf704d553,2.400257,d4cd0b56b6f54e08aec8ebfdb6122c5c
fcaf0031ba12457ca8cd515c95fea22b,2.399049,bade01bd83ec4b6786fd8c867ca7a090
179de20d4413414c92aa7828d5950f5d,2.3982058,5a26ae7959494fef99542e9b2004fd11
f2fe001a9caf435a9e440ed89e6b806e,2.3888156,f0695d7e59d64941b510a3d12f801d59
78fff51240e14352b1fae67b59be4cc2,2.3856761,58f53c379f7a4868a2ba6d91a06247d2
42096f8107c945a1a2cb7d0c4ba65a75,2.3758311,faaac88748714ce8a99413b952a1dac8
33a87d7db931410abdafbba3321d5b5c,2.3717775,8db9e204b8b841df8fd94eff0888cdf7
95d68b07aaac48c4a61e5fd5175885da,2.3666677,bf59502a233e4b5eaff9cfa3a992c387
faafc7c371d240a29c764c0074231e6a,2.3515537,779d7c2bad1940c8a861451964e1ce01
9ecd5b6acb6a4d10899c3464d4929105,2.3511934,8f285540a9394706bd6ec6cda46c5058
10a7715c72fc4bc7aac2b6e8ccb232d2,2.341891,eb513691b7a04d31ab1bc50bf343447b
7e1df8a5aabd4ab88cff299bb27c308d,2.340107,0472051dc57d43f8b9dd08df475fc4a3
05c94abeee1e4897a6b14e8c36542ab6,2.3394318,5a26ae7959494fef99542e9b2004fd11
4271098208074e6ea1a9497085061483,2.3336444,6542f58c143446f280e88a6375ccf79a
7831dfb1e07e43dbac524b0df5c28053,2.32451,d443e0c5017d48d1b3f86bf4da959ed5
e349c885e3cf4b12898ea2f38cccf188,2.3231184,f615619defc4402b82845090c238e597
275a7144962641e1a6b32428d2e025ec,2.316699,fe6ace599de44aa19b1773dad3658fee
b7ebc3098f284cdc8a70c21862a74b00,2.3077404,73e7e41e8db447c09cb2363d76556c64
88de1634c729442aa72060868b167abd,2.3077154,82b01998353e4141a7613fdc96d7b600
0eda051895d044f3a592d1d0098e8f01,2.3049288,2a9658410614443d8a27ef174f61d6e8
5721ca5ad6544bb8b6995ab82d1f5fac,2.3046296,80948e17b5694599919e1502bfcc08f3
d74e7c71176e4554969cb9fdf7d1986c,2.3025327,34b71675a1ae442395b6eb1f3eda23df
e824774b41174da8a1c495885b348626,2.3009746,e492ff7fecf046a4948c5ba5631cdefe
49ed92caa29841ae9341d53497cb8124,2.29864,1216ce1ef31e4643bb1222538c206342
ae806a1c4d304ce388ffbf648f241d20,2.2977545,a585d23fe43f459ba86ac15645af77ff
2092a0007cd74f32bd9954b25b49cf21,2.2902002,5971501b0e8b4ef5b203c3985d7f5e88
52f16fa757624404b9d43dfe2885697b,2.2897458,09fc9f38fbbb4bfaa1c979ac9cc43f0b
75a44d8541fc4f6db502671300b2ea97,2.2819533,fd51f3eef1a64d9a93652be481bde32e
a5acc7bcf83741208d3d3d0cc9696fcb,2.2790513,b7ef0a61de0e4adf9688b2c525c9ad09
14251437e9d7466c9909622c9fe454a4,2.2638822,257aed6ca7a44f1cb5c664beb1be527b
b8355f6877f04cf583abef8dbf343f61,2.2629237,a6a551a308b9442f947ea0608ae2c3fb
84e4c1bdea914f529a194f767629d1b7,2.258805,2a9658410614443d8a27ef174f61d6e8
d076d72caa2d4bff9470fe2409888904,2.2541828,88dc23909eb4415aa39b96cc3a4c2926
56fc3ec2992a4a609298efd89a7d3f59,2.2507954,e492ff7fecf046a4948c5ba5631cdefe
20017566ccc94b8982c75f9f05a8eb20,2.2467833,ecdae9f36c6a437ea72739febbf1c89c
7f01bceb5689442b8a024b4596c8a11e,2.2457771,34b71675a1ae442395b6eb1f3eda23df
7d4bb63bd91a4617a40be8165b7fc9a6,2.242648,7ac9c94011924c09b47f9640211885a2
ec1ea84e09b54849a539177f929c65cd,2.2407703,1216ce1ef31e4643bb1222538c206342
4838bbbf3ac543ebb0bef130f0f28d48,2.2353728,d6fe6f8380464e21a27fd69de27f1f57
d2a4c950a6244d788c3d60d371b154f6,2.233398,fd51f3eef1a64d9a93652be481bde32e
6728135560274c459d26043145918a59,2.2290168,ed9b10a2879742628fce003076ef9024
c7cad58f831849a6a4f0f9cbccb2f458,2.2240803,fe6ace599de44aa19b1773dad3658fee
22ded3f607364f7b96960f862358777a,2.2152627,de9328bdd1b34adda74a0363ff0a52b6
7d4cb32e892a463b96ac09595cffccf8,2.214207,0f9cc12519eb4872af7be7fe49e19f59
3391f84c6c544d63a18f7c2e8431fbe4,2.2118657,bd2f91a9415049d980e453f94327e0ce
9ddc0583ec0e4cc0bbaa79c812c97afa,2.2098346,73e7e41e8db447c09cb2363d76556c64
be07f7c09f5c40da9ebdc231520afe90,2.2026992,cc21026ff0d541909df56c5618d28518
da548115b6564ca69d846f3ea8615b6e,2.2022605,e96aa0967ab94368b381354e03dc40ad
42755c05cebb4531bf9b3f3297150fe1,2.1928468,e039a00eae414ebbb2205b011ac127cf
7cb1eb87f58f48c88b0b1f3205d9a6e5,2.1907444,d27cfea4da8f445fb4e3c55e53c6482c
71c46776d0a0400f9f919d0c3e578755,2.1901553,e25b9d9944cb4d7197efb8ffc4ff57a1
7b5adbd82a584ff6b6e23b89956dd6f2,2.182112,bd35571850644321b86ce4fae286ce7d
5c24677a92364f97aada250f8acd8f3e,2.1800072,c8b9a0ac7c214a449c434aabdf6ef770
25bf72b6554d4ce0850dbd0879a47ec7,2.1667023,01690d9b08164fcabd5bf0819754f71f
d1fafb5d71ba42229f870ebc99263d20,2.1646795,836ec4ef8df644328ac07b7803709323
c0f5519b1d3842a68611736d9c0e5c9e,2.1608155,01690d9b08164fcabd5bf0819754f71f
a904fb4b818843aebcf6c526facb5089,2.159122,8a77dc665d8b4d95a0b1113522f7e9c3
8887992f6e314e5bb22217a98a5dc1d2,2.146653,46bfd7af0ed6491fa621350963d11e35
a4057a1aa4e948e5abc7ddcad9479b24,2.1420383,e9f055a212cd4e5e8601228c37713f35
b9135422e0ba43e19be118d0eaae294f,2.1324477,d981f2c67f764e0c84af125b563958e9
e750dd4744fd4421bd2387f0ec80c5aa,2.1282563,f5a6222612ef406b8f02aef87e08c476
b982c8da93db48ddbd69de9c207f2187,2.1170151,ff218cc7835d4b5ba0de22792319050a
c1904c9ab6bc4ae5b4b364ea1f24b7d3,2.1125531,7a4c413f5c844796bd5ffed2b65f0336
184facf4be454b60a5fe9a953d771690,2.1058877,6b9b2c8f0a874bb8b6691aca6bc49565
f7d9f745835a44c4a947a141f080ed24,2.100459,c0cb721b56f240dabf7f464e453ef72e
d0f798b90ad04da3a8a192e16d0b1743,2.0981946,b2be859ca8f24cda86821d5383edbc18
78806c5668cd4a01a34eaa549dbc4021,2.0945308,d79afb377f5349a69830b2b4c7cfefcb
aef3a265256d49af8433aac1b85fe097,2.0897653,5831f5e280be4c02a09ce4588b56d7f3
9146bc8522804996b5984ed63944edb7,2.08889,01690d9b08164fcabd5bf0819754f71f
7de183d0b5f24efebfc15ae35f4b0fc3,2.0785804,73e7e41e8db447c09cb2363d76556c64
d067ca627837456bb0e6cc40a06d224f,2.0738044,64f1d63a671d441d9663a783f632f794
52b9939de81d456e831c97f43e912728,2.0696456,d0a840820172465f83c8480d571e7b71
064ec184b18e48e18255745eb01a80f5,2.0635016,640f3bd184b7425fb22cc7773b8b2244
8de833e138ae4924a0cc47129cde2cb9,2.058889,1216ce1ef31e4643bb1222538c206342
64e6b4c018f14601949aa629c1de4014,2.05416,779d7c2bad1940c8a861451964e1ce01
472240e1b5e84fdc9e2c3dc8c4ad8435,2.0521026,e96aa0967ab94368b381354e03dc40ad
2c379dfb72da44e9988beb15638fc7db,2.0471761,6a33c207c8b648f680dbd0e65639ef04
a5580bcfdae9468781349b4ca3ee101d,2.0352857,5831f5e280be4c02a09ce4588b56d7f3
ac601d55d74246afa29a020b8029c7af,2.0333352,c0cb721b56f240dabf7f464e453ef72e
052e254bff244d2f88c0d2566ddc13db,2.0267992,e52a528036014db0a7bd54b99a310fe8
fdaaf6e004b04cb18e798331b9d9ebc6,2.026344,99142f1c07cd4782814f8c970eaaa40a
398dcfd9b9434e5aae4fbf7f5752d33e,2.0246377,ff715b4f228443e3b067c801250f3402
4fb63b6f9f8a48dc921c53a21d354a0e,2.0214381,73e7e41e8db447c09cb2363d76556c64
2ca1d4b5568b484d92ce254f17374b6f,2.0200038,d79afb377f5349a69830b2b4c7cfefcb
9f3b0cd053d04311acf31077db03f489,2.0194013,cb85047b65f8468aa02744c28c075dbd
00bddd864f6b4c06bdae75aa6a690693,2.015884,ad2109663af04c549385cd2ab9b3283b
ba2103e1cad442ec881f2b0d25c99bb9,2.0120473,46ba0b979a664c7cb0c315c4cde6ac86
69ac3d3d408a45fda23c327ed1f2678f,2.001022,1d47a696eae94bd29f215a4787b27d8a
b386bdd20171436f9c420013263490da,1.9985116,78b600dd53854b018f87267d268b7b1a
6a3f2a9e86ed4054acf8db2265158d6b,1.9805801,2425086d8eaf44d2a9519f0e4e6b289a
3420154012cd4b5b993f16f000a9476e,1.9768649,1216ce1ef31e4643bb1222538c206342
4afd31c733874e938dea46b7c0843f2f,1.970083,e52a528036014db0a7bd54b99a310fe8
0af83a2558ad459cb3b54e5c9da02975,1.9665787,4696c8192576454f8684954bc771aa23
a286b690dbf845d9b5651b98f76845a7,1.953543,5a68e05acea4434ba08e17e1fff00057
2952ebe55f624860922615014214deb1,1.9452727,88dc23909eb4415aa39b96cc3a4c2926
05074ae1d6a64faf8736a89264404087,1.9381192,e492ff7fecf046a4948c5ba5631cdefe
f31d22a46dc54bd7b4dbd9366f0304d5,1.9360538,2a9658410614443d8a27ef174f61d6e8
ddd74ab8b91e4e3fa6509838de7e33d4,1.9346914,e25b9d9944cb4d7197efb8ffc4ff57a1
ac047081c69246efb1e1385bc77fb76c,1.9247038,88dc23909eb4415aa39b96cc3a4c2926
91e6133ed3e2412cbd4f9450388c7eb6,1.9242263,17cc6768c9d14388b7455fea0060b62c
8e80b474643e48ac86e6d8e4a23c507d,1.8980685,77ac5eb4b3054ca68e2b0dcbd5473fd1
5884d501d2f749cbbca461d81b8a74bb,1.8922518,f615619defc4402b82845090c238e597
1f4dd46f7d93406e9b1fd33e5a2a4158,1.8902997,a1d8cb16dafd4126922f985021e93631
fdfc870c19de4b5e99b1b3cdb4acfa39,1.8902867,a585d23fe43f459ba86ac15645af77ff
b781fac256574439bea7cc655923fd3a,1.8885539,f11f1682b5924181b047d757d3e20964
503e10935d8945e8b7552e9f83309667,1.8878807,efdf40eee13d409c9955e5b84e4408f6
6001044952554a14b842ed1f26cda571,1.8852079,4696c8192576454f8684954bc771aa23
fa3faa7dd3774c2681f4c5b7527b1e78,1.8836213,965598a17b624a0f9bb1cd58595458a6
701ea34d0faf4b558956b1af3863b503,1.8828483,acee70abee2841c9b67b95e9ed079647
07e166148b304b0b9c003c015628df76,1.8772777,31b69f9501c4415e929b6af28c83f6a6
40ef7a281c80494686e90001c1421dee,1.87466,ff715b4f228443e3b067c801250f3402
f93d08dd757f4cb9a593f27024c614ff,1.8649768,4aa3556b2aed469584c573868193a07a
d18685a2ca8c4ab48ac9d9b824ce3bc7,1.8627295,983940e0b12e4186a281c36de657406e
305e57d28cc74f018c0ee4a93fe92c0b,1.8482922,a585d23fe43f459ba86ac15645af77ff
17ef3923d27b4a0d99dbc74302d79924,1.8464544,e25b9d9944cb4d7197efb8ffc4ff57a1
3a824fd4eb9c426291f1b6fadad0d90e,1.8305724,fe6ace599de44aa19b1773dad3658fee
84e237a5da704cc28748ceb897b709a3,1.8209119,11ec23965d2941d0817082107996ebbb
0cb422afc9b5409dbdc542e32e32d01e,1.8205271,965598a17b624a0f9bb1cd58595458a6
b4aed3fb5b3f491b99ace5c051b75eab,1.816707,7ac9c94011924c09b47f9640211885a2
c3ff9a50b4c1477c812af51fd7ce9489,1.8150187,630edd9b8f754b5dbd36cfbbd03ccb51
8b1f6fd1fabc4cb7abbd5a7a2ed0cac9,1.8113487,156f393f7ca046299e09d05464afa056
f66bd53c07c7410ca1da94b1c1f96480,1.8104011,a0fe3cd34e474c3b90662ce8ef1fcac6
dbb7cd57e11848d399a156605f0f11c4,1.8076472,17cc6768c9d14388b7455fea0060b62c
0a67f23ddf014504a380fcaf9e049a2c,1.806601,5a73e0a5c757410eb0928feed7b151c8
599db2cba5134f72b9cd514e41aa34ba,1.8019482,e5692bd498004d32934fbaa05af2120d
8564aa88c0c6416890eb773a1c47d701,1.8003275,8a77dc665d8b4d95a0b1113522f7e9c3
4aa10500630647f891ae1bf725a8f169,1.7984855,700f381f40ce4b039ce0df8b49fb199b
ea4bf9d0ec3d4bb9a4d910eb2ab70eb3,1.797855,8f761e1117754656ac86a3a25f241cd7
8756c0e4eee54ca69baec75ff9c6f44c,1.7955073,17cc6768c9d14388b7455fea0060b62c
3bc9e7189bd1419081f54d35e956639e,1.7926595,b8ca3b6144cd48208caae952e096e7ae
ff15583dc30644238b32a7302a039764,1.7905647,b2be859ca8f24cda86821d5383edbc18
2090b42e4121433892402ab5724a805d,1.788507,27eee82d7fb94b9b8b60bd3101187496
f83685b1d7eb4bb2912f5e7358584feb,1.7847902,691a538d2372403fad2b919b48ff5f85
6bc08caeb482448c85c44c89c5fee7b8,1.7822716,4aa3556b2aed469584c573868193a07a
af93b48dee3a4f0a924c31d87144d7fc,1.7811818,b7ef0a61de0e4adf9688b2c525c9ad09
d6b4f4ad86b24c25967551b42462c386,1.7805308,d443e0c5017d48d1b3f86bf4da959ed5
2c477c4f58dc4ca1975569a1f34923fc,1.7722546,77ac5eb4b3054ca68e2b0dcbd5473fd1
b575522bfda54d4d83e55ab89262a216,1.7711456,6a122ce1702646db918266228d48bd08
b187ddffdecd4cf9b139b97f1fe3695f,1.7698286,1b4e143cfc1648a5b877d7445446366a
298a7ef0260542fb9aec7190927220c8,1.7633327,bd2f91a9415049d980e453f94327e0ce
26ee506b01f6447f8db3592bd80ed39e,1.7572803,78b600dd53854b018f87267d268b7b1a
0ff31fb63a044ecba52ee62968e78be6,1.7521327,65664fb3aad341fab563409d91dddd2d
6178ae89b15545f39f754e64a9283916,1.7481878,8a77dc665d8b4d95a0b1113522f7e9c3
5ebfa573972845a5842bf96fbf02053a,1.7472676,5a68e05acea4434ba08e17e1fff00057
5f67168bea6646a69c49dec78942dfae,1.7404878,fd51f3eef1a64d9a93652be481bde32e
73bf5efa54504a0186bd7a13def281d6,1.7385454,bab3bdc133384798b558f8fb6466a7fa
9fbb54f6ca3747198e55e3f00ad81251,1.7383069,27eee82d7fb94b9b8b60bd3101187496
5302778a501c4de9bbc6c6fc6f7cd8b1,1.7354269,92d5da561f5a41bf929f3555a74cd653
60cfb02a92884acf8cbc7ea1abaf7046,1.7340541,e492ff7fecf046a4948c5ba5631cdefe
fcd3d852367e464bab386817f4536abb,1.7335799,9e304a9bbc7b4c22af8025fc93757357
b9500ef3747d4220b748183372d8c2cf,1.7317923,f9fae977af2c4f35b29400f31267e170
7bdcbc60a1354e079289b50702cced90,1.7268548,5971501b0e8b4ef5b203c3985d7f5e88
6f57ca99a1e54968882b1a10aed416e5,1.7146964,6a33c207c8b648f680dbd0e65639ef04
9d12b38606754a8ca46a62c27872e893,1.709566,4ad7e2502210436f9ca5735fdf7e50c3
d0fb524183bb44a9a854de124a8becb5,1.7088996,640f3bd184b7425fb22cc7773b8b2244
0d2bb28b114e4f4c8c688a13f967b79b,1.7072713,a4cad92644614f78bded3ca6d6023473
1cab9ba05da64cb6a34b521f9b039303,1.703121,1d47a696eae94bd29f215a4787b27d8a
12b45c8ab28a4361a016608db99cc91a,1.7030718,01e805bb5a1845a7addf86fe9bc8d814
2d78b8e319a04caba78f81308c489ad0,1.7006937,5a26ae7959494fef99542e9b2004fd11
d52b00145e914e48aa1e81cc1b399901,1.6949086,cc21026ff0d541909df56c5618d28518
1c3bb67f3f4d455b86905cf93be96fe2,1.6908848,85e7ea30890b456084b8e85c299c8649
b627c84048a742d292cc9adc0f36f58d,1.6856219,5a68e05acea4434ba08e17e1fff00057
ede38dce85584305a3733d42a3d38246,1.6812508,19c9ac7b84df472c85ed6cf5a05fbbc6
fba706d6c465422cb8a6944bb92f5b97,1.6795747,d0a840820172465f83c8480d571e7b71
a073ad7e6cff44bca20e23485bde2461,1.676851,e52a528036014db0a7bd54b99a310fe8
c661bf4a97394c40af06ff80bbec3a75,1.67488,a25b08e008114c9ca0266ce3e55d82bb
1aa2b5e2dcdf4c4c954c4af1b2112143,1.6707261,e02ad4f63c8444b79a7a56fb23a4e0f1
cc88f1f679b3441cbdad8db36097e960,1.6689888,e25b9d9944cb4d7197efb8ffc4ff57a1
e45e383a0b9844e2b5ea7eaea5eb9fea,1.6634009,156f393f7ca046299e09d05464afa056
dd86feab056c4c7daa68ee078e171302,1.6593047,8db9e204b8b841df8fd94eff0888cdf7
19e32ddf92c24f32a65a82f858c5c148,1.6556892,0ebc441d25664c91adad96b570270f07
3111ca7c585243e4aff0fad54c82a69b,1.6554236,836ec4ef8df644328ac07b7803709323
9f0c4fc689014714bc3604b21f1a694c,1.6548865,6aaae524573f477f8fdef0b83787cbee
aede09058c264aa399a460be910cf10e,1.6459718,02cf82700b4f4773af3a14ad8eaa5270
1080188fcae241b4a5c7649114dafd64,1.6438258,5971501b0e8b4ef5b203c3985d7f5e88
dd207a6be6fb481c941ff42092bbb3da,1.6423097,34b71675a1ae442395b6eb1f3eda23df
bd2048721a484ac4925726f9a0df7499,1.6337808,e52a528036014db0a7bd54b99a310fe8
56c2b163d79149048fcdf4e0f9d5598b,1.6327155,64fa5ce839ef406b9bc8a1b2f05094c7
5e369cf5939f4d15bb771d98108df034,1.6325853,9170e0bb8fe44b309f83293808d871fe
76d6bcc61c924186ac0c0cb384856e6e,1.6272919,ad2109663af04c549385cd2ab9b3283b
a8a7550acecf4436939c03b7e74ec8a6,1.6212703,cb85047b65f8468aa02744c28c075dbd
0efa7128e7d54bb098c98a8d23fa4d55,1.6207582,aa2d7a3a535243189492d4ce8e79c049
e578d2ca90a241bcb241e65a62648a66,1.6195781,f5a6222612ef406b8f02aef87e08c476
a1cb97ab677f48d0b81dedd497512989,1.6120337,a926df6d7fcf4b17b68dae6f41fbce66
5b2c1e575e8a46daaedcab661b62235f,1.6100205,34b71675a1ae442395b6eb1f3eda23df
fd45ab2e058b4b5fb374e54e60aceb48,1.604925,b050e9e1ef5946c297a34dda98d8f476
59faf734dccd49c39c471b705bbf90a2,1.5962949,cb85047b65f8468aa02744c28c075dbd
6237fc7134d449b9bc4158d9a707cca1,1.5914217,e9f055a212cd4e5e8601228c37713f35
c5487b5f9cec423b8ea3117173949a1c,1.5863585,0472051dc57d43f8b9dd08df475fc4a3
f6023dfadf94495fba9f43c8230ce2a3,1.58041,a4cad92644614f78bded3ca6d6023473
e5b86e97430f434591a4da778f69dcf9,1.575021,855b3971c4a147cfb9a7c281fa6b915e
9c299c4c6746403990eba7f18b97be71,1.5736246,9303b9f7f4984b2dac8aeba8c8da8ef6
fd66e1095a8d4ed89af26eb4018a0c00,1.5696898,3b13d134762445cebcdbb02b484db77b
e18211bb1b9a4eb5b5679481523d0c23,1.5672207,d981f2c67f764e0c84af125b563958e9
ca9d736b288240819d620ec83c0b3f3d,1.5665729,8f761e1117754656ac86a3a25f241cd7
569c47730fc949f7a3971473e07d0f6a,1.5643924,678725f8b914453fbc1029b7c1bc0879
d7af13217f9446bc8d46c21e5d91114a,1.5590898,836ec4ef8df644328ac07b7803709323
3b01fad04aad4fba95d40be77808d716,1.5581741,cd60a0fcac24465a880af7d8f921dd68
292a36cd38ba43bf86a043e2de9d7bef,1.5562277,eaca056cec224a30aaaed30c39f644c2
abc9ab04fed74e638625e3e6f26de13d,1.5559869,a0fe3cd34e474c3b90662ce8ef1fcac6
444cddd136524b8792db7fe1caeec69c,1.5550747,acee70abee2841c9b67b95e9ed079647
e7484e33c0004b31996c7062d82f4819,1.5497365,678725f8b914453fbc1029b7c1bc0879
669388a30d174fa48b59092d2b8770cc,1.545482,a25b08e008114c9ca0266ce3e55d82bb
1cfa0ddd81a04ee1bcbf754e6c92c5d8,1.5415453,f5a6222612ef406b8f02aef87e08c476
4dc64707bd42424f82f84de41d91a5fd,1.540176,3be388c9ab614bceb086c19f70df23c2
018f42d116aa4bcdb1ab9e05bfc01b63,1.5394336,640f3bd184b7425fb22cc7773b8b2244
3e85ec80c479459598052f2abc51cc73,1.5227568,c9e2e76e631c4d0a8013d90892350e06
70aba94871d94cf5b2d7e950982cbb8f,1.5203495,e45844e0215f4a1596a7f9ac41367c46
c8d0d1f2df5c4b2a8eecdd2acc610a85,1.5202771,e25b9d9944cb4d7197efb8ffc4ff57a1
e16ea80e38c340678ef8f73bb189fa64,1.5094534,cc21026ff0d541909df56c5618d28518
adcb28bfb3334cf0938efac96e34354d,1.5075253,c88be17376104f999b914a91aebf7220
7bd320ff5d6f4bfc906470499b8ae3b6,1.5061476,80921378de2b4cd3a14d449688d8b079
64ecc00623a647a7854cf8236452c556,1.500038,e039a00eae414ebbb2205b011ac127cf
a545f38de45e4870b398a90fe9c5cbbd,1.4996482,257aed6ca7a44f1cb5c664beb1be527b
745463c1ff2c43398a488057b94b7dd5,1.4992688,8f761e1117754656ac86a3a25f241cd7
ea60559c1a414dafbe5652b8b1ef5ffa,1.4963198,e02ad4f63c8444b79a7a56fb23a4e0f1
4cf01329838243b998a06d2ffab76517,1.4916825,99142f1c07cd4782814f8c970eaaa40a
067c039494914485ad6e06b72bbb8e13,1.4871213,58db4c3a26c84fa68d81235d078208bc
727185eb6c4b40c7826be433f5a5d627,1.4842701,23066f7964874fd39639dbf2cb2766df
d9826bec6e1c4be6a7152f89b950fee2,1.4774442,c3412c53e9ec4b6a9a1aa95cf7f0f1e4
43e7ebaddea142908ddeece45bfd2049,1.4740587,bab3bdc133384798b558f8fb6466a7fa
152e0362dac34ef8940b97d42520b9de,1.472149,17cc6768c9d14388b7455fea0060b62c
984975b63ccd4be48b7aa852bed6fc65,1.4686048,c26f5e7dcc8149f18f3d719bba9ae717
76ffb89b5ba84a8788d68f4010821e12,1.4650719,c0cb721b56f240dabf7f464e453ef72e
3febcf126f0f4f8585113e1917eed33e,1.4642953,1fde4c9a01f84c349461083b6d0ba9ed
1e91957d9e7b4a2d9a469c627d2b37c0,1.4621333,cb85047b65f8468aa02744c28c075dbd
f1015462e69f41ea9a9c663ae07f13fd,1.457977,ad2109663af04c549385cd2ab9b3283b
76313e4034d24a788d6f02923f14c045,1.457139,d79afb377f5349a69830b2b4c7cfefcb
fe079e85e77f4cd98fc3ce5e6b2476c0,1.4567345,7a4c413f5c844796bd5ffed2b65f0336
df2549937e044a9583242e2c20f87e85,1.4493669,f615619defc4402b82845090c238e597
d4cf39f8ba7e4a92b4ced7faa1218229,1.4464282,e492ff7fecf046a4948c5ba5631cdefe
95eb2760eddb42a799eed009f1907025,1.4459904,0ebc441d25664c91adad96b570270f07
8afe31852af94133a8a0e21f4b27e5d1,1.4456222,37337ebec05640b890e4b9612776c32b
b24046864bc341499137c0e4a5d92315,1.4448363,82b01998353e4141a7613fdc96d7b600
a9a64390a549402a87d7334ff62aa560,1.4418216,73e7e41e8db447c09cb2363d76556c64
aaff66d83c1441cba7531bde3e46f124,1.4406847,1216ce1ef31e4643bb1222538c206342
c674a30eca94429c91ef5e7bfd2d9f24,1.4396558,c322b788813745e0aa7b592b4345d379
a10fa0e95314472f9c5d9f4695a8391c,1.4393334,74e7db4222ca4a20811199afafa346a7
8aaa8f372a5346a59b85061f27d9ffc9,1.4321003,b4150337314e40fb9e3ebb24514504a3
6193d950669f47f9a2268d0f3a41b2fd,1.4299126,faaac88748714ce8a99413b952a1dac8
93851d403349407996bba1dfd7457f79,1.4272903,057164cf4aab45ebbefef3409359cfb1
014b077427a84137a08055cd6ba1057f,1.4243028,fd51f3eef1a64d9a93652be481bde32e
85d372a0f34b42109e467e07922756ae,1.4190261,82b01998353e4141a7613fdc96d7b600
d0c34b42e0ea475cbec6f473103ce609,1.4162388,e039a00eae414ebbb2205b011ac127cf
67a610b0590e4dc98c6ad2de2c47446b,1.408238,64fa5ce839ef406b9bc8a1b2f05094c7
24e177e9075a4c7ebd2cf154bcbf7b78,1.4059161,c9628610053945f4a7998ae48cd70da3
0001880401724f72b4b0f8fafabbd872,1.4051852,4a4eb12a639346b5a00557d54b51fe51
af56dd5a3d1a403c910f7ccd67f42dd5,1.4025927,23066f7964874fd39639dbf2cb2766df
0aa6a9108b584bbf8d7c94f8d1ba84e3,1.401511,691a538d2372403fad2b919b48ff5f85
537772e1a2c849b2bcc68c362d5c2c16,1.3984026,d0a840820172465f83c8480d571e7b71
69f55093e5564ec098780c2feb474e04,1.393937,ad2109663af04c549385cd2ab9b3283b
e0be49d601a84ae1afc8a7ca92f58087,1.3923595,7c1e02f3ab614e539ac901e5cd3c92d8
00b97e3bd70241758022cdd5d10450a9,1.3879308,fcc9863b07fc4bd5a01fab5b9160eafb
6f8c1d69a43c4848bf3426c02ae5b938,1.3875666,f9fae977af2c4f35b29400f31267e170
7c4376eae79f4bb992d0bbb206eaebc1,1.3813908,c322b788813745e0aa7b592b4345d379
e2b08fa4040643048867ee258a43c077,1.3784652,678725f8b914453fbc1029b7c1bc0879
6f5ef9875cc848bbac020144e710e378,1.3773553,75b0bd2240a54f6fb45bf95ca43ab5e6
63e06c0c69054bdd8c2690539549d9cf,1.3730822,37337ebec05640b890e4b9612776c32b
6f2088d6c7bc418f90e6328cd345c77a,1.3712305,00f45d57fd3c448d8cfdf3185ebae894
9267609a976547b19a2cc08683835f4e,1.3691227,257aed6ca7a44f1cb5c664beb1be527b
600602c8b38d4fe293a8b89ca3c4b7a6,1.3637782,d0a840820172465f83c8480d571e7b71
a79ab69369744d3bb4d94f1ed2d8c781,1.3636538,c8b9a0ac7c214a449c434aabdf6ef770
a66dab00c6184b79866a0fe90c090db0,1.3625059,65664fb3aad341fab563409d91dddd2d
e98cad653d89476483782ae1a239135b,1.361831,5a8cc5ff28fb4359afc7e9fcbf3bce55
5c189d9231904498a16870be4936df4a,1.3495617,cc21026ff0d541909df56c5618d28518
5491a19984a643bca536cb015e65adbe,1.3445767,92229a391d0b418f87b32c86c42a292c
3a48941fe58c4afdb3ca7520eb9bd36e,1.3410527,a4cad92644614f78bded3ca6d6023473
c76c69c650e64dab822589767532bc87,1.3371575,89e43b092c844b5886a93091a22c894a
22fbef34478f40bbbd083e12595903b4,1.3367903,de9328bdd1b34adda74a0363ff0a52b6
8f66f54b48f64293bbb1f369f41ee3c2,1.3333813,6c8a24653ef04f559b88e0f27c0df63a
cfa58c9270cf4b82a9a79385be571a83,1.3323247,6542f58c143446f280e88a6375ccf79a
64310259af8e430b8a9577093b411ada,1.3244143,6a122ce1702646db918266228d48bd08
b2486195994b46178a02231ec766d3ea,1.3210381,b050e9e1ef5946c297a34dda98d8f476
00989f2d41344337a67e440d6506b9cf,1.3166,73e7e41e8db447c09cb2363d76556c64
856daadbd4c24836a85731844393b1f4,1.3165241,9e304a9bbc7b4c22af8025fc93757357
0cee0f740cfa4b118595c4e921220588,1.3162594,92d5da561f5a41bf929f3555a74cd653
43a78998b5f14d87bf9883d669a9ea6e,1.3156459,d42996c2b67443fd9b73bba7641d4f77
45e4e8abcc7d41019873e9cefcf22239,1.3156425,01690d9b08164fcabd5bf0819754f71f
d52a218e156e461f8d5f05a8a136988b,1.306684,89597084b19c4902b073a2c6c6622456
506892256fe04ccdae8ffa97993fb582,1.3036715,691acac4a54d450697afb2c2dc4fca09
87773e87aa4246ecb99c535106be1412,1.302656,acee70abee2841c9b67b95e9ed079647
d1fb54ad5cd34d8abd5ca9ee40b54dbd,1.3003594,b7ef0a61de0e4adf9688b2c525c9ad09
d7c1791491584b2984bbcdbc178299f1,1.2966689,691a538d2372403fad2b919b48ff5f85
c2ed9246a86b4c0f93db5a4cdfa7f06c,1.295898,d443e0c5017d48d1b3f86bf4da959ed5
06cec2d499d345bc9c033032d765acb3,1.2912395,779d7c2bad1940c8a861451964e1ce01
195aaede1fda491bbf8495b564c9d001,1.2825305,f9fae977af2c4f35b29400f31267e170
ff0622832e0e48519d375778af4f60c3,1.2738883,7ab29c5e2f05481d8a69cc479a764ee8
a987046439f446848e7b3520dcece6d6,1.2733754,4ad7e2502210436f9ca5735fdf7e50c3
903552e550a14d61b7dafdda426e7596,1.2726569,7c1e02f3ab614e539ac901e5cd3c92d8
f825d91f98ed4b9fbffdd2f5bcea698a,1.2695371,d79afb377f5349a69830b2b4c7cfefcb
a476d6cbc62045dc948a30c9c18327a2,1.267912,691acac4a54d450697afb2c2dc4fca09
98b5731fc463498f9da6bf4beeaadc1c,1.2640834,8a77dc665d8b4d95a0b1113522f7e9c3
ae5e0ee1d17e4fb0839e3d41295a5479,1.2620186,903360099fb644b6b88c6edac88eecb2
e1373920ccf54979ab678e62eb165c60,1.2612395,b2be859ca8f24cda86821d5383edbc18
ca5e7f899c944d258e0fe020c844ccb2,1.2590752,e52a528036014db0a7bd54b99a310fe8
9ed80bde74cc4e15aaa675186748bdbb,1.2578703,58db4c3a26c84fa68d81235d078208bc
5b6f7847212340cfb461967cbfd411f6,1.2545595,0f9cc12519eb4872af7be7fe49e19f59
8058d1c206ab4268a15994fd69f5d5d0,1.2518029,1c97c72e076f40fcadb22b17e71beed1
f3c47f8050814b93a91d14f2add36403,1.2503514,efdf40eee13d409c9955e5b84e4408f6
f792d5fbc00c47c59ce1791351c39504,1.2446632,1fde4c9a01f84c349461083b6d0ba9ed
901288a03fde4b628e2efc51f9ec6f0e,1.2442874,257aed6ca7a44f1cb5c664beb1be527b
3295b23d76ab4661b9a92952160eb966,1.2441131,1c97c72e076f40fcadb22b17e71beed1
57c53927cc0942b7a012edd211993b5f,1.2415231,27eee82d7fb94b9b8b60bd3101187496
6bf15791f42e4323bf626650477d9beb,1.2393223,8db9e204b8b841df8fd94eff0888cdf7
774622a7382646c4ad5ef139574052c1,1.2372196,9170e0bb8fe44b309f83293808d871fe
55e30898427a472799115a2e014580a6,1.2317438,d74f6e7abeb84eedb9923dadb62f45f0
eead86464fcc47c9a4330692646f0973,1.2224406,1216ce1ef31e4643bb1222538c206342
b457016349004dba8b94241ddf2b6964,1.2171289,640f3bd184b7425fb22cc7773b8b2244
c11c77b1b50e475e8b0a0df774292211,1.2170835,3257035cc77946d98bdc09e2fdd5cdae
6f5aba39f47a4d7b87f4b50122d8b660,1.2154105,7a4c413f5c844796bd5ffed2b65f0336
d896778ef12545f5b79fbe84a1c9ee58,1.2120291,80948e17b5694599919e1502bfcc08f3
0478a4dd439f4218a9194cd283b15aca,1.2088599,ed9b10a2879742628fce003076ef9024
c9d40d7967754291b6d16c34879f008c,1.2057703,73e7e41e8db447c09cb2363d76556c64
a3c8a08e370346b095ed986fc19f420d,1.2048595,89e43b092c844b5886a93091a22c894a
f52e6b02fcbe40089962449e4b4968db,1.2027155,cd60a0fcac24465a880af7d8f921dd68
554e702a075743a499899b99b73eea46,1.2016037,66b0c8a58f444ea0aec34d9403b88a49
619fb307d36a42b8818b2918edc88ade,1.2002499,aa2d7a3a535243189492d4ce8e79c049
44e0859420c4441d8b2eab856c4e010a,1.197582,f0695d7e59d64941b510a3d12f801d59
f119f6dc27c64e5c8485b001368d839e,1.1892022,7cd1db4b50dd41e6b2f3dd15fcab3b89
5d32b941bc394464a6da8d1c78aeb3ef,1.1764606,11ec23965d2941d0817082107996ebbb
c69f7426bfca4d959cc756572440109e,1.1751887,3b13d134762445cebcdbb02b484db77b
96cfa510415b439da48aa661aff3500b,1.1729158,1d47a696eae94bd29f215a4787b27d8a
29add4c6302d4386b285a8fe68153479,1.1714563,c8b9a0ac7c214a449c434aabdf6ef770
2ef6a38c8e514fb1b98b9cac832fdd14,1.1705966,8aadcf7251724cc6858dc0db44abebe3
315bc88bb0aa4c8d8eb55bb22f811730,1.1638318,0302e7dde9074dddbbbdf85e9be57901
e263f6646da54395823572d53a7be6e9,1.1630259,58db4c3a26c84fa68d81235d078208bc
a02994faca0a4c088e226d856518737f,1.1608299,630edd9b8f754b5dbd36cfbbd03ccb51
bfd8d22a1f9a42a28b2a78c5e4323725,1.1590956,f615619defc4402b82845090c238e597
ea055ef8a6de4cdb8761ddd4dc3bf3af,1.1540928,965598a17b624a0f9bb1cd58595458a6
b4a8d87a40804af0ba2290010e25deb5,1.150399,21b1ded02d7b42618592187e287835a3
a2c99cf18b24478a838bc5837a75721f,1.1496421,d4cd0b56b6f54e08aec8ebfdb6122c5c
53a334f932ed437db303f19b0f6ea7b4,1.1494418,99142f1c07cd4782814f8c970eaaa40a
6abbc2ba6e8241f5b7132c7bb338f92e,1.1484141,37337ebec05640b890e4b9612776c32b
9c3a88f966094359839f8ebc3263a6ae,1.1481817,ad289d5052264f9c8bd0aaf9faace92e
d3910d69c924478ea90090b8b527e0b1,1.1463051,903360099fb644b6b88c6edac88eecb2
d7c4bf8f05fb4648a8778e884052db2c,1.1461642,09fc9f38fbbb4bfaa1c979ac9cc43f0b
1252c75b04024238b04ae25eb65cf090,1.1431378,6a122ce1702646db918266228d48bd08
ee3555240e534ffc880818cf7f848c8b,1.1398921,b8ca3b6144cd48208caae952e096e7ae
c0e4b6d0b4ac4f978868636d7675e345,1.1390643,e456afdf95e643dd926249fec4d68753
0ca1af4b4360463da2290c0231e7c2bc,1.1328192,acee70abee2841c9b67b95e9ed079647
e8dea0d3ff7b4340b7e4863d401e1a4c,1.131663,95fbc6ed8bfd43c1a6bcf676e26e7f8a
4975299790f047d9b4dfba901c33ee4b,1.1293406,bd2f91a9415049d980e453f94327e0ce
42058ac0b3ff4d34b26f6d53d69b27be,1.1264665,9b22c5cdbff44bdabd48dba008e6a3b2
396e243238ef431aa015a783dd23ef83,1.1258707,f5a6222612ef406b8f02aef87e08c476
4a6e09d6abf04c768a24fc91a2f17181,1.1256557,23066f7964874fd39639dbf2cb2766df
f2f267caea8b4b99a078a6d77af06916,1.1245553,7a4c413f5c844796bd5ffed2b65f0336
5dce93cb07464f0db845af41bf878604,1.1235087,acee70abee2841c9b67b95e9ed079647
06435a3004794b68b31f4c445a06fe71,1.1206644,f615619defc4402b82845090c238e597
78c3087265224b479cfa12716bcf1599,1.117819,27eee82d7fb94b9b8b60bd3101187496
fa4b1640bbdb4f0bad2435be75a94586,1.1041209,dc58564d0c8540bea4f3e2e3696deae8
fc0ddf22d761445da507bfd2d2d08d33,1.1017591,efdf40eee13d409c9955e5b84e4408f6
acb93c3b67cb4fc8bf222a8468b2b6ed,1.0994791,64f1d63a671d441d9663a783f632f794
17d4b37e6cf045b691ff88ff7ec2d5fa,1.0985757,85e7ea30890b456084b8e85c299c8649
a3641dd6dafd40d5b8f8077b9dc3e850,1.0981164,99142f1c07cd4782814f8c970eaaa40a
99a4beb62cd744e5842541fd8cc9f61d,1.0949408,678725f8b914453fbc1029b7c1bc0879
8dfd5233498c4be2b88b2b71cf67ed64,1.0899696,11ec23965d2941d0817082107996ebbb
68ea9efe09ec467b955f3960508e08de,1.0867441,23066f7964874fd39639dbf2cb2766df
360cbc8189604ca7bed1d03379488753,1.0843995,eaca056cec224a30aaaed30c39f644c2
9e1261d3e89b47a78e1590fa544c3df0,1.0838033,02cf82700b4f4773af3a14ad8eaa5270
8868c5482f844182914477066c6e3287,1.0773951,b7ef0a61de0e4adf9688b2c525c9ad09
405e667675254ffdb3e8cb25813e586a,1.0771992,e456afdf95e643dd926249fec4d68753
96a40dc922f94bc78c39fadb8ecbd263,1.0756954,b7ef0a61de0e4adf9688b2c525c9ad09
0237bcef8eb845aaa48b53436a3ea75d,1.0752274,eb513691b7a04d31ab1bc50bf343447b
9123b9ef4c9d4fde932408d0244495f7,1.072184,6d3c42356e3b459c919e3129ff192ac4
16b26a25f49f4efa85d21e2a4302e506,1.0701817,19c9ac7b84df472c85ed6cf5a05fbbc6
42c545ddf97e457a8ae47f8f1229bec7,1.0699252,80921378de2b4cd3a14d449688d8b079
b0f8d38771464874a4c57aa453d842ab,1.0657772,4aa3556b2aed469584c573868193a07a
e0fce1d752bc4668a62db48ad4b8de4a,1.0577762,80921378de2b4cd3a14d449688d8b079
899b54b766454749af73a7b5ba6ddfc9,1.0552399,eaca056cec224a30aaaed30c39f644c2
fa54265caebc408591476e98de422b10,1.0518142,31b69f9501c4415e929b6af28c83f6a6
70a1cb72566e4c6fbe46c9b03b8a31d5,1.0517706,f9fae977af2c4f35b29400f31267e170
071079b5a0494fe2b01b0dc5399d8089,1.0503618,eb513691b7a04d31ab1bc50bf343447b
3e1186b551804ac0880d688f4ad41f5d,1.047164,17cc6768c9d14388b7455fea0060b62c
0d995ee72a0b43739f37e5962dd6c907,1.0450153,0302e7dde9074dddbbbdf85e9be57901
6d9fe29b75544ce6b2e1c3329771cd32,1.037321,64fa5ce839ef406b9bc8a1b2f05094c7
649971e6871c4d3596bbe61f84b0e117,1.0345514,1216ce1ef31e4643bb1222538c206342
0499bd7b39be4304b273f17a516f2eaa,1.0294456,80921378de2b4cd3a14d449688d8b079
1ea12b451b3d408baf7902165bd34a14,1.0280999,65664fb3aad341fab563409d91dddd2d
2d641fad427d4884b7624102a50d5edb,1.0275043,5a68e05acea4434ba08e17e1fff00057
19697467a2f64fdcaccd3a65d2a60d7d,1.0252591,23066f7964874fd39639dbf2cb2766df
2f0bcda66cd34231b3a3822dd57f7f2c,1.0252018,65664fb3aad341fab563409d91dddd2d
d783d92ce7464edd930cf3e6a5a3ec9e,1.0245941,5a26ae7959494fef99542e9b2004fd11
86f3189426a749d5aa5851a9514f7a36,1.0239286,ff715b4f228443e3b067c801250f3402
ad251b857ef3422398c3c3aa91f9c632,1.0230441,c26f5e7dcc8149f18f3d719bba9ae717
f161ed58877741ceaa5a6f014b69de49,1.0217854,e27d9425c912446e947fe53c4a757375
d65ec9584a074f8494467734378fc499,1.0217323,d0a840820172465f83c8480d571e7b71
f9858ec6cc4e424aacd697295e8cabbb,1.0141522,ff715b4f228443e3b067c801250f3402
410b8957bc6b4370ac432ae7bddc2cd8,1.0031385,b050e9e1ef5946c297a34dda98d8f476
d2eed3a46ce744eab6ced2424b2593b2,1.0031316,d331012ecf0c40888e0ac290184f0883
4862c9b0d8ae46eb8831a66a01eeb02f,1.0013282,b050e9e1ef5946c297a34dda98d8f476
374f3a07f645432ca97d2116e61d6fc6,0.99995,0472051dc57d43f8b9dd08df475fc4a3
e980c76243164587a41b4adacf1c6b50,0.99645954,58db4c3a26c84fa68d81235d078208bc
dd9a8e0a766b4f6e81c6ace1403cd374,0.9931619,c0cb721b56f240dabf7f464e453ef72e
1e008659e5994366815fe158a9f9a26c,0.99059045,9e304a9bbc7b4c22af8025fc93757357
1f4946d6701f4d75b1b71b16833299d1,0.9901273,3be388c9ab614bceb086c19f70df23c2
81506e59f5b54c66a3459e47c2bad700,0.98975956,d6fe6f8380464e21a27fd69de27f1f57
98a56450793d4447a21350dcb38b80eb,0.9895926,efdf40eee13d409c9955e5b84e4408f6
dbedff835ba847d386ac1cca87b2c7bb,0.98953855,6c74bedaa406493a99988c5b8a47b704
3088711035bc4a06b3595ae315f54fb2,0.98946583,c9e2e76e631c4d0a8013d90892350e06
5f5c72816fcd4fcc8f58aa66c02daac3,0.98264474,eaca056cec224a30aaaed30c39f644c2
ddb77e0838c941d9acdd2f02496195e2,0.9826094,e9f055a212cd4e5e8601228c37713f35
b44be1c1621b40e1a7c06c02b225c470,0.98256135,17cc6768c9d14388b7455fea0060b62c
0a18772678f04aad97501db427e8f725,0.9813432,d9fbe02f04a4469dac855f69ea6ad02a
c27914b906234330b9a6677788aab658,0.9810958,89597084b19c4902b073a2c6c6622456
b9a2d4a31cc74336b4c66e880ac51f1e,0.98014015,fe6ace599de44aa19b1773dad3658fee
49f4672f4be94535a516b1013cea2b54,0.97926,c9e2e76e631c4d0a8013d90892350e06
5d2dcf398cf24f1fa650c7f0c8035ffa,0.97689635,d27cfea4da8f445fb4e3c55e53c6482c
693fab3513204d1594f6d18136b865e3,0.97662646,1fde4c9a01f84c349461083b6d0ba9ed
10f74d10373f4f128add836b046afcdc,0.9720844,d9fbe02f04a4469dac855f69ea6ad02a
4aeb82ff294e4be9be97a1aee9698fef,0.9714788,e456afdf95e643dd926249fec4d68753
c8cf5bb63c7849c79141e48f0b609996,0.969133,85e7ea30890b456084b8e85c299c8649
2f01109a00d94d2ba4736fbea4522c20,0.9686664,78b600dd53854b018f87267d268b7b1a
865e99466009410e82a3a9daa7d34d29,0.96337,dc58564d0c8540bea4f3e2e3696deae8
b074150ff8a24cc9b889876ee8b52d9d,0.9603269,a926df6d7fcf4b17b68dae6f41fbce66
1139ff813de54ba583f9d19e3a2b6ac6,0.9587787,a585d23fe43f459ba86ac15645af77ff
7510f4f5df754961a921d50523718ff7,0.95698273,1af4472b38cc4304841b2f1720075c9d
953a07c9b67d487f9d6ac9b71b85dff7,0.955838,e9f055a212cd4e5e8601228c37713f35
5a7c0160ff224dc08e280c9d93a87c66,0.9542163,1c97c72e076f40fcadb22b17e71beed1
e046c26587cb42afb43672bc7895ec22,0.9539459,9303b9f7f4984b2dac8aeba8c8da8ef6
a7e8389d66b049749ff42ecf8384fc99,0.9519622,ed9b10a2879742628fce003076ef9024
aa580e725d534bcc967dbef0c65b141d,0.9519275,88dc23909eb4415aa39b96cc3a4c2926
c61e43ceb2744ddda2e531aa77f3c6b2,0.9498454,c322b788813745e0aa7b592b4345d379
a72d6ed397c64fa7ad1aeb46a417fa4e,0.9490253,8a77dc665d8b4d95a0b1113522f7e9c3
96bc1d7521944aa9bd60c810ef28080a,0.948344,b050e9e1ef5946c297a34dda98d8f476
b112a5b1b2e44b49971304154011c418,0.9462329,1c97c72e076f40fcadb22b17e71beed1
fe0ece34523c4475bdaa3075a2cade4b,0.94596535,5831f5e280be4c02a09ce4588b56d7f3
7e29ec4675ab4e1cb521e69e6de49dfd,0.94542134,e45844e0215f4a1596a7f9ac41367c46
9f44eb98cc5c4143a57358e733c1cb23,0.9370738,650afb6a1d054e59904a1b796552eb04
206c38136fda4bdb97f8087fab551d1a,0.9365766,e27d9425c912446e947fe53c4a757375
e862a12dcbc4446cb1bfe03570cc7b44,0.9342185,7ce06191f1114b4c8a00609f6867761f
373a81f37e674bf381ab2c67de8df0dc,0.925553,19c9ac7b84df472c85ed6cf5a05fbbc6
c0e006372bab471897981e28cf25f546,0.9254517,d4cd0b56b6f54e08aec8ebfdb6122c5c
7cb7428e7e774e2ca33b6d9a12926311,0.92328274,23066f7964874fd39639dbf2cb2766df
2613b590d7c94de09bd3bc1e4aeebb1d,0.92053604,fb709e29755b44988bb252c87a2ce2f3
07e594806c6c4bdf8d98e2995979eae1,0.9197489,0472051dc57d43f8b9dd08df475fc4a3
8819510944174ce28e7b0d3e9d8c9fe3,0.91662824,691acac4a54d450697afb2c2dc4fca09
287f16e644254fb4ab92c40cf4fd41e5,0.91152537,fb695c097d5845c282f6b30c241e8cf2
86c05c3d7552474dbf8eb503035b96b4,0.9061175,80921378de2b4cd3a14d449688d8b079
28d967465fcb488eaab515b23282c0d7,0.9042288,fe6ace599de44aa19b1773dad3658fee
3321422a798047078d258d49e7912855,0.9038918,6d3c42356e3b459c919e3129ff192ac4
b615a0420b8b49d8a7153658ccbdd788,0.90283525,aa2d7a3a535243189492d4ce8e79c049
17b5e130e0444402bcedf9400cf07aca,0.90182227,e456afdf95e643dd926249fec4d68753
a22926b3ca894e6c80de0e172a46f36a,0.90066046,9170e0bb8fe44b309f83293808d871fe
7d52dc1203ef4f9e9149a1557341406b,0.8945607,a1d8cb16dafd4126922f985021e93631
66f2b56505bb4a009232e327041bcff4,0.89356804,5a26ae7959494fef99542e9b2004fd11
8522edbe627049f0b00eabbb776399d3,0.8929266,aa2d7a3a535243189492d4ce8e79c049
ff2339e06523437eb464f18a90d5f80d,0.8920265,ff715b4f228443e3b067c801250f3402
01175ef138e24ed7b74c8c8ec2ad8abf,0.89112484,fb709e29755b44988bb252c87a2ce2f3
ed7174d9684e4c1ab43b255543d62f86,0.8875626,b25fe3b79f714d38b3fc53e39fd84d36
7065ff8945cc45c2a4dfb58ac4955a94,0.8828576,d576e334105247369362b05a375e88cd
3dd7bbe2cb1845608dc71b36bc82667a,0.88220924,dc58564d0c8540bea4f3e2e3696deae8
95efaf80178b4a519dbf8769d415c000,0.88155746,e492ff7fecf046a4948c5ba5631cdefe
b904ff33d535410cb0791f1e1227e8c2,0.88084847,c88be17376104f999b914a91aebf7220
0f8a4be0f3094bce84e582a214feabb7,0.8776773,aa2d7a3a535243189492d4ce8e79c049
4e828f821c014d5d99850f710aff0f21,0.87711155,f5a6222612ef406b8f02aef87e08c476
9c5692d8cfcc49f5ae1d1eb4577cee70,0.87668675,acee70abee2841c9b67b95e9ed079647
82e2ae3e0d3c4ccab9093974f974e854,0.87437654,a6a551a308b9442f947ea0608ae2c3fb
f1ccf2ee3c3d4cddb27a2e081d844de5,0.8731899,564a84b1b830407e811bcfc7fd086a6f
bb53d0593f034d19b5b20210035e1058,0.868929,f11f1682b5924181b047d757d3e20964
02dba61169914bf6bca380e6ebba2037,0.8681476,7ce06191f1114b4c8a00609f6867761f
1f487d592adc46f1ba935a923c34a9c6,0.86780804,7a4c413f5c844796bd5ffed2b65f0336
edb1a0a557354729b75b63862940d133,0.86729246,01e805bb5a1845a7addf86fe9bc8d814
13bc78da1120442190653a8273c4f2af,0.86694056,19c9ac7b84df472c85ed6cf5a05fbbc6
51e58e676c6d4b22ac3950bcd82a8417,0.8653492,fcc9863b07fc4bd5a01fab5b9160eafb
963dcd06789246059d5a6ecdb28e6321,0.8544356,77ac5eb4b3054ca68e2b0dcbd5473fd1
1139d27eff6f4adcbf602ee48c269d3a,0.8522074,0ebc441d25664c91adad96b570270f07
8ef2aba44c3c4a85a7499fcc0cf28ff5,0.8513665,e52a528036014db0a7bd54b99a310fe8
234999d28bb04577a48d50f076a844a6,0.8511729,8aadcf7251724cc6858dc0db44abebe3
b9e0a43c19a04981af4a6dbf15166196,0.8493018,aa2d7a3a535243189492d4ce8e79c049
d142f9dac4904fd9a93e4b68197a4fa9,0.84661454,ecdae9f36c6a437ea72739febbf1c89c
ef3589381bb34e74bf3f0f4479614d70,0.8461168,1b4e143cfc1648a5b877d7445446366a
33babb0b73f84a8a87d9c75c03bfbc99,0.84586257,1216ce1ef31e4643bb1222538c206342
e4c05db0326140dd9c48a8179a3fb6ba,0.8433813,02cf82700b4f4773af3a14ad8eaa5270
d167d4759915411bbe1bbe1051622883,0.8421541,4a4eb12a639346b5a00557d54b51fe51
c6754ce8bf4346258c03509140eece37,0.8386117,65664fb3aad341fab563409d91dddd2d
20a91015a52d4a81bb29c195b01ed6e7,0.83715796,46ba0b979a664c7cb0c315c4cde6ac86
eaab6a29e5cf470dad7b0b66bdfa71f6,0.83662033,1216ce1ef31e4643bb1222538c206342
a5af794012384211a60360b6b1752339,0.83377856,0f9cc12519eb4872af7be7fe49e19f59
cb44ae0776e3419e8b0aab12b82dc8e2,0.8328075,23066f7964874fd39639dbf2cb2766df
d56e8f69077e42b1aca7c99f6675c5af,0.8318621,1c97c72e076f40fcadb22b17e71beed1
45f269eb7e1044bfbd012ba2df2be6ad,0.8313628,4a4eb12a639346b5a00557d54b51fe51
72679574292b4dcba4cd8bf82996bc5f,0.8222354,64f1d63a671d441d9663a783f632f794
95cfdf88f92e45f9b81a755fb1718759,0.82198703,58db4c3a26c84fa68d81235d078208bc
06b4425d4dcb4aaaafb52063bd3af473,0.821825,a6a551a308b9442f947ea0608ae2c3fb
58e273c754c742a5a7557cc56e24814f,0.82116294,b7ef0a61de0e4adf9688b2c525c9ad09
d480f925a4b94f518e72ad64b3ed439a,0.81811416,9303b9f7f4984b2dac8aeba8c8da8ef6
38b738aa374d42a1b20afa63ccfcfd62,0.8123357,01e805bb5a1845a7addf86fe9bc8d814
6fdbbc8445214d81aef5fc22b3f4e9bc,0.810302,c26f5e7dcc8149f18f3d719bba9ae717
0ff2646f55f04a5a93328204b6fa099c,0.80841064,31b69f9501c4415e929b6af28c83f6a6
f3ea230754ba41d192cd37ed751d1318,0.8078724,8f761e1117754656ac86a3a25f241cd7
9385f152b6204244bd58c6107f500381,0.80072254,9303b9f7f4984b2dac8aeba8c8da8ef6
5f5d6306678c4a0cbeb65f8580c9cdbb,0.7975245,89597084b19c4902b073a2c6c6622456
77061464d801457a80b33cbbe0f017f6,0.7951637,d4cd0b56b6f54e08aec8ebfdb6122c5c
492d363c9d8b450da859bd06f06cf687,0.7935251,ff218cc7835d4b5ba0de22792319050a
844cc162c90c4ad0bf5be9750450f4f7,0.7928892,89e43b092c844b5886a93091a22c894a
112c929868df4d8fa0428f2c3cf17e3d,0.7920617,ad289d5052264f9c8bd0aaf9faace92e
da098162d0924c6eaf6699ca87326527,0.79184735,ad2b6fb945714e6792c17bd49a1066e0
6475f4fbc11942b8814094002d1133b9,0.7912509,a6a551a308b9442f947ea0608ae2c3fb
6d60c813cd9640d0840e8567de817877,0.78257656,bade01bd83ec4b6786fd8c867ca7a090
915862b474ab4f229d4311709b20bd58,0.7818367,6d3c42356e3b459c919e3129ff192ac4
91467c6be29e4dd4bf681cc05803d081,0.7783104,c88be17376104f999b914a91aebf7220
0186efa87e364652a49460c2436f11da,0.7775219,ec281224f8ee419ebde676f291672aea
09234512603c4025b0b0b863e285fb5e,0.77469873,21b1ded02d7b42618592187e287835a3
334dd9387233405cb0ba67a8ddd52c53,0.76839685,bab3bdc133384798b558f8fb6466a7fa
b74ab07a7c004219aee7bd6d643ebfb1,0.768245,64f1d63a671d441d9663a783f632f794
18eaa3f481614cfc945c16f2cbb757fe,0.766836,6542f58c143446f280e88a6375ccf79a
390b32b86ff0424dbb5e9e0d988dd09c,0.7621733,9303b9f7f4984b2dac8aeba8c8da8ef6
192ea3bc5bf1479bb3255c41ff2fa9e8,0.7621496,bd2f91a9415049d980e453f94327e0ce
2246c7640ba74a0d8caef1ca9f9d44dc,0.7586238,564a84b1b830407e811bcfc7fd086a6f
00a23ea3107f484f84ca76a6fb313ceb,0.7519351,e9f055a212cd4e5e8601228c37713f35
9da0bc8ceec24ce7bac851ca1fc67b5f,0.7508862,d6fe6f8380464e21a27fd69de27f1f57
5c6c691ff9a94d5e954977de26cd9cad,0.7465654,fb695c097d5845c282f6b30c241e8cf2
6f6fd5b2a152493e8afcb221b1b198bd,0.74540144,cc21026ff0d541909df56c5618d28518
0d0b25a05a4148d2b15c4f2ac11010e6,0.7448483,b050e9e1ef5946c297a34dda98d8f476
fdc1732f54e34300bc77d7b4c38ec31b,0.7396056,77a8b27acb0e4600bb6ff974eabc269c
8278ffeb4f7e4854a015f434887473a4,0.7390556,700f381f40ce4b039ce0df8b49fb199b
a3693333d6ba432295feae73fcde2dce,0.7338253,bd35571850644321b86ce4fae286ce7d
ea0b41aa56ee406986b5b4f422a625ee,0.73198277,f5a6222612ef406b8f02aef87e08c476
ec892733179f48d7b907594ba63d8431,0.73013306,d79afb377f5349a69830b2b4c7cfefcb
b68aafdc6e7b4188a9506c869f83ae96,0.7284006,6a33c207c8b648f680dbd0e65639ef04
9f4712695bb64f01a331632d4e83e318,0.7279359,cb85047b65f8468aa02744c28c075dbd
4185600f230d4b21b2e32c2d85caa90f,0.7278712,75b0bd2240a54f6fb45bf95ca43ab5e6
51bb2642caaa4fdfa82051cea135a8ba,0.7260828,b4150337314e40fb9e3ebb24514504a3
f46543478e9f4f0bbb721b47a528562f,0.72138405,f036aaf4ab714c598a0b6da4ca604136
f33800b2fc5d43febcbee5156e729a2c,0.7205741,ff218cc7835d4b5ba0de22792319050a
9557a396825b49eb93cedbab96019843,0.71926767,23066f7964874fd39639dbf2cb2766df
c3b713beca8b4136b4807dc4071fe795,0.7148717,d331012ecf0c40888e0ac290184f0883
4bb93a70efe949939c13ce6a18678093,0.71315557,77a8b27acb0e4600bb6ff974eabc269c
9c4b40908472420e923be2dce2979c0e,0.711599,01e805bb5a1845a7addf86fe9bc8d814
794358e3d9a94bc48a240617b29ec0af,0.7112143,3be388c9ab614bceb086c19f70df23c2
8c55cc4f7bc44ef7b9210ff7b7595435,0.71049553,75b0bd2240a54f6fb45bf95ca43ab5e6
57cb6a69463a4f248087b39af146fdc7,0.70875984,0f9cc12519eb4872af7be7fe49e19f59
fb7510f9799745e8bb2d730dafe50aa4,0.70714235,e25b9d9944cb4d7197efb8ffc4ff57a1
39ce9102f2044852bd09b544df5b8092,0.70686245,7ac9c94011924c09b47f9640211885a2
cfbebb0b8d25424bad46127adbe59343,0.7024369,3257035cc77946d98bdc09e2fdd5cdae
bacf4a682b8743f48776deb535f64eef,0.6968804,00f45d57fd3c448d8cfdf3185ebae894
3ce8d2e955bf406c8830f97658207859,0.6954997,8f761e1117754656ac86a3a25f241cd7
f4a11d6e649f44be960bbfc9a5aab7c9,0.69180274,b25fe3b79f714d38b3fc53e39fd84d36
cd1d8e8c5cbe4d4cb0b1fbaf84bec386,0.6912069,650afb6a1d054e59904a1b796552eb04
c492188137ee4adab179d07e9473fc40,0.69078004,eaca056cec224a30aaaed30c39f644c2
863e6e460e12403393c97a12e6ce92f1,0.690768,d0a840820172465f83c8480d571e7b71
14169e1048564c4689c2584a790d6696,0.6873927,1af4472b38cc4304841b2f1720075c9d
2e7dec015d344fb58ce0988844becd9b,0.6863978,f5a6222612ef406b8f02aef87e08c476
89d4dbe124c14550a38f6790a02abf01,0.6853164,1fde4c9a01f84c349461083b6d0ba9ed
9b18e72d85384d73bf3bc666ebd18aa9,0.68434274,f036aaf4ab714c598a0b6da4ca604136
9de5dee9dd8a425fbfb5e0c198e653be,0.67767644,e492ff7fecf046a4948c5ba5631cdefe
8fd8f14d327f4037a26fa4bfed84f993,0.6738131,6b9b2c8f0a874bb8b6691aca6bc49565
96ad923a06f54d79a74431cd06b8adea,0.6732722,fb709e29755b44988bb252c87a2ce2f3
8e5a5214d8844be09dabddd5a39036e3,0.6718824,ec281224f8ee419ebde676f291672aea
9c74b02f802b41bab45bd626251e1d88,0.6701532,4b748d6624144214b3d8a80b37aabde6
43d1998f5950428d94f74e0f6227fc3b,0.6665906,92d5da561f5a41bf929f3555a74cd653
91a077bae982429595e548a2859976ab,0.6635472,7ab29c5e2f05481d8a69cc479a764ee8
11bb2992a06243158ef845965bbb79ec,0.66247594,efdf40eee13d409c9955e5b84e4408f6
0b7bef4f00bf42b0ac6d5e824b04daa3,0.660019,903360099fb644b6b88c6edac88eecb2
7e41c6ad9fe846239eb8cdf3a0a3569e,0.6524953,9303b9f7f4984b2dac8aeba8c8da8ef6
6f70eedb7ac1471a9d9cc5ba1a8f274b,0.6476644,4ad7e2502210436f9ca5735fdf7e50c3
ccf605a5ad9c406f9876e141954e5e80,0.6467917,903360099fb644b6b88c6edac88eecb2
f2b48599b4e942a098c9a2fb280c2525,0.6457296,7ac9c94011924c09b47f9640211885a2
972aaaac6728431b983362d505543fa0,0.64453435,80948e17b5694599919e1502bfcc08f3
a7c05ece6ffc42e9a9efdc286789bba2,0.640607,bd35571850644321b86ce4fae286ce7d
803051539d144fdeb70807a70a667f4a,0.63876975,11ec23965d2941d0817082107996ebbb
6ae7d44d811844448d0c8e5d69ff7000,0.6375043,3be388c9ab614bceb086c19f70df23c2
fed199237941466bbcb3b0333580ee3f,0.63382363,77ac5eb4b3054ca68e2b0dcbd5473fd1
7779e19852544c0a86ee54cbf58acb3c,0.6321049,e5692bd498004d32934fbaa05af2120d
e10cdddb573548c0bd3d9eb0cef37f37,0.62921834,d0a840820172465f83c8480d571e7b71
06dafb47baf148b9ab12caa5200a4d2c,0.62531203,58f53c379f7a4868a2ba6d91a06247d2
d8da57bead4f4bd8a90f916f7cd032ce,0.6170763,5a8cc5ff28fb4359afc7e9fcbf3bce55
93cfb01748a246528235d46e95b6b76d,0.6167423,23066f7964874fd39639dbf2cb2766df
9c541c2079a0420298c16b25b87beee7,0.61106527,d42996c2b67443fd9b73bba7641d4f77
00ba0de9ca0245ab8489ffd199e84c92,0.61067545,7cd1db4b50dd41e6b2f3dd15fcab3b89
7438e386a6a9468fad05b2507d9194e8,0.6068889,fd51f3eef1a64d9a93652be481bde32e
e8ee807a789d465c99039c42dbdb3203,0.59564483,5a8cc5ff28fb4359afc7e9fcbf3bce55
48aa588059cd4883bab6da96a75c16b9,0.59549963,aa2d7a3a535243189492d4ce8e79c049
886b1cde3d0e4f1db12bcb160b6f357a,0.59480065,0302e7dde9074dddbbbdf85e9be57901
a22b7bc93cbe40cba26f5e4456762f6e,0.5929471,f615619defc4402b82845090c238e597
01f344e8e895424eaa3251d134512cf7,0.59247106,f036aaf4ab714c598a0b6da4ca604136
3fc67f7f85a74c5b9c118cbf60e96ca1,0.5892456,983940e0b12e4186a281c36de657406e
383851cf303e47bf803a3a00b6481efe,0.58782005,fcc9863b07fc4bd5a01fab5b9160eafb
1ca76b297f0e46b1ab22a8cd94230582,0.58537936,27eee82d7fb94b9b8b60bd3101187496
65c8efd2131b447d90bed385eeeb91a0,0.5841073,a25b08e008114c9ca0266ce3e55d82bb
5854ad482e74460797366e8eb405b2e7,0.5834711,b7ef0a61de0e4adf9688b2c525c9ad09
656745a4e33546768385d4e040d0fb52,0.58344233,01690d9b08164fcabd5bf0819754f71f
93a89031c44d4d6e87976f696e205219,0.5773581,4d708e5878784386a42c2f436d2d60f0
cbb7beb8042e48aa868c13a6e2ee8a6c,0.5762425,27eee82d7fb94b9b8b60bd3101187496
b90d91a297514acd88d2d9aef7a483da,0.5707067,7a2491a27f3c438a8549988f7a79e26e
d23da11a51a94f54a9acb157cbe7056b,0.5699114,27eee82d7fb94b9b8b60bd3101187496
32b7043aedf94f65af81490dfccc8b7a,0.5669946,7ac9c94011924c09b47f9640211885a2
1db04d4304ab44b5a063f18b9037c0da,0.564326,02cf82700b4f4773af3a14ad8eaa5270
17176251386d48d798eb18eee7208273,0.5632853,46ba0b979a664c7cb0c315c4cde6ac86
50b607a9b5e540148f9155693795e5d8,0.5559279,3257035cc77946d98bdc09e2fdd5cdae
27a9489cf5724d47bbcc508684389f2a,0.55547225,3257035cc77946d98bdc09e2fdd5cdae
d8fd098382264e93a362843242d58e0a,0.55205476,8f761e1117754656ac86a3a25f241cd7
b7076c9ed4f545c48deaab51abdc4a6b,0.55093765,ff218cc7835d4b5ba0de22792319050a
247daf33fb4d4fa993fd572025cb5166,0.5505238,d331012ecf0c40888e0ac290184f0883
f4398da2a74044829b4f7bd0808aec82,0.5426765,6c8a24653ef04f559b88e0f27c0df63a
3d4e582564564c72b47184e7b5c0717d,0.5415444,5971501b0e8b4ef5b203c3985d7f5e88
34bf626d6a87427281f80c0938fe0278,0.5408619,7ce06191f1114b4c8a00609f6867761f
7002381cfd40489ebf699ce239f95dd0,0.54056025,d0a840820172465f83c8480d571e7b71
9d68d4254983475b9feb48e30494c9ae,0.53982,66b0c8a58f444ea0aec34d9403b88a49
37a21040d578476783ff8751dfb91faa,0.5387725,02cf82700b4f4773af3a14ad8eaa5270
e152a0f89fe0446f998c519058feabc5,0.53181314,a0fe3cd34e474c3b90662ce8ef1fcac6
43bd347a4d5e4c8c82b41970f2ddfc02,0.531362,37337ebec05640b890e4b9612776c32b
b36e14c403c746758111d5c51809e382,0.53125745,b2be859ca8f24cda86821d5383edbc18
c873b341cab549d6be3c38ca79441d7f,0.5311233,b25fe3b79f714d38b3fc53e39fd84d36
65985829f37342a3b2560fd757d02169,0.526899,19c9ac7b84df472c85ed6cf5a05fbbc6
79ac90f7c3254209afc09b44172a29d3,0.5260087,c8c201e25c0047a2ba9d9e8541ac0939
aa7a7a6a0bfe40619e55e8f0b07f04fe,0.5252006,1216ce1ef31e4643bb1222538c206342
0111c90ac0ad4280b5cbf6b56c2d2150,0.5241691,e7d6747e8c8b4ebcb665e232240daf17
b3d0e1f27a4c4d9dbda5877bde3bf232,0.5202466,9e304a9bbc7b4c22af8025fc93757357
16b6598102224ec59ae691c80c17f913,0.51408154,e9f055a212cd4e5e8601228c37713f35
cc8f496b43d143478be84fd74f0dfc07,0.51336074,7ac9c94011924c09b47f9640211885a2
7216fa39e2414501a8f87ddb54a3133b,0.51305115,fb709e29755b44988bb252c87a2ce2f3
2ae3d79e1c8641a9892ed31117156c0e,0.51104975,bd2f91a9415049d980e453f94327e0ce
32b499158c154bc2991b5799962d9b5a,0.5103766,2425086d8eaf44d2a9519f0e4e6b289a
cfe22b04c2604c1fb386b852e558744b,0.50263,ff218cc7835d4b5ba0de22792319050a
dcaf50ce32524dee92c4fe00de88a3ab,0.4994982,a585d23fe43f459ba86ac15645af77ff
4b39ba0bb2e54f72bf6cc4c7832b3841,0.49720952,fb709e29755b44988bb252c87a2ce2f3
11ba79f894d048f9b56685491d4f3282,0.49547857,640f3bd184b7425fb22cc7773b8b2244
61e1612d7fad463ea1c28d21bdc98513,0.490696,82b01998353e4141a7613fdc96d7b600
7975ca7b6008414e8bab9d135c53eb59,0.49023747,a926df6d7fcf4b17b68dae6f41fbce66
b5ac47314a344318be396fd6fdef8239,0.48779723,6aba5a04ef8742a39d3a61644a5f0729
0a6d5cd06af2452ca1b3a4657d9e0767,0.4845099,d331012ecf0c40888e0ac290184f0883
b6406f4769234ae7828d1f1011448739,0.48378277,b25fe3b79f714d38b3fc53e39fd84d36
2c5bf4d606bc4435af0045f6c269d043,0.4832311,7ab29c5e2f05481d8a69cc479a764ee8
1d2a027561834f03b680a90079cc8e25,0.47710907,4696c8192576454f8684954bc771aa23
b57d527c5d13406cadfa1a4f809cc040,0.4769709,64f1d63a671d441d9663a783f632f794
d2ed407fe4db4fa69c57cfa4bd7d002b,0.47150767,8f761e1117754656ac86a3a25f241cd7
390ed716ee69427f85d1d9d4da45fd20,0.46932513,526ab7eda50e4a239d03ad505832d61d
d02300771c8742a688cdc05ccd13d2a0,0.46839857,6c8a24653ef04f559b88e0f27c0df63a
ba0c12af5b1c4fe6ae766bf417e6498c,0.46774912,1af4472b38cc4304841b2f1720075c9d
321ad870fb8943ddb55d46439d2912e0,0.4627434,1fde4c9a01f84c349461083b6d0ba9ed
e9ffeaac65414a5fb9df90c528ca02f2,0.4616653,e5692bd498004d32934fbaa05af2120d
4f6887bfd8d64e9c96cb60b2fc428027,0.46000224,526ab7eda50e4a239d03ad505832d61d
924127ab124d40edaac3616675e82655,0.45901704,bd35571850644321b86ce4fae286ce7d
dd0e1c93929b4f4d8ade4c3f39aa91e2,0.45615834,e02ad4f63c8444b79a7a56fb23a4e0f1
3b54cc7ced814b6cbc6dea86f09aa770,0.4549234,ed9b10a2879742628fce003076ef9024
a2cd26a2e3b1415bb6c861ab0368b73f,0.45403802,89597084b19c4902b073a2c6c6622456
d826d2d9a30147d59c909ec8484bf8b6,0.45381117,ed9b10a2879742628fce003076ef9024
a34c38121a3948f8949f49df67186c78,0.45142424,92229a391d0b418f87b32c86c42a292c
650d5c180a444d6f9e8b7d0e2bac56f2,0.4489517,9e304a9bbc7b4c22af8025fc93757357
3037c91a3e5a4499827cbdaec427c82f,0.44868988,17cc6768c9d14388b7455fea0060b62c
0fcfdcdd99c34d2f8c849839febcbeee,0.44662976,9303b9f7f4984b2dac8aeba8c8da8ef6
3eb1fed1bfea482687c433b63ad56eda,0.44432545,efdf40eee13d409c9955e5b84e4408f6
cbccb64b48814193a639815717dbcc80,0.44129986,4a4eb12a639346b5a00557d54b51fe51
87097861fe6e492abd016be0dba27ec9,0.44050062,9e304a9bbc7b4c22af8025fc93757357
712e2f3a807b4a8fa67e7bc78a2b5da6,0.4401494,b2be859ca8f24cda86821d5383edbc18
e9f85a6880484c3a82685b170d052a51,0.43631008,d0a840820172465f83c8480d571e7b71
08fe7d5213ea41ebafdb17d60eb36a97,0.4361367,c9e2e76e631c4d0a8013d90892350e06
6eeb265798ed440e9feda4d09e043bf5,0.4319994,156f393f7ca046299e09d05464afa056
3df0fa25822f457496cd93c2402bd292,0.43048415,aa2d7a3a535243189492d4ce8e79c049
ee1746342f304912aca6d1956f95bc68,0.42682767,eb513691b7a04d31ab1bc50bf343447b
b9a77513e24d477887a0d0582ca7ed7a,0.42519087,8aadcf7251724cc6858dc0db44abebe3
6978d19475ab49b1ae3acf443710c48b,0.42513162,6c8a24653ef04f559b88e0f27c0df63a
91c0f6c693104690921ae87324e06692,0.42503068,73e7e41e8db447c09cb2363d76556c64
cb70763b642a49e48c7e66689f180efb,0.4242287,0ebc441d25664c91adad96b570270f07
8db2bf7ef1ed4e16b8f31fc7a9ad0e9e,0.41971993,fe6ace599de44aa19b1773dad3658fee
58556ab04cfc4acf9ea2865485923949,0.41726995,630edd9b8f754b5dbd36cfbbd03ccb51
dace4a83a81f42048efb60a217370134,0.414935,cb85047b65f8468aa02744c28c075dbd
c81dd22a150c47b8b83d8439c0024f01,0.41229084,a585d23fe43f459ba86ac15645af77ff
5209a952bb1a4ac991ae51e8a3e9abdc,0.41223526,1cbfb22f84454b1fb821b602e3ad11f8
55cd381ef54d43069999636fdbce998d,0.4040037,46bfd7af0ed6491fa621350963d11e35
1c017d16176a48e9a899ed772d5ff4d9,0.40204296,1543a2f94aa74008914301874d98f0f5
d4560ab76d914af184a3cafa8ec46abc,0.40116048,983940e0b12e4186a281c36de657406e
7e211c9e52254e199e0deca74afcc524,0.4005555,bd2f91a9415049d980e453f94327e0ce
bb5525dd713a4a6bac622eef1a7c83c6,0.3970922,1af4472b38cc4304841b2f1720075c9d
454132982ecd4d5e9e6ed9c9e33f3433,0.3917597,257aed6ca7a44f1cb5c664beb1be527b
356335bb29d4424ab31c89c6931246f5,0.39080554,965598a17b624a0f9bb1cd58595458a6
3723741c22a347c7a622bec61ab94d3f,0.38950476,64f1d63a671d441d9663a783f632f794
44b833375c854450a60b5f4819e94466,0.3892924,d0a840820172465f83c8480d571e7b71
4e48af3f82274b30b4ec6ec1533e2840,0.38730425,58db4c3a26c84fa68d81235d078208bc
57be916f4b9f449e85faa3e690b60115,0.38684976,678725f8b914453fbc1029b7c1bc0879
3f4f551ba9d74d6e8622c1da8b00180e,0.385545,c322b788813745e0aa7b592b4345d379
58f93c38cc65487492ae04fd498f436b,0.38034293,fb709e29755b44988bb252c87a2ce2f3
43584afca09c4071adba01dad786c329,0.38007653,e492ff7fecf046a4948c5ba5631cdefe
606a301239a6472ea371152fa2029fb6,0.37786168,75b0bd2240a54f6fb45bf95ca43ab5e6
e09735216b1f4e3f9fd7eb54f6aa2b1a,0.37705106,b7ef0a61de0e4adf9688b2c525c9ad09
be220fecc0fe4c75a466c1f760eed397,0.37675124,3be388c9ab614bceb086c19f70df23c2
e30148a8fe434f3eafce6f2cce757060,0.37321424,9170e0bb8fe44b309f83293808d871fe
af5d2c39e4a54d8295b3a933c8bc7b43,0.37118936,bab3bdc133384798b558f8fb6466a7fa
a290060554d143b285db3be94eac099f,0.3664193,a1d8cb16dafd4126922f985021e93631
f54fb64fd5a04f3ba5c065305856b3f5,0.3650083,d6fe6f8380464e21a27fd69de27f1f57
a082e18320bf47fe8c3c9506d626862a,0.36173776,b4150337314e40fb9e3ebb24514504a3
f9f15f3fa87e4ecb852682898d5c2044,0.35995144,9b22c5cdbff44bdabd48dba008e6a3b2
64f28ab73b654d0399810c11e2dc615f,0.35964233,7ce06191f1114b4c8a00609f6867761f
4eef43c568d642d0b7a75932102cd2f8,0.35841638,8aadcf7251724cc6858dc0db44abebe3
411837e42b564c399e9444d5403a3734,0.35739836,e52a528036014db0a7bd54b99a310fe8
a030121d60a04600bb73087739ac4044,0.35671484,d981f2c67f764e0c84af125b563958e9
4805a294e65b4d4db75948e86d3fdee4,0.3565448,acee70abee2841c9b67b95e9ed079647
0ff74b4b29e044ffb307f3598dbbd1b7,0.35342193,e52a528036014db0a7bd54b99a310fe8
632d5d8462f7480ba8e1873292371b3e,0.35231197,6b9b2c8f0a874bb8b6691aca6bc49565
b5c4664ba26443dba0dde05295158123,0.351904,564a84b1b830407e811bcfc7fd086a6f
22dbea142f4c45988a0efcb3c3633249,0.34929085,d42996c2b67443fd9b73bba7641d4f77
b001beeb0d384d448ff9383afc5ad45b,0.34899887,c0cb721b56f240dabf7f464e453ef72e
7919001f5a3f4b7ca384f7a6ade1783e,0.34866562,7cd1db4b50dd41e6b2f3dd15fcab3b89
dff829b336b64da68408d78fc0580c38,0.34662816,e45844e0215f4a1596a7f9ac41367c46
1fa5b671cd0d4cb39567f651ef001e97,0.3431821,7cd1db4b50dd41e6b2f3dd15fcab3b89
e064b22a3b0a424498be0599ec51b26d,0.3419,1b4e143cfc1648a5b877d7445446366a
45134c6dd42d4814b2fba3d713c1b3a5,0.340178,1cbfb22f84454b1fb821b602e3ad11f8
71466cbf526f4ad890c742b6e4fe7449,0.33958143,6542f58c143446f280e88a6375ccf79a
9e2872646e314b1f97e9cb135dccd315,0.3393451,92d5da561f5a41bf929f3555a74cd653
c60349b6f8454e529aa85264c412eb2c,0.33905542,77ac5eb4b3054ca68e2b0dcbd5473fd1
0ac5a5f9477a43b2b222bfec1888b8f0,0.33814216,19c9ac7b84df472c85ed6cf5a05fbbc6
b48f5f444c3140b38a8e756e57fd042c,0.3320306,9b22c5cdbff44bdabd48dba008e6a3b2
e212caf6ce0045358ab77835c78ae98a,0.33179516,7ce06191f1114b4c8a00609f6867761f
f2210503df2e4ed297faefd9a1152e2c,0.3313647,8f761e1117754656ac86a3a25f241cd7
7dba9b481a53475cb2f9bb524154fa97,0.3278504,75b0bd2240a54f6fb45bf95ca43ab5e6
9d3df96b762f475baecfda5f306ccdc7,0.32602188,b7ef0a61de0e4adf9688b2c525c9ad09
5f9f73f06c024e65a85b3c9298c426cd,0.32529825,d4cd0b56b6f54e08aec8ebfdb6122c5c
6c846ec45b5646b6b0d1dfce66fb8328,0.32481456,1cbfb22f84454b1fb821b602e3ad11f8
13964a2d472649b59d5126c24da8d4b1,0.31999242,23066f7964874fd39639dbf2cb2766df
7f1f5ddc758b4e929452c112c70911ba,0.31934252,7a4c413f5c844796bd5ffed2b65f0336
b116fe66d95d4c04beea8a4e5f347684,0.31869677,dc58564d0c8540bea4f3e2e3696deae8
5a3e95d6f7e84750a9b090dbfef91f61,0.3175596,bd2f91a9415049d980e453f94327e0ce
da88d4d5eaad4690bbe94a2165985050,0.3172053,01e805bb5a1845a7addf86fe9bc8d814
413423a32eba46c2b7def04c66e6f9f2,0.31544283,19c9ac7b84df472c85ed6cf5a05fbbc6
f854f94037cd4d678dad33c5ee4d0dae,0.31253844,5a68e05acea4434ba08e17e1fff00057
b4e94218abf54b0787b1a6e1191836d3,0.3110698,e456afdf95e643dd926249fec4d68753
30bedeca60dd40b78dc5e6d52d6af8a8,0.30966872,acee70abee2841c9b67b95e9ed079647
ec9e443ba4a94ce1b32501a817565a6b,0.30664915,c26f5e7dcc8149f18f3d719bba9ae717
a703ddf11df347d6a8ca6f572ef505f2,0.3065232,e45844e0215f4a1596a7f9ac41367c46
6cf7328bcc2c487e8e43953245e0f4af,0.3006227,0302e7dde9074dddbbbdf85e9be57901
67cdfba89fae4e3896b9aebb4f52dae5,0.30016205,cc21026ff0d541909df56c5618d28518
ae8dce8e4fd84a42916e2a2ea4ab7c38,0.29788363,fb709e29755b44988bb252c87a2ce2f3
387e43ce9c334938bbfe0ae8c0419ead,0.296858,bade01bd83ec4b6786fd8c867ca7a090
dd893f1f0cc94ae188e1501db4638010,0.29681268,b4150337314e40fb9e3ebb24514504a3
b1574b190fd242e9a0cf3b489caa91e4,0.29536337,75b0bd2240a54f6fb45bf95ca43ab5e6
371437b76fbc4eeaa709683744e7ee08,0.29506713,e45844e0215f4a1596a7f9ac41367c46
574b37b5f1374cd3b422354879e9f582,0.29172498,6542f58c143446f280e88a6375ccf79a
00306589ab9241cfb569f6b85c0e2843,0.29161936,7ce06191f1114b4c8a00609f6867761f
6ede534375a14c609d02c3f94a41907e,0.28932542,de9328bdd1b34adda74a0363ff0a52b6
a7c72b26df5e476a8a8efd1d597ead90,0.28800836,9ff95d23c3284d31ba5e398afa520649
7409ac4ac3c944aca7a9965f2568766e,0.27644897,5971501b0e8b4ef5b203c3985d7f5e88
42b1aada557b48a0989c6a1c05378299,0.27589393,17cc6768c9d14388b7455fea0060b62c
bd11eda8c59c41a383c769c428ce6d6a,0.27526712,a1d8cb16dafd4126922f985021e93631
d51de57d4ced4566bed6fef2db5c099f,0.27010632,d42996c2b67443fd9b73bba7641d4f77
2c5e568a58a646b7b291350b7145e317,0.26971012,88dc23909eb4415aa39b96cc3a4c2926
7986e60543204582ac542d56eef7cda9,0.2693909,9303b9f7f4984b2dac8aeba8c8da8ef6
c7ddfc6b54294c34a4722f8eaa9b55b7,0.26817754,156f393f7ca046299e09d05464afa056
7c79c3280c0f45a693fefbeb30bb648d,0.26590937,3be388c9ab614bceb086c19f70df23c2
8b1eb206468046df8b8c19637b250996,0.26559594,89e43b092c844b5886a93091a22c894a
174e16d27164468ea679a619b853b1a6,0.26415414,e96aa0967ab94368b381354e03dc40ad
a4f6bb74f2654c17b04bb3fe4c05fd91,0.26348278,d74f6e7abeb84eedb9923dadb62f45f0
c44ae4a053bf47e5b9b2ee3ef8ae2b5b,0.26234078,ff715b4f228443e3b067c801250f3402
64e8bc2bd44d4328bac29a1ed2e655bd,0.26198122,8aadcf7251724cc6858dc0db44abebe3
a1855c7563c54b5c86e2f73c5fe9f8d7,0.26011857,640f3bd184b7425fb22cc7773b8b2244
252a2a3078134eb8876626820c9ca8aa,0.25985312,1fde4c9a01f84c349461083b6d0ba9ed
54d65ec837ed478986a344f4bba2e423,0.25733325,64fa5ce839ef406b9bc8a1b2f05094c7
146864f4715c4e438e2c3294df06d9b8,0.25258192,691acac4a54d450697afb2c2dc4fca09
f4e9b9fb265843768046ac7985c89f7a,0.25208816,a4cad92644614f78bded3ca6d6023473
d4b67d4bedeb47018a353598e2262d9e,0.2503498,c3412c53e9ec4b6a9a1aa95cf7f0f1e4
e95f49fcbcd542bf8815319116a39edd,0.24719091,0302e7dde9074dddbbbdf85e9be57901
47605d3a13c9403597c879e6825e3f45,0.24599333,77a8b27acb0e4600bb6ff974eabc269c
68017cd7896a412db28e47c90096b888,0.24471776,d9fbe02f04a4469dac855f69ea6ad02a
7f8ae3801f3441f696f05e6cdd70c2fb,0.24172725,156f393f7ca046299e09d05464afa056
1f8a0f1ab6d94f46a1c669d409295676,0.24117768,d331012ecf0c40888e0ac290184f0883
d5491c8b5caa42bfbce7ed937032b28b,0.23542845,46ba0b979a664c7cb0c315c4cde6ac86
b4bfd87056ca4927b56965f9b8341f74,0.23297983,74e7db4222ca4a20811199afafa346a7
dcd792ee5ed44c18908c70bc295d64d1,0.22929649,6a122ce1702646db918266228d48bd08
1f14295a03ac4251b24ccf3a74772f55,0.22894484,257aed6ca7a44f1cb5c664beb1be527b
ef33ab499b054efb968d7cca5bef4a31,0.22340366,c0cb721b56f240dabf7f464e453ef72e
61bbbca9959242abaabb21b01f9f40b6,0.22298051,526ab7eda50e4a239d03ad505832d61d
78f98ba4d60845a481387741d684c46f,0.22288811,e02ad4f63c8444b79a7a56fb23a4e0f1
f8a46af09cee4fd4a9c2ffe00e109f28,0.22102991,6aaae524573f477f8fdef0b83787cbee
d3e12207d56644628943a01c0cdd93ed,0.21780461,1216ce1ef31e4643bb1222538c206342
7e14c6fa40384f39be08ef7ac6b7deba,0.21471867,4b748d6624144214b3d8a80b37aabde6
1d79bd154afd47138f529dd6f1d52902,0.21396941,c8b9a0ac7c214a449c434aabdf6ef770
3b038bed6122476bba5c73f7188efdcb,0.21285251,1d47a696eae94bd29f215a4787b27d8a
07ecb7f8a5f642e98200ac37c34425a5,0.21156526,0472051dc57d43f8b9dd08df475fc4a3
f7d52b90e2e24549bfaa50d46ded3176,0.21133754,9303b9f7f4984b2dac8aeba8c8da8ef6
efd4bc5be92d4f7abb7c4bd8c19423a2,0.20841384,74e7db4222ca4a20811199afafa346a7
13efb9d3d8904edb87940273047233f6,0.20681429,eaca056cec224a30aaaed30c39f644c2
78df036c4e104457afcdf7598e9ce958,0.2059111,f615619defc4402b82845090c238e597
8a96af0f20f74b209326dd750c56a2f3,0.2003994,0ebc441d25664c91adad96b570270f07
dd9bd5320911433f9d855d754095534b,0.19997737,4696c8192576454f8684954bc771aa23
b0cf2cbd50e3496996a7e649063dc127,0.19702426,8f761e1117754656ac86a3a25f241cd7
d2d96f2a42674dfbab3101abbce904dd,0.19512098,a0fe3cd34e474c3b90662ce8ef1fcac6
6823a93202f146b282eb66b620ae592b,0.19502574,6b9b2c8f0a874bb8b6691aca6bc49565
984301327f964e12a088fd8ee2361fdc,0.1943211,ecdae9f36c6a437ea72739febbf1c89c
4fb27ec50c5a44b9a81d230f845e3047,0.19301397,75b0bd2240a54f6fb45bf95ca43ab5e6
1930e2b037404eb3b7a991849e81320f,0.19271527,21b1ded02d7b42618592187e287835a3
a5d7fc13c59d4aef8d24e5d15dfc363d,0.19250537,4d708e5878784386a42c2f436d2d60f0
5fa7699fd07e48f29a259e9b1044fab6,0.18789731,d4cd0b56b6f54e08aec8ebfdb6122c5c
22c7e1d0cbfb4391813376493a8023d7,0.18371749,92d5da561f5a41bf929f3555a74cd653
707f6646366145df8e5402888ac28325,0.18153542,779d7c2bad1940c8a861451964e1ce01
3710bf2a11584bf098b45d14f2308ef2,0.18096346,ed9b10a2879742628fce003076ef9024
3df61db7681f47ecbe9f92df83b36e59,0.17960775,bd35571850644321b86ce4fae286ce7d
50eff679bc384b72918eba1cd77a5597,0.17937356,46bfd7af0ed6491fa621350963d11e35
8585971b042846729be0531195bb8d5c,0.17855614,3b13d134762445cebcdbb02b484db77b
4cfe5514dcd64af29dbb1012e6e35f81,0.17855477,bab3bdc133384798b558f8fb6466a7fa
df8769c84f5b4a8f9811c4537faa576f,0.1776146,73e7e41e8db447c09cb2363d76556c64
6b56add8c1e8488e9e85c4085e0cadc9,0.17596543,d443e0c5017d48d1b3f86bf4da959ed5
cb3423afcfba4d688aa9cd2c23cf0c69,0.17428318,46bfd7af0ed6491fa621350963d11e35
574579024c244c8692dbb21de8829775,0.17067674,5831f5e280be4c02a09ce4588b56d7f3
646d3b40f16d41d0952ee2bf74fff6b3,0.16955912,eb513691b7a04d31ab1bc50bf343447b
a1ea6d619e4045668556cef7645bb76b,0.16834904,9ff95d23c3284d31ba5e398afa520649
15af8d3a801645799a0656e8ff3c729f,0.16577737,691acac4a54d450697afb2c2dc4fca09
982360bc10ca4c3ba78467718112babd,0.16202256,c26f5e7dcc8149f18f3d719bba9ae717
f40346321e624c7caf2e7586b7254203,0.16167885,2425086d8eaf44d2a9519f0e4e6b289a
3c1c6d5089844fbe90e18a5fdab3bee4,0.16151774,8a77dc665d8b4d95a0b1113522f7e9c3
a4c088804f1a458e849f356cef8bfa22,0.15895434,e336d113184c4ebdbad7aa2b6ec64640
c8e075e8f30e4586ac075d59d5be938d,0.1575605,fb709e29755b44988bb252c87a2ce2f3
d940c859c01449d2acaaa7b3fdf1fbe9,0.15665273,01690d9b08164fcabd5bf0819754f71f
b593c0100abe40c4a0204ad40b73080c,0.15544023,ec281224f8ee419ebde676f291672aea
edf32c81fa8c41f4ba76d882cc8f88c7,0.15483361,fd51f3eef1a64d9a93652be481bde32e
b32a35611f6b4eef9cfd102e5e72766a,0.15328039,b2be859ca8f24cda86821d5383edbc18
61353a38c7e14c49ad888ed8da7d282b,0.15233402,ed9b10a2879742628fce003076ef9024
7968aaf915264497a603da45beabd178,0.15158284,5a26ae7959494fef99542e9b2004fd11
5ab1cd14b5304690a8f45e2bb5a92dc4,0.14835876,19c9ac7b84df472c85ed6cf5a05fbbc6
c294e4564fbd465e948be4cb38ab0f2d,0.14301667,d42996c2b67443fd9b73bba7641d4f77
780760acebdc4860bb31c7a7150c19dc,0.14256471,f5a6222612ef406b8f02aef87e08c476
af017ad1aa9c48c490bae2aaba2f1029,0.1420213,ec281224f8ee419ebde676f291672aea
eedf84d8949845939452e2cf59d2cc6a,0.14115125,a0fe3cd34e474c3b90662ce8ef1fcac6
0b185da1334244d1b2c7ba6695d75f1c,0.13934153,bade01bd83ec4b6786fd8c867ca7a090
f6304923104f47d1ae9f82b7116051a6,0.13864988,6aba5a04ef8742a39d3a61644a5f0729
f4e34063359742b7916fe2635de1aba0,0.1349243,e45844e0215f4a1596a7f9ac41367c46
a2be1094a2d64ff78445a42b82c28a63,0.13144022,d74f6e7abeb84eedb9923dadb62f45f0
d5720a4e3cd34c23ac605c840bcd69ae,0.13119239,cd56b9a044c24df8a7156f661cb3d9cf
37f240104b2040c4a8bedd933b90684e,0.13092771,d4cd0b56b6f54e08aec8ebfdb6122c5c
c20164d6b8844f428057133e0ab47347,0.122317195,78b600dd53854b018f87267d268b7b1a
a2257482b09e449f8dc0e6a32423b610,0.119843155,faaac88748714ce8a99413b952a1dac8
caba51ea4cb243dc87741ad2c31130b1,0.119396776,ed9b10a2879742628fce003076ef9024
5cf8596279eb4fd1a30ceda96102ef99,0.118792,80921378de2b4cd3a14d449688d8b079
700d97396d164429817cb71d0e1b313f,0.11544478,f9fae977af2c4f35b29400f31267e170
2cd2c87b068749a492cdd369cb60ef9a,0.1145187,fb695c097d5845c282f6b30c241e8cf2
6991375b95ab4bb0b14b5ad68edc0a36,0.11446124,01e805bb5a1845a7addf86fe9bc8d814
e553e8ada4e4446ebe9a909822fb1cfa,0.114248395,f5a6222612ef406b8f02aef87e08c476
53ad9b6f270d43beaa19337b588c1e60,0.11337036,1543a2f94aa74008914301874d98f0f5
bee778e5989a42b98f01c3f28373b730,0.11052659,ec281224f8ee419ebde676f291672aea
4eae669b05f642a98f2ee1b828c4807d,0.108525746,fb709e29755b44988bb252c87a2ce2f3
469ca74fcdf244ba896fd018680b3201,0.10840288,4ad7e2502210436f9ca5735fdf7e50c3
a9b68d896d484e6a9c7e87b014dce89c,0.1078338,c88be17376104f999b914a91aebf7220
743660b5e64e440a8607fdc79aa05544,0.1053617,bd35571850644321b86ce4fae286ce7d
1a28f3dacbd74510b8f8f45e80348e68,0.10486367,0472051dc57d43f8b9dd08df475fc4a3
af70750bd219415e93fc6c35e802091d,0.104041934,903360099fb644b6b88c6edac88eecb2
43286efab53f465da28a9d31716d392a,0.10399556,09fc9f38fbbb4bfaa1c979ac9cc43f0b
c244f9298eca46bebe8382249b3a300b,0.10005757,e336d113184c4ebdbad7aa2b6ec64640
ec6e7c2e584c4bd09dc91d1729c2c90a,0.09910825,89597084b19c4902b073a2c6c6622456
8d93adac5fe7477a99015ec9ef32330a,0.09357226,dc58564d0c8540bea4f3e2e3696deae8
1aaf2fb4fc244f5ea6b9eb65d1183c03,0.09228116,7a4c413f5c844796bd5ffed2b65f0336
6e6870a557a147a9acc900ab380040fb,0.075880915,e25b9d9944cb4d7197efb8ffc4ff57a1
5a1096197b8648d882cdd33875519404,0.0758729,ecdae9f36c6a437ea72739febbf1c89c
2fd5284523f24eb1bae1d9e857c61d4a,0.07511554,ff218cc7835d4b5ba0de22792319050a
57a0a47943824bb28d5faf9fe31ee787,0.07379374,9e304a9bbc7b4c22af8025fc93757357
1742e7fa8f8a48728fe37d75ce11b9c4,0.072083384,1d47a696eae94bd29f215a4787b27d8a
128de5daa04242e7b0c9eca5277071bd,0.07196626,85e7ea30890b456084b8e85c299c8649
7e1f279ed0b04e478b3bd9dbc9e6a6c0,0.07194933,6a122ce1702646db918266228d48bd08
3bfce2ad291d4b7780e0e8b06d4283c7,0.06803602,6aba5a04ef8742a39d3a61644a5f0729
0b35c0eab3ef4062bc3e184951a22fa9,0.06648505,80921378de2b4cd3a14d449688d8b079
5d81d489a98d444a83664fe0db47fccb,0.061530054,00f45d57fd3c448d8cfdf3185ebae894
17c07c3077cb479eaba075a5c7f99328,0.060148746,d42996c2b67443fd9b73bba7641d4f77
8498c31c9d93468caa7deb065c84e1a4,0.05997856,d74f6e7abeb84eedb9923dadb62f45f0
734db9fe91ae4ef4aa4f3798343785f4,0.05410233,eb513691b7a04d31ab1bc50bf343447b
7118df93df274839b3c1c622ac4b53f0,0.052205496,f11f1682b5924181b047d757d3e20964
1e579d7ae9414003b1ba23d9839d8031,0.047883354,faaac88748714ce8a99413b952a1dac8
1c4b7fec0bd14f4d832d26dd643c4045,0.04667458,92229a391d0b418f87b32c86c42a292c
6ad7781d238a4ed28cba7dda16397459,0.045696855,1c97c72e076f40fcadb22b17e71beed1
da809b1c982e47e48ea951dff1120841,0.042198826,369fe18b94f54c98b554fd22b4a3b50b
34e6f332d53646d38eb22993afc64a02,0.037162125,02cf82700b4f4773af3a14ad8eaa5270
9894b55999bc4793bee78babf6df12bd,0.034365773,09fc9f38fbbb4bfaa1c979ac9cc43f0b
2341754cd2ac49f79a6f98d84b177e6f,0.034306437,11ec23965d2941d0817082107996ebbb
ca6f0e18c75849428e7dbe14c1403841,0.034291003,c26f5e7dcc8149f18f3d719bba9ae717
0b887e10733b4259bd5c30a1c724ff50,0.030134588,fb695c097d5845c282f6b30c241e8cf2
23dfaadbd50c422b9ff80be549a47391,0.02222073,cc21026ff0d541909df56c5618d28518
e8731d4569304e1aae79558458ad6797,0.013975203,01690d9b08164fcabd5bf0819754f71f
1f125654980e402e84e676e3b1c1db15,0.012420863,73e7e41e8db447c09cb2363d76556c64
dade1ac92c08448e93e20a96c20f9d0a,0.011636972,f036aaf4ab714c598a0b6da4ca604136
25f901ba444c47eab6b03184191a3151,0.010553241,4b748d6624144214b3d8a80b37aabde6
d8ea4ac9525840edbbf19a36ad957e31,0.008200139,d4cd0b56b6f54e08aec8ebfdb6122c5c
52bcb0a99aff4ed18c8fd7fc24e687f6,0.007208109,7cd1db4b50dd41e6b2f3dd15fcab3b89
c8505b52f0aa4beb8144837de094973d,0.0069008768,2425086d8eaf44d2a9519f0e4e6b289a
cf020a2f14884c16bc73b159ead104b8,0.002075158,5a73e0a5c757410eb0928feed7b151c8
6365bc21f6084ccd8da4d5c6afb8b26a,0.001962632,2425086d8eaf44d2a9519f0e4e6b289a
4b6eb18ba8244091a7dab36a9dd58d87,0.0012860298,f5a6222612ef406b8f02aef87e08c476
c8a6cf1a44fb449b9f338991907da389,0.0008985996,89597084b19c4902b073a2c6c6622456
